"order_id","customer_id","order_date","total_amount","delivery_cost","date_created","date_updated"
"1","238","2026-01-15 18:11:19","206.02","0.00","2026-01-15 00:00:00","2026-04-27 19:22:25"
"2","119","2025-01-28 12:05:44","239.93","0.00","2025-01-28 00:00:00","2026-04-27 19:22:25"
"3","156","2026-02-18 18:50:45","140.46","0.00","2026-02-18 00:00:00","2026-04-27 19:22:25"
"4","256","2024-03-02 10:25:58","36.32","10.00","2024-03-02 00:00:00","2026-04-27 19:22:25"
"5","89","2024-10-29 10:18:31","201.70","0.00","2024-10-29 00:00:00","2026-04-27 19:22:25"
"6","194","2025-03-12 07:54:17","99.89","0.00","2025-03-12 00:00:00","2026-04-27 19:22:25"
"7","97","2025-03-25 07:30:32","29.04","5.00","2025-03-25 00:00:00","2026-04-27 19:22:25"
"8","206","2025-05-28 10:02:56","105.05","0.00","2025-05-28 00:00:00","2026-04-27 19:22:25"
"9","172","2024-06-05 07:53:12","0.00","0.00","2024-06-05 00:00:00","2026-04-27 19:22:25"
"10","290","2022-07-11 10:25:51","0.00","0.00","2022-07-11 00:00:00","2026-04-27 19:22:25"
"11","22","2023-08-24 14:19:14","145.09","0.00","2023-08-24 00:00:00","2026-04-27 19:22:25"
"12","98","2025-04-27 14:43:10","154.27","0.00","2025-04-27 00:00:00","2026-04-27 19:22:25"
"13","221","2024-06-17 03:27:01","212.70","0.00","2024-06-17 00:00:00","2026-04-27 19:22:25"
"14","61","2023-11-26 07:40:54","228.11","0.00","2023-11-26 00:00:00","2026-04-27 19:22:25"
"15","286","2023-10-12 10:47:38","26.85","5.00","2023-10-12 00:00:00","2026-04-27 19:22:25"
"16","117","2023-08-13 08:48:06","139.73","0.00","2023-08-13 00:00:00","2026-04-27 19:22:25"
"17","19","2026-01-24 13:15:18","82.15","0.00","2026-01-24 00:00:00","2026-04-27 19:22:25"
"18","16","2026-04-11 06:25:08","72.85","5.00","2026-04-11 00:00:00","2026-04-27 19:22:25"
"19","161","2026-01-01 16:48:12","181.48","0.00","2026-01-01 00:00:00","2026-04-27 19:22:25"
"20","137","2026-02-05 08:41:33","165.16","0.00","2026-02-05 00:00:00","2026-04-27 19:22:25"
"21","194","2023-10-18 09:18:23","71.56","0.00","2023-10-18 00:00:00","2026-04-27 19:22:25"
"22","297","2025-12-29 10:58:51","271.81","0.00","2025-12-29 00:00:00","2026-04-27 19:22:25"
"23","148","2024-08-04 10:22:41","163.54","0.00","2024-08-04 00:00:00","2026-04-27 19:22:25"
"24","155","2025-07-13 14:14:55","41.04","10.00","2025-07-13 00:00:00","2026-04-27 19:22:25"
"25","67","2025-03-21 07:16:00","33.46","10.00","2025-03-21 00:00:00","2026-04-27 19:22:25"
"26","74","2021-09-22 11:10:21","215.03","0.00","2021-09-22 00:00:00","2026-04-27 19:22:25"
"27","155","2026-03-26 12:22:11","154.41","0.00","2026-03-26 00:00:00","2026-04-27 19:22:25"
"28","138","2021-03-23 08:02:09","216.31","0.00","2021-03-23 00:00:00","2026-04-27 19:22:25"
"29","15","2024-05-15 09:43:15","31.93","5.00","2024-05-15 00:00:00","2026-04-27 19:22:25"
"30","241","2026-01-14 18:55:01","43.68","5.00","2026-01-14 00:00:00","2026-04-27 19:22:25"
"31","146","2026-04-02 17:31:27","253.68","0.00","2026-04-02 00:00:00","2026-04-27 19:22:25"
"32","102","2025-02-12 08:39:27","176.72","0.00","2025-02-12 00:00:00","2026-04-27 19:22:25"
"33","270","2025-04-01 19:11:55","75.26","0.00","2025-04-01 00:00:00","2026-04-27 19:22:25"
"34","267","2023-04-22 15:22:19","54.84","0.00","2023-04-22 00:00:00","2026-04-27 19:22:25"
"35","106","2024-10-18 14:57:18","92.24","0.00","2024-10-18 00:00:00","2026-04-27 19:22:25"
"36","270","2023-11-26 07:57:58","264.71","0.00","2023-11-26 00:00:00","2026-04-27 19:22:25"
"37","136","2025-07-11 08:39:10","216.98","0.00","2025-07-11 00:00:00","2026-04-27 19:22:25"
"38","31","2023-09-19 08:52:01","220.31","0.00","2023-09-19 00:00:00","2026-04-27 19:22:25"
"39","173","2026-01-17 12:40:44","198.43","0.00","2026-01-17 00:00:00","2026-04-27 19:22:25"
"40","204","2025-11-13 09:25:00","363.83","0.00","2025-11-13 00:00:00","2026-04-27 19:22:25"
"41","196","2026-04-08 00:31:32","167.12","0.00","2026-04-08 00:00:00","2026-04-27 19:22:25"
"42","77","2024-11-24 18:03:40","113.98","0.00","2024-11-24 00:00:00","2026-04-27 19:22:25"
"43","293","2025-11-11 18:56:02","143.42","0.00","2025-11-11 00:00:00","2026-04-27 19:22:25"
"44","27","2025-11-23 16:09:52","33.70","10.00","2025-11-23 00:00:00","2026-04-27 19:22:25"
"45","118","2021-02-15 08:40:04","146.48","0.00","2021-02-15 00:00:00","2026-04-27 19:22:25"
"46","260","2021-11-04 16:18:27","236.16","0.00","2021-11-04 00:00:00","2026-04-27 19:22:25"
"47","275","2021-11-12 13:38:11","224.15","0.00","2021-11-12 00:00:00","2026-04-27 19:22:25"
"48","17","2025-01-07 16:15:16","218.08","0.00","2025-01-07 00:00:00","2026-04-27 19:22:25"
"49","138","2020-04-20 19:00:13","61.14","0.00","2020-04-20 00:00:00","2026-04-27 19:22:25"
"50","57","2025-10-04 10:37:07","172.79","0.00","2025-10-04 00:00:00","2026-04-27 19:22:25"
"51","290","2022-03-18 07:12:25","55.12","0.00","2022-03-18 00:00:00","2026-04-27 19:22:25"
"52","98","2022-07-05 13:02:13","44.89","5.00","2022-07-05 00:00:00","2026-04-27 19:22:25"
"53","149","2026-03-26 07:48:07","93.43","0.00","2026-03-26 00:00:00","2026-04-27 19:22:25"
"54","170","2025-05-14 14:33:34","205.35","0.00","2025-05-14 00:00:00","2026-04-27 19:22:25"
"55","231","2024-08-16 12:27:41","278.80","0.00","2024-08-16 00:00:00","2026-04-27 19:22:25"
"56","126","2022-05-04 13:27:14","119.14","0.00","2022-05-04 00:00:00","2026-04-27 19:22:25"
"57","166","2024-07-07 07:29:25","115.70","0.00","2024-07-07 00:00:00","2026-04-27 19:22:25"
"58","279","2024-10-26 06:51:23","269.28","0.00","2024-10-26 00:00:00","2026-04-27 19:22:25"
"59","82","2024-06-04 19:16:38","276.75","0.00","2024-06-04 00:00:00","2026-04-27 19:22:25"
"60","145","2025-05-06 19:29:40","43.35","10.00","2025-05-06 00:00:00","2026-04-27 19:22:25"
"61","105","2024-09-24 07:08:09","164.82","0.00","2024-09-24 00:00:00","2026-04-27 19:22:25"
"62","74","2023-10-18 14:01:50","70.78","0.00","2023-10-18 00:00:00","2026-04-27 19:22:25"
"63","158","2025-05-01 10:50:07","85.44","0.00","2025-05-01 00:00:00","2026-04-27 19:22:25"
"64","59","2022-01-27 11:25:38","310.81","0.00","2022-01-27 00:00:00","2026-04-27 19:22:25"
"65","225","2025-11-16 02:23:49","78.27","0.00","2025-11-16 00:00:00","2026-04-27 19:22:25"
"66","68","2026-03-30 09:24:09","59.58","5.00","2026-03-30 00:00:00","2026-04-27 19:22:25"
"67","39","2022-03-02 13:05:23","166.17","0.00","2022-03-02 00:00:00","2026-04-27 19:22:25"
"68","200","2025-09-06 09:10:41","36.25","10.00","2025-09-06 00:00:00","2026-04-27 19:22:25"
"69","40","2025-11-12 08:57:38","157.94","0.00","2025-11-12 00:00:00","2026-04-27 19:22:25"
"70","143","2024-08-29 18:19:00","361.26","0.00","2024-08-29 00:00:00","2026-04-27 19:22:25"
"71","16","2026-04-15 12:59:14","196.74","0.00","2026-04-15 00:00:00","2026-04-27 19:22:25"
"72","273","2024-12-10 16:15:28","18.39","25.00","2024-12-10 00:00:00","2026-04-27 19:22:25"
"73","248","2023-10-23 07:32:31","265.48","0.00","2023-10-23 00:00:00","2026-04-27 19:22:25"
"74","83","2025-10-05 14:17:06","210.80","0.00","2025-10-05 00:00:00","2026-04-27 19:22:25"
"75","276","2024-11-29 09:35:00","302.36","0.00","2024-11-29 00:00:00","2026-04-27 19:22:25"
"76","216","2025-01-30 15:40:49","60.77","0.00","2025-01-30 00:00:00","2026-04-27 19:22:25"
"77","195","2025-04-01 19:23:10","281.56","0.00","2025-04-01 00:00:00","2026-04-27 19:22:25"
"78","129","2024-03-15 07:28:45","297.48","0.00","2024-03-15 00:00:00","2026-04-27 19:22:25"
"79","156","2026-03-21 15:44:59","207.60","0.00","2026-03-21 00:00:00","2026-04-27 19:22:25"
"80","186","2026-01-12 09:13:44","19.49","10.00","2026-01-12 00:00:00","2026-04-27 19:22:25"
"81","15","2022-10-07 10:07:28","137.94","0.00","2022-10-07 00:00:00","2026-04-27 19:22:25"
"82","204","2024-11-03 09:16:49","436.31","0.00","2024-11-03 00:00:00","2026-04-27 19:22:25"
"83","213","2024-11-11 17:06:15","37.36","5.00","2024-11-11 00:00:00","2026-04-27 19:22:25"
"84","83","2023-12-13 07:51:44","151.13","0.00","2023-12-13 00:00:00","2026-04-27 19:22:25"
"85","22","2023-06-24 15:13:30","174.62","0.00","2023-06-24 00:00:00","2026-04-27 19:22:25"
"86","23","2025-10-02 07:22:31","142.04","0.00","2025-10-02 00:00:00","2026-04-27 19:22:25"
"87","161","2025-03-01 18:45:15","112.68","0.00","2025-03-01 00:00:00","2026-04-27 19:22:25"
"88","210","2026-03-03 12:24:09","206.38","0.00","2026-03-03 00:00:00","2026-04-27 19:22:25"
"89","275","2023-01-13 09:21:25","107.92","0.00","2023-01-13 00:00:00","2026-04-27 19:22:25"
"90","228","2024-09-15 12:42:54","43.51","10.00","2024-09-15 00:00:00","2026-04-27 19:22:25"
"91","27","2024-05-15 16:36:12","52.26","5.00","2024-05-15 00:00:00","2026-04-27 19:22:25"
"92","103","2023-09-09 16:20:49","80.89","0.00","2023-09-09 00:00:00","2026-04-27 19:22:25"
"93","117","2026-03-14 11:19:13","172.91","0.00","2026-03-14 00:00:00","2026-04-27 19:22:25"
"94","276","2025-04-20 10:55:22","131.11","0.00","2025-04-20 00:00:00","2026-04-27 19:22:25"
"95","292","2025-02-03 15:13:32","99.97","0.00","2025-02-03 00:00:00","2026-04-27 19:22:25"
"96","66","2023-03-09 15:49:19","212.89","0.00","2023-03-09 00:00:00","2026-04-27 19:22:25"
"97","87","2026-02-19 18:53:49","140.49","0.00","2026-02-19 00:00:00","2026-04-27 19:22:25"
"98","147","2022-05-21 18:44:13","117.44","0.00","2022-05-21 00:00:00","2026-04-27 19:22:25"
"99","276","2024-11-30 04:34:57","82.27","0.00","2024-11-30 00:00:00","2026-04-27 19:22:25"
"100","108","2026-03-24 15:25:30","201.38","0.00","2026-03-24 00:00:00","2026-04-27 19:22:25"
"101","176","2026-03-12 19:52:31","308.64","0.00","2026-03-12 00:00:00","2026-04-27 19:22:25"
"102","200","2026-03-30 14:24:34","109.27","0.00","2026-03-30 00:00:00","2026-04-27 19:22:25"
"103","159","2025-01-17 07:58:18","306.16","0.00","2025-01-17 00:00:00","2026-04-27 19:22:25"
"104","249","2024-10-30 08:15:01","69.16","0.00","2024-10-30 00:00:00","2026-04-27 19:22:25"
"105","94","2024-11-03 19:24:14","80.68","0.00","2024-11-03 00:00:00","2026-04-27 19:22:25"
"106","37","2022-12-17 14:01:52","184.82","0.00","2022-12-17 00:00:00","2026-04-27 19:22:25"
"107","294","2025-06-21 16:34:54","78.07","0.00","2025-06-21 00:00:00","2026-04-27 19:22:25"
"108","106","2025-01-23 07:24:38","126.09","0.00","2025-01-23 00:00:00","2026-04-27 19:22:25"
"109","61","2025-04-17 06:40:37","32.76","5.00","2025-04-17 00:00:00","2026-04-27 19:22:25"
"110","150","2026-02-19 16:50:20","103.53","0.00","2026-02-19 00:00:00","2026-04-27 19:22:25"
"111","212","2023-01-18 18:31:13","129.88","0.00","2023-01-18 00:00:00","2026-04-27 19:22:25"
"112","283","2020-10-02 11:09:14","29.98","5.00","2020-10-02 00:00:00","2026-04-27 19:22:25"
"113","142","2024-03-11 09:43:43","47.15","5.00","2024-03-11 00:00:00","2026-04-27 19:22:25"
"114","16","2026-04-13 10:05:09","323.39","0.00","2026-04-13 00:00:00","2026-04-27 19:22:25"
"115","106","2024-08-14 11:08:15","153.95","0.00","2024-08-14 00:00:00","2026-04-27 19:22:25"
"116","4","2023-02-23 09:21:50","22.77","10.00","2023-02-23 00:00:00","2026-04-27 19:22:25"
"117","85","2025-10-27 12:51:29","74.49","0.00","2025-10-27 00:00:00","2026-04-27 19:22:25"
"118","9","2026-02-26 08:54:11","37.73","5.00","2026-02-26 00:00:00","2026-04-27 19:22:25"
"119","127","2026-03-12 13:05:27","179.80","0.00","2026-03-12 00:00:00","2026-04-27 19:22:25"
"120","90","2025-10-01 19:33:55","99.22","0.00","2025-10-01 00:00:00","2026-04-27 19:22:25"
"121","267","2021-09-13 03:58:20","86.92","0.00","2021-09-13 00:00:00","2026-04-27 19:22:25"
"122","74","2022-06-20 02:55:33","206.38","0.00","2022-06-20 00:00:00","2026-04-27 19:22:25"
"123","105","2024-12-04 13:53:19","233.20","0.00","2024-12-04 00:00:00","2026-04-27 19:22:25"
"124","114","2024-02-24 07:09:28","76.76","0.00","2024-02-24 00:00:00","2026-04-27 19:22:25"
"125","295","2025-10-14 07:41:20","62.28","0.00","2025-10-14 00:00:00","2026-04-27 19:22:25"
"126","168","2025-09-18 08:44:54","37.12","5.00","2025-09-18 00:00:00","2026-04-27 19:22:25"
"127","243","2024-09-20 17:46:40","41.97","10.00","2024-09-20 00:00:00","2026-04-27 19:22:25"
"128","169","2026-02-18 14:47:42","190.72","0.00","2026-02-18 00:00:00","2026-04-27 19:22:25"
"129","257","2025-05-26 16:52:20","115.51","0.00","2025-05-26 00:00:00","2026-04-27 19:22:25"
"130","96","2026-02-11 14:03:52","24.60","10.00","2026-02-11 00:00:00","2026-04-27 19:22:25"
"131","238","2024-11-26 13:20:30","119.53","0.00","2024-11-26 00:00:00","2026-04-27 19:22:25"
"132","27","2025-05-22 10:43:29","52.23","5.00","2025-05-22 00:00:00","2026-04-27 19:22:25"
"133","118","2023-03-04 19:01:11","160.62","0.00","2023-03-04 00:00:00","2026-04-27 19:22:25"
"134","262","2024-02-16 06:45:03","119.07","0.00","2024-02-16 00:00:00","2026-04-27 19:22:25"
"135","59","2024-05-04 10:12:49","27.10","10.00","2024-05-04 00:00:00","2026-04-27 19:22:25"
"136","269","2025-04-30 10:41:18","0.00","0.00","2025-04-30 00:00:00","2026-04-27 19:22:25"
"137","15","2022-10-27 14:53:01","14.62","10.00","2022-10-27 00:00:00","2026-04-27 19:22:25"
"138","171","2023-01-02 14:41:06","193.39","0.00","2023-01-02 00:00:00","2026-04-27 19:22:25"
"139","298","2025-12-04 10:40:18","186.10","0.00","2025-12-04 00:00:00","2026-04-27 19:22:25"
"140","27","2024-07-27 17:13:47","141.85","0.00","2024-07-27 00:00:00","2026-04-27 19:22:25"
"141","168","2025-03-26 12:16:36","105.44","0.00","2025-03-26 00:00:00","2026-04-27 19:22:25"
"142","294","2024-04-21 13:09:39","168.21","0.00","2024-04-21 00:00:00","2026-04-27 19:22:25"
"143","125","2023-08-04 08:30:18","249.91","0.00","2023-08-04 00:00:00","2026-04-27 19:22:25"
"144","26","2024-01-27 11:44:13","258.17","0.00","2024-01-27 00:00:00","2026-04-27 19:22:25"
"145","216","2025-02-20 05:20:16","119.34","0.00","2025-02-20 00:00:00","2026-04-27 19:22:25"
"146","223","2025-02-17 19:47:01","245.02","0.00","2025-02-17 00:00:00","2026-04-27 19:22:25"
"147","211","2024-09-05 07:13:20","121.72","0.00","2024-09-05 00:00:00","2026-04-27 19:22:25"
"148","209","2025-10-11 03:07:56","272.32","0.00","2025-10-11 00:00:00","2026-04-27 19:22:25"
"149","244","2024-10-12 16:34:48","105.54","0.00","2024-10-12 00:00:00","2026-04-27 19:22:25"
"150","110","2026-02-07 11:35:37","75.85","0.00","2026-02-07 00:00:00","2026-04-27 19:22:25"
"151","184","2026-04-03 19:42:37","76.63","0.00","2026-04-03 00:00:00","2026-04-27 19:22:25"
"152","226","2021-06-16 12:18:40","174.85","0.00","2021-06-16 00:00:00","2026-04-27 19:22:25"
"153","100","2024-01-14 14:38:55","22.22","10.00","2024-01-14 00:00:00","2026-04-27 19:22:25"
"154","289","2026-02-22 08:01:51","120.14","0.00","2026-02-22 00:00:00","2026-04-27 19:22:25"
"155","214","2023-03-18 15:04:43","325.56","0.00","2023-03-18 00:00:00","2026-04-27 19:22:25"
"156","154","2026-02-21 18:14:31","54.64","0.00","2026-02-21 00:00:00","2026-04-27 19:22:25"
"157","280","2024-07-23 07:22:30","300.22","0.00","2024-07-23 00:00:00","2026-04-27 19:22:25"
"158","76","2025-01-03 16:49:14","140.18","0.00","2025-01-03 00:00:00","2026-04-27 19:22:25"
"159","26","2025-09-18 09:39:25","5.91","10.00","2025-09-18 00:00:00","2026-04-27 19:22:25"
"160","132","2023-02-16 13:33:38","62.45","0.00","2023-02-16 00:00:00","2026-04-27 19:22:25"
"161","143","2023-07-18 17:10:37","193.96","0.00","2023-07-18 00:00:00","2026-04-27 19:22:25"
"162","175","2022-08-11 19:14:15","91.67","0.00","2022-08-11 00:00:00","2026-04-27 19:22:25"
"163","134","2024-09-30 10:29:22","129.40","0.00","2024-09-30 00:00:00","2026-04-27 19:22:25"
"164","289","2025-11-03 19:22:08","134.79","0.00","2025-11-03 00:00:00","2026-04-27 19:22:25"
"165","62","2024-08-20 12:45:57","164.35","0.00","2024-08-20 00:00:00","2026-04-27 19:22:25"
"166","157","2021-11-21 18:28:55","195.41","0.00","2021-11-21 00:00:00","2026-04-27 19:22:25"
"167","124","2024-06-12 12:46:02","323.77","0.00","2024-06-12 00:00:00","2026-04-27 19:22:25"
"168","143","2023-10-12 07:03:14","100.62","0.00","2023-10-12 00:00:00","2026-04-27 19:22:25"
"169","219","2022-01-02 14:01:49","79.49","0.00","2022-01-02 00:00:00","2026-04-27 19:22:25"
"170","92","2026-03-29 19:35:01","104.12","0.00","2026-03-29 00:00:00","2026-04-27 19:22:25"
"171","146","2025-01-08 16:25:02","170.48","0.00","2025-01-08 00:00:00","2026-04-27 19:22:25"
"172","56","2021-12-12 09:42:59","94.08","0.00","2021-12-12 00:00:00","2026-04-27 19:22:25"
"173","1","2026-04-05 09:38:57","4.75","10.00","2026-04-05 00:00:00","2026-04-27 19:22:25"
"174","211","2024-10-03 08:26:47","46.85","10.00","2024-10-03 00:00:00","2026-04-27 19:22:25"
"175","242","2020-09-03 08:00:10","78.83","0.00","2020-09-03 00:00:00","2026-04-27 19:22:25"
"176","158","2025-01-24 09:14:38","61.04","0.00","2025-01-24 00:00:00","2026-04-27 19:22:25"
"177","176","2026-04-13 14:48:42","134.47","0.00","2026-04-13 00:00:00","2026-04-27 19:22:25"
"178","178","2025-05-15 15:19:00","177.64","0.00","2025-05-15 00:00:00","2026-04-27 19:22:25"
"179","194","2025-09-20 13:19:44","183.90","0.00","2025-09-20 00:00:00","2026-04-27 19:22:25"
"180","177","2025-08-21 07:44:27","189.68","0.00","2025-08-21 00:00:00","2026-04-27 19:22:25"
"181","263","2020-02-21 17:51:55","51.22","0.00","2020-02-21 00:00:00","2026-04-27 19:22:25"
"182","297","2025-03-22 13:37:07","154.82","0.00","2025-03-22 00:00:00","2026-04-27 19:22:25"
"183","177","2025-06-06 07:45:30","13.04","10.00","2025-06-06 00:00:00","2026-04-27 19:22:25"
"184","17","2024-08-21 17:55:26","343.06","0.00","2024-08-21 00:00:00","2026-04-27 19:22:25"
"185","218","2024-11-11 17:26:01","120.25","0.00","2024-11-11 00:00:00","2026-04-27 19:22:25"
"186","121","2024-10-11 01:02:46","77.95","0.00","2024-10-11 00:00:00","2026-04-27 19:22:25"
"187","226","2023-12-30 09:58:06","73.20","0.00","2023-12-30 00:00:00","2026-04-27 19:22:25"
"188","58","2024-01-12 03:53:54","84.02","0.00","2024-01-12 00:00:00","2026-04-27 19:22:25"
"189","59","2023-01-23 07:07:24","124.13","0.00","2023-01-23 00:00:00","2026-04-27 19:22:25"
"190","191","2026-04-08 08:35:11","52.18","0.00","2026-04-08 00:00:00","2026-04-27 19:22:25"
"191","220","2025-12-03 13:59:04","76.98","0.00","2025-12-03 00:00:00","2026-04-27 19:22:25"
"192","6","2025-12-31 17:45:23","196.91","0.00","2025-12-31 00:00:00","2026-04-27 19:22:25"
"193","126","2023-05-25 09:35:30","211.77","0.00","2023-05-25 00:00:00","2026-04-27 19:22:25"
"194","129","2023-10-28 09:08:45","71.47","0.00","2023-10-28 00:00:00","2026-04-27 19:22:25"
"195","4","2023-04-10 16:03:22","273.11","0.00","2023-04-10 00:00:00","2026-04-27 19:22:25"
"196","57","2023-12-23 09:34:56","52.75","0.00","2023-12-23 00:00:00","2026-04-27 19:22:25"
"197","236","2025-12-11 09:44:11","153.71","0.00","2025-12-11 00:00:00","2026-04-27 19:22:25"
"198","214","2022-05-21 07:16:53","26.00","5.00","2022-05-21 00:00:00","2026-04-27 19:22:25"
"199","3","2024-06-06 08:46:34","144.50","0.00","2024-06-06 00:00:00","2026-04-27 19:22:25"
"200","67","2022-08-03 19:57:03","136.95","0.00","2022-08-03 00:00:00","2026-04-27 19:22:25"
"201","175","2025-04-08 11:13:46","146.68","0.00","2025-04-08 00:00:00","2026-04-27 19:22:25"
"202","222","2026-03-28 16:27:29","96.05","0.00","2026-03-28 00:00:00","2026-04-27 19:22:25"
"203","126","2023-10-03 10:53:19","212.79","0.00","2023-10-03 00:00:00","2026-04-27 19:22:25"
"204","194","2025-03-06 07:27:47","92.81","0.00","2025-03-06 00:00:00","2026-04-27 19:22:25"
"205","67","2025-09-18 13:59:58","115.40","0.00","2025-09-18 00:00:00","2026-04-27 19:22:25"
"206","130","2025-11-05 09:03:33","148.51","0.00","2025-11-05 00:00:00","2026-04-27 19:22:25"
"207","118","2022-05-12 09:34:04","201.64","0.00","2022-05-12 00:00:00","2026-04-27 19:22:25"
"208","281","2023-05-13 07:24:47","156.08","0.00","2023-05-13 00:00:00","2026-04-27 19:22:25"
"209","245","2025-07-18 07:57:19","110.75","0.00","2025-07-18 00:00:00","2026-04-27 19:22:25"
"210","62","2025-04-16 07:28:23","129.81","0.00","2025-04-16 00:00:00","2026-04-27 19:22:25"
"211","16","2026-04-15 17:49:59","24.84","25.00","2026-04-15 00:00:00","2026-04-27 19:22:25"
"212","237","2026-02-15 13:08:49","156.69","0.00","2026-02-15 00:00:00","2026-04-27 19:22:25"
"213","281","2023-04-25 08:46:37","330.98","0.00","2023-04-25 00:00:00","2026-04-27 19:22:25"
"214","281","2025-11-21 07:38:34","66.90","0.00","2025-11-21 00:00:00","2026-04-27 19:22:25"
"215","194","2025-05-07 09:20:45","82.30","0.00","2025-05-07 00:00:00","2026-04-27 19:22:25"
"216","185","2024-12-27 07:33:12","18.18","25.00","2024-12-27 00:00:00","2026-04-27 19:22:25"
"217","50","2023-07-10 10:14:05","31.73","5.00","2023-07-10 00:00:00","2026-04-27 19:22:25"
"218","236","2024-12-11 08:24:35","214.39","0.00","2024-12-11 00:00:00","2026-04-27 19:22:25"
"219","87","2026-03-24 07:59:48","39.47","5.00","2026-03-24 00:00:00","2026-04-27 19:22:25"
"220","127","2026-01-12 19:43:39","263.29","0.00","2026-01-12 00:00:00","2026-04-27 19:22:25"
"221","96","2024-11-03 13:44:31","132.92","0.00","2024-11-03 00:00:00","2026-04-27 19:22:25"
"222","79","2024-05-02 14:12:33","52.51","0.00","2024-05-02 00:00:00","2026-04-27 19:22:25"
"223","111","2022-03-21 13:02:11","7.22","25.00","2022-03-21 00:00:00","2026-04-27 19:22:25"
"224","154","2024-03-31 09:25:23","106.13","0.00","2024-03-31 00:00:00","2026-04-27 19:22:25"
"225","214","2025-05-16 08:54:46","41.75","5.00","2025-05-16 00:00:00","2026-04-27 19:22:25"
"226","54","2024-01-04 13:33:34","6.85","25.00","2024-01-04 00:00:00","2026-04-27 19:22:25"
"227","296","2025-08-11 14:19:24","34.74","5.00","2025-08-11 00:00:00","2026-04-27 19:22:25"
"228","243","2026-04-09 12:08:49","104.89","0.00","2026-04-09 00:00:00","2026-04-27 19:22:25"
"229","134","2023-06-25 03:48:32","147.17","0.00","2023-06-25 00:00:00","2026-04-27 19:22:25"
"230","78","2026-02-26 18:10:28","26.16","5.00","2026-02-26 00:00:00","2026-04-27 19:22:25"
"231","220","2024-07-29 09:41:36","190.32","0.00","2024-07-29 00:00:00","2026-04-27 19:22:25"
"232","175","2024-01-26 07:06:50","93.95","0.00","2024-01-26 00:00:00","2026-04-27 19:22:25"
"233","113","2025-12-01 09:43:43","104.57","0.00","2025-12-01 00:00:00","2026-04-27 19:22:25"
"234","180","2025-08-09 12:42:49","121.46","0.00","2025-08-09 00:00:00","2026-04-27 19:22:25"
"235","286","2022-10-27 15:52:38","149.97","0.00","2022-10-27 00:00:00","2026-04-27 19:22:25"
"236","75","2026-02-25 10:22:45","117.65","0.00","2026-02-25 00:00:00","2026-04-27 19:22:25"
"237","192","2024-05-09 09:17:31","56.29","5.00","2024-05-09 00:00:00","2026-04-27 19:22:25"
"238","235","2024-12-30 05:57:27","38.38","5.00","2024-12-30 00:00:00","2026-04-27 19:22:25"
"239","289","2025-06-22 18:44:15","193.90","0.00","2025-06-22 00:00:00","2026-04-27 19:22:25"
"240","41","2024-07-08 15:36:22","40.44","10.00","2024-07-08 00:00:00","2026-04-27 19:22:25"
"241","26","2025-12-26 10:09:38","31.14","5.00","2025-12-26 00:00:00","2026-04-27 19:22:25"
"242","180","2026-02-04 07:24:10","97.29","0.00","2026-02-04 00:00:00","2026-04-27 19:22:25"
"243","123","2025-10-13 09:10:11","101.42","0.00","2025-10-13 00:00:00","2026-04-27 19:22:25"
"244","70","2025-11-01 14:06:08","128.34","0.00","2025-11-01 00:00:00","2026-04-27 19:22:25"
"245","219","2021-12-09 15:32:05","43.48","10.00","2021-12-09 00:00:00","2026-04-27 19:22:25"
"246","4","2022-12-10 07:22:36","45.94","5.00","2022-12-10 00:00:00","2026-04-27 19:22:25"
"247","124","2026-04-15 07:24:35","62.42","0.00","2026-04-15 00:00:00","2026-04-27 19:22:25"
"248","39","2023-02-11 09:26:14","28.30","5.00","2023-02-11 00:00:00","2026-04-27 19:22:25"
"249","1","2025-07-25 08:53:48","77.85","0.00","2025-07-25 00:00:00","2026-04-27 19:22:25"
"250","212","2023-02-10 13:44:35","355.01","0.00","2023-02-10 00:00:00","2026-04-27 19:22:25"
"251","1","2026-04-07 07:51:35","211.64","0.00","2026-04-07 00:00:00","2026-04-27 19:22:25"
"252","59","2025-05-24 10:08:34","304.09","0.00","2025-05-24 00:00:00","2026-04-27 19:22:25"
"253","120","2025-07-13 13:42:23","15.40","10.00","2025-07-13 00:00:00","2026-04-27 19:22:25"
"254","32","2023-09-10 00:35:47","36.80","10.00","2023-09-10 00:00:00","2026-04-27 19:22:25"
"255","12","2025-02-25 13:25:01","174.00","0.00","2025-02-25 00:00:00","2026-04-27 19:22:25"
"256","255","2021-01-13 08:07:44","96.05","0.00","2021-01-13 00:00:00","2026-04-27 19:22:25"
"257","225","2025-10-29 14:17:04","131.84","0.00","2025-10-29 00:00:00","2026-04-27 19:22:25"
"258","33","2026-04-09 12:39:38","47.66","5.00","2026-04-09 00:00:00","2026-04-27 19:22:25"
"259","138","2021-04-13 11:54:13","4.81","10.00","2021-04-13 00:00:00","2026-04-27 19:22:25"
"260","210","2026-02-17 12:08:56","59.56","5.00","2026-02-17 00:00:00","2026-04-27 19:22:25"
"261","54","2025-07-26 15:02:29","95.40","0.00","2025-07-26 00:00:00","2026-04-27 19:22:25"
"262","47","2023-10-11 12:16:34","61.01","5.00","2023-10-11 00:00:00","2026-04-27 19:22:25"
"263","283","2020-06-29 14:08:22","241.59","0.00","2020-06-29 00:00:00","2026-04-27 19:22:25"
"264","253","2024-09-19 19:30:42","239.39","0.00","2024-09-19 00:00:00","2026-04-27 19:22:25"
"265","119","2025-10-16 07:14:46","19.85","25.00","2025-10-16 00:00:00","2026-04-27 19:22:25"
"266","249","2024-05-27 13:24:58","150.55","0.00","2024-05-27 00:00:00","2026-04-27 19:22:25"
"267","295","2025-11-02 08:02:06","44.05","5.00","2025-11-02 00:00:00","2026-04-27 19:22:25"
"268","192","2023-12-29 19:14:25","117.19","0.00","2023-12-29 00:00:00","2026-04-27 19:22:25"
"269","84","2026-04-15 18:09:05","30.19","5.00","2026-04-15 00:00:00","2026-04-27 19:22:25"
"270","243","2026-01-03 08:58:39","0.00","0.00","2026-01-03 00:00:00","2026-04-27 19:22:25"
"271","19","2026-02-26 10:10:36","10.95","10.00","2026-02-26 00:00:00","2026-04-27 19:22:25"
"272","287","2022-05-14 18:29:02","203.09","0.00","2022-05-14 00:00:00","2026-04-27 19:22:25"
"273","77","2024-11-16 09:03:43","18.36","10.00","2024-11-16 00:00:00","2026-04-27 19:22:25"
"274","160","2025-04-10 13:00:07","15.46","25.00","2025-04-10 00:00:00","2026-04-27 19:22:25"
"275","200","2026-03-23 15:03:34","75.95","0.00","2026-03-23 00:00:00","2026-04-27 19:22:25"
"276","75","2026-04-14 05:43:23","252.41","0.00","2026-04-14 00:00:00","2026-04-27 19:22:25"
"277","93","2025-12-14 08:32:57","29.88","5.00","2025-12-14 00:00:00","2026-04-27 19:22:25"
"278","236","2025-12-16 19:27:18","69.59","0.00","2025-12-16 00:00:00","2026-04-27 19:22:25"
"279","229","2026-04-01 17:19:25","62.31","0.00","2026-04-01 00:00:00","2026-04-27 19:22:25"
"280","192","2023-09-03 15:01:37","120.22","0.00","2023-09-03 00:00:00","2026-04-27 19:22:25"
"281","79","2025-09-03 14:56:25","104.26","0.00","2025-09-03 00:00:00","2026-04-27 19:22:25"
"282","289","2024-12-25 11:46:32","268.10","0.00","2024-12-25 00:00:00","2026-04-27 19:22:25"
"283","298","2026-04-01 12:07:51","34.90","10.00","2026-04-01 00:00:00","2026-04-27 19:22:25"
"284","132","2022-09-05 08:29:50","191.14","0.00","2022-09-05 00:00:00","2026-04-27 19:22:25"
"285","239","2026-01-31 07:32:14","161.15","0.00","2026-01-31 00:00:00","2026-04-27 19:22:25"
"286","8","2025-09-01 08:58:25","379.94","0.00","2025-09-01 00:00:00","2026-04-27 19:22:25"
"287","247","2026-03-21 17:19:14","102.20","0.00","2026-03-21 00:00:00","2026-04-27 19:22:25"
"288","139","2026-04-14 15:07:52","173.39","0.00","2026-04-14 00:00:00","2026-04-27 19:22:25"
"289","191","2026-01-24 08:09:39","139.36","0.00","2026-01-24 00:00:00","2026-04-27 19:22:25"
"290","84","2024-02-27 00:50:55","216.39","0.00","2024-02-27 00:00:00","2026-04-27 19:22:25"
"291","17","2025-12-13 17:27:02","25.11","10.00","2025-12-13 00:00:00","2026-04-27 19:22:25"
"292","229","2026-04-06 09:46:30","253.11","0.00","2026-04-06 00:00:00","2026-04-27 19:22:25"
"293","103","2023-12-06 16:27:23","181.08","0.00","2023-12-06 00:00:00","2026-04-27 19:22:25"
"294","177","2023-11-15 03:11:13","92.90","0.00","2023-11-15 00:00:00","2026-04-27 19:22:25"
"295","86","2024-01-15 11:59:32","0.00","0.00","2024-01-15 00:00:00","2026-04-27 19:22:25"
"296","285","2024-09-09 07:03:12","61.87","0.00","2024-09-09 00:00:00","2026-04-27 19:22:25"
"297","258","2026-01-25 09:21:34","75.48","0.00","2026-01-25 00:00:00","2026-04-27 19:22:25"
"298","217","2026-02-07 07:33:48","61.72","0.00","2026-02-07 00:00:00","2026-04-27 19:22:25"
"299","55","2023-02-27 13:41:26","184.66","0.00","2023-02-27 00:00:00","2026-04-27 19:22:25"
"300","169","2026-01-19 11:35:25","65.80","5.00","2026-01-19 00:00:00","2026-04-27 19:22:25"
"301","226","2024-08-21 14:12:40","119.17","0.00","2024-08-21 00:00:00","2026-04-27 19:22:25"
"302","6","2025-02-16 01:05:57","73.27","0.00","2025-02-16 00:00:00","2026-04-27 19:22:25"
"303","233","2025-02-08 16:52:18","241.45","0.00","2025-02-08 00:00:00","2026-04-27 19:22:25"
"304","256","2022-08-27 07:34:15","71.55","5.00","2022-08-27 00:00:00","2026-04-27 19:22:25"
"305","64","2025-08-26 10:21:47","210.83","0.00","2025-08-26 00:00:00","2026-04-27 19:22:25"
"306","123","2025-10-06 00:47:33","200.85","0.00","2025-10-06 00:00:00","2026-04-27 19:22:25"
"307","197","2025-06-20 14:54:14","110.93","0.00","2025-06-20 00:00:00","2026-04-27 19:22:25"
"308","191","2026-03-08 17:22:33","129.70","0.00","2026-03-08 00:00:00","2026-04-27 19:22:25"
"309","127","2026-04-09 09:44:01","111.99","0.00","2026-04-09 00:00:00","2026-04-27 19:22:25"
"310","296","2025-11-04 09:27:52","34.74","5.00","2025-11-04 00:00:00","2026-04-27 19:22:25"
"311","15","2024-12-11 14:11:36","222.62","0.00","2024-12-11 00:00:00","2026-04-27 19:22:25"
"312","78","2026-01-22 16:41:31","112.11","0.00","2026-01-22 00:00:00","2026-04-27 19:22:25"
"313","31","2022-01-25 14:12:48","142.48","0.00","2022-01-25 00:00:00","2026-04-27 19:22:25"
"314","192","2024-01-27 18:56:04","85.83","0.00","2024-01-27 00:00:00","2026-04-27 19:22:25"
"315","143","2025-12-26 17:50:01","238.84","0.00","2025-12-26 00:00:00","2026-04-27 19:22:25"
"316","212","2022-11-20 09:02:10","115.88","0.00","2022-11-20 00:00:00","2026-04-27 19:22:25"
"317","258","2026-04-05 08:05:57","0.00","0.00","2026-04-05 00:00:00","2026-04-27 19:22:25"
"318","29","2025-12-30 16:33:56","147.54","0.00","2025-12-30 00:00:00","2026-04-27 19:22:25"
"319","285","2026-04-09 14:53:14","7.85","10.00","2026-04-09 00:00:00","2026-04-27 19:22:25"
"320","82","2023-09-24 18:38:42","35.00","5.00","2023-09-24 00:00:00","2026-04-27 19:22:25"
"321","286","2025-03-04 05:56:32","17.48","10.00","2025-03-04 00:00:00","2026-04-27 19:22:25"
"322","67","2025-08-13 07:42:44","106.82","0.00","2025-08-13 00:00:00","2026-04-27 19:22:25"
"323","213","2024-12-18 16:23:06","31.35","5.00","2024-12-18 00:00:00","2026-04-27 19:22:25"
"324","54","2025-09-25 15:48:14","189.46","0.00","2025-09-25 00:00:00","2026-04-27 19:22:25"
"325","252","2026-04-03 07:03:41","122.94","0.00","2026-04-03 00:00:00","2026-04-27 19:22:25"
"326","86","2024-06-10 13:48:03","63.30","5.00","2024-06-10 00:00:00","2026-04-27 19:22:25"
"327","121","2021-06-05 02:01:58","327.75","0.00","2021-06-05 00:00:00","2026-04-27 19:22:25"
"328","105","2024-06-12 03:28:58","231.41","0.00","2024-06-12 00:00:00","2026-04-27 19:22:25"
"329","284","2022-06-18 12:04:31","298.28","0.00","2022-06-18 00:00:00","2026-04-27 19:22:25"
"330","272","2026-04-03 13:31:36","243.62","0.00","2026-04-03 00:00:00","2026-04-27 19:22:25"
"331","259","2025-08-29 14:56:18","53.06","0.00","2025-08-29 00:00:00","2026-04-27 19:22:25"
"332","230","2022-11-06 09:06:27","19.40","10.00","2022-11-06 00:00:00","2026-04-27 19:22:25"
"333","249","2024-10-09 08:42:36","102.18","0.00","2024-10-09 00:00:00","2026-04-27 19:22:25"
"334","60","2025-09-19 09:42:15","84.12","0.00","2025-09-19 00:00:00","2026-04-27 19:22:25"
"335","102","2025-05-19 12:26:34","45.28","10.00","2025-05-19 00:00:00","2026-04-27 19:22:25"
"336","292","2025-06-21 10:22:53","40.94","5.00","2025-06-21 00:00:00","2026-04-27 19:22:25"
"337","295","2025-04-01 18:13:39","188.60","0.00","2025-04-01 00:00:00","2026-04-27 19:22:25"
"338","58","2023-10-30 07:07:07","140.03","0.00","2023-10-30 00:00:00","2026-04-27 19:22:25"
"339","214","2024-10-13 10:34:37","87.34","0.00","2024-10-13 00:00:00","2026-04-27 19:22:25"
"340","49","2023-09-12 10:08:32","223.82","0.00","2023-09-12 00:00:00","2026-04-27 19:22:25"
"341","127","2026-03-11 16:23:03","80.43","0.00","2026-03-11 00:00:00","2026-04-27 19:22:25"
"342","156","2025-08-31 13:29:22","18.86","10.00","2025-08-31 00:00:00","2026-04-27 19:22:25"
"343","47","2023-09-09 19:37:12","201.90","0.00","2023-09-09 00:00:00","2026-04-27 19:22:25"
"344","273","2020-11-04 10:02:56","86.83","0.00","2020-11-04 00:00:00","2026-04-27 19:22:25"
"345","60","2025-06-20 19:04:32","25.10","5.00","2025-06-20 00:00:00","2026-04-27 19:22:25"
"346","250","2022-12-08 17:10:45","107.33","0.00","2022-12-08 00:00:00","2026-04-27 19:22:25"
"347","35","2026-02-03 18:40:43","104.29","0.00","2026-02-03 00:00:00","2026-04-27 19:22:25"
"348","149","2026-03-28 07:26:13","72.81","0.00","2026-03-28 00:00:00","2026-04-27 19:22:25"
"349","88","2025-09-21 07:47:46","164.85","0.00","2025-09-21 00:00:00","2026-04-27 19:22:25"
"350","80","2025-03-16 11:24:31","132.30","0.00","2025-03-16 00:00:00","2026-04-27 19:22:25"
"351","185","2023-11-04 11:51:47","70.05","5.00","2023-11-04 00:00:00","2026-04-27 19:22:25"
"352","55","2026-03-24 12:22:04","124.26","0.00","2026-03-24 00:00:00","2026-04-27 19:22:25"
"353","101","2024-10-06 18:45:10","257.33","0.00","2024-10-06 00:00:00","2026-04-27 19:22:25"
"354","25","2025-12-18 12:47:04","130.75","0.00","2025-12-18 00:00:00","2026-04-27 19:22:25"
"355","128","2023-08-22 17:54:11","66.34","0.00","2023-08-22 00:00:00","2026-04-27 19:22:25"
"356","19","2026-03-21 14:39:54","71.71","0.00","2026-03-21 00:00:00","2026-04-27 19:22:25"
"357","147","2023-03-02 09:41:15","173.18","0.00","2023-03-02 00:00:00","2026-04-27 19:22:25"
"358","153","2021-10-17 14:31:15","25.68","10.00","2021-10-17 00:00:00","2026-04-27 19:22:25"
"359","52","2026-01-14 04:15:23","32.99","5.00","2026-01-14 00:00:00","2026-04-27 19:22:25"
"360","194","2023-08-23 16:32:55","113.89","0.00","2023-08-23 00:00:00","2026-04-27 19:22:25"
"361","173","2026-03-07 12:09:06","30.05","5.00","2026-03-07 00:00:00","2026-04-27 19:22:25"
"362","299","2022-11-17 10:59:49","36.44","5.00","2022-11-17 00:00:00","2026-04-27 19:22:25"
"363","147","2023-08-13 13:14:09","71.34","0.00","2023-08-13 00:00:00","2026-04-27 19:22:25"
"364","78","2026-02-10 19:27:27","32.22","5.00","2026-02-10 00:00:00","2026-04-27 19:22:25"
"365","175","2025-01-15 09:38:51","223.70","0.00","2025-01-15 00:00:00","2026-04-27 19:22:25"
"366","139","2025-08-09 13:38:07","8.49","10.00","2025-08-09 00:00:00","2026-04-27 19:22:25"
"367","19","2026-01-24 09:09:32","17.95","10.00","2026-01-24 00:00:00","2026-04-27 19:22:25"
"368","136","2024-10-27 18:13:38","70.40","5.00","2024-10-27 00:00:00","2026-04-27 19:22:25"
"369","123","2025-12-27 18:34:19","204.59","0.00","2025-12-27 00:00:00","2026-04-27 19:22:25"
"370","186","2026-02-04 08:49:54","72.47","0.00","2026-02-04 00:00:00","2026-04-27 19:22:25"
"371","154","2026-01-29 16:13:59","342.17","0.00","2026-01-29 00:00:00","2026-04-27 19:22:25"
"372","127","2026-01-12 16:21:46","13.65","10.00","2026-01-12 00:00:00","2026-04-27 19:22:25"
"373","199","2023-10-14 09:17:57","37.00","5.00","2023-10-14 00:00:00","2026-04-27 19:22:25"
"374","170","2026-02-15 09:18:38","123.72","0.00","2026-02-15 00:00:00","2026-04-27 19:22:25"
"375","188","2025-12-27 15:40:52","96.81","0.00","2025-12-27 00:00:00","2026-04-27 19:22:25"
"376","14","2020-03-09 19:57:51","120.26","0.00","2020-03-09 00:00:00","2026-04-27 19:22:25"
"377","57","2025-06-08 15:30:51","56.63","0.00","2025-06-08 00:00:00","2026-04-27 19:22:25"
"378","62","2024-11-10 09:53:22","51.95","5.00","2024-11-10 00:00:00","2026-04-27 19:22:25"
"379","23","2025-10-05 19:53:47","288.41","0.00","2025-10-05 00:00:00","2026-04-27 19:22:25"
"380","112","2026-03-07 17:18:06","148.89","0.00","2026-03-07 00:00:00","2026-04-27 19:22:25"
"381","160","2025-08-26 03:37:44","194.12","0.00","2025-08-26 00:00:00","2026-04-27 19:22:25"
"382","208","2020-09-13 09:31:22","289.35","0.00","2020-09-13 00:00:00","2026-04-27 19:22:25"
"383","263","2020-01-31 15:45:07","162.86","0.00","2020-01-31 00:00:00","2026-04-27 19:22:25"
"384","78","2026-03-19 15:25:36","189.76","0.00","2026-03-19 00:00:00","2026-04-27 19:22:25"
"385","134","2021-06-09 02:44:50","87.06","0.00","2021-06-09 00:00:00","2026-04-27 19:22:25"
"386","146","2024-10-21 14:25:40","117.25","0.00","2024-10-21 00:00:00","2026-04-27 19:22:25"
"387","199","2024-11-02 12:13:18","167.82","0.00","2024-11-02 00:00:00","2026-04-27 19:22:25"
"388","58","2022-09-10 08:00:43","350.30","0.00","2022-09-10 00:00:00","2026-04-27 19:22:25"
"389","31","2020-09-06 16:25:17","67.31","5.00","2020-09-06 00:00:00","2026-04-27 19:22:25"
"390","189","2025-12-09 18:41:59","157.84","0.00","2025-12-09 00:00:00","2026-04-27 19:22:25"
"391","114","2022-04-25 08:31:55","38.60","5.00","2022-04-25 00:00:00","2026-04-27 19:22:25"
"392","59","2026-03-08 13:42:28","34.10","10.00","2026-03-08 00:00:00","2026-04-27 19:22:25"
"393","83","2025-12-17 19:52:33","83.25","0.00","2025-12-17 00:00:00","2026-04-27 19:22:25"
"394","199","2025-04-22 11:17:57","53.97","0.00","2025-04-22 00:00:00","2026-04-27 19:22:25"
"395","257","2025-04-23 09:38:58","148.26","0.00","2025-04-23 00:00:00","2026-04-27 19:22:25"
"396","164","2025-05-26 02:33:29","172.68","0.00","2025-05-26 00:00:00","2026-04-27 19:22:25"
"397","212","2022-12-26 08:34:17","281.47","0.00","2022-12-26 00:00:00","2026-04-27 19:22:25"
"398","222","2025-06-30 09:03:21","89.39","0.00","2025-06-30 00:00:00","2026-04-27 19:22:25"
"399","124","2023-11-18 07:15:30","14.25","10.00","2023-11-18 00:00:00","2026-04-27 19:22:25"
"400","104","2024-06-17 08:59:29","104.46","0.00","2024-06-17 00:00:00","2026-04-27 19:22:25"
"401","180","2025-02-11 10:44:34","174.40","0.00","2025-02-11 00:00:00","2026-04-27 19:22:25"
"402","232","2025-08-04 09:35:10","15.90","25.00","2025-08-04 00:00:00","2026-04-27 19:22:25"
"403","86","2021-07-20 18:52:55","103.50","0.00","2021-07-20 00:00:00","2026-04-27 19:22:25"
"404","298","2025-12-13 07:59:34","351.11","0.00","2025-12-13 00:00:00","2026-04-27 19:22:25"
"405","236","2023-01-04 08:40:02","138.17","0.00","2023-01-04 00:00:00","2026-04-27 19:22:25"
"406","33","2026-03-30 18:31:08","228.87","0.00","2026-03-30 00:00:00","2026-04-27 19:22:25"
"407","128","2023-07-30 14:49:40","46.24","5.00","2023-07-30 00:00:00","2026-04-27 19:22:25"
"408","182","2025-12-30 08:33:16","145.04","0.00","2025-12-30 00:00:00","2026-04-27 19:22:25"
"409","135","2026-02-22 09:37:29","113.20","0.00","2026-02-22 00:00:00","2026-04-27 19:22:25"
"410","56","2024-08-12 13:56:44","185.82","0.00","2024-08-12 00:00:00","2026-04-27 19:22:25"
"411","194","2022-02-18 08:40:58","121.65","0.00","2022-02-18 00:00:00","2026-04-27 19:22:25"
"412","100","2024-06-23 09:51:08","79.28","0.00","2024-06-23 00:00:00","2026-04-27 19:22:25"
"413","287","2022-01-07 11:28:53","49.17","10.00","2022-01-07 00:00:00","2026-04-27 19:22:25"
"414","145","2025-04-22 14:00:48","150.79","0.00","2025-04-22 00:00:00","2026-04-27 19:22:25"
"415","55","2024-11-02 15:56:56","193.82","0.00","2024-11-02 00:00:00","2026-04-27 19:22:25"
"416","279","2022-10-01 08:44:07","269.35","0.00","2022-10-01 00:00:00","2026-04-27 19:22:25"
"417","237","2026-03-13 16:50:21","177.42","0.00","2026-03-13 00:00:00","2026-04-27 19:22:25"
"418","48","2026-04-09 14:10:39","54.48","0.00","2026-04-09 00:00:00","2026-04-27 19:22:25"
"419","245","2025-05-19 08:55:19","143.83","0.00","2025-05-19 00:00:00","2026-04-27 19:22:25"
"420","295","2026-01-19 08:52:25","6.85","10.00","2026-01-19 00:00:00","2026-04-27 19:22:25"
"421","73","2024-09-29 11:28:49","20.24","10.00","2024-09-29 00:00:00","2026-04-27 19:22:25"
"422","141","2025-01-04 07:09:24","219.49","0.00","2025-01-04 00:00:00","2026-04-27 19:22:25"
"423","279","2024-09-01 17:59:41","8.96","25.00","2024-09-01 00:00:00","2026-04-27 19:22:25"
"424","123","2024-01-04 12:49:23","161.64","0.00","2024-01-04 00:00:00","2026-04-27 19:22:25"
"425","153","2021-10-19 11:22:23","109.67","0.00","2021-10-19 00:00:00","2026-04-27 19:22:25"
"426","157","2021-09-26 01:33:56","40.74","5.00","2021-09-26 00:00:00","2026-04-27 19:22:25"
"427","64","2025-08-05 14:13:40","128.65","0.00","2025-08-05 00:00:00","2026-04-27 19:22:25"
"428","253","2024-12-09 07:06:19","142.26","0.00","2024-12-09 00:00:00","2026-04-27 19:22:25"
"429","239","2025-10-09 13:50:13","57.30","0.00","2025-10-09 00:00:00","2026-04-27 19:22:25"
"430","133","2024-02-24 12:31:51","73.11","5.00","2024-02-24 00:00:00","2026-04-27 19:22:25"
"431","206","2024-01-17 03:43:10","25.72","10.00","2024-01-17 00:00:00","2026-04-27 19:22:25"
"432","274","2021-10-10 09:32:45","87.55","0.00","2021-10-10 00:00:00","2026-04-27 19:22:25"
"433","262","2023-07-30 16:32:49","81.86","0.00","2023-07-30 00:00:00","2026-04-27 19:22:25"
"434","2","2025-05-15 10:56:27","325.11","0.00","2025-05-15 00:00:00","2026-04-27 19:22:25"
"435","294","2024-12-02 17:20:31","48.20","5.00","2024-12-02 00:00:00","2026-04-27 19:22:25"
"436","73","2025-05-10 09:50:13","105.30","0.00","2025-05-10 00:00:00","2026-04-27 19:22:25"
"437","137","2026-03-16 09:48:04","76.40","0.00","2026-03-16 00:00:00","2026-04-27 19:22:25"
"438","44","2026-04-04 09:50:13","22.25","10.00","2026-04-04 00:00:00","2026-04-27 19:22:25"
"439","181","2023-05-30 11:54:12","144.46","0.00","2023-05-30 00:00:00","2026-04-27 19:22:25"
"440","94","2024-12-17 18:21:14","138.65","0.00","2024-12-17 00:00:00","2026-04-27 19:22:25"
"441","177","2024-01-11 19:18:41","83.34","0.00","2024-01-11 00:00:00","2026-04-27 19:22:25"
"442","22","2024-07-31 16:44:38","99.32","0.00","2024-07-31 00:00:00","2026-04-27 19:22:25"
"443","61","2026-04-05 11:49:36","211.22","0.00","2026-04-05 00:00:00","2026-04-27 19:22:25"
"444","54","2024-02-15 10:33:38","162.32","0.00","2024-02-15 00:00:00","2026-04-27 19:22:25"
"445","69","2026-02-07 17:56:34","71.01","0.00","2026-02-07 00:00:00","2026-04-27 19:22:25"
"446","286","2023-12-13 15:35:20","160.76","0.00","2023-12-13 00:00:00","2026-04-27 19:22:25"
"447","161","2025-05-09 08:11:28","280.43","0.00","2025-05-09 00:00:00","2026-04-27 19:22:25"
"448","157","2020-11-19 09:20:53","63.42","0.00","2020-11-19 00:00:00","2026-04-27 19:22:25"
"449","248","2024-07-25 13:29:28","22.28","10.00","2024-07-25 00:00:00","2026-04-27 19:22:25"
"450","214","2026-02-02 05:09:32","31.46","5.00","2026-02-02 00:00:00","2026-04-27 19:22:25"
"451","48","2025-07-02 15:08:58","8.18","10.00","2025-07-02 00:00:00","2026-04-27 19:22:25"
"452","169","2025-03-16 14:48:41","103.92","0.00","2025-03-16 00:00:00","2026-04-27 19:22:25"
"453","158","2025-12-04 19:56:44","264.36","0.00","2025-12-04 00:00:00","2026-04-27 19:22:25"
"454","45","2022-02-19 07:09:26","67.09","0.00","2022-02-19 00:00:00","2026-04-27 19:22:25"
"455","249","2025-01-13 09:12:21","99.99","0.00","2025-01-13 00:00:00","2026-04-27 19:22:25"
"456","294","2024-10-14 17:19:18","10.30","10.00","2024-10-14 00:00:00","2026-04-27 19:22:25"
"457","184","2026-04-03 19:05:31","94.58","0.00","2026-04-03 00:00:00","2026-04-27 19:22:25"
"458","292","2023-01-01 14:57:28","73.81","0.00","2023-01-01 00:00:00","2026-04-27 19:22:25"
"459","56","2025-09-01 11:04:58","23.76","25.00","2025-09-01 00:00:00","2026-04-27 19:22:25"
"460","244","2025-12-14 09:44:39","74.45","0.00","2025-12-14 00:00:00","2026-04-27 19:22:25"
"461","81","2024-05-27 12:03:33","76.95","0.00","2024-05-27 00:00:00","2026-04-27 19:22:25"
"462","74","2022-01-05 07:04:46","150.02","0.00","2022-01-05 00:00:00","2026-04-27 19:22:25"
"463","99","2025-10-11 05:57:32","45.24","10.00","2025-10-11 00:00:00","2026-04-27 19:22:25"
"464","159","2025-10-29 08:40:41","87.58","0.00","2025-10-29 00:00:00","2026-04-27 19:22:25"
"465","98","2025-11-27 19:34:58","17.72","10.00","2025-11-27 00:00:00","2026-04-27 19:22:25"
"466","39","2022-11-10 18:45:16","109.01","0.00","2022-11-10 00:00:00","2026-04-27 19:22:25"
"467","152","2025-04-17 17:29:09","220.20","0.00","2025-04-17 00:00:00","2026-04-27 19:22:25"
"468","255","2020-12-06 18:40:43","132.54","0.00","2020-12-06 00:00:00","2026-04-27 19:22:25"
"469","46","2025-12-08 15:04:44","74.37","5.00","2025-12-08 00:00:00","2026-04-27 19:22:25"
"470","168","2024-02-15 11:12:41","115.93","0.00","2024-02-15 00:00:00","2026-04-27 19:22:25"
"471","267","2023-10-19 07:17:02","122.49","0.00","2023-10-19 00:00:00","2026-04-27 19:22:25"
"472","134","2023-12-15 15:48:20","56.99","0.00","2023-12-15 00:00:00","2026-04-27 19:22:25"
"473","240","2025-12-23 12:42:39","111.37","0.00","2025-12-23 00:00:00","2026-04-27 19:22:25"
"474","202","2025-06-09 19:10:00","239.66","0.00","2025-06-09 00:00:00","2026-04-27 19:22:25"
"475","61","2025-03-16 15:00:33","36.39","5.00","2025-03-16 00:00:00","2026-04-27 19:22:25"
"476","172","2025-08-16 07:09:51","98.40","0.00","2025-08-16 00:00:00","2026-04-27 19:22:25"
"477","114","2026-03-13 09:10:19","37.06","5.00","2026-03-13 00:00:00","2026-04-27 19:22:25"
"478","126","2022-11-29 16:51:21","260.65","0.00","2022-11-29 00:00:00","2026-04-27 19:22:25"
"479","115","2024-09-04 10:37:57","26.66","10.00","2024-09-04 00:00:00","2026-04-27 19:22:25"
"480","78","2026-03-17 08:57:43","211.77","0.00","2026-03-17 00:00:00","2026-04-27 19:22:25"
"481","103","2022-10-01 07:05:23","19.17","10.00","2022-10-01 00:00:00","2026-04-27 19:22:25"
"482","172","2023-12-02 07:43:40","287.44","0.00","2023-12-02 00:00:00","2026-04-27 19:22:25"
"483","112","2023-04-05 10:38:02","37.09","5.00","2023-04-05 00:00:00","2026-04-27 19:22:25"
"484","118","2021-12-16 11:08:11","163.20","0.00","2021-12-16 00:00:00","2026-04-27 19:22:25"
"485","152","2024-12-24 18:48:31","168.04","0.00","2024-12-24 00:00:00","2026-04-27 19:22:25"
"486","269","2026-01-15 12:36:25","39.90","10.00","2026-01-15 00:00:00","2026-04-27 19:22:25"
"487","14","2021-08-08 12:27:26","20.23","25.00","2021-08-08 00:00:00","2026-04-27 19:22:25"
"488","241","2025-03-26 07:43:04","254.56","0.00","2025-03-26 00:00:00","2026-04-27 19:22:25"
"489","127","2026-03-28 19:08:48","44.28","5.00","2026-03-28 00:00:00","2026-04-27 19:22:25"
"490","293","2026-02-16 15:52:48","260.64","0.00","2026-02-16 00:00:00","2026-04-27 19:22:25"
"491","148","2025-12-28 15:44:57","38.62","10.00","2025-12-28 00:00:00","2026-04-27 19:22:25"
"492","117","2026-04-08 19:54:45","200.65","0.00","2026-04-08 00:00:00","2026-04-27 19:22:25"
"493","110","2025-11-01 11:38:40","94.32","0.00","2025-11-01 00:00:00","2026-04-27 19:22:25"
"494","241","2026-03-16 12:02:19","0.00","0.00","2026-03-16 00:00:00","2026-04-27 19:22:25"
"495","49","2024-09-14 16:37:14","185.54","0.00","2024-09-14 00:00:00","2026-04-27 19:22:25"
"496","126","2022-05-03 17:47:47","129.15","0.00","2022-05-03 00:00:00","2026-04-27 19:22:25"
"497","150","2026-04-06 15:54:55","310.69","0.00","2026-04-06 00:00:00","2026-04-27 19:22:25"
"498","210","2025-09-05 08:19:39","130.18","0.00","2025-09-05 00:00:00","2026-04-27 19:22:25"
"499","68","2026-03-31 14:26:47","46.96","10.00","2026-03-31 00:00:00","2026-04-27 19:22:25"
"500","61","2025-11-24 07:59:14","141.12","0.00","2025-11-24 00:00:00","2026-04-27 19:22:25"
"501","181","2023-09-25 13:14:03","201.58","0.00","2023-09-25 00:00:00","2026-04-27 19:22:25"
"502","272","2023-09-27 17:56:29","217.72","0.00","2023-09-27 00:00:00","2026-04-27 19:22:25"
"503","101","2026-01-15 09:49:39","140.32","0.00","2026-01-15 00:00:00","2026-04-27 19:22:25"
"504","69","2024-03-10 09:47:39","58.48","0.00","2024-03-10 00:00:00","2026-04-27 19:22:25"
"505","225","2026-02-09 08:50:57","171.20","0.00","2026-02-09 00:00:00","2026-04-27 19:22:25"
"506","59","2022-06-04 15:44:10","169.95","0.00","2022-06-04 00:00:00","2026-04-27 19:22:25"
"507","299","2025-07-18 08:04:26","49.00","5.00","2025-07-18 00:00:00","2026-04-27 19:22:25"
"508","178","2023-10-11 07:02:39","198.45","0.00","2023-10-11 00:00:00","2026-04-27 19:22:25"
"509","178","2021-08-13 18:44:11","185.65","0.00","2021-08-13 00:00:00","2026-04-27 19:22:25"
"510","234","2025-11-16 02:25:49","427.59","0.00","2025-11-16 00:00:00","2026-04-27 19:22:25"
"511","285","2024-07-04 01:13:25","53.55","0.00","2024-07-04 00:00:00","2026-04-27 19:22:25"
"512","240","2025-12-17 19:19:51","72.60","0.00","2025-12-17 00:00:00","2026-04-27 19:22:25"
"513","97","2025-03-20 18:32:02","260.76","0.00","2025-03-20 00:00:00","2026-04-27 19:22:25"
"514","299","2025-11-18 05:18:04","104.45","0.00","2025-11-18 00:00:00","2026-04-27 19:22:25"
"515","61","2026-01-29 10:57:34","24.90","10.00","2026-01-29 00:00:00","2026-04-27 19:22:25"
"516","247","2024-02-14 08:59:53","286.75","0.00","2024-02-14 00:00:00","2026-04-27 19:22:25"
"517","171","2024-03-08 18:30:07","235.79","0.00","2024-03-08 00:00:00","2026-04-27 19:22:25"
"518","110","2026-02-28 11:31:05","298.12","0.00","2026-02-28 00:00:00","2026-04-27 19:22:25"
"519","137","2026-03-25 09:21:57","152.40","0.00","2026-03-25 00:00:00","2026-04-27 19:22:25"
"520","281","2026-02-05 09:07:37","134.55","0.00","2026-02-05 00:00:00","2026-04-27 19:22:25"
"521","297","2026-01-13 07:30:31","152.21","0.00","2026-01-13 00:00:00","2026-04-27 19:22:25"
"522","217","2026-02-20 19:32:48","73.34","0.00","2026-02-20 00:00:00","2026-04-27 19:22:25"
"523","210","2026-04-05 16:58:55","209.27","0.00","2026-04-05 00:00:00","2026-04-27 19:22:25"
"524","299","2025-06-08 08:38:30","33.51","5.00","2025-06-08 00:00:00","2026-04-27 19:22:25"
"525","262","2024-03-31 08:49:08","287.82","0.00","2024-03-31 00:00:00","2026-04-27 19:22:25"
"526","295","2026-04-09 17:10:33","290.26","0.00","2026-04-09 00:00:00","2026-04-27 19:22:25"
"527","256","2021-05-18 14:38:47","165.19","0.00","2021-05-18 00:00:00","2026-04-27 19:22:25"
"528","120","2024-02-10 17:49:44","19.35","10.00","2024-02-10 00:00:00","2026-04-27 19:22:25"
"529","28","2023-07-08 11:01:34","260.35","0.00","2023-07-08 00:00:00","2026-04-27 19:22:25"
"530","88","2025-09-07 09:11:07","33.80","5.00","2025-09-07 00:00:00","2026-04-27 19:22:25"
"531","228","2024-04-07 10:57:38","130.77","0.00","2024-04-07 00:00:00","2026-04-27 19:22:25"
"532","186","2026-04-08 17:39:05","63.54","0.00","2026-04-08 00:00:00","2026-04-27 19:22:25"
"533","2","2023-07-14 13:00:05","146.06","0.00","2023-07-14 00:00:00","2026-04-27 19:22:25"
"534","138","2021-05-21 17:42:09","94.04","0.00","2021-05-21 00:00:00","2026-04-27 19:22:25"
"535","191","2026-03-08 07:42:46","72.40","0.00","2026-03-08 00:00:00","2026-04-27 19:22:25"
"536","88","2025-09-12 09:50:48","169.65","0.00","2025-09-12 00:00:00","2026-04-27 19:22:25"
"537","137","2026-03-20 18:01:27","102.06","0.00","2026-03-20 00:00:00","2026-04-27 19:22:25"
"538","121","2021-06-20 19:45:04","7.92","25.00","2021-06-20 00:00:00","2026-04-27 19:22:25"
"539","229","2026-04-02 13:31:29","62.33","0.00","2026-04-02 00:00:00","2026-04-27 19:22:25"
"540","225","2025-11-06 05:05:14","140.32","0.00","2025-11-06 00:00:00","2026-04-27 19:22:25"
"541","263","2020-03-25 05:13:44","221.44","0.00","2020-03-25 00:00:00","2026-04-27 19:22:25"
"542","217","2025-10-19 10:56:37","246.36","0.00","2025-10-19 00:00:00","2026-04-27 19:22:25"
"543","190","2025-06-29 16:16:27","263.54","0.00","2025-06-29 00:00:00","2026-04-27 19:22:25"
"544","296","2022-06-08 19:14:25","66.55","0.00","2022-06-08 00:00:00","2026-04-27 19:22:25"
"545","248","2025-11-06 16:05:30","101.22","0.00","2025-11-06 00:00:00","2026-04-27 19:22:25"
"546","249","2025-04-21 19:53:35","70.10","0.00","2025-04-21 00:00:00","2026-04-27 19:22:25"
"547","158","2025-12-27 15:49:32","14.34","10.00","2025-12-27 00:00:00","2026-04-27 19:22:25"
"548","294","2025-07-30 16:31:38","16.92","10.00","2025-07-30 00:00:00","2026-04-27 19:22:25"
"549","278","2026-02-16 08:11:45","172.23","0.00","2026-02-16 00:00:00","2026-04-27 19:22:25"
"550","16","2026-04-10 19:02:19","9.64","25.00","2026-04-10 00:00:00","2026-04-27 19:22:25"
"551","286","2021-08-21 16:48:58","44.39","5.00","2021-08-21 00:00:00","2026-04-27 19:22:25"
"552","7","2024-11-29 13:22:52","99.06","0.00","2024-11-29 00:00:00","2026-04-27 19:22:25"
"553","56","2025-08-17 13:18:24","221.59","0.00","2025-08-17 00:00:00","2026-04-27 19:22:25"
"554","116","2026-01-27 13:28:18","193.14","0.00","2026-01-27 00:00:00","2026-04-27 19:22:25"
"555","155","2026-01-07 14:56:26","258.39","0.00","2026-01-07 00:00:00","2026-04-27 19:22:25"
"556","293","2025-11-12 15:26:41","77.22","0.00","2025-11-12 00:00:00","2026-04-27 19:22:25"
"557","90","2025-09-28 16:41:34","71.55","0.00","2025-09-28 00:00:00","2026-04-27 19:22:25"
"558","130","2025-11-10 08:15:50","148.86","0.00","2025-11-10 00:00:00","2026-04-27 19:22:25"
"559","138","2021-08-18 15:38:27","231.43","0.00","2021-08-18 00:00:00","2026-04-27 19:22:25"
"560","172","2025-03-17 16:52:32","137.09","0.00","2025-03-17 00:00:00","2026-04-27 19:22:25"
"561","10","2025-07-14 16:18:25","147.38","0.00","2025-07-14 00:00:00","2026-04-27 19:22:25"
"562","66","2025-07-05 18:31:06","70.99","5.00","2025-07-05 00:00:00","2026-04-27 19:22:25"
"563","243","2024-07-23 08:10:17","167.99","0.00","2024-07-23 00:00:00","2026-04-27 19:22:25"
"564","183","2024-07-23 07:10:33","67.49","0.00","2024-07-23 00:00:00","2026-04-27 19:22:25"
"565","1","2026-03-22 17:04:00","46.12","5.00","2026-03-22 00:00:00","2026-04-27 19:22:25"
"566","148","2025-11-28 00:36:55","349.56","0.00","2025-11-28 00:00:00","2026-04-27 19:22:25"
"567","155","2026-03-17 09:30:58","159.25","0.00","2026-03-17 00:00:00","2026-04-27 19:22:25"
"568","28","2023-12-09 17:45:33","266.02","0.00","2023-12-09 00:00:00","2026-04-27 19:22:25"
"569","93","2025-10-16 17:30:08","85.77","0.00","2025-10-16 00:00:00","2026-04-27 19:22:25"
"570","109","2022-09-25 14:53:59","134.68","0.00","2022-09-25 00:00:00","2026-04-27 19:22:25"
"571","35","2021-05-02 15:54:50","198.86","0.00","2021-05-02 00:00:00","2026-04-27 19:22:25"
"572","70","2025-09-19 18:49:34","18.11","10.00","2025-09-19 00:00:00","2026-04-27 19:22:25"
"573","185","2025-03-29 12:52:44","27.62","10.00","2025-03-29 00:00:00","2026-04-27 19:22:25"
"574","50","2024-01-08 13:30:25","238.82","0.00","2024-01-08 00:00:00","2026-04-27 19:22:25"
"575","7","2025-08-13 16:18:41","32.62","5.00","2025-08-13 00:00:00","2026-04-27 19:22:25"
"576","198","2026-02-04 18:19:12","123.14","0.00","2026-02-04 00:00:00","2026-04-27 19:22:25"
"577","169","2024-06-08 17:35:40","318.38","0.00","2024-06-08 00:00:00","2026-04-27 19:22:25"
"578","80","2026-04-02 07:04:44","212.31","0.00","2026-04-02 00:00:00","2026-04-27 19:22:25"
"579","38","2024-11-17 19:38:15","173.49","0.00","2024-11-17 00:00:00","2026-04-27 19:22:25"
"580","33","2026-04-11 10:01:02","6.05","10.00","2026-04-11 00:00:00","2026-04-27 19:22:25"
"581","59","2025-12-26 15:27:35","61.12","5.00","2025-12-26 00:00:00","2026-04-27 19:22:25"
"582","298","2023-11-19 10:30:24","368.38","0.00","2023-11-19 00:00:00","2026-04-27 19:22:25"
"583","123","2023-07-25 14:49:39","51.94","5.00","2023-07-25 00:00:00","2026-04-27 19:22:25"
"584","124","2022-06-15 09:29:37","55.84","0.00","2022-06-15 00:00:00","2026-04-27 19:22:25"
"585","84","2025-06-20 08:45:12","84.85","0.00","2025-06-20 00:00:00","2026-04-27 19:22:25"
"586","65","2025-07-11 08:03:18","273.45","0.00","2025-07-11 00:00:00","2026-04-27 19:22:25"
"587","272","2025-01-27 17:56:18","102.15","0.00","2025-01-27 00:00:00","2026-04-27 19:22:25"
"588","90","2025-11-30 09:01:26","319.33","0.00","2025-11-30 00:00:00","2026-04-27 19:22:25"
"589","294","2025-10-29 10:14:53","28.74","5.00","2025-10-29 00:00:00","2026-04-27 19:22:25"
"590","137","2025-12-26 07:12:48","12.80","10.00","2025-12-26 00:00:00","2026-04-27 19:22:25"
"591","221","2024-09-03 17:32:24","90.44","0.00","2024-09-03 00:00:00","2026-04-27 19:22:25"
"592","159","2026-02-03 18:48:36","36.70","5.00","2026-02-03 00:00:00","2026-04-27 19:22:25"
"593","190","2025-02-26 07:37:35","171.12","0.00","2025-02-26 00:00:00","2026-04-27 19:22:25"
"594","177","2024-07-07 14:08:19","24.22","10.00","2024-07-07 00:00:00","2026-04-27 19:22:25"
"595","122","2025-11-24 12:32:55","28.48","10.00","2025-11-24 00:00:00","2026-04-27 19:22:25"
"596","142","2026-02-11 09:08:54","44.29","5.00","2026-02-11 00:00:00","2026-04-27 19:22:25"
"597","104","2023-04-15 17:22:39","90.23","0.00","2023-04-15 00:00:00","2026-04-27 19:22:25"
"598","9","2023-01-07 10:50:53","37.88","5.00","2023-01-07 00:00:00","2026-04-27 19:22:25"
"599","149","2026-04-10 08:34:12","10.29","10.00","2026-04-10 00:00:00","2026-04-27 19:22:25"
"600","54","2025-12-04 18:22:18","206.76","0.00","2025-12-04 00:00:00","2026-04-27 19:22:25"
"601","107","2024-10-06 12:52:38","238.93","0.00","2024-10-06 00:00:00","2026-04-27 19:22:25"
"602","77","2024-10-29 10:21:43","45.64","5.00","2024-10-29 00:00:00","2026-04-27 19:22:25"
"603","142","2025-06-20 15:11:17","150.48","0.00","2025-06-20 00:00:00","2026-04-27 19:22:25"
"604","215","2026-01-16 09:54:41","138.73","0.00","2026-01-16 00:00:00","2026-04-27 19:22:25"
"605","243","2025-07-27 09:39:35","114.26","0.00","2025-07-27 00:00:00","2026-04-27 19:22:25"
"606","45","2022-10-19 06:31:02","94.57","0.00","2022-10-19 00:00:00","2026-04-27 19:22:25"
"607","226","2024-04-26 08:06:06","106.11","0.00","2024-04-26 00:00:00","2026-04-27 19:22:25"
"608","169","2023-11-22 18:37:31","278.31","0.00","2023-11-22 00:00:00","2026-04-27 19:22:25"
"609","130","2025-07-27 08:49:46","120.49","0.00","2025-07-27 00:00:00","2026-04-27 19:22:25"
"610","179","2023-08-19 18:58:18","96.96","0.00","2023-08-19 00:00:00","2026-04-27 19:22:25"
"611","92","2026-04-14 09:16:10","76.24","0.00","2026-04-14 00:00:00","2026-04-27 19:22:25"
"612","133","2024-12-19 19:34:55","8.63","25.00","2024-12-19 00:00:00","2026-04-27 19:22:25"
"613","101","2026-03-14 07:52:20","109.02","0.00","2026-03-14 00:00:00","2026-04-27 19:22:25"
"614","150","2026-02-17 12:59:16","67.06","5.00","2026-02-17 00:00:00","2026-04-27 19:22:25"
"615","149","2026-02-23 13:13:11","112.13","0.00","2026-02-23 00:00:00","2026-04-27 19:22:25"
"616","103","2022-07-03 18:36:21","188.98","0.00","2022-07-03 00:00:00","2026-04-27 19:22:25"
"617","236","2024-10-22 08:06:16","208.88","0.00","2024-10-22 00:00:00","2026-04-27 19:22:25"
"618","290","2021-07-23 15:42:45","15.13","10.00","2021-07-23 00:00:00","2026-04-27 19:22:25"
"619","204","2025-10-20 00:04:19","57.05","0.00","2025-10-20 00:00:00","2026-04-27 19:22:25"
"620","283","2021-12-12 10:05:16","19.76","10.00","2021-12-12 00:00:00","2026-04-27 19:22:25"
"621","285","2023-12-31 15:23:24","125.75","0.00","2023-12-31 00:00:00","2026-04-27 19:22:25"
"622","243","2025-03-08 07:01:49","77.46","0.00","2025-03-08 00:00:00","2026-04-27 19:22:25"
"623","255","2022-09-25 18:09:11","177.60","0.00","2022-09-25 00:00:00","2026-04-27 19:22:25"
"624","281","2026-03-01 17:27:56","175.55","0.00","2026-03-01 00:00:00","2026-04-27 19:22:25"
"625","4","2024-12-01 18:21:09","55.47","0.00","2024-12-01 00:00:00","2026-04-27 19:22:25"
"626","298","2025-10-23 08:43:23","32.23","10.00","2025-10-23 00:00:00","2026-04-27 19:22:25"
"627","137","2026-04-08 07:16:31","201.66","0.00","2026-04-08 00:00:00","2026-04-27 19:22:25"
"628","203","2024-12-28 07:35:59","19.24","25.00","2024-12-28 00:00:00","2026-04-27 19:22:25"
"629","257","2026-01-29 10:25:07","57.88","5.00","2026-01-29 00:00:00","2026-04-27 19:22:25"
"630","188","2026-02-06 14:57:32","81.40","0.00","2026-02-06 00:00:00","2026-04-27 19:22:25"
"631","127","2026-02-26 09:41:16","4.80","10.00","2026-02-26 00:00:00","2026-04-27 19:22:25"
"632","130","2025-09-20 16:18:35","106.07","0.00","2025-09-20 00:00:00","2026-04-27 19:22:25"
"633","273","2021-10-20 16:02:12","132.73","0.00","2021-10-20 00:00:00","2026-04-27 19:22:25"
"634","197","2026-02-16 05:17:03","51.13","5.00","2026-02-16 00:00:00","2026-04-27 19:22:25"
"635","130","2025-02-10 18:13:25","96.26","0.00","2025-02-10 00:00:00","2026-04-27 19:22:25"
"636","54","2025-01-27 10:42:28","107.51","0.00","2025-01-27 00:00:00","2026-04-27 19:22:25"
"637","121","2021-11-04 17:07:21","139.93","0.00","2021-11-04 00:00:00","2026-04-27 19:22:25"
"638","119","2025-06-11 18:12:25","24.39","25.00","2025-06-11 00:00:00","2026-04-27 19:22:25"
"639","172","2024-08-07 12:47:10","38.87","5.00","2024-08-07 00:00:00","2026-04-27 19:22:25"
"640","88","2025-12-12 19:06:45","56.89","0.00","2025-12-12 00:00:00","2026-04-27 19:22:25"
"641","103","2023-07-24 13:10:47","123.84","0.00","2023-07-24 00:00:00","2026-04-27 19:22:25"
"642","7","2025-12-30 18:59:22","154.72","0.00","2025-12-30 00:00:00","2026-04-27 19:22:25"
"643","97","2025-07-02 07:44:57","224.31","0.00","2025-07-02 00:00:00","2026-04-27 19:22:25"
"644","146","2023-06-08 09:47:27","198.71","0.00","2023-06-08 00:00:00","2026-04-27 19:22:25"
"645","115","2024-01-08 09:47:43","75.00","0.00","2024-01-08 00:00:00","2026-04-27 19:22:25"
"646","75","2026-02-01 19:12:04","8.47","10.00","2026-02-01 00:00:00","2026-04-27 19:22:25"
"647","276","2026-03-18 08:28:10","46.20","10.00","2026-03-18 00:00:00","2026-04-27 19:22:25"
"648","82","2025-04-14 14:03:58","26.87","5.00","2025-04-14 00:00:00","2026-04-27 19:22:25"
"649","20","2020-06-20 08:27:25","159.26","0.00","2020-06-20 00:00:00","2026-04-27 19:22:25"
"650","205","2024-01-26 08:53:54","223.92","0.00","2024-01-26 00:00:00","2026-04-27 19:22:25"
"651","124","2025-08-28 07:58:33","82.80","0.00","2025-08-28 00:00:00","2026-04-27 19:22:25"
"652","54","2025-11-19 09:30:44","80.02","0.00","2025-11-19 00:00:00","2026-04-27 19:22:25"
"653","98","2024-08-20 18:36:28","61.44","0.00","2024-08-20 00:00:00","2026-04-27 19:22:25"
"654","120","2024-11-02 13:55:41","113.20","0.00","2024-11-02 00:00:00","2026-04-27 19:22:25"
"655","87","2026-03-04 09:02:40","11.44","10.00","2026-03-04 00:00:00","2026-04-27 19:22:25"
"656","86","2025-07-30 14:14:54","67.72","5.00","2025-07-30 00:00:00","2026-04-27 19:22:25"
"657","167","2024-09-02 08:26:39","45.52","5.00","2024-09-02 00:00:00","2026-04-27 19:22:25"
"658","172","2025-06-20 09:12:21","117.98","0.00","2025-06-20 00:00:00","2026-04-27 19:22:25"
"659","280","2023-10-09 17:22:30","177.26","0.00","2023-10-09 00:00:00","2026-04-27 19:22:25"
"660","4","2026-04-06 18:42:02","102.19","0.00","2026-04-06 00:00:00","2026-04-27 19:22:25"
"661","175","2025-11-23 12:58:08","324.38","0.00","2025-11-23 00:00:00","2026-04-27 19:22:25"
"662","20","2022-07-01 08:08:57","22.74","25.00","2022-07-01 00:00:00","2026-04-27 19:22:25"
"663","230","2022-07-29 18:19:00","137.81","0.00","2022-07-29 00:00:00","2026-04-27 19:22:25"
"664","261","2023-12-12 11:34:29","70.47","0.00","2023-12-12 00:00:00","2026-04-27 19:22:25"
"665","39","2021-11-01 08:13:31","70.80","0.00","2021-11-01 00:00:00","2026-04-27 19:22:25"
"666","230","2023-12-04 09:33:25","48.53","5.00","2023-12-04 00:00:00","2026-04-27 19:22:25"
"667","229","2026-04-15 11:04:06","42.87","5.00","2026-04-15 00:00:00","2026-04-27 19:22:25"
"668","282","2024-08-27 10:18:28","113.48","0.00","2024-08-27 00:00:00","2026-04-27 19:22:25"
"669","86","2024-03-01 17:15:10","88.22","0.00","2024-03-01 00:00:00","2026-04-27 19:22:25"
"670","133","2023-12-30 19:15:37","105.19","0.00","2023-12-30 00:00:00","2026-04-27 19:22:25"
"671","222","2023-01-23 17:38:04","170.72","0.00","2023-01-23 00:00:00","2026-04-27 19:22:25"
"672","297","2025-06-22 10:51:07","17.57","25.00","2025-06-22 00:00:00","2026-04-27 19:22:25"
"673","128","2023-04-30 10:10:33","134.60","0.00","2023-04-30 00:00:00","2026-04-27 19:22:25"
"674","220","2024-02-19 18:27:40","98.20","0.00","2024-02-19 00:00:00","2026-04-27 19:22:25"
"675","123","2025-03-15 07:15:55","5.62","25.00","2025-03-15 00:00:00","2026-04-27 19:22:25"
"676","12","2026-01-21 07:09:45","205.82","0.00","2026-01-21 00:00:00","2026-04-27 19:22:25"
"677","201","2025-12-21 12:23:12","70.35","5.00","2025-12-21 00:00:00","2026-04-27 19:22:25"
"678","9","2025-06-19 09:20:48","195.99","0.00","2025-06-19 00:00:00","2026-04-27 19:22:25"
"679","271","2022-11-30 18:14:31","12.24","10.00","2022-11-30 00:00:00","2026-04-27 19:22:25"
"680","246","2024-06-24 09:16:13","274.26","0.00","2024-06-24 00:00:00","2026-04-27 19:22:25"
"681","55","2022-03-03 19:38:27","88.64","0.00","2022-03-03 00:00:00","2026-04-27 19:22:25"
"682","123","2025-11-10 14:06:11","0.00","0.00","2025-11-10 00:00:00","2026-04-27 19:22:25"
"683","84","2025-04-10 07:48:51","111.83","0.00","2025-04-10 00:00:00","2026-04-27 19:22:25"
"684","20","2021-09-12 05:14:51","285.68","0.00","2021-09-12 00:00:00","2026-04-27 19:22:25"
"685","205","2022-09-14 11:04:59","70.40","0.00","2022-09-14 00:00:00","2026-04-27 19:22:25"
"686","219","2021-10-01 08:19:31","200.13","0.00","2021-10-01 00:00:00","2026-04-27 19:22:25"
"687","263","2020-04-13 02:51:26","85.61","0.00","2020-04-13 00:00:00","2026-04-27 19:22:25"
"688","77","2024-11-25 15:03:36","145.70","0.00","2024-11-25 00:00:00","2026-04-27 19:22:25"
"689","99","2024-09-06 08:43:49","226.00","0.00","2024-09-06 00:00:00","2026-04-27 19:22:25"
"690","143","2023-11-23 07:54:15","44.18","10.00","2023-11-23 00:00:00","2026-04-27 19:22:25"
"691","125","2022-02-15 12:16:43","200.46","0.00","2022-02-15 00:00:00","2026-04-27 19:22:25"
"692","96","2025-12-13 07:25:08","12.64","10.00","2025-12-13 00:00:00","2026-04-27 19:22:25"
"693","45","2022-12-24 16:06:29","74.76","0.00","2022-12-24 00:00:00","2026-04-27 19:22:25"
"694","227","2026-04-14 14:42:09","153.44","0.00","2026-04-14 00:00:00","2026-04-27 19:22:25"
"695","83","2026-03-22 06:25:28","287.72","0.00","2026-03-22 00:00:00","2026-04-27 19:22:25"
"696","165","2024-05-15 10:06:16","92.42","0.00","2024-05-15 00:00:00","2026-04-27 19:22:25"
"697","203","2026-02-03 15:29:48","253.07","0.00","2026-02-03 00:00:00","2026-04-27 19:22:25"
"698","22","2023-08-19 07:50:51","65.92","0.00","2023-08-19 00:00:00","2026-04-27 19:22:25"
"699","212","2022-12-31 07:34:56","142.66","0.00","2022-12-31 00:00:00","2026-04-27 19:22:25"
"700","202","2026-03-30 09:01:02","291.42","0.00","2026-03-30 00:00:00","2026-04-27 19:22:25"
"701","103","2022-06-23 15:11:25","127.33","0.00","2022-06-23 00:00:00","2026-04-27 19:22:25"
"702","57","2026-03-04 14:33:28","32.90","5.00","2026-03-04 00:00:00","2026-04-27 19:22:25"
"703","282","2023-05-31 07:57:05","213.65","0.00","2023-05-31 00:00:00","2026-04-27 19:22:25"
"704","270","2024-08-25 16:29:30","292.76","0.00","2024-08-25 00:00:00","2026-04-27 19:22:25"
"705","100","2022-09-21 18:48:38","25.64","5.00","2022-09-21 00:00:00","2026-04-27 19:22:25"
"706","100","2023-09-05 07:45:06","30.51","5.00","2023-09-05 00:00:00","2026-04-27 19:22:25"
"707","166","2024-02-15 19:09:48","326.31","0.00","2024-02-15 00:00:00","2026-04-27 19:22:25"
"708","293","2024-12-02 15:51:44","165.14","0.00","2024-12-02 00:00:00","2026-04-27 19:22:25"
"709","277","2025-07-13 13:22:51","263.97","0.00","2025-07-13 00:00:00","2026-04-27 19:22:25"
"710","221","2024-05-04 12:32:06","69.29","0.00","2024-05-04 00:00:00","2026-04-27 19:22:25"
"711","201","2026-01-21 07:08:31","105.48","0.00","2026-01-21 00:00:00","2026-04-27 19:22:25"
"712","280","2025-05-05 14:46:26","98.28","0.00","2025-05-05 00:00:00","2026-04-27 19:22:25"
"713","214","2024-09-02 09:49:40","52.57","0.00","2024-09-02 00:00:00","2026-04-27 19:22:25"
"714","246","2024-01-13 09:45:59","161.94","0.00","2024-01-13 00:00:00","2026-04-27 19:22:25"
"715","161","2022-04-26 09:30:42","79.24","0.00","2022-04-26 00:00:00","2026-04-27 19:22:25"
"716","189","2025-05-22 10:21:29","143.22","0.00","2025-05-22 00:00:00","2026-04-27 19:22:25"
"717","222","2022-11-07 13:38:10","106.39","0.00","2022-11-07 00:00:00","2026-04-27 19:22:25"
"718","295","2025-09-23 07:28:41","181.43","0.00","2025-09-23 00:00:00","2026-04-27 19:22:25"
"719","74","2023-09-08 19:56:41","186.79","0.00","2023-09-08 00:00:00","2026-04-27 19:22:25"
"720","27","2024-11-13 07:01:42","118.68","0.00","2024-11-13 00:00:00","2026-04-27 19:22:25"
"721","269","2026-03-27 10:04:10","236.46","0.00","2026-03-27 00:00:00","2026-04-27 19:22:25"
"722","191","2025-12-15 09:56:37","73.35","0.00","2025-12-15 00:00:00","2026-04-27 19:22:25"
"723","155","2026-03-13 18:10:22","29.16","10.00","2026-03-13 00:00:00","2026-04-27 19:22:25"
"724","114","2025-11-18 14:09:33","217.57","0.00","2025-11-18 00:00:00","2026-04-27 19:22:25"
"725","197","2025-01-02 18:15:47","213.05","0.00","2025-01-02 00:00:00","2026-04-27 19:22:25"
"726","202","2024-09-01 15:21:02","0.00","0.00","2024-09-01 00:00:00","2026-04-27 19:22:25"
"727","35","2025-10-04 15:31:51","215.71","0.00","2025-10-04 00:00:00","2026-04-27 19:22:25"
"728","245","2025-10-28 02:55:41","135.61","0.00","2025-10-28 00:00:00","2026-04-27 19:22:25"
"729","283","2021-12-27 07:51:12","234.32","0.00","2021-12-27 00:00:00","2026-04-27 19:22:25"
"730","94","2025-02-01 16:57:45","170.51","0.00","2025-02-01 00:00:00","2026-04-27 19:22:25"
"731","50","2020-12-03 09:28:53","73.94","0.00","2020-12-03 00:00:00","2026-04-27 19:22:25"
"732","232","2026-01-30 15:41:46","102.53","0.00","2026-01-30 00:00:00","2026-04-27 19:22:25"
"733","68","2025-12-21 08:50:40","165.76","0.00","2025-12-21 00:00:00","2026-04-27 19:22:25"
"734","108","2026-04-10 07:39:38","11.84","10.00","2026-04-10 00:00:00","2026-04-27 19:22:25"
"735","167","2026-03-19 12:20:04","28.65","5.00","2026-03-19 00:00:00","2026-04-27 19:22:25"
"736","254","2022-06-24 15:48:17","56.68","5.00","2022-06-24 00:00:00","2026-04-27 19:22:25"
"737","127","2025-11-07 12:18:40","90.69","0.00","2025-11-07 00:00:00","2026-04-27 19:22:25"
"738","147","2024-03-29 13:30:22","215.00","0.00","2024-03-29 00:00:00","2026-04-27 19:22:25"
"739","7","2025-05-06 16:01:16","167.08","0.00","2025-05-06 00:00:00","2026-04-27 19:22:25"
"740","171","2024-07-12 17:45:33","97.40","0.00","2024-07-12 00:00:00","2026-04-27 19:22:25"
"741","207","2025-05-08 10:23:57","121.45","0.00","2025-05-08 00:00:00","2026-04-27 19:22:25"
"742","184","2026-03-30 07:39:28","141.14","0.00","2026-03-30 00:00:00","2026-04-27 19:22:25"
"743","239","2025-09-12 16:54:40","237.62","0.00","2025-09-12 00:00:00","2026-04-27 19:22:25"
"744","99","2024-10-20 09:26:53","75.51","0.00","2024-10-20 00:00:00","2026-04-27 19:22:25"
"745","39","2023-01-14 11:03:58","79.87","0.00","2023-01-14 00:00:00","2026-04-27 19:22:25"
"746","196","2025-10-29 07:51:44","88.93","0.00","2025-10-29 00:00:00","2026-04-27 19:22:25"
"747","243","2025-10-08 15:28:36","67.39","5.00","2025-10-08 00:00:00","2026-04-27 19:22:25"
"748","127","2026-03-13 08:14:02","42.88","5.00","2026-03-13 00:00:00","2026-04-27 19:22:25"
"749","12","2022-03-23 10:05:11","185.29","0.00","2022-03-23 00:00:00","2026-04-27 19:22:25"
"750","256","2021-07-04 03:27:58","256.80","0.00","2021-07-04 00:00:00","2026-04-27 19:22:25"
"751","211","2024-11-05 16:31:46","172.26","0.00","2024-11-05 00:00:00","2026-04-27 19:22:25"
"752","244","2025-01-23 13:48:56","170.94","0.00","2025-01-23 00:00:00","2026-04-27 19:22:25"
"753","49","2023-04-09 14:36:38","35.49","5.00","2023-04-09 00:00:00","2026-04-27 19:22:25"
"754","112","2023-05-08 19:33:57","83.47","0.00","2023-05-08 00:00:00","2026-04-27 19:22:25"
"755","181","2023-11-27 18:53:51","185.38","0.00","2023-11-27 00:00:00","2026-04-27 19:22:25"
"756","117","2024-12-14 08:33:41","243.09","0.00","2024-12-14 00:00:00","2026-04-27 19:22:25"
"757","181","2025-10-05 09:55:42","244.44","0.00","2025-10-05 00:00:00","2026-04-27 19:22:25"
"758","257","2025-03-29 08:19:00","69.00","5.00","2025-03-29 00:00:00","2026-04-27 19:22:25"
"759","136","2025-01-29 13:34:46","121.03","0.00","2025-01-29 00:00:00","2026-04-27 19:22:25"
"760","26","2025-10-10 15:15:37","91.24","0.00","2025-10-10 00:00:00","2026-04-27 19:22:25"
"761","296","2025-04-30 19:35:07","362.71","0.00","2025-04-30 00:00:00","2026-04-27 19:22:25"
"762","268","2025-08-04 08:02:58","147.83","0.00","2025-08-04 00:00:00","2026-04-27 19:22:25"
"763","175","2024-06-16 08:42:25","57.92","5.00","2024-06-16 00:00:00","2026-04-27 19:22:25"
"764","271","2022-06-13 18:18:51","44.60","5.00","2022-06-13 00:00:00","2026-04-27 19:22:25"
"765","200","2025-07-12 14:02:51","29.82","10.00","2025-07-12 00:00:00","2026-04-27 19:22:25"
"766","155","2025-10-04 12:55:47","246.07","0.00","2025-10-04 00:00:00","2026-04-27 19:22:25"
"767","110","2025-12-02 12:58:05","226.84","0.00","2025-12-02 00:00:00","2026-04-27 19:22:25"
"768","214","2022-03-26 11:23:26","86.95","0.00","2022-03-26 00:00:00","2026-04-27 19:22:25"
"769","282","2025-08-02 18:06:02","18.27","10.00","2025-08-02 00:00:00","2026-04-27 19:22:25"
"770","191","2025-11-27 09:51:04","15.60","10.00","2025-11-27 00:00:00","2026-04-27 19:22:25"
"771","39","2021-07-29 08:22:13","169.51","0.00","2021-07-29 00:00:00","2026-04-27 19:22:25"
"772","57","2025-10-29 14:08:22","99.01","0.00","2025-10-29 00:00:00","2026-04-27 19:22:25"
"773","63","2025-05-02 10:05:11","214.14","0.00","2025-05-02 00:00:00","2026-04-27 19:22:25"
"774","224","2021-04-19 05:11:28","120.95","0.00","2021-04-19 00:00:00","2026-04-27 19:22:25"
"775","46","2026-04-15 08:25:10","120.84","0.00","2026-04-15 00:00:00","2026-04-27 19:22:25"
"776","41","2025-10-27 09:13:53","113.19","0.00","2025-10-27 00:00:00","2026-04-27 19:22:25"
"777","216","2023-09-29 07:33:18","133.74","0.00","2023-09-29 00:00:00","2026-04-27 19:22:25"
"778","157","2021-11-16 07:40:09","46.80","5.00","2021-11-16 00:00:00","2026-04-27 19:22:25"
"779","238","2020-03-03 08:04:07","181.98","0.00","2020-03-03 00:00:00","2026-04-27 19:22:25"
"780","37","2025-06-14 14:19:08","187.71","0.00","2025-06-14 00:00:00","2026-04-27 19:22:25"
"781","237","2026-02-09 08:44:57","40.14","5.00","2026-02-09 00:00:00","2026-04-27 19:22:25"
"782","70","2025-09-12 07:39:28","148.69","0.00","2025-09-12 00:00:00","2026-04-27 19:22:25"
"783","22","2023-11-08 16:53:35","250.96","0.00","2023-11-08 00:00:00","2026-04-27 19:22:25"
"784","233","2025-06-17 16:18:38","113.19","0.00","2025-06-17 00:00:00","2026-04-27 19:22:25"
"785","168","2025-07-18 14:26:50","165.63","0.00","2025-07-18 00:00:00","2026-04-27 19:22:25"
"786","28","2023-05-22 08:54:08","54.49","0.00","2023-05-22 00:00:00","2026-04-27 19:22:25"
"787","76","2025-08-18 15:57:59","28.12","5.00","2025-08-18 00:00:00","2026-04-27 19:22:25"
"788","25","2024-11-05 13:45:37","135.76","0.00","2024-11-05 00:00:00","2026-04-27 19:22:25"
"789","209","2026-02-15 08:35:13","53.01","5.00","2026-02-15 00:00:00","2026-04-27 19:22:25"
"790","287","2020-12-18 11:38:45","0.00","0.00","2020-12-18 00:00:00","2026-04-27 19:22:25"
"791","231","2025-05-14 09:28:12","48.74","5.00","2025-05-14 00:00:00","2026-04-27 19:22:25"
"792","37","2025-05-30 11:14:38","408.73","0.00","2025-05-30 00:00:00","2026-04-27 19:22:25"
"793","79","2025-11-09 15:11:20","24.40","10.00","2025-11-09 00:00:00","2026-04-27 19:22:25"
"794","64","2025-07-16 18:38:44","156.01","0.00","2025-07-16 00:00:00","2026-04-27 19:22:25"
"795","176","2026-03-15 08:52:52","241.15","0.00","2026-03-15 00:00:00","2026-04-27 19:22:25"
"796","38","2025-01-04 04:12:14","144.44","0.00","2025-01-04 00:00:00","2026-04-27 19:22:25"
"797","89","2025-12-27 19:04:35","15.69","25.00","2025-12-27 00:00:00","2026-04-27 19:22:25"
"798","299","2025-01-16 07:32:41","66.63","0.00","2025-01-16 00:00:00","2026-04-27 19:22:25"
"799","126","2023-10-20 03:38:36","158.98","0.00","2023-10-20 00:00:00","2026-04-27 19:22:25"
"800","165","2025-10-12 18:56:06","213.55","0.00","2025-10-12 00:00:00","2026-04-27 19:22:25"
"801","296","2024-11-22 08:43:26","128.41","0.00","2024-11-22 00:00:00","2026-04-27 19:22:25"
"802","282","2022-11-20 18:57:20","123.31","0.00","2022-11-20 00:00:00","2026-04-27 19:22:25"
"803","7","2025-08-12 07:39:37","313.27","0.00","2025-08-12 00:00:00","2026-04-27 19:22:25"
"804","124","2024-12-17 18:49:35","54.84","0.00","2024-12-17 00:00:00","2026-04-27 19:22:25"
"805","166","2020-04-03 15:21:07","96.37","0.00","2020-04-03 00:00:00","2026-04-27 19:22:25"
"806","204","2025-07-22 15:01:28","216.77","0.00","2025-07-22 00:00:00","2026-04-27 19:22:25"
"807","22","2024-05-19 19:57:56","69.95","0.00","2024-05-19 00:00:00","2026-04-27 19:22:25"
"808","263","2020-04-09 08:27:07","20.90","10.00","2020-04-09 00:00:00","2026-04-27 19:22:25"
"809","24","2022-10-23 18:25:37","164.42","0.00","2022-10-23 00:00:00","2026-04-27 19:22:25"
"810","206","2024-10-19 09:20:26","192.21","0.00","2024-10-19 00:00:00","2026-04-27 19:22:25"
"811","25","2025-10-01 16:34:00","75.63","0.00","2025-10-01 00:00:00","2026-04-27 19:22:25"
"812","57","2022-08-28 13:55:32","22.48","10.00","2022-08-28 00:00:00","2026-04-27 19:22:25"
"813","288","2025-11-22 08:55:53","150.90","0.00","2025-11-22 00:00:00","2026-04-27 19:22:25"
"814","136","2025-10-16 08:59:44","51.75","5.00","2025-10-16 00:00:00","2026-04-27 19:22:25"
"815","124","2026-04-12 07:49:59","45.39","5.00","2026-04-12 00:00:00","2026-04-27 19:22:25"
"816","93","2023-01-16 14:00:33","290.84","0.00","2023-01-16 00:00:00","2026-04-27 19:22:25"
"817","299","2023-08-10 08:13:29","363.47","0.00","2023-08-10 00:00:00","2026-04-27 19:22:25"
"818","222","2024-09-15 07:14:33","40.61","5.00","2024-09-15 00:00:00","2026-04-27 19:22:25"
"819","145","2025-09-12 16:01:10","192.80","0.00","2025-09-12 00:00:00","2026-04-27 19:22:25"
"820","241","2026-01-20 09:23:05","134.94","0.00","2026-01-20 00:00:00","2026-04-27 19:22:25"
"821","226","2026-03-20 11:51:52","210.87","0.00","2026-03-20 00:00:00","2026-04-27 19:22:25"
"822","242","2021-09-23 09:01:28","191.97","0.00","2021-09-23 00:00:00","2026-04-27 19:22:25"
"823","218","2025-03-16 11:50:42","208.61","0.00","2025-03-16 00:00:00","2026-04-27 19:22:25"
"824","125","2021-02-10 10:16:08","58.77","0.00","2021-02-10 00:00:00","2026-04-27 19:22:25"
"825","160","2025-05-10 00:37:51","88.62","0.00","2025-05-10 00:00:00","2026-04-27 19:22:25"
"826","104","2023-09-14 16:43:48","108.60","0.00","2023-09-14 00:00:00","2026-04-27 19:22:25"
"827","261","2025-11-21 08:16:45","64.26","0.00","2025-11-21 00:00:00","2026-04-27 19:22:25"
"828","200","2024-11-28 08:03:48","69.57","5.00","2024-11-28 00:00:00","2026-04-27 19:22:25"
"829","243","2025-07-06 08:10:17","117.33","0.00","2025-07-06 00:00:00","2026-04-27 19:22:25"
"830","161","2023-06-12 03:46:26","15.50","10.00","2023-06-12 00:00:00","2026-04-27 19:22:25"
"831","56","2025-08-01 07:24:27","126.16","0.00","2025-08-01 00:00:00","2026-04-27 19:22:25"
"832","259","2025-10-01 10:59:49","171.45","0.00","2025-10-01 00:00:00","2026-04-27 19:22:25"
"833","168","2025-07-05 11:34:16","9.11","10.00","2025-07-05 00:00:00","2026-04-27 19:22:25"
"834","246","2024-06-06 08:39:01","260.80","0.00","2024-06-06 00:00:00","2026-04-27 19:22:25"
"835","270","2024-06-14 17:21:26","32.94","5.00","2024-06-14 00:00:00","2026-04-27 19:22:25"
"836","211","2025-04-06 13:14:12","97.90","0.00","2025-04-06 00:00:00","2026-04-27 19:22:25"
"837","152","2023-05-02 10:02:10","237.31","0.00","2023-05-02 00:00:00","2026-04-27 19:22:25"
"838","217","2023-04-03 07:52:54","143.85","0.00","2023-04-03 00:00:00","2026-04-27 19:22:25"
"839","260","2021-10-30 06:35:17","118.12","0.00","2021-10-30 00:00:00","2026-04-27 19:22:25"
"840","244","2025-06-12 09:04:09","130.20","0.00","2025-06-12 00:00:00","2026-04-27 19:22:25"
"841","277","2026-03-22 11:18:58","77.67","0.00","2026-03-22 00:00:00","2026-04-27 19:22:25"
"842","142","2025-12-28 07:26:41","145.85","0.00","2025-12-28 00:00:00","2026-04-27 19:22:25"
"843","26","2025-12-18 16:58:48","40.21","5.00","2025-12-18 00:00:00","2026-04-27 19:22:25"
"844","238","2023-03-22 12:57:56","133.92","0.00","2023-03-22 00:00:00","2026-04-27 19:22:25"
"845","144","2020-07-12 07:38:04","89.03","0.00","2020-07-12 00:00:00","2026-04-27 19:22:25"
"846","134","2024-11-24 10:43:34","70.49","0.00","2024-11-24 00:00:00","2026-04-27 19:22:25"
"847","229","2026-04-01 09:15:26","287.70","0.00","2026-04-01 00:00:00","2026-04-27 19:22:25"
"848","221","2024-05-01 19:31:39","167.75","0.00","2024-05-01 00:00:00","2026-04-27 19:22:25"
"849","183","2024-08-26 08:06:57","32.52","5.00","2024-08-26 00:00:00","2026-04-27 19:22:25"
"850","146","2021-08-28 12:58:08","49.30","10.00","2021-08-28 00:00:00","2026-04-27 19:22:25"
"851","233","2025-02-27 07:53:15","143.62","0.00","2025-02-27 00:00:00","2026-04-27 19:22:25"
"852","193","2024-04-05 08:02:26","71.24","0.00","2024-04-05 00:00:00","2026-04-27 19:22:25"
"853","50","2022-05-28 12:58:05","33.54","5.00","2022-05-28 00:00:00","2026-04-27 19:22:25"
"854","213","2026-02-23 14:33:29","69.50","0.00","2026-02-23 00:00:00","2026-04-27 19:22:25"
"855","45","2023-08-25 08:19:12","252.62","0.00","2023-08-25 00:00:00","2026-04-27 19:22:25"
"856","86","2026-03-08 15:35:19","126.93","0.00","2026-03-08 00:00:00","2026-04-27 19:22:25"
"857","295","2026-01-23 09:18:02","114.18","0.00","2026-01-23 00:00:00","2026-04-27 19:22:25"
"858","22","2023-11-21 12:23:15","189.97","0.00","2023-11-21 00:00:00","2026-04-27 19:22:25"
"859","156","2025-08-22 18:59:17","76.04","0.00","2025-08-22 00:00:00","2026-04-27 19:22:25"
"860","158","2025-09-30 17:16:02","27.48","5.00","2025-09-30 00:00:00","2026-04-27 19:22:25"
"861","244","2025-09-11 17:34:39","173.83","0.00","2025-09-11 00:00:00","2026-04-27 19:22:25"
"862","174","2024-08-29 18:34:16","129.41","0.00","2024-08-29 00:00:00","2026-04-27 19:22:25"
"863","22","2024-07-26 07:11:13","232.10","0.00","2024-07-26 00:00:00","2026-04-27 19:22:25"
"864","220","2024-06-16 12:16:44","31.55","5.00","2024-06-16 00:00:00","2026-04-27 19:22:25"
"865","256","2026-03-11 08:35:49","0.00","0.00","2026-03-11 00:00:00","2026-04-27 19:22:25"
"866","114","2025-10-22 12:15:31","76.98","0.00","2025-10-22 00:00:00","2026-04-27 19:22:25"
"867","190","2025-10-15 07:15:01","5.59","25.00","2025-10-15 00:00:00","2026-04-27 19:22:25"
"868","24","2022-10-12 16:08:50","14.34","10.00","2022-10-12 00:00:00","2026-04-27 19:22:25"
"869","95","2025-02-20 09:14:55","215.63","0.00","2025-02-20 00:00:00","2026-04-27 19:22:25"
"870","127","2026-02-27 09:22:50","144.92","0.00","2026-02-27 00:00:00","2026-04-27 19:22:25"
"871","216","2026-04-10 10:44:39","303.75","0.00","2026-04-10 00:00:00","2026-04-27 19:22:25"
"872","170","2022-07-15 14:01:45","34.94","5.00","2022-07-15 00:00:00","2026-04-27 19:22:25"
"873","88","2025-02-16 07:13:31","69.38","0.00","2025-02-16 00:00:00","2026-04-27 19:22:25"
"874","148","2023-06-16 08:00:44","213.25","0.00","2023-06-16 00:00:00","2026-04-27 19:22:25"
"875","252","2024-11-19 08:56:36","200.55","0.00","2024-11-19 00:00:00","2026-04-27 19:22:25"
"876","71","2025-03-27 13:57:49","218.34","0.00","2025-03-27 00:00:00","2026-04-27 19:22:25"
"877","254","2024-05-19 17:55:28","4.25","25.00","2024-05-19 00:00:00","2026-04-27 19:22:25"
"878","221","2024-08-29 12:48:12","236.18","0.00","2024-08-29 00:00:00","2026-04-27 19:22:25"
"879","113","2025-05-26 09:58:45","48.34","10.00","2025-05-26 00:00:00","2026-04-27 19:22:25"
"880","295","2025-05-28 09:16:19","55.97","0.00","2025-05-28 00:00:00","2026-04-27 19:22:25"
"881","219","2022-04-08 09:40:08","85.34","0.00","2022-04-08 00:00:00","2026-04-27 19:22:25"
"882","215","2025-10-13 07:22:20","52.30","5.00","2025-10-13 00:00:00","2026-04-27 19:22:25"
"883","176","2024-11-01 09:30:09","11.06","25.00","2024-11-01 00:00:00","2026-04-27 19:22:25"
"884","252","2024-04-12 18:23:28","162.40","0.00","2024-04-12 00:00:00","2026-04-27 19:22:25"
"885","99","2025-07-18 14:50:46","219.52","0.00","2025-07-18 00:00:00","2026-04-27 19:22:25"
"886","124","2025-09-11 14:00:50","49.21","5.00","2025-09-11 00:00:00","2026-04-27 19:22:25"
"887","94","2025-02-17 13:03:22","169.06","0.00","2025-02-17 00:00:00","2026-04-27 19:22:25"
"888","263","2020-02-27 07:48:00","45.62","5.00","2020-02-27 00:00:00","2026-04-27 19:22:25"
"889","14","2023-08-02 19:59:04","111.84","0.00","2023-08-02 00:00:00","2026-04-27 19:22:25"
"890","238","2025-04-06 19:14:29","113.79","0.00","2025-04-06 00:00:00","2026-04-27 19:22:25"
"891","5","2025-09-03 07:13:25","177.41","0.00","2025-09-03 00:00:00","2026-04-27 19:22:25"
"892","268","2026-04-10 10:59:44","182.14","0.00","2026-04-10 00:00:00","2026-04-27 19:22:25"
"893","215","2025-09-06 08:48:19","170.14","0.00","2025-09-06 00:00:00","2026-04-27 19:22:25"
"894","275","2023-01-24 10:25:09","155.11","0.00","2023-01-24 00:00:00","2026-04-27 19:22:25"
"895","279","2024-05-27 19:26:14","63.24","5.00","2024-05-27 00:00:00","2026-04-27 19:22:25"
"896","4","2024-10-12 08:01:21","136.17","0.00","2024-10-12 00:00:00","2026-04-27 19:22:25"
"897","266","2026-03-31 08:13:04","108.09","0.00","2026-03-31 00:00:00","2026-04-27 19:22:25"
"898","43","2025-09-16 07:30:25","17.87","25.00","2025-09-16 00:00:00","2026-04-27 19:22:25"
"899","167","2024-08-25 07:28:49","189.25","0.00","2024-08-25 00:00:00","2026-04-27 19:22:25"
"900","99","2026-03-17 09:16:02","91.61","0.00","2026-03-17 00:00:00","2026-04-27 19:22:25"
"901","238","2025-09-15 17:32:31","68.11","0.00","2025-09-15 00:00:00","2026-04-27 19:22:25"
"902","110","2026-02-12 09:52:01","32.64","5.00","2026-02-12 00:00:00","2026-04-27 19:22:25"
"903","191","2026-04-14 14:55:08","60.25","0.00","2026-04-14 00:00:00","2026-04-27 19:22:25"
"904","178","2026-02-06 07:38:07","25.26","10.00","2026-02-06 00:00:00","2026-04-27 19:22:25"
"905","218","2024-08-30 08:38:32","124.74","0.00","2024-08-30 00:00:00","2026-04-27 19:22:25"
"906","177","2025-03-02 08:45:00","11.40","10.00","2025-03-02 00:00:00","2026-04-27 19:22:25"
"907","187","2022-10-07 08:43:31","61.05","5.00","2022-10-07 00:00:00","2026-04-27 19:22:25"
"908","222","2021-12-27 14:09:21","49.18","5.00","2021-12-27 00:00:00","2026-04-27 19:22:25"
"909","268","2026-02-28 14:33:16","204.35","0.00","2026-02-28 00:00:00","2026-04-27 19:22:25"
"910","17","2024-11-16 09:08:36","205.58","0.00","2024-11-16 00:00:00","2026-04-27 19:22:25"
"911","128","2023-06-13 07:02:04","49.88","5.00","2023-06-13 00:00:00","2026-04-27 19:22:25"
"912","112","2021-09-27 10:37:50","11.65","10.00","2021-09-27 00:00:00","2026-04-27 19:22:25"
"913","112","2025-05-01 13:40:15","42.16","5.00","2025-05-01 00:00:00","2026-04-27 19:22:25"
"914","179","2021-12-31 16:18:40","177.44","0.00","2021-12-31 00:00:00","2026-04-27 19:22:25"
"915","184","2026-04-03 11:33:17","50.04","0.00","2026-04-03 00:00:00","2026-04-27 19:22:25"
"916","24","2022-07-13 09:29:09","28.04","5.00","2022-07-13 00:00:00","2026-04-27 19:22:25"
"917","116","2025-10-04 11:49:39","102.01","0.00","2025-10-04 00:00:00","2026-04-27 19:22:25"
"918","76","2023-08-06 02:07:26","78.35","0.00","2023-08-06 00:00:00","2026-04-27 19:22:25"
"919","177","2025-05-19 02:45:45","268.93","0.00","2025-05-19 00:00:00","2026-04-27 19:22:25"
"920","139","2025-04-19 12:45:01","185.16","0.00","2025-04-19 00:00:00","2026-04-27 19:22:25"
"921","69","2025-02-07 07:46:49","107.90","0.00","2025-02-07 00:00:00","2026-04-27 19:22:25"
"922","128","2023-03-21 07:16:54","236.24","0.00","2023-03-21 00:00:00","2026-04-27 19:22:25"
"923","271","2021-11-10 08:07:17","103.57","0.00","2021-11-10 00:00:00","2026-04-27 19:22:25"
"924","229","2026-04-11 16:59:58","43.54","5.00","2026-04-11 00:00:00","2026-04-27 19:22:25"
"925","216","2024-08-21 08:37:20","221.10","0.00","2024-08-21 00:00:00","2026-04-27 19:22:25"
"926","12","2024-12-08 09:15:51","135.99","0.00","2024-12-08 00:00:00","2026-04-27 19:22:25"
"927","214","2024-05-12 18:00:21","99.55","0.00","2024-05-12 00:00:00","2026-04-27 19:22:25"
"928","71","2025-07-04 09:17:00","64.66","5.00","2025-07-04 00:00:00","2026-04-27 19:22:25"
"929","219","2022-05-19 16:49:10","2.24","25.00","2022-05-19 00:00:00","2026-04-27 19:22:25"
"930","106","2025-05-09 14:59:42","67.38","5.00","2025-05-09 00:00:00","2026-04-27 19:22:25"
"931","219","2022-09-20 14:41:07","147.38","0.00","2022-09-20 00:00:00","2026-04-27 19:22:25"
"932","77","2024-11-29 15:50:41","124.22","0.00","2024-11-29 00:00:00","2026-04-27 19:22:25"
"933","223","2026-01-29 09:56:47","74.32","0.00","2026-01-29 00:00:00","2026-04-27 19:22:25"
"934","3","2026-01-27 11:23:32","60.66","5.00","2026-01-27 00:00:00","2026-04-27 19:22:25"
"935","225","2026-01-07 11:04:56","78.27","0.00","2026-01-07 00:00:00","2026-04-27 19:22:25"
"936","292","2024-03-28 15:23:16","151.32","0.00","2024-03-28 00:00:00","2026-04-27 19:22:25"
"937","16","2026-04-15 10:34:51","152.11","0.00","2026-04-15 00:00:00","2026-04-27 19:22:25"
"938","52","2025-08-12 10:44:30","9.81","10.00","2025-08-12 00:00:00","2026-04-27 19:22:25"
"939","167","2025-03-29 12:03:38","174.93","0.00","2025-03-29 00:00:00","2026-04-27 19:22:25"
"940","157","2021-03-26 11:37:46","110.32","0.00","2021-03-26 00:00:00","2026-04-27 19:22:25"
"941","30","2025-06-24 07:26:49","0.00","0.00","2025-06-24 00:00:00","2026-04-27 19:22:25"
"942","51","2025-10-17 07:31:12","257.90","0.00","2025-10-17 00:00:00","2026-04-27 19:22:25"
"943","95","2025-01-10 17:22:33","106.31","0.00","2025-01-10 00:00:00","2026-04-27 19:22:25"
"944","133","2025-09-22 07:04:47","54.53","5.00","2025-09-22 00:00:00","2026-04-27 19:22:25"
"945","289","2024-05-23 08:40:41","78.94","0.00","2024-05-23 00:00:00","2026-04-27 19:22:25"
"946","26","2025-12-01 12:40:42","127.30","0.00","2025-12-01 00:00:00","2026-04-27 19:22:25"
"947","140","2026-04-01 17:53:19","173.56","0.00","2026-04-01 00:00:00","2026-04-27 19:22:25"
"948","19","2026-01-17 07:14:34","69.53","0.00","2026-01-17 00:00:00","2026-04-27 19:22:25"
"949","294","2024-07-17 12:48:10","127.28","0.00","2024-07-17 00:00:00","2026-04-27 19:22:25"
"950","187","2022-10-09 16:49:17","0.00","0.00","2022-10-09 00:00:00","2026-04-27 19:22:25"
"951","239","2025-09-23 08:55:17","196.54","0.00","2025-09-23 00:00:00","2026-04-27 19:22:25"
"952","160","2025-01-10 07:15:30","294.75","0.00","2025-01-10 00:00:00","2026-04-27 19:22:25"
"953","18","2021-05-05 09:55:05","39.17","5.00","2021-05-05 00:00:00","2026-04-27 19:22:25"
"954","180","2025-11-06 07:46:22","38.52","5.00","2025-11-06 00:00:00","2026-04-27 19:22:25"
"955","49","2024-06-15 15:12:19","24.32","10.00","2024-06-15 00:00:00","2026-04-27 19:22:25"
"956","211","2024-07-10 11:41:58","24.87","25.00","2024-07-10 00:00:00","2026-04-27 19:22:25"
"957","249","2024-10-08 07:30:59","105.00","0.00","2024-10-08 00:00:00","2026-04-27 19:22:25"
"958","215","2024-07-06 12:49:26","27.04","10.00","2024-07-06 00:00:00","2026-04-27 19:22:25"
"959","198","2025-12-19 08:17:05","321.67","0.00","2025-12-19 00:00:00","2026-04-27 19:22:25"
"960","56","2024-05-17 15:04:42","13.68","25.00","2024-05-17 00:00:00","2026-04-27 19:22:25"
"961","300","2021-10-22 16:59:08","106.45","0.00","2021-10-22 00:00:00","2026-04-27 19:22:25"
"962","220","2025-02-07 09:55:54","237.47","0.00","2025-02-07 00:00:00","2026-04-27 19:22:25"
"963","255","2024-07-30 01:28:42","232.90","0.00","2024-07-30 00:00:00","2026-04-27 19:22:25"
"964","95","2024-06-15 14:51:59","129.89","0.00","2024-06-15 00:00:00","2026-04-27 19:22:25"
"965","277","2023-07-31 18:09:14","9.40","25.00","2023-07-31 00:00:00","2026-04-27 19:22:25"
"966","134","2022-07-25 04:18:34","231.40","0.00","2022-07-25 00:00:00","2026-04-27 19:22:25"
"967","214","2023-05-03 12:18:43","206.34","0.00","2023-05-03 00:00:00","2026-04-27 19:22:25"
"968","145","2026-03-21 07:07:19","0.00","0.00","2026-03-21 00:00:00","2026-04-27 19:22:25"
"969","69","2022-11-19 13:53:26","12.44","10.00","2022-11-19 00:00:00","2026-04-27 19:22:25"
"970","191","2026-03-31 13:02:12","241.06","0.00","2026-03-31 00:00:00","2026-04-27 19:22:25"
"971","139","2023-10-25 09:25:52","134.33","0.00","2023-10-25 00:00:00","2026-04-27 19:22:25"
"972","186","2026-02-23 16:07:41","176.00","0.00","2026-02-23 00:00:00","2026-04-27 19:22:25"
"973","272","2025-07-31 11:28:02","136.88","0.00","2025-07-31 00:00:00","2026-04-27 19:22:25"
"974","51","2026-04-05 08:18:56","20.48","10.00","2026-04-05 00:00:00","2026-04-27 19:22:25"
"975","127","2025-10-31 09:17:48","137.64","0.00","2025-10-31 00:00:00","2026-04-27 19:22:25"
"976","57","2025-05-14 13:15:14","183.32","0.00","2025-05-14 00:00:00","2026-04-27 19:22:25"
"977","122","2025-12-25 16:44:50","85.14","0.00","2025-12-25 00:00:00","2026-04-27 19:22:25"
"978","223","2022-09-22 07:25:28","0.00","0.00","2022-09-22 00:00:00","2026-04-27 19:22:25"
"979","124","2025-07-25 10:54:26","199.89","0.00","2025-07-25 00:00:00","2026-04-27 19:22:25"
"980","236","2023-01-08 10:56:26","138.80","0.00","2023-01-08 00:00:00","2026-04-27 19:22:25"
"981","131","2023-04-01 18:56:10","75.31","0.00","2023-04-01 00:00:00","2026-04-27 19:22:25"
"982","180","2025-05-11 15:34:17","141.94","0.00","2025-05-11 00:00:00","2026-04-27 19:22:25"
"983","47","2023-09-18 01:33:03","115.61","0.00","2023-09-18 00:00:00","2026-04-27 19:22:25"
"984","51","2025-09-10 04:31:39","82.71","0.00","2025-09-10 00:00:00","2026-04-27 19:22:25"
"985","101","2025-12-31 09:27:57","140.89","0.00","2025-12-31 00:00:00","2026-04-27 19:22:25"
"986","82","2025-07-02 13:17:29","15.28","10.00","2025-07-02 00:00:00","2026-04-27 19:22:25"
"987","71","2024-09-29 09:29:00","94.78","0.00","2024-09-29 00:00:00","2026-04-27 19:22:25"
"988","274","2023-07-14 18:36:26","93.85","0.00","2023-07-14 00:00:00","2026-04-27 19:22:25"
"989","25","2026-01-06 14:19:10","211.41","0.00","2026-01-06 00:00:00","2026-04-27 19:22:25"
"990","13","2025-10-14 05:07:22","51.55","5.00","2025-10-14 00:00:00","2026-04-27 19:22:25"
"991","180","2025-08-29 13:07:39","83.49","0.00","2025-08-29 00:00:00","2026-04-27 19:22:25"
"992","189","2025-11-21 07:42:36","21.74","25.00","2025-11-21 00:00:00","2026-04-27 19:22:25"
"993","40","2025-08-15 07:49:22","184.00","0.00","2025-08-15 00:00:00","2026-04-27 19:22:25"
"994","71","2024-09-08 19:31:45","142.83","0.00","2024-09-08 00:00:00","2026-04-27 19:22:25"
"995","152","2026-04-04 18:22:26","159.11","0.00","2026-04-04 00:00:00","2026-04-27 19:22:25"
"996","195","2025-01-30 10:06:20","64.33","5.00","2025-01-30 00:00:00","2026-04-27 19:22:25"
"997","251","2026-03-24 17:47:36","41.77","5.00","2026-03-24 00:00:00","2026-04-27 19:22:25"
"998","227","2026-03-11 08:58:36","131.11","0.00","2026-03-11 00:00:00","2026-04-27 19:22:25"
"999","38","2025-07-28 17:23:41","11.25","10.00","2025-07-28 00:00:00","2026-04-27 19:22:25"
"1000","33","2026-04-04 15:34:23","44.72","5.00","2026-04-04 00:00:00","2026-04-27 19:22:25"
"1001","300","2024-06-19 18:34:22","122.87","0.00","2024-06-19 00:00:00","2026-04-27 19:22:25"
"1002","192","2024-07-02 15:15:41","92.88","0.00","2024-07-02 00:00:00","2026-04-27 19:22:25"
"1003","251","2026-04-11 08:10:57","335.07","0.00","2026-04-11 00:00:00","2026-04-27 19:22:25"
"1004","132","2021-10-19 13:12:53","189.34","0.00","2021-10-19 00:00:00","2026-04-27 19:22:25"
"1005","287","2021-11-22 07:18:29","62.20","5.00","2021-11-22 00:00:00","2026-04-27 19:22:25"
"1006","49","2024-07-17 10:52:07","5.00","10.00","2024-07-17 00:00:00","2026-04-27 19:22:25"
"1007","244","2026-03-22 16:22:50","19.68","10.00","2026-03-22 00:00:00","2026-04-27 19:22:25"
"1008","218","2024-06-21 17:40:05","180.76","0.00","2024-06-21 00:00:00","2026-04-27 19:22:25"
"1009","157","2021-11-12 16:17:23","160.70","0.00","2021-11-12 00:00:00","2026-04-27 19:22:25"
"1010","285","2025-09-23 12:53:47","247.77","0.00","2025-09-23 00:00:00","2026-04-27 19:22:25"
"1011","267","2025-03-19 18:35:23","88.54","0.00","2025-03-19 00:00:00","2026-04-27 19:22:25"
"1012","124","2025-01-10 14:06:00","45.28","5.00","2025-01-10 00:00:00","2026-04-27 19:22:25"
"1013","113","2025-08-03 07:13:01","42.14","10.00","2025-08-03 00:00:00","2026-04-27 19:22:25"
"1014","31","2022-10-29 10:58:44","95.78","0.00","2022-10-29 00:00:00","2026-04-27 19:22:25"
"1015","123","2024-02-18 09:49:56","125.19","0.00","2024-02-18 00:00:00","2026-04-27 19:22:25"
"1016","276","2024-09-13 13:55:41","179.23","0.00","2024-09-13 00:00:00","2026-04-27 19:22:25"
"1017","80","2025-12-18 07:21:09","32.12","10.00","2025-12-18 00:00:00","2026-04-27 19:22:25"
"1018","43","2024-06-26 03:50:38","70.50","5.00","2024-06-26 00:00:00","2026-04-27 19:22:25"
"1019","232","2025-06-21 09:54:22","41.25","10.00","2025-06-21 00:00:00","2026-04-27 19:22:25"
"1020","50","2024-09-03 16:39:26","184.35","0.00","2024-09-03 00:00:00","2026-04-27 19:22:25"
"1021","6","2026-03-26 19:51:31","235.20","0.00","2026-03-26 00:00:00","2026-04-27 19:22:25"
"1022","18","2022-03-12 17:27:08","79.38","0.00","2022-03-12 00:00:00","2026-04-27 19:22:25"
"1023","82","2026-01-26 10:14:07","143.48","0.00","2026-01-26 00:00:00","2026-04-27 19:22:25"
"1024","195","2025-12-27 08:04:36","109.76","0.00","2025-12-27 00:00:00","2026-04-27 19:22:25"
"1025","111","2025-02-16 07:38:50","5.22","25.00","2025-02-16 00:00:00","2026-04-27 19:22:25"
"1026","84","2026-02-03 17:09:27","45.49","5.00","2026-02-03 00:00:00","2026-04-27 19:22:25"
"1027","261","2026-03-21 09:47:47","390.47","0.00","2026-03-21 00:00:00","2026-04-27 19:22:25"
"1028","109","2023-04-24 12:48:11","162.32","0.00","2023-04-24 00:00:00","2026-04-27 19:22:25"
"1029","152","2023-02-16 11:12:33","110.34","0.00","2023-02-16 00:00:00","2026-04-27 19:22:25"
"1030","233","2025-06-03 19:19:47","140.98","0.00","2025-06-03 00:00:00","2026-04-27 19:22:25"
"1031","113","2025-12-28 17:33:37","79.42","0.00","2025-12-28 00:00:00","2026-04-27 19:22:25"
"1032","167","2025-09-03 11:45:13","167.24","0.00","2025-09-03 00:00:00","2026-04-27 19:22:25"
"1033","293","2024-12-15 08:12:48","74.49","0.00","2024-12-15 00:00:00","2026-04-27 19:22:25"
"1034","198","2025-06-05 18:02:33","4.86","25.00","2025-06-05 00:00:00","2026-04-27 19:22:25"
"1035","260","2021-09-30 07:02:39","90.82","0.00","2021-09-30 00:00:00","2026-04-27 19:22:25"
"1036","66","2023-01-29 19:04:34","101.49","0.00","2023-01-29 00:00:00","2026-04-27 19:22:25"
"1037","46","2025-11-14 08:10:17","88.80","0.00","2025-11-14 00:00:00","2026-04-27 19:22:25"
"1038","100","2024-01-20 08:50:33","231.35","0.00","2024-01-20 00:00:00","2026-04-27 19:22:25"
"1039","276","2025-09-12 14:31:17","152.73","0.00","2025-09-12 00:00:00","2026-04-27 19:22:25"
"1040","92","2026-01-05 08:02:23","92.36","0.00","2026-01-05 00:00:00","2026-04-27 19:22:25"
"1041","72","2025-02-16 09:36:44","111.64","0.00","2025-02-16 00:00:00","2026-04-27 19:22:25"
"1042","12","2025-12-29 09:05:04","112.57","0.00","2025-12-29 00:00:00","2026-04-27 19:22:25"
"1043","47","2023-09-18 11:23:37","139.52","0.00","2023-09-18 00:00:00","2026-04-27 19:22:25"
"1044","199","2023-10-20 04:20:54","205.35","0.00","2023-10-20 00:00:00","2026-04-27 19:22:25"
"1045","44","2026-04-03 18:50:32","150.99","0.00","2026-04-03 00:00:00","2026-04-27 19:22:25"
"1046","74","2024-03-13 14:23:45","198.66","0.00","2024-03-13 00:00:00","2026-04-27 19:22:25"
"1047","36","2025-12-28 17:44:34","108.69","0.00","2025-12-28 00:00:00","2026-04-27 19:22:25"
"1048","123","2024-12-05 08:46:07","9.72","25.00","2024-12-05 00:00:00","2026-04-27 19:22:25"
"1049","255","2023-05-28 18:27:48","86.07","0.00","2023-05-28 00:00:00","2026-04-27 19:22:25"
"1050","98","2026-01-17 05:05:04","48.56","5.00","2026-01-17 00:00:00","2026-04-27 19:22:25"
"1051","276","2025-11-16 13:24:57","82.24","0.00","2025-11-16 00:00:00","2026-04-27 19:22:25"
"1052","184","2026-04-04 18:47:16","165.49","0.00","2026-04-04 00:00:00","2026-04-27 19:22:25"
"1053","125","2025-12-26 14:51:06","178.15","0.00","2025-12-26 00:00:00","2026-04-27 19:22:25"
"1054","62","2024-06-11 08:44:25","119.71","0.00","2024-06-11 00:00:00","2026-04-27 19:22:25"
"1055","1","2025-10-19 07:54:40","55.83","0.00","2025-10-19 00:00:00","2026-04-27 19:22:25"
"1056","296","2023-10-27 09:04:18","185.67","0.00","2023-10-27 00:00:00","2026-04-27 19:22:25"
"1057","121","2024-08-23 16:27:15","129.57","0.00","2024-08-23 00:00:00","2026-04-27 19:22:25"
"1058","187","2022-10-14 08:01:18","120.11","0.00","2022-10-14 00:00:00","2026-04-27 19:22:25"
"1059","185","2025-09-07 16:42:37","129.10","0.00","2025-09-07 00:00:00","2026-04-27 19:22:25"
"1060","209","2025-07-23 07:04:28","101.25","0.00","2025-07-23 00:00:00","2026-04-27 19:22:25"
"1061","5","2025-08-04 12:54:44","89.05","0.00","2025-08-04 00:00:00","2026-04-27 19:22:25"
"1062","41","2023-12-16 17:51:57","62.63","5.00","2023-12-16 00:00:00","2026-04-27 19:22:25"
"1063","122","2025-12-06 13:04:17","28.98","10.00","2025-12-06 00:00:00","2026-04-27 19:22:25"
"1064","277","2025-01-14 12:40:32","5.92","25.00","2025-01-14 00:00:00","2026-04-27 19:22:25"
"1065","164","2024-11-30 01:30:51","279.46","0.00","2024-11-30 00:00:00","2026-04-27 19:22:25"
"1066","91","2023-02-24 07:46:30","194.23","0.00","2023-02-24 00:00:00","2026-04-27 19:22:25"
"1067","263","2020-04-12 16:25:16","289.35","0.00","2020-04-12 00:00:00","2026-04-27 19:22:25"
"1068","216","2026-03-16 16:03:15","325.51","0.00","2026-03-16 00:00:00","2026-04-27 19:22:25"
"1069","218","2025-12-27 19:24:07","89.71","0.00","2025-12-27 00:00:00","2026-04-27 19:22:25"
"1070","241","2025-05-10 15:25:36","64.21","0.00","2025-05-10 00:00:00","2026-04-27 19:22:25"
"1071","120","2025-06-20 09:05:56","45.99","5.00","2025-06-20 00:00:00","2026-04-27 19:22:25"
"1072","238","2023-11-15 14:43:21","109.70","0.00","2023-11-15 00:00:00","2026-04-27 19:22:25"
"1073","155","2026-03-15 09:55:57","165.33","0.00","2026-03-15 00:00:00","2026-04-27 19:22:25"
"1074","2","2025-06-19 13:43:28","87.52","0.00","2025-06-19 00:00:00","2026-04-27 19:22:25"
"1075","23","2025-01-30 16:47:54","192.77","0.00","2025-01-30 00:00:00","2026-04-27 19:22:25"
"1076","26","2024-10-28 10:46:45","101.91","0.00","2024-10-28 00:00:00","2026-04-27 19:22:25"
"1077","134","2023-09-19 19:16:37","237.32","0.00","2023-09-19 00:00:00","2026-04-27 19:22:25"
"1078","83","2025-11-18 16:15:25","234.05","0.00","2025-11-18 00:00:00","2026-04-27 19:22:25"
"1079","13","2024-02-02 12:27:25","80.20","0.00","2024-02-02 00:00:00","2026-04-27 19:22:25"
"1080","246","2024-01-26 09:49:14","134.51","0.00","2024-01-26 00:00:00","2026-04-27 19:22:25"
"1081","212","2023-03-11 07:45:39","128.88","0.00","2023-03-11 00:00:00","2026-04-27 19:22:25"
"1082","80","2026-01-07 11:33:26","51.52","5.00","2026-01-07 00:00:00","2026-04-27 19:22:25"
"1083","222","2025-01-30 11:21:19","154.11","0.00","2025-01-30 00:00:00","2026-04-27 19:22:25"
"1084","96","2024-07-06 15:01:39","113.04","0.00","2024-07-06 00:00:00","2026-04-27 19:22:25"
"1085","276","2024-08-29 18:53:47","112.51","0.00","2024-08-29 00:00:00","2026-04-27 19:22:25"
"1086","267","2025-03-08 12:23:07","35.52","5.00","2025-03-08 00:00:00","2026-04-27 19:22:25"
"1087","186","2026-03-20 18:07:56","12.29","10.00","2026-03-20 00:00:00","2026-04-27 19:22:25"
"1088","278","2026-02-25 18:04:56","22.41","25.00","2026-02-25 00:00:00","2026-04-27 19:22:25"
"1089","226","2025-05-18 16:34:02","190.74","0.00","2025-05-18 00:00:00","2026-04-27 19:22:25"
"1090","203","2025-08-14 12:59:07","87.63","0.00","2025-08-14 00:00:00","2026-04-27 19:22:25"
"1091","32","2024-07-06 02:07:37","57.92","5.00","2024-07-06 00:00:00","2026-04-27 19:22:25"
"1092","136","2026-04-01 09:47:24","15.78","25.00","2026-04-01 00:00:00","2026-04-27 19:22:25"
"1093","163","2025-06-13 09:04:33","52.60","0.00","2025-06-13 00:00:00","2026-04-27 19:22:25"
"1094","86","2025-12-27 10:44:29","145.88","0.00","2025-12-27 00:00:00","2026-04-27 19:22:25"
"1095","171","2026-03-22 16:26:19","139.67","0.00","2026-03-22 00:00:00","2026-04-27 19:22:25"
"1096","39","2022-01-19 15:44:05","11.88","10.00","2022-01-19 00:00:00","2026-04-27 19:22:25"
"1097","36","2025-04-27 11:56:14","0.00","0.00","2025-04-27 00:00:00","2026-04-27 19:22:25"
"1098","218","2026-01-04 19:52:26","36.62","10.00","2026-01-04 00:00:00","2026-04-27 19:22:25"
"1099","93","2026-03-28 16:15:28","9.34","10.00","2026-03-28 00:00:00","2026-04-27 19:22:25"
"1100","235","2026-04-15 09:48:36","18.26","10.00","2026-04-15 00:00:00","2026-04-27 19:22:25"
"1101","231","2023-06-19 09:49:07","164.61","0.00","2023-06-19 00:00:00","2026-04-27 19:22:25"
"1102","282","2022-05-28 13:12:05","257.21","0.00","2022-05-28 00:00:00","2026-04-27 19:22:25"
"1103","130","2025-06-18 08:48:48","116.20","0.00","2025-06-18 00:00:00","2026-04-27 19:22:25"
"1104","260","2021-10-24 13:14:04","44.34","5.00","2021-10-24 00:00:00","2026-04-27 19:22:25"
"1105","269","2025-04-13 06:00:06","153.36","0.00","2025-04-13 00:00:00","2026-04-27 19:22:25"
"1106","44","2026-03-19 19:27:22","7.25","10.00","2026-03-19 00:00:00","2026-04-27 19:22:25"
"1107","209","2025-11-19 15:10:10","148.52","0.00","2025-11-19 00:00:00","2026-04-27 19:22:25"
"1108","162","2023-05-23 11:48:31","203.47","0.00","2023-05-23 00:00:00","2026-04-27 19:22:25"
"1109","183","2024-03-07 16:23:05","192.32","0.00","2024-03-07 00:00:00","2026-04-27 19:22:25"
"1110","169","2025-11-14 10:20:39","2.86","25.00","2025-11-14 00:00:00","2026-04-27 19:22:25"
"1111","44","2026-03-27 13:49:11","294.28","0.00","2026-03-27 00:00:00","2026-04-27 19:22:25"
"1112","201","2026-03-31 18:35:31","53.17","5.00","2026-03-31 00:00:00","2026-04-27 19:22:25"
"1113","131","2023-05-06 08:16:28","84.82","0.00","2023-05-06 00:00:00","2026-04-27 19:22:25"
"1114","20","2021-01-17 12:38:26","226.82","0.00","2021-01-17 00:00:00","2026-04-27 19:22:25"
"1115","35","2026-01-07 12:30:37","246.92","0.00","2026-01-07 00:00:00","2026-04-27 19:22:25"
"1116","199","2024-06-18 09:51:57","22.22","10.00","2024-06-18 00:00:00","2026-04-27 19:22:25"
"1117","231","2024-11-12 13:50:16","125.03","0.00","2024-11-12 00:00:00","2026-04-27 19:22:25"
"1118","129","2024-01-06 09:19:23","117.51","0.00","2024-01-06 00:00:00","2026-04-27 19:22:25"
"1119","171","2022-12-27 09:14:28","290.83","0.00","2022-12-27 00:00:00","2026-04-27 19:22:25"
"1120","195","2025-02-10 09:01:32","251.66","0.00","2025-02-10 00:00:00","2026-04-27 19:22:25"
"1121","298","2025-12-17 07:44:22","47.85","10.00","2025-12-17 00:00:00","2026-04-27 19:22:25"
"1122","66","2023-06-27 08:52:26","43.77","10.00","2023-06-27 00:00:00","2026-04-27 19:22:25"
"1123","130","2025-02-20 15:54:56","160.48","0.00","2025-02-20 00:00:00","2026-04-27 19:22:25"
"1124","239","2023-12-17 12:02:33","130.59","0.00","2023-12-17 00:00:00","2026-04-27 19:22:25"
"1125","81","2023-02-03 08:57:36","33.69","5.00","2023-02-03 00:00:00","2026-04-27 19:22:25"
"1126","14","2021-08-13 17:37:45","260.25","0.00","2021-08-13 00:00:00","2026-04-27 19:22:25"
"1127","44","2026-03-23 09:38:25","41.08","5.00","2026-03-23 00:00:00","2026-04-27 19:22:25"
"1128","87","2026-02-12 16:40:28","38.42","5.00","2026-02-12 00:00:00","2026-04-27 19:22:25"
"1129","202","2025-09-21 11:40:59","140.99","0.00","2025-09-21 00:00:00","2026-04-27 19:22:25"
"1130","228","2026-04-01 04:15:31","301.44","0.00","2026-04-01 00:00:00","2026-04-27 19:22:25"
"1131","252","2024-05-31 09:46:35","103.41","0.00","2024-05-31 00:00:00","2026-04-27 19:22:25"
"1132","142","2023-11-16 09:57:36","28.82","5.00","2023-11-16 00:00:00","2026-04-27 19:22:25"
"1133","98","2025-09-11 12:22:18","19.56","10.00","2025-09-11 00:00:00","2026-04-27 19:22:25"
"1134","25","2023-10-06 10:51:17","74.56","5.00","2023-10-06 00:00:00","2026-04-27 19:22:25"
"1135","154","2025-03-23 08:39:11","63.14","0.00","2025-03-23 00:00:00","2026-04-27 19:22:25"
"1136","297","2025-10-31 09:32:33","196.55","0.00","2025-10-31 00:00:00","2026-04-27 19:22:25"
"1137","239","2026-04-02 13:09:44","164.37","0.00","2026-04-02 00:00:00","2026-04-27 19:22:25"
"1138","279","2026-01-05 17:03:08","211.11","0.00","2026-01-05 00:00:00","2026-04-27 19:22:25"
"1139","64","2025-08-11 11:15:48","88.41","0.00","2025-08-11 00:00:00","2026-04-27 19:22:25"
"1140","59","2025-09-11 18:24:34","65.12","5.00","2025-09-11 00:00:00","2026-04-27 19:22:25"
"1141","95","2026-04-04 08:30:42","61.09","5.00","2026-04-04 00:00:00","2026-04-27 19:22:25"
"1142","68","2026-03-10 19:46:00","45.69","10.00","2026-03-10 00:00:00","2026-04-27 19:22:25"
"1143","277","2024-11-19 07:23:30","251.85","0.00","2024-11-19 00:00:00","2026-04-27 19:22:25"
"1144","275","2022-10-06 14:54:15","33.03","10.00","2022-10-06 00:00:00","2026-04-27 19:22:25"
"1145","273","2025-10-06 12:17:46","45.13","10.00","2025-10-06 00:00:00","2026-04-27 19:22:25"
"1146","263","2020-01-02 16:27:15","21.90","10.00","2020-01-02 00:00:00","2026-04-27 19:22:25"
"1147","11","2026-02-11 09:26:13","29.48","5.00","2026-02-11 00:00:00","2026-04-27 19:22:25"
"1148","140","2026-04-02 08:17:47","145.19","0.00","2026-04-02 00:00:00","2026-04-27 19:22:25"
"1149","212","2023-02-04 19:28:35","411.94","0.00","2023-02-04 00:00:00","2026-04-27 19:22:25"
"1150","49","2021-08-25 17:11:46","118.28","0.00","2021-08-25 00:00:00","2026-04-27 19:22:25"
"1151","114","2025-02-11 11:43:15","39.05","5.00","2025-02-11 00:00:00","2026-04-27 19:22:25"
"1152","221","2025-11-14 17:30:14","259.08","0.00","2025-11-14 00:00:00","2026-04-27 19:22:25"
"1153","124","2024-01-05 09:14:07","16.65","10.00","2024-01-05 00:00:00","2026-04-27 19:22:25"
"1154","52","2026-01-21 09:47:31","183.24","0.00","2026-01-21 00:00:00","2026-04-27 19:22:25"
"1155","266","2026-03-21 17:45:41","229.10","0.00","2026-03-21 00:00:00","2026-04-27 19:22:25"
"1156","280","2024-04-28 17:13:53","74.55","5.00","2024-04-28 00:00:00","2026-04-27 19:22:25"
"1157","213","2024-02-21 09:50:09","43.13","5.00","2024-02-21 00:00:00","2026-04-27 19:22:25"
"1158","60","2025-12-05 17:10:32","275.80","0.00","2025-12-05 00:00:00","2026-04-27 19:22:25"
"1159","199","2025-06-27 12:35:15","99.75","0.00","2025-06-27 00:00:00","2026-04-27 19:22:25"
"1160","217","2024-08-18 10:26:07","153.30","0.00","2024-08-18 00:00:00","2026-04-27 19:22:25"
"1161","135","2026-02-16 12:18:46","37.25","5.00","2026-02-16 00:00:00","2026-04-27 19:22:25"
"1162","84","2024-01-05 08:28:37","200.53","0.00","2024-01-05 00:00:00","2026-04-27 19:22:25"
"1163","15","2026-02-17 09:23:15","221.86","0.00","2026-02-17 00:00:00","2026-04-27 19:22:25"
"1164","43","2022-05-08 17:27:03","73.19","5.00","2022-05-08 00:00:00","2026-04-27 19:22:25"
"1165","157","2022-03-19 09:07:15","134.95","0.00","2022-03-19 00:00:00","2026-04-27 19:22:25"
"1166","185","2022-01-08 07:40:14","29.66","10.00","2022-01-08 00:00:00","2026-04-27 19:22:25"
"1167","254","2024-09-23 10:48:51","42.90","10.00","2024-09-23 00:00:00","2026-04-27 19:22:25"
"1168","97","2026-01-03 01:55:04","79.50","0.00","2026-01-03 00:00:00","2026-04-27 19:22:25"
"1169","117","2025-04-21 17:58:38","94.39","0.00","2025-04-21 00:00:00","2026-04-27 19:22:25"
"1170","252","2025-05-23 13:56:41","49.84","5.00","2025-05-23 00:00:00","2026-04-27 19:22:25"
"1171","66","2022-07-02 09:18:19","54.52","5.00","2022-07-02 00:00:00","2026-04-27 19:22:25"
"1172","223","2025-09-09 09:35:07","208.16","0.00","2025-09-09 00:00:00","2026-04-27 19:22:25"
"1173","253","2022-09-02 07:49:28","97.97","0.00","2022-09-02 00:00:00","2026-04-27 19:22:25"
"1174","269","2025-06-15 08:28:02","0.00","0.00","2025-06-15 00:00:00","2026-04-27 19:22:25"
"1175","256","2021-11-25 00:42:18","55.42","5.00","2021-11-25 00:00:00","2026-04-27 19:22:25"
"1176","207","2025-12-19 11:30:03","143.05","0.00","2025-12-19 00:00:00","2026-04-27 19:22:25"
"1177","226","2025-02-03 06:10:59","9.30","10.00","2025-02-03 00:00:00","2026-04-27 19:22:25"
"1178","246","2023-04-18 10:12:45","100.25","0.00","2023-04-18 00:00:00","2026-04-27 19:22:25"
"1179","132","2022-08-18 16:41:31","170.87","0.00","2022-08-18 00:00:00","2026-04-27 19:22:25"
"1180","262","2024-09-17 10:37:00","140.49","0.00","2024-09-17 00:00:00","2026-04-27 19:22:25"
"1181","156","2025-07-08 18:32:16","246.13","0.00","2025-07-08 00:00:00","2026-04-27 19:22:25"
"1182","149","2026-02-24 09:46:34","178.57","0.00","2026-02-24 00:00:00","2026-04-27 19:22:25"
"1183","237","2026-03-24 11:09:15","29.88","5.00","2026-03-24 00:00:00","2026-04-27 19:22:25"
"1184","273","2022-04-07 07:31:38","183.27","0.00","2022-04-07 00:00:00","2026-04-27 19:22:25"
"1185","159","2025-12-02 09:40:27","121.98","0.00","2025-12-02 00:00:00","2026-04-27 19:22:25"
"1186","87","2025-12-07 10:13:06","4.92","10.00","2025-12-07 00:00:00","2026-04-27 19:22:25"
"1187","104","2025-07-02 01:57:18","130.35","0.00","2025-07-02 00:00:00","2026-04-27 19:22:25"
"1188","110","2025-12-01 09:58:27","147.31","0.00","2025-12-01 00:00:00","2026-04-27 19:22:25"
"1189","260","2021-10-25 13:46:46","13.59","10.00","2021-10-25 00:00:00","2026-04-27 19:22:25"
"1190","198","2025-03-17 15:05:45","222.91","0.00","2025-03-17 00:00:00","2026-04-27 19:22:25"
"1191","53","2024-05-15 13:13:03","39.27","10.00","2024-05-15 00:00:00","2026-04-27 19:22:25"
"1192","160","2024-04-23 18:19:09","94.00","0.00","2024-04-23 00:00:00","2026-04-27 19:22:25"
"1193","281","2025-01-08 07:42:27","170.06","0.00","2025-01-08 00:00:00","2026-04-27 19:22:25"
"1194","209","2025-04-13 13:09:50","16.65","25.00","2025-04-13 00:00:00","2026-04-27 19:22:25"
"1195","155","2025-06-22 09:01:00","143.28","0.00","2025-06-22 00:00:00","2026-04-27 19:22:25"
"1196","45","2023-03-21 07:42:16","195.90","0.00","2023-03-21 00:00:00","2026-04-27 19:22:25"
"1197","76","2024-04-15 14:42:01","52.76","0.00","2024-04-15 00:00:00","2026-04-27 19:22:25"
"1198","76","2024-12-09 10:07:29","250.46","0.00","2024-12-09 00:00:00","2026-04-27 19:22:25"
"1199","227","2026-04-13 10:56:31","60.44","0.00","2026-04-13 00:00:00","2026-04-27 19:22:25"
"1200","84","2025-10-10 09:39:53","108.66","0.00","2025-10-10 00:00:00","2026-04-27 19:22:25"
"1201","148","2024-12-25 19:00:19","122.84","0.00","2024-12-25 00:00:00","2026-04-27 19:22:25"
"1202","170","2025-01-15 19:56:52","113.52","0.00","2025-01-15 00:00:00","2026-04-27 19:22:25"
"1203","256","2026-03-13 12:38:20","182.39","0.00","2026-03-13 00:00:00","2026-04-27 19:22:25"
"1204","217","2025-06-24 09:12:25","177.99","0.00","2025-06-24 00:00:00","2026-04-27 19:22:25"
"1205","162","2025-11-19 10:46:45","146.46","0.00","2025-11-19 00:00:00","2026-04-27 19:22:25"
"1206","223","2023-12-13 10:57:35","24.02","10.00","2023-12-13 00:00:00","2026-04-27 19:22:25"
"1207","254","2023-01-07 16:01:09","97.26","0.00","2023-01-07 00:00:00","2026-04-27 19:22:25"
"1208","283","2021-09-13 05:56:26","3.96","10.00","2021-09-13 00:00:00","2026-04-27 19:22:25"
"1209","11","2025-05-24 14:19:09","180.26","0.00","2025-05-24 00:00:00","2026-04-27 19:22:25"
"1210","223","2023-11-21 08:55:12","187.44","0.00","2023-11-21 00:00:00","2026-04-27 19:22:25"
"1211","17","2025-10-18 17:56:25","134.47","0.00","2025-10-18 00:00:00","2026-04-27 19:22:25"
"1212","39","2022-05-01 12:24:14","224.26","0.00","2022-05-01 00:00:00","2026-04-27 19:22:25"
"1213","234","2024-04-04 07:43:27","121.62","0.00","2024-04-04 00:00:00","2026-04-27 19:22:25"
"1214","135","2026-02-15 19:34:00","229.38","0.00","2026-02-15 00:00:00","2026-04-27 19:22:25"
"1215","270","2023-06-08 17:38:59","235.45","0.00","2023-06-08 00:00:00","2026-04-27 19:22:25"
"1216","245","2025-10-10 11:28:02","63.65","0.00","2025-10-10 00:00:00","2026-04-27 19:22:25"
"1217","245","2025-01-30 06:07:46","156.89","0.00","2025-01-30 00:00:00","2026-04-27 19:22:25"
"1218","71","2024-12-16 10:56:29","6.86","25.00","2024-12-16 00:00:00","2026-04-27 19:22:25"
"1219","290","2022-05-02 09:25:58","101.01","0.00","2022-05-02 00:00:00","2026-04-27 19:22:25"
"1220","111","2024-12-30 10:21:42","113.77","0.00","2024-12-30 00:00:00","2026-04-27 19:22:25"
"1221","133","2022-05-23 11:17:05","54.12","5.00","2022-05-23 00:00:00","2026-04-27 19:22:25"
"1222","144","2020-06-07 14:45:21","106.20","0.00","2020-06-07 00:00:00","2026-04-27 19:22:25"
"1223","214","2025-08-12 13:16:22","235.87","0.00","2025-08-12 00:00:00","2026-04-27 19:22:25"
"1224","63","2023-02-27 11:32:17","31.78","5.00","2023-02-27 00:00:00","2026-04-27 19:22:25"
"1225","194","2024-06-02 07:26:16","43.18","5.00","2024-06-02 00:00:00","2026-04-27 19:22:25"
"1226","142","2025-03-03 14:53:13","95.62","0.00","2025-03-03 00:00:00","2026-04-27 19:22:25"
"1227","224","2026-01-15 15:34:07","49.83","10.00","2026-01-15 00:00:00","2026-04-27 19:22:25"
"1228","151","2023-08-27 09:40:02","120.94","0.00","2023-08-27 00:00:00","2026-04-27 19:22:25"
"1229","239","2025-08-29 15:10:19","61.05","0.00","2025-08-29 00:00:00","2026-04-27 19:22:25"
"1230","53","2025-12-29 15:15:47","104.57","0.00","2025-12-29 00:00:00","2026-04-27 19:22:25"
"1231","54","2025-10-06 14:40:05","142.01","0.00","2025-10-06 00:00:00","2026-04-27 19:22:25"
"1232","212","2023-02-09 10:38:13","36.50","5.00","2023-02-09 00:00:00","2026-04-27 19:22:25"
"1233","104","2024-05-16 12:31:57","108.16","0.00","2024-05-16 00:00:00","2026-04-27 19:22:25"
"1234","66","2026-03-08 13:07:31","243.51","0.00","2026-03-08 00:00:00","2026-04-27 19:22:25"
"1235","182","2025-09-25 16:33:46","37.07","5.00","2025-09-25 00:00:00","2026-04-27 19:22:25"
"1236","264","2025-04-08 18:36:24","122.87","0.00","2025-04-08 00:00:00","2026-04-27 19:22:25"
"1237","284","2025-08-01 19:07:44","6.04","10.00","2025-08-01 00:00:00","2026-04-27 19:22:25"
"1238","71","2025-12-12 14:17:05","49.86","10.00","2025-12-12 00:00:00","2026-04-27 19:22:25"
"1239","20","2022-06-13 16:40:17","23.76","25.00","2022-06-13 00:00:00","2026-04-27 19:22:25"
"1240","157","2021-05-28 11:37:38","81.79","0.00","2021-05-28 00:00:00","2026-04-27 19:22:25"
"1241","33","2026-04-02 16:23:56","111.95","0.00","2026-04-02 00:00:00","2026-04-27 19:22:25"
"1242","122","2026-01-21 19:54:50","250.98","0.00","2026-01-21 00:00:00","2026-04-27 19:22:25"
"1243","39","2023-07-24 16:56:46","50.70","0.00","2023-07-24 00:00:00","2026-04-27 19:22:25"
"1244","187","2022-09-22 18:00:36","76.07","0.00","2022-09-22 00:00:00","2026-04-27 19:22:25"
"1245","190","2025-08-07 12:07:53","1.75","25.00","2025-08-07 00:00:00","2026-04-27 19:22:25"
"1246","300","2023-04-11 19:09:05","288.60","0.00","2023-04-11 00:00:00","2026-04-27 19:22:25"
"1247","114","2023-11-20 08:21:06","235.48","0.00","2023-11-20 00:00:00","2026-04-27 19:22:25"
"1248","65","2025-09-26 10:51:07","131.58","0.00","2025-09-26 00:00:00","2026-04-27 19:22:25"
"1249","289","2025-10-22 16:26:06","104.64","0.00","2025-10-22 00:00:00","2026-04-27 19:22:25"
"1250","180","2025-11-05 18:32:09","159.56","0.00","2025-11-05 00:00:00","2026-04-27 19:22:25"
"1251","187","2022-09-20 14:45:22","45.02","10.00","2022-09-20 00:00:00","2026-04-27 19:22:25"
"1252","188","2026-01-16 08:49:52","8.10","10.00","2026-01-16 00:00:00","2026-04-27 19:22:25"
"1253","225","2026-03-29 01:03:38","86.93","0.00","2026-03-29 00:00:00","2026-04-27 19:22:25"
"1254","218","2023-08-22 12:05:45","55.22","5.00","2023-08-22 00:00:00","2026-04-27 19:22:25"
"1255","92","2026-01-20 13:22:40","131.77","0.00","2026-01-20 00:00:00","2026-04-27 19:22:25"
"1256","198","2026-02-11 13:55:35","152.33","0.00","2026-02-11 00:00:00","2026-04-27 19:22:25"
"1257","127","2026-02-17 19:14:26","99.02","0.00","2026-02-17 00:00:00","2026-04-27 19:22:25"
"1258","261","2025-05-06 18:04:43","269.41","0.00","2025-05-06 00:00:00","2026-04-27 19:22:25"
"1259","207","2026-02-20 19:26:20","200.91","0.00","2026-02-20 00:00:00","2026-04-27 19:22:25"
"1260","49","2023-01-29 11:30:01","191.94","0.00","2023-01-29 00:00:00","2026-04-27 19:22:25"
"1261","272","2023-05-22 08:10:24","71.23","5.00","2023-05-22 00:00:00","2026-04-27 19:22:25"
"1262","164","2025-04-06 14:47:30","44.92","5.00","2025-04-06 00:00:00","2026-04-27 19:22:25"
"1263","260","2021-09-26 11:20:17","93.23","0.00","2021-09-26 00:00:00","2026-04-27 19:22:25"
"1264","150","2026-04-07 12:07:45","83.42","0.00","2026-04-07 00:00:00","2026-04-27 19:22:25"
"1265","218","2025-06-03 18:09:06","195.86","0.00","2025-06-03 00:00:00","2026-04-27 19:22:25"
"1266","224","2024-07-12 10:54:28","118.89","0.00","2024-07-12 00:00:00","2026-04-27 19:22:25"
"1267","242","2021-07-22 08:11:56","87.57","0.00","2021-07-22 00:00:00","2026-04-27 19:22:25"
"1268","152","2024-04-15 19:24:07","262.68","0.00","2024-04-15 00:00:00","2026-04-27 19:22:25"
"1269","1","2024-10-01 16:13:02","124.77","0.00","2024-10-01 00:00:00","2026-04-27 19:22:25"
"1270","139","2024-12-14 15:12:21","289.34","0.00","2024-12-14 00:00:00","2026-04-27 19:22:25"
"1271","263","2020-02-21 17:23:34","273.89","0.00","2020-02-21 00:00:00","2026-04-27 19:22:25"
"1272","295","2025-11-21 03:58:11","111.98","0.00","2025-11-21 00:00:00","2026-04-27 19:22:25"
"1273","123","2024-05-20 14:19:12","156.95","0.00","2024-05-20 00:00:00","2026-04-27 19:22:25"
"1274","216","2025-12-05 16:04:24","115.81","0.00","2025-12-05 00:00:00","2026-04-27 19:22:25"
"1275","17","2026-01-28 06:16:25","70.77","5.00","2026-01-28 00:00:00","2026-04-27 19:22:25"
"1276","281","2025-06-04 12:22:04","212.81","0.00","2025-06-04 00:00:00","2026-04-27 19:22:25"
"1277","242","2022-06-11 11:47:35","63.46","0.00","2022-06-11 00:00:00","2026-04-27 19:22:25"
"1278","206","2024-06-18 11:56:19","180.61","0.00","2024-06-18 00:00:00","2026-04-27 19:22:25"
"1279","22","2024-07-06 02:05:18","205.42","0.00","2024-07-06 00:00:00","2026-04-27 19:22:25"
"1280","239","2026-01-25 14:13:54","149.94","0.00","2026-01-25 00:00:00","2026-04-27 19:22:25"
"1281","100","2021-01-17 09:31:50","230.33","0.00","2021-01-17 00:00:00","2026-04-27 19:22:25"
"1282","260","2021-09-02 13:07:29","261.15","0.00","2021-09-02 00:00:00","2026-04-27 19:22:25"
"1283","63","2024-02-15 19:22:07","14.96","10.00","2024-02-15 00:00:00","2026-04-27 19:22:25"
"1284","264","2025-01-13 11:13:40","98.21","0.00","2025-01-13 00:00:00","2026-04-27 19:22:25"
"1285","219","2022-09-23 08:26:19","34.40","10.00","2022-09-23 00:00:00","2026-04-27 19:22:25"
"1286","40","2025-10-27 17:29:19","166.70","0.00","2025-10-27 00:00:00","2026-04-27 19:22:25"
"1287","93","2024-01-27 19:10:01","46.79","5.00","2024-01-27 00:00:00","2026-04-27 19:22:25"
"1288","30","2026-04-15 18:40:44","132.10","0.00","2026-04-15 00:00:00","2026-04-27 19:22:25"
"1289","110","2025-12-21 05:09:23","161.68","0.00","2025-12-21 00:00:00","2026-04-27 19:22:25"
"1290","63","2022-10-02 11:26:44","144.68","0.00","2022-10-02 00:00:00","2026-04-27 19:22:25"
"1291","89","2026-03-23 16:02:20","234.04","0.00","2026-03-23 00:00:00","2026-04-27 19:22:25"
"1292","182","2025-05-09 18:18:10","161.25","0.00","2025-05-09 00:00:00","2026-04-27 19:22:25"
"1293","173","2025-12-25 01:05:49","114.10","0.00","2025-12-25 00:00:00","2026-04-27 19:22:25"
"1294","131","2024-05-12 08:46:36","36.00","10.00","2024-05-12 00:00:00","2026-04-27 19:22:25"
"1295","263","2020-04-12 09:13:46","9.02","10.00","2020-04-12 00:00:00","2026-04-27 19:22:25"
"1296","1","2025-09-02 17:06:15","60.05","0.00","2025-09-02 00:00:00","2026-04-27 19:22:25"
"1297","230","2026-01-26 13:26:18","198.04","0.00","2026-01-26 00:00:00","2026-04-27 19:22:25"
"1298","297","2025-11-12 11:59:35","97.24","0.00","2025-11-12 00:00:00","2026-04-27 19:22:25"
"1299","48","2025-10-16 12:11:11","275.75","0.00","2025-10-16 00:00:00","2026-04-27 19:22:25"
"1300","82","2025-05-22 15:40:32","29.52","5.00","2025-05-22 00:00:00","2026-04-27 19:22:25"
"1301","219","2022-11-17 07:25:45","198.53","0.00","2022-11-17 00:00:00","2026-04-27 19:22:25"
"1302","25","2026-01-30 11:24:32","101.04","0.00","2026-01-30 00:00:00","2026-04-27 19:22:25"
"1303","6","2022-01-13 18:37:41","205.72","0.00","2022-01-13 00:00:00","2026-04-27 19:22:25"
"1304","164","2023-02-07 16:34:59","209.83","0.00","2023-02-07 00:00:00","2026-04-27 19:22:25"
"1305","171","2025-01-15 10:25:07","103.68","0.00","2025-01-15 00:00:00","2026-04-27 19:22:25"
"1306","61","2024-03-05 12:10:11","343.16","0.00","2024-03-05 00:00:00","2026-04-27 19:22:25"
"1307","17","2024-12-18 16:05:22","174.76","0.00","2024-12-18 00:00:00","2026-04-27 19:22:25"
"1308","253","2022-08-25 00:18:23","72.34","0.00","2022-08-25 00:00:00","2026-04-27 19:22:25"
"1309","40","2026-03-06 19:50:14","5.59","10.00","2026-03-06 00:00:00","2026-04-27 19:22:25"
"1310","269","2024-09-12 09:35:21","48.19","10.00","2024-09-12 00:00:00","2026-04-27 19:22:25"
"1311","218","2024-04-22 11:42:02","10.32","25.00","2024-04-22 00:00:00","2026-04-27 19:22:25"
"1312","181","2025-06-08 12:58:11","66.97","0.00","2025-06-08 00:00:00","2026-04-27 19:22:25"
"1313","59","2025-08-18 15:33:12","127.75","0.00","2025-08-18 00:00:00","2026-04-27 19:22:25"
"1314","286","2025-02-06 12:07:52","83.76","0.00","2025-02-06 00:00:00","2026-04-27 19:22:25"
"1315","56","2022-08-10 13:58:39","145.80","0.00","2022-08-10 00:00:00","2026-04-27 19:22:25"
"1316","156","2024-11-01 18:08:09","126.66","0.00","2024-11-01 00:00:00","2026-04-27 19:22:25"
"1317","172","2024-07-15 14:02:55","183.41","0.00","2024-07-15 00:00:00","2026-04-27 19:22:25"
"1318","45","2023-10-08 15:11:25","15.12","10.00","2023-10-08 00:00:00","2026-04-27 19:22:25"
"1319","55","2022-02-08 15:57:14","53.97","5.00","2022-02-08 00:00:00","2026-04-27 19:22:25"
"1320","115","2024-08-17 16:30:32","124.22","0.00","2024-08-17 00:00:00","2026-04-27 19:22:25"
"1321","236","2024-04-05 13:10:50","291.48","0.00","2024-04-05 00:00:00","2026-04-27 19:22:25"
"1322","52","2026-01-10 07:01:51","36.90","5.00","2026-01-10 00:00:00","2026-04-27 19:22:25"
"1323","111","2025-05-27 14:41:03","38.88","10.00","2025-05-27 00:00:00","2026-04-27 19:22:25"
"1324","95","2025-06-11 19:57:00","262.53","0.00","2025-06-11 00:00:00","2026-04-27 19:22:25"
"1325","129","2025-08-17 19:56:00","39.12","5.00","2025-08-17 00:00:00","2026-04-27 19:22:25"
"1326","171","2024-01-24 11:07:05","63.31","0.00","2024-01-24 00:00:00","2026-04-27 19:22:25"
"1327","249","2025-04-15 12:03:28","125.60","0.00","2025-04-15 00:00:00","2026-04-27 19:22:25"
"1328","19","2026-01-15 15:00:28","130.15","0.00","2026-01-15 00:00:00","2026-04-27 19:22:25"
"1329","104","2024-01-08 13:39:15","126.02","0.00","2024-01-08 00:00:00","2026-04-27 19:22:25"
"1330","286","2024-11-15 17:42:22","254.42","0.00","2024-11-15 00:00:00","2026-04-27 19:22:25"
"1331","289","2024-12-08 09:12:37","241.21","0.00","2024-12-08 00:00:00","2026-04-27 19:22:25"
"1332","58","2022-10-22 15:22:09","209.97","0.00","2022-10-22 00:00:00","2026-04-27 19:22:25"
"1333","226","2024-09-28 07:14:59","298.50","0.00","2024-09-28 00:00:00","2026-04-27 19:22:25"
"1334","241","2026-03-04 13:48:07","44.22","5.00","2026-03-04 00:00:00","2026-04-27 19:22:25"
"1335","14","2024-01-22 13:24:57","134.17","0.00","2024-01-22 00:00:00","2026-04-27 19:22:25"
"1336","282","2021-10-18 19:14:13","14.02","10.00","2021-10-18 00:00:00","2026-04-27 19:22:25"
"1337","226","2023-12-27 13:31:33","256.38","0.00","2023-12-27 00:00:00","2026-04-27 19:22:25"
"1338","264","2026-01-18 14:44:12","4.14","25.00","2026-01-18 00:00:00","2026-04-27 19:22:25"
"1339","219","2022-10-02 08:35:30","99.68","0.00","2022-10-02 00:00:00","2026-04-27 19:22:25"
"1340","226","2024-08-11 09:07:22","163.16","0.00","2024-08-11 00:00:00","2026-04-27 19:22:25"
"1341","187","2022-10-11 14:29:16","77.31","0.00","2022-10-11 00:00:00","2026-04-27 19:22:25"
"1342","163","2025-07-07 09:49:47","197.90","0.00","2025-07-07 00:00:00","2026-04-27 19:22:25"
"1343","272","2024-07-12 18:47:29","90.22","0.00","2024-07-12 00:00:00","2026-04-27 19:22:25"
"1344","226","2021-06-16 19:26:24","46.78","5.00","2021-06-16 00:00:00","2026-04-27 19:22:25"
"1345","73","2026-04-09 07:41:30","169.71","0.00","2026-04-09 00:00:00","2026-04-27 19:22:25"
"1346","114","2023-10-23 10:31:36","192.42","0.00","2023-10-23 00:00:00","2026-04-27 19:22:25"
"1347","283","2021-11-06 15:19:57","139.22","0.00","2021-11-06 00:00:00","2026-04-27 19:22:25"
"1348","53","2026-03-25 09:31:00","161.13","0.00","2026-03-25 00:00:00","2026-04-27 19:22:25"
"1349","284","2024-09-16 14:45:27","7.40","10.00","2024-09-16 00:00:00","2026-04-27 19:22:25"
"1350","238","2021-08-05 08:22:07","210.50","0.00","2021-08-05 00:00:00","2026-04-27 19:22:25"
"1351","109","2025-12-01 12:33:07","136.41","0.00","2025-12-01 00:00:00","2026-04-27 19:22:25"
"1352","52","2026-03-01 08:25:50","311.13","0.00","2026-03-01 00:00:00","2026-04-27 19:22:25"
"1353","77","2024-10-04 07:10:24","194.82","0.00","2024-10-04 00:00:00","2026-04-27 19:22:25"
"1354","158","2025-06-05 12:48:15","158.84","0.00","2025-06-05 00:00:00","2026-04-27 19:22:25"
"1355","207","2025-04-11 09:11:07","212.47","0.00","2025-04-11 00:00:00","2026-04-27 19:22:25"
"1356","204","2025-10-14 10:09:30","48.70","5.00","2025-10-14 00:00:00","2026-04-27 19:22:25"
"1357","168","2026-01-18 18:09:10","98.30","0.00","2026-01-18 00:00:00","2026-04-27 19:22:25"
"1358","71","2025-02-03 14:12:35","32.93","10.00","2025-02-03 00:00:00","2026-04-27 19:22:25"
"1359","109","2025-09-03 10:58:50","118.85","0.00","2025-09-03 00:00:00","2026-04-27 19:22:25"
"1360","266","2026-04-02 18:21:18","56.39","5.00","2026-04-02 00:00:00","2026-04-27 19:22:25"
"1361","79","2026-04-04 13:10:57","97.08","0.00","2026-04-04 00:00:00","2026-04-27 19:22:25"
"1362","25","2024-10-15 13:07:30","192.24","0.00","2024-10-15 00:00:00","2026-04-27 19:22:25"
"1363","133","2026-04-01 12:37:28","235.23","0.00","2026-04-01 00:00:00","2026-04-27 19:22:25"
"1364","14","2024-04-16 12:32:02","205.56","0.00","2024-04-16 00:00:00","2026-04-27 19:22:25"
"1365","87","2026-04-13 16:48:54","87.83","0.00","2026-04-13 00:00:00","2026-04-27 19:22:25"
"1366","174","2025-10-04 19:13:20","6.52","10.00","2025-10-04 00:00:00","2026-04-27 19:22:25"
"1367","51","2025-11-16 12:11:06","112.71","0.00","2025-11-16 00:00:00","2026-04-27 19:22:25"
"1368","235","2026-01-15 16:20:43","158.70","0.00","2026-01-15 00:00:00","2026-04-27 19:22:25"
"1369","200","2024-05-28 15:19:51","87.17","0.00","2024-05-28 00:00:00","2026-04-27 19:22:25"
"1370","53","2023-09-14 10:10:48","81.29","0.00","2023-09-14 00:00:00","2026-04-27 19:22:25"
"1371","160","2025-08-20 12:28:42","193.43","0.00","2025-08-20 00:00:00","2026-04-27 19:22:25"
"1372","286","2024-11-02 15:30:47","251.12","0.00","2024-11-02 00:00:00","2026-04-27 19:22:25"
"1373","196","2026-02-02 18:51:47","98.32","0.00","2026-02-02 00:00:00","2026-04-27 19:22:25"
"1374","102","2025-10-12 16:51:29","215.74","0.00","2025-10-12 00:00:00","2026-04-27 19:22:25"
"1375","255","2022-12-09 09:51:18","7.44","10.00","2022-12-09 00:00:00","2026-04-27 19:22:25"
"1376","253","2023-06-18 10:27:01","30.86","5.00","2023-06-18 00:00:00","2026-04-27 19:22:25"
"1377","270","2025-01-31 09:43:50","35.80","5.00","2025-01-31 00:00:00","2026-04-27 19:22:25"
"1378","99","2024-11-23 15:40:43","60.24","5.00","2024-11-23 00:00:00","2026-04-27 19:22:25"
"1379","114","2021-10-02 04:26:21","143.52","0.00","2021-10-02 00:00:00","2026-04-27 19:22:25"
"1380","159","2024-05-23 11:29:58","212.90","0.00","2024-05-23 00:00:00","2026-04-27 19:22:25"
"1381","126","2023-08-16 11:28:55","279.06","0.00","2023-08-16 00:00:00","2026-04-27 19:22:25"
"1382","20","2022-01-28 12:27:40","88.72","0.00","2022-01-28 00:00:00","2026-04-27 19:22:25"
"1383","92","2025-10-15 02:17:18","89.58","0.00","2025-10-15 00:00:00","2026-04-27 19:22:25"
"1384","126","2023-11-03 09:28:36","192.17","0.00","2023-11-03 00:00:00","2026-04-27 19:22:25"
"1385","183","2022-04-06 09:00:35","111.74","0.00","2022-04-06 00:00:00","2026-04-27 19:22:25"
"1386","259","2025-10-18 05:04:04","312.50","0.00","2025-10-18 00:00:00","2026-04-27 19:22:25"
"1387","57","2023-12-01 14:43:22","16.87","10.00","2023-12-01 00:00:00","2026-04-27 19:22:25"
"1388","141","2025-06-13 07:17:48","28.42","5.00","2025-06-13 00:00:00","2026-04-27 19:22:25"
"1389","169","2023-04-08 16:44:40","42.90","10.00","2023-04-08 00:00:00","2026-04-27 19:22:25"
"1390","144","2020-06-29 17:15:01","272.54","0.00","2020-06-29 00:00:00","2026-04-27 19:22:25"
"1391","241","2026-01-05 17:51:55","101.52","0.00","2026-01-05 00:00:00","2026-04-27 19:22:25"
"1392","94","2025-01-23 07:27:32","150.19","0.00","2025-01-23 00:00:00","2026-04-27 19:22:25"
"1393","33","2026-04-07 10:17:16","58.01","0.00","2026-04-07 00:00:00","2026-04-27 19:22:25"
"1394","43","2025-07-16 17:20:20","103.36","0.00","2025-07-16 00:00:00","2026-04-27 19:22:25"
"1395","61","2024-06-28 07:46:11","91.00","0.00","2024-06-28 00:00:00","2026-04-27 19:22:25"
"1396","63","2025-05-16 07:45:25","97.07","0.00","2025-05-16 00:00:00","2026-04-27 19:22:25"
"1397","167","2026-03-22 00:26:07","245.40","0.00","2026-03-22 00:00:00","2026-04-27 19:22:25"
"1398","115","2024-06-21 19:04:26","166.40","0.00","2024-06-21 00:00:00","2026-04-27 19:22:25"
"1399","233","2025-06-12 16:24:58","209.28","0.00","2025-06-12 00:00:00","2026-04-27 19:22:25"
"1400","161","2021-05-06 08:27:54","122.11","0.00","2021-05-06 00:00:00","2026-04-27 19:22:25"
"1401","147","2025-04-19 11:09:24","280.37","0.00","2025-04-19 00:00:00","2026-04-27 19:22:25"
"1402","298","2024-08-11 13:25:55","214.81","0.00","2024-08-11 00:00:00","2026-04-27 19:22:25"
"1403","36","2025-10-12 18:19:02","63.09","0.00","2025-10-12 00:00:00","2026-04-27 19:22:25"
"1404","280","2024-09-25 10:43:20","175.96","0.00","2024-09-25 00:00:00","2026-04-27 19:22:25"
"1405","276","2024-10-28 16:33:56","34.72","10.00","2024-10-28 00:00:00","2026-04-27 19:22:25"
"1406","16","2026-04-13 08:49:12","60.30","5.00","2026-04-13 00:00:00","2026-04-27 19:22:25"
"1407","163","2025-10-14 07:08:33","96.14","0.00","2025-10-14 00:00:00","2026-04-27 19:22:25"
"1408","46","2025-12-07 12:57:06","47.24","10.00","2025-12-07 00:00:00","2026-04-27 19:22:25"
"1409","262","2023-09-12 06:52:29","199.07","0.00","2023-09-12 00:00:00","2026-04-27 19:22:25"
"1410","162","2022-07-14 09:21:07","58.62","5.00","2022-07-14 00:00:00","2026-04-27 19:22:25"
"1411","213","2024-02-10 08:57:38","136.47","0.00","2024-02-10 00:00:00","2026-04-27 19:22:25"
"1412","183","2022-02-04 16:30:27","149.29","0.00","2022-02-04 00:00:00","2026-04-27 19:22:25"
"1413","236","2025-11-03 08:25:53","164.69","0.00","2025-11-03 00:00:00","2026-04-27 19:22:25"
"1414","147","2024-04-23 11:11:34","60.81","0.00","2024-04-23 00:00:00","2026-04-27 19:22:25"
"1415","38","2021-08-18 18:09:20","154.80","0.00","2021-08-18 00:00:00","2026-04-27 19:22:25"
"1416","131","2023-07-20 12:25:24","109.40","0.00","2023-07-20 00:00:00","2026-04-27 19:22:25"
"1417","82","2025-04-21 07:33:10","108.86","0.00","2025-04-21 00:00:00","2026-04-27 19:22:25"
"1418","79","2025-12-07 14:29:12","16.40","10.00","2025-12-07 00:00:00","2026-04-27 19:22:25"
"1419","57","2022-05-27 13:57:44","262.84","0.00","2022-05-27 00:00:00","2026-04-27 19:22:25"
"1420","80","2025-07-20 02:52:19","150.08","0.00","2025-07-20 00:00:00","2026-04-27 19:22:25"
"1421","3","2025-11-09 07:11:39","53.17","5.00","2025-11-09 00:00:00","2026-04-27 19:22:25"
"1422","121","2022-08-19 08:12:06","401.68","0.00","2022-08-19 00:00:00","2026-04-27 19:22:25"
"1423","22","2023-06-09 08:38:00","245.50","0.00","2023-06-09 00:00:00","2026-04-27 19:22:25"
"1424","164","2025-09-08 14:49:52","206.89","0.00","2025-09-08 00:00:00","2026-04-27 19:22:25"
"1425","6","2025-07-31 05:31:01","57.76","0.00","2025-07-31 00:00:00","2026-04-27 19:22:25"
"1426","285","2026-02-02 18:28:48","151.69","0.00","2026-02-02 00:00:00","2026-04-27 19:22:25"
"1427","99","2025-04-16 09:08:01","53.54","5.00","2025-04-16 00:00:00","2026-04-27 19:22:25"
"1428","214","2025-08-17 08:56:09","217.68","0.00","2025-08-17 00:00:00","2026-04-27 19:22:25"
"1429","184","2026-04-01 07:49:24","80.00","0.00","2026-04-01 00:00:00","2026-04-27 19:22:25"
"1430","299","2023-02-19 03:51:46","74.31","0.00","2023-02-19 00:00:00","2026-04-27 19:22:25"
"1431","42","2024-06-20 12:26:23","65.80","5.00","2024-06-20 00:00:00","2026-04-27 19:22:25"
"1432","46","2025-12-15 07:05:44","64.66","5.00","2025-12-15 00:00:00","2026-04-27 19:22:25"
"1433","62","2023-04-24 10:48:57","75.80","0.00","2023-04-24 00:00:00","2026-04-27 19:22:25"
"1434","254","2022-03-26 19:41:32","216.06","0.00","2022-03-26 00:00:00","2026-04-27 19:22:25"
"1435","78","2025-07-30 09:10:08","234.86","0.00","2025-07-30 00:00:00","2026-04-27 19:22:25"
"1436","277","2023-10-10 14:48:38","8.52","25.00","2023-10-10 00:00:00","2026-04-27 19:22:25"
"1437","125","2025-03-27 07:16:59","123.08","0.00","2025-03-27 00:00:00","2026-04-27 19:22:25"
"1438","288","2024-05-07 18:40:53","208.96","0.00","2024-05-07 00:00:00","2026-04-27 19:22:25"
"1439","9","2025-07-31 15:14:38","31.86","5.00","2025-07-31 00:00:00","2026-04-27 19:22:25"
"1440","165","2025-05-16 16:30:44","0.00","0.00","2025-05-16 00:00:00","2026-04-27 19:22:25"
"1441","76","2024-08-04 15:20:01","69.81","0.00","2024-08-04 00:00:00","2026-04-27 19:22:25"
"1442","87","2026-03-18 13:29:23","239.16","0.00","2026-03-18 00:00:00","2026-04-27 19:22:25"
"1443","86","2024-05-27 14:36:44","47.71","10.00","2024-05-27 00:00:00","2026-04-27 19:22:25"
"1444","87","2026-02-22 07:51:26","87.57","0.00","2026-02-22 00:00:00","2026-04-27 19:22:25"
"1445","22","2024-06-30 07:45:42","131.54","0.00","2024-06-30 00:00:00","2026-04-27 19:22:25"
"1446","38","2025-10-23 14:11:40","22.68","10.00","2025-10-23 00:00:00","2026-04-27 19:22:25"
"1447","93","2023-01-14 07:19:10","179.72","0.00","2023-01-14 00:00:00","2026-04-27 19:22:25"
"1448","110","2026-04-06 00:45:25","35.15","5.00","2026-04-06 00:00:00","2026-04-27 19:22:25"
"1449","47","2023-10-02 08:00:07","149.04","0.00","2023-10-02 00:00:00","2026-04-27 19:22:25"
"1450","191","2026-03-24 15:05:43","27.51","5.00","2026-03-24 00:00:00","2026-04-27 19:22:25"
"1451","218","2025-01-31 15:43:59","49.68","10.00","2025-01-31 00:00:00","2026-04-27 19:22:25"
"1452","164","2025-11-24 02:14:57","66.42","0.00","2025-11-24 00:00:00","2026-04-27 19:22:25"
"1453","166","2022-03-24 14:52:09","35.61","5.00","2022-03-24 00:00:00","2026-04-27 19:22:25"
"1454","167","2026-04-15 13:06:35","72.04","0.00","2026-04-15 00:00:00","2026-04-27 19:22:25"
"1455","209","2026-03-02 08:25:02","192.75","0.00","2026-03-02 00:00:00","2026-04-27 19:22:25"
"1456","131","2025-02-16 07:55:58","170.41","0.00","2025-02-16 00:00:00","2026-04-27 19:22:25"
"1457","80","2025-11-24 15:37:22","95.18","0.00","2025-11-24 00:00:00","2026-04-27 19:22:25"
"1458","71","2025-06-05 01:47:08","28.12","10.00","2025-06-05 00:00:00","2026-04-27 19:22:25"
"1459","30","2023-12-16 11:46:29","161.51","0.00","2023-12-16 00:00:00","2026-04-27 19:22:25"
"1460","21","2023-11-24 19:37:09","0.00","0.00","2023-11-24 00:00:00","2026-04-27 19:22:25"
"1461","73","2021-05-23 08:21:47","159.31","0.00","2021-05-23 00:00:00","2026-04-27 19:22:25"
"1462","214","2024-01-29 09:30:31","175.94","0.00","2024-01-29 00:00:00","2026-04-27 19:22:25"
"1463","88","2025-11-09 18:10:12","96.66","0.00","2025-11-09 00:00:00","2026-04-27 19:22:25"
"1464","280","2026-01-08 17:29:05","192.86","0.00","2026-01-08 00:00:00","2026-04-27 19:22:25"
"1465","249","2025-04-09 09:36:27","157.07","0.00","2025-04-09 00:00:00","2026-04-27 19:22:25"
"1466","44","2026-03-30 10:59:42","128.32","0.00","2026-03-30 00:00:00","2026-04-27 19:22:25"
"1467","200","2026-04-01 15:12:19","104.80","0.00","2026-04-01 00:00:00","2026-04-27 19:22:25"
"1468","70","2025-09-22 06:31:00","396.69","0.00","2025-09-22 00:00:00","2026-04-27 19:22:25"
"1469","119","2025-11-04 10:06:19","237.10","0.00","2025-11-04 00:00:00","2026-04-27 19:22:25"
"1470","46","2026-03-10 16:03:27","92.66","0.00","2026-03-10 00:00:00","2026-04-27 19:22:25"
"1471","8","2025-12-08 14:35:44","196.15","0.00","2025-12-08 00:00:00","2026-04-27 19:22:25"
"1472","271","2022-07-15 09:22:16","0.00","0.00","2022-07-15 00:00:00","2026-04-27 19:22:25"
"1473","171","2025-06-18 14:25:48","219.98","0.00","2025-06-18 00:00:00","2026-04-27 19:22:25"
"1474","119","2026-01-18 08:45:47","142.40","0.00","2026-01-18 00:00:00","2026-04-27 19:22:25"
"1475","275","2021-12-02 04:21:53","30.35","10.00","2021-12-02 00:00:00","2026-04-27 19:22:25"
"1476","226","2026-04-15 14:01:46","12.81","10.00","2026-04-15 00:00:00","2026-04-27 19:22:25"
"1477","1","2025-11-08 09:16:19","268.42","0.00","2025-11-08 00:00:00","2026-04-27 19:22:25"
"1478","247","2023-07-18 09:01:38","8.71","10.00","2023-07-18 00:00:00","2026-04-27 19:22:25"
"1479","67","2023-03-06 15:25:29","57.18","5.00","2023-03-06 00:00:00","2026-04-27 19:22:25"
"1480","44","2026-03-09 16:27:25","6.01","10.00","2026-03-09 00:00:00","2026-04-27 19:22:25"
"1481","6","2025-06-10 07:24:31","99.67","0.00","2025-06-10 00:00:00","2026-04-27 19:22:25"
"1482","196","2025-12-22 14:12:35","6.16","10.00","2025-12-22 00:00:00","2026-04-27 19:22:25"
"1483","271","2022-04-21 16:26:12","15.18","10.00","2022-04-21 00:00:00","2026-04-27 19:22:25"
"1484","79","2025-10-08 07:57:03","77.63","0.00","2025-10-08 00:00:00","2026-04-27 19:22:25"
"1485","115","2024-04-30 19:30:40","153.15","0.00","2024-04-30 00:00:00","2026-04-27 19:22:25"
"1486","265","2025-09-26 07:59:03","40.81","5.00","2025-09-26 00:00:00","2026-04-27 19:22:25"
"1487","60","2025-12-04 15:33:13","61.95","0.00","2025-12-04 00:00:00","2026-04-27 19:22:25"
"1488","143","2023-05-15 17:12:52","44.64","10.00","2023-05-15 00:00:00","2026-04-27 19:22:25"
"1489","19","2025-12-23 07:56:58","119.22","0.00","2025-12-23 00:00:00","2026-04-27 19:22:25"
"1490","110","2025-06-29 14:00:42","74.93","0.00","2025-06-29 00:00:00","2026-04-27 19:22:25"
"1491","241","2025-06-26 14:40:02","18.69","10.00","2025-06-26 00:00:00","2026-04-27 19:22:25"
"1492","37","2021-06-02 19:54:50","206.53","0.00","2021-06-02 00:00:00","2026-04-27 19:22:25"
"1493","246","2022-11-16 16:06:30","14.83","10.00","2022-11-16 00:00:00","2026-04-27 19:22:25"
"1494","279","2026-03-01 13:23:48","153.68","0.00","2026-03-01 00:00:00","2026-04-27 19:22:25"
"1495","29","2025-08-09 00:38:55","123.46","0.00","2025-08-09 00:00:00","2026-04-27 19:22:25"
"1496","205","2024-05-23 09:11:52","174.00","0.00","2024-05-23 00:00:00","2026-04-27 19:22:25"
"1497","179","2024-08-09 08:02:56","97.33","0.00","2024-08-09 00:00:00","2026-04-27 19:22:25"
"1498","215","2024-03-16 19:54:47","147.17","0.00","2024-03-16 00:00:00","2026-04-27 19:22:25"
"1499","140","2026-04-13 10:19:29","283.36","0.00","2026-04-13 00:00:00","2026-04-27 19:22:25"
"1500","27","2024-08-27 10:40:14","78.61","0.00","2024-08-27 00:00:00","2026-04-27 19:22:25"
"1501","200","2024-10-28 12:49:17","58.61","5.00","2024-10-28 00:00:00","2026-04-27 19:22:25"
"1502","265","2025-09-12 08:12:00","247.83","0.00","2025-09-12 00:00:00","2026-04-27 19:22:25"
"1503","157","2022-04-25 10:07:24","0.00","0.00","2022-04-25 00:00:00","2026-04-27 19:22:25"
"1504","238","2025-11-22 05:57:31","24.69","10.00","2025-11-22 00:00:00","2026-04-27 19:22:25"
"1505","223","2022-11-21 08:56:47","43.66","5.00","2022-11-21 00:00:00","2026-04-27 19:22:25"
"1506","80","2025-02-07 13:11:00","82.75","0.00","2025-02-07 00:00:00","2026-04-27 19:22:25"
"1507","235","2025-12-18 12:52:38","65.68","0.00","2025-12-18 00:00:00","2026-04-27 19:22:25"
"1508","146","2025-05-04 18:30:01","143.50","0.00","2025-05-04 00:00:00","2026-04-27 19:22:25"
"1509","101","2024-11-02 08:55:40","55.76","0.00","2024-11-02 00:00:00","2026-04-27 19:22:25"
"1510","94","2025-02-25 18:21:22","154.46","0.00","2025-02-25 00:00:00","2026-04-27 19:22:25"
"1511","79","2025-10-29 08:39:08","104.43","0.00","2025-10-29 00:00:00","2026-04-27 19:22:25"
"1512","29","2023-10-03 07:38:57","4.82","10.00","2023-10-03 00:00:00","2026-04-27 19:22:25"
"1513","58","2024-11-16 08:46:41","118.48","0.00","2024-11-16 00:00:00","2026-04-27 19:22:25"
"1514","177","2025-11-04 15:20:05","104.80","0.00","2025-11-04 00:00:00","2026-04-27 19:22:25"
"1515","140","2026-03-28 17:36:46","168.88","0.00","2026-03-28 00:00:00","2026-04-27 19:22:25"
"1516","243","2025-07-12 18:16:43","34.08","10.00","2025-07-12 00:00:00","2026-04-27 19:22:25"
"1517","161","2023-08-12 06:54:49","5.18","10.00","2023-08-12 00:00:00","2026-04-27 19:22:25"
"1518","72","2024-06-23 16:09:41","121.38","0.00","2024-06-23 00:00:00","2026-04-27 19:22:25"
"1519","42","2025-08-13 03:48:30","242.90","0.00","2025-08-13 00:00:00","2026-04-27 19:22:25"
"1520","160","2024-10-30 12:47:13","166.29","0.00","2024-10-30 00:00:00","2026-04-27 19:22:25"
"1521","112","2021-03-19 07:13:52","6.10","10.00","2021-03-19 00:00:00","2026-04-27 19:22:25"
"1522","13","2022-12-09 09:17:19","121.33","0.00","2022-12-09 00:00:00","2026-04-27 19:22:25"
"1523","185","2025-02-08 03:45:09","31.05","10.00","2025-02-08 00:00:00","2026-04-27 19:22:25"
"1524","7","2024-03-21 12:27:39","157.90","0.00","2024-03-21 00:00:00","2026-04-27 19:22:25"
"1525","68","2026-04-04 09:11:46","116.54","0.00","2026-04-04 00:00:00","2026-04-27 19:22:25"
"1526","89","2025-08-31 11:52:55","117.39","0.00","2025-08-31 00:00:00","2026-04-27 19:22:25"
"1527","50","2021-03-04 09:49:30","59.01","0.00","2021-03-04 00:00:00","2026-04-27 19:22:25"
"1528","160","2024-09-26 17:43:15","102.36","0.00","2024-09-26 00:00:00","2026-04-27 19:22:25"
"1529","178","2023-06-07 18:44:17","164.51","0.00","2023-06-07 00:00:00","2026-04-27 19:22:25"
"1530","3","2026-03-27 10:54:17","18.92","25.00","2026-03-27 00:00:00","2026-04-27 19:22:25"
"1531","202","2025-07-18 08:32:51","74.48","0.00","2025-07-18 00:00:00","2026-04-27 19:22:25"
"1532","252","2025-12-16 07:19:35","53.90","0.00","2025-12-16 00:00:00","2026-04-27 19:22:25"
"1533","132","2020-04-12 09:06:24","177.80","0.00","2020-04-12 00:00:00","2026-04-27 19:22:25"
"1534","62","2022-11-03 08:30:16","234.64","0.00","2022-11-03 00:00:00","2026-04-27 19:22:25"
"1535","30","2026-03-10 07:39:54","63.48","5.00","2026-03-10 00:00:00","2026-04-27 19:22:25"
"1536","129","2025-03-23 09:28:18","209.06","0.00","2025-03-23 00:00:00","2026-04-27 19:22:25"
"1537","11","2025-04-07 18:54:52","106.48","0.00","2025-04-07 00:00:00","2026-04-27 19:22:25"
"1538","155","2026-03-13 09:28:06","186.41","0.00","2026-03-13 00:00:00","2026-04-27 19:22:25"
"1539","212","2022-09-28 11:36:31","132.98","0.00","2022-09-28 00:00:00","2026-04-27 19:22:25"
"1540","32","2023-09-22 09:30:00","21.20","25.00","2023-09-22 00:00:00","2026-04-27 19:22:25"
"1541","265","2026-02-09 16:47:54","37.85","5.00","2026-02-09 00:00:00","2026-04-27 19:22:25"
"1542","90","2025-02-25 11:10:27","54.12","0.00","2025-02-25 00:00:00","2026-04-27 19:22:25"
"1543","139","2024-12-21 07:38:18","103.75","0.00","2024-12-21 00:00:00","2026-04-27 19:22:25"
"1544","205","2024-02-29 07:52:05","90.39","0.00","2024-02-29 00:00:00","2026-04-27 19:22:25"
"1545","250","2022-04-15 02:54:26","125.47","0.00","2022-04-15 00:00:00","2026-04-27 19:22:25"
"1546","180","2025-07-14 19:25:16","120.35","0.00","2025-07-14 00:00:00","2026-04-27 19:22:25"
"1547","123","2025-02-24 15:24:27","69.78","5.00","2025-02-24 00:00:00","2026-04-27 19:22:25"
"1548","237","2026-04-10 10:09:31","111.18","0.00","2026-04-10 00:00:00","2026-04-27 19:22:25"
"1549","267","2023-01-29 11:11:33","203.50","0.00","2023-01-29 00:00:00","2026-04-27 19:22:25"
"1550","134","2026-02-28 16:14:25","159.20","0.00","2026-02-28 00:00:00","2026-04-27 19:22:25"
"1551","145","2025-02-24 16:01:13","42.10","10.00","2025-02-24 00:00:00","2026-04-27 19:22:25"
"1552","182","2023-02-17 15:40:40","2.52","10.00","2023-02-17 00:00:00","2026-04-27 19:22:25"
"1553","130","2025-11-10 17:32:31","16.10","10.00","2025-11-10 00:00:00","2026-04-27 19:22:25"
"1554","234","2022-09-01 16:09:47","342.11","0.00","2022-09-01 00:00:00","2026-04-27 19:22:25"
"1555","149","2026-04-03 10:57:33","201.59","0.00","2026-04-03 00:00:00","2026-04-27 19:22:25"
"1556","151","2023-07-28 09:43:25","44.04","5.00","2023-07-28 00:00:00","2026-04-27 19:22:25"
"1557","203","2025-12-18 09:45:36","25.54","10.00","2025-12-18 00:00:00","2026-04-27 19:22:25"
"1558","234","2025-05-24 08:22:45","109.40","0.00","2025-05-24 00:00:00","2026-04-27 19:22:25"
"1559","203","2025-01-05 09:02:04","160.10","0.00","2025-01-05 00:00:00","2026-04-27 19:22:25"
"1560","14","2024-12-18 12:09:10","47.80","10.00","2024-12-18 00:00:00","2026-04-27 19:22:25"
"1561","223","2025-11-19 15:19:05","50.55","0.00","2025-11-19 00:00:00","2026-04-27 19:22:25"
"1562","67","2024-04-03 12:55:44","226.42","0.00","2024-04-03 00:00:00","2026-04-27 19:22:25"
"1563","200","2025-10-04 09:16:49","97.60","0.00","2025-10-04 00:00:00","2026-04-27 19:22:25"
"1564","95","2025-07-29 10:26:57","154.45","0.00","2025-07-29 00:00:00","2026-04-27 19:22:25"
"1565","88","2026-01-01 15:12:28","118.64","0.00","2026-01-01 00:00:00","2026-04-27 19:22:25"
"1566","225","2025-10-30 08:44:40","87.36","0.00","2025-10-30 00:00:00","2026-04-27 19:22:25"
"1567","16","2026-04-11 16:47:01","147.76","0.00","2026-04-11 00:00:00","2026-04-27 19:22:25"
"1568","205","2022-09-30 07:30:13","216.87","0.00","2022-09-30 00:00:00","2026-04-27 19:22:25"
"1569","174","2024-06-05 12:33:01","162.23","0.00","2024-06-05 00:00:00","2026-04-27 19:22:25"
"1570","178","2024-03-23 10:50:08","25.04","10.00","2024-03-23 00:00:00","2026-04-27 19:22:25"
"1571","48","2026-03-19 16:23:09","37.92","5.00","2026-03-19 00:00:00","2026-04-27 19:22:25"
"1572","258","2024-10-07 14:38:43","8.04","10.00","2024-10-07 00:00:00","2026-04-27 19:22:25"
"1573","226","2024-11-22 09:36:03","108.61","0.00","2024-11-22 00:00:00","2026-04-27 19:22:25"
"1574","70","2025-09-20 18:07:02","81.18","0.00","2025-09-20 00:00:00","2026-04-27 19:22:25"
"1575","106","2024-02-28 09:32:27","72.07","5.00","2024-02-28 00:00:00","2026-04-27 19:22:25"
"1576","50","2021-12-05 09:04:12","186.82","0.00","2021-12-05 00:00:00","2026-04-27 19:22:25"
"1577","230","2023-07-03 09:09:44","95.19","0.00","2023-07-03 00:00:00","2026-04-27 19:22:25"
"1578","198","2025-04-15 19:56:54","121.34","0.00","2025-04-15 00:00:00","2026-04-27 19:22:25"
"1579","7","2025-12-15 09:57:12","38.79","5.00","2025-12-15 00:00:00","2026-04-27 19:22:25"
"1580","232","2026-02-22 12:44:55","43.80","10.00","2026-02-22 00:00:00","2026-04-27 19:22:25"
"1581","61","2025-11-09 12:49:31","210.29","0.00","2025-11-09 00:00:00","2026-04-27 19:22:25"
"1582","193","2025-12-29 12:47:09","93.97","0.00","2025-12-29 00:00:00","2026-04-27 19:22:25"
"1583","135","2026-01-25 17:25:53","130.44","0.00","2026-01-25 00:00:00","2026-04-27 19:22:25"
"1584","107","2024-07-18 11:11:32","98.92","0.00","2024-07-18 00:00:00","2026-04-27 19:22:25"
"1585","280","2023-11-17 10:48:54","16.30","25.00","2023-11-17 00:00:00","2026-04-27 19:22:25"
"1586","198","2026-04-07 18:59:22","183.08","0.00","2026-04-07 00:00:00","2026-04-27 19:22:25"
"1587","240","2024-09-22 07:24:34","215.41","0.00","2024-09-22 00:00:00","2026-04-27 19:22:25"
"1588","61","2024-09-23 12:32:57","141.92","0.00","2024-09-23 00:00:00","2026-04-27 19:22:25"
"1589","148","2024-03-23 16:01:08","108.63","0.00","2024-03-23 00:00:00","2026-04-27 19:22:25"
"1590","92","2026-03-11 09:31:43","319.24","0.00","2026-03-11 00:00:00","2026-04-27 19:22:25"
"1591","114","2023-11-22 10:59:53","357.54","0.00","2023-11-22 00:00:00","2026-04-27 19:22:25"
"1592","256","2022-11-17 17:24:42","253.45","0.00","2022-11-17 00:00:00","2026-04-27 19:22:25"
"1593","165","2025-10-15 15:50:28","91.44","0.00","2025-10-15 00:00:00","2026-04-27 19:22:25"
"1594","120","2024-08-25 02:32:46","112.75","0.00","2024-08-25 00:00:00","2026-04-27 19:22:25"
"1595","62","2021-11-15 11:39:58","153.71","0.00","2021-11-15 00:00:00","2026-04-27 19:22:25"
"1596","44","2026-03-15 09:26:06","95.04","0.00","2026-03-15 00:00:00","2026-04-27 19:22:25"
"1597","144","2020-07-02 15:16:40","64.62","0.00","2020-07-02 00:00:00","2026-04-27 19:22:25"
"1598","88","2026-04-01 16:44:40","45.26","5.00","2026-04-01 00:00:00","2026-04-27 19:22:25"
"1599","95","2024-05-18 17:25:47","136.58","0.00","2024-05-18 00:00:00","2026-04-27 19:22:25"
"1600","291","2025-11-29 06:25:32","93.15","0.00","2025-11-29 00:00:00","2026-04-27 19:22:25"
"1601","281","2023-08-23 15:37:20","85.12","0.00","2023-08-23 00:00:00","2026-04-27 19:22:25"
"1602","155","2026-02-28 09:50:03","115.88","0.00","2026-02-28 00:00:00","2026-04-27 19:22:25"
"1603","133","2024-07-14 08:27:22","127.13","0.00","2024-07-14 00:00:00","2026-04-27 19:22:25"
"1604","157","2021-12-16 14:34:34","120.06","0.00","2021-12-16 00:00:00","2026-04-27 19:22:25"
"1605","237","2026-03-30 12:45:58","32.91","5.00","2026-03-30 00:00:00","2026-04-27 19:22:25"
"1606","148","2022-09-04 09:22:40","211.58","0.00","2022-09-04 00:00:00","2026-04-27 19:22:25"
"1607","46","2026-03-21 10:36:51","114.58","0.00","2026-03-21 00:00:00","2026-04-27 19:22:25"
"1608","175","2025-07-07 10:33:40","27.66","10.00","2025-07-07 00:00:00","2026-04-27 19:22:25"
"1609","214","2022-10-05 07:11:54","77.19","0.00","2022-10-05 00:00:00","2026-04-27 19:22:25"
"1610","82","2023-07-05 06:34:15","16.63","10.00","2023-07-05 00:00:00","2026-04-27 19:22:25"
"1611","105","2024-12-02 18:53:46","113.23","0.00","2024-12-02 00:00:00","2026-04-27 19:22:25"
"1612","79","2024-06-11 15:20:57","26.58","5.00","2024-06-11 00:00:00","2026-04-27 19:22:25"
"1613","141","2026-01-20 07:37:32","69.97","0.00","2026-01-20 00:00:00","2026-04-27 19:22:25"
"1614","300","2025-03-26 09:20:32","36.03","5.00","2025-03-26 00:00:00","2026-04-27 19:22:25"
"1615","53","2026-03-02 07:59:27","56.90","5.00","2026-03-02 00:00:00","2026-04-27 19:22:25"
"1616","273","2024-10-18 12:05:50","212.38","0.00","2024-10-18 00:00:00","2026-04-27 19:22:25"
"1617","156","2025-05-16 08:16:54","48.69","5.00","2025-05-16 00:00:00","2026-04-27 19:22:25"
"1618","20","2021-04-29 03:37:40","56.17","5.00","2021-04-29 00:00:00","2026-04-27 19:22:25"
"1619","198","2025-04-15 15:09:07","195.81","0.00","2025-04-15 00:00:00","2026-04-27 19:22:25"
"1620","200","2025-03-23 16:32:48","91.89","0.00","2025-03-23 00:00:00","2026-04-27 19:22:25"
"1621","126","2022-07-25 15:35:16","112.04","0.00","2022-07-25 00:00:00","2026-04-27 19:22:25"
"1622","171","2023-12-21 08:05:20","130.28","0.00","2023-12-21 00:00:00","2026-04-27 19:22:25"
"1623","102","2024-04-03 12:56:56","158.64","0.00","2024-04-03 00:00:00","2026-04-27 19:22:25"
"1624","237","2026-03-26 08:53:33","176.70","0.00","2026-03-26 00:00:00","2026-04-27 19:22:25"
"1625","289","2024-06-18 16:10:50","127.11","0.00","2024-06-18 00:00:00","2026-04-27 19:22:25"
"1626","265","2026-04-04 09:33:01","111.42","0.00","2026-04-04 00:00:00","2026-04-27 19:22:25"
"1627","32","2022-11-28 12:56:51","110.70","0.00","2022-11-28 00:00:00","2026-04-27 19:22:25"
"1628","115","2024-07-27 10:27:17","2.94","25.00","2024-07-27 00:00:00","2026-04-27 19:22:25"
"1629","106","2025-04-20 13:41:20","18.84","25.00","2025-04-20 00:00:00","2026-04-27 19:22:25"
"1630","216","2025-11-07 08:03:28","137.65","0.00","2025-11-07 00:00:00","2026-04-27 19:22:25"
"1631","233","2025-06-17 16:44:40","122.05","0.00","2025-06-17 00:00:00","2026-04-27 19:22:25"
"1632","114","2023-04-18 15:18:58","244.51","0.00","2023-04-18 00:00:00","2026-04-27 19:22:25"
"1633","245","2025-10-29 04:14:25","148.89","0.00","2025-10-29 00:00:00","2026-04-27 19:22:25"
"1634","116","2025-09-09 16:11:58","43.22","10.00","2025-09-09 00:00:00","2026-04-27 19:22:25"
"1635","79","2024-11-18 13:00:00","264.73","0.00","2024-11-18 00:00:00","2026-04-27 19:22:25"
"1636","171","2026-03-21 04:34:49","156.85","0.00","2026-03-21 00:00:00","2026-04-27 19:22:25"
"1637","67","2024-05-06 16:59:59","253.53","0.00","2024-05-06 00:00:00","2026-04-27 19:22:25"
"1638","79","2024-10-23 07:48:14","217.61","0.00","2024-10-23 00:00:00","2026-04-27 19:22:25"
"1639","282","2023-11-15 08:47:50","59.79","0.00","2023-11-15 00:00:00","2026-04-27 19:22:25"
"1640","86","2024-11-24 08:24:44","210.67","0.00","2024-11-24 00:00:00","2026-04-27 19:22:25"
"1641","7","2023-11-29 12:34:16","103.88","0.00","2023-11-29 00:00:00","2026-04-27 19:22:25"
"1642","83","2022-06-24 07:42:57","135.31","0.00","2022-06-24 00:00:00","2026-04-27 19:22:25"
"1643","167","2025-08-27 08:51:41","61.97","0.00","2025-08-27 00:00:00","2026-04-27 19:22:25"
"1644","151","2023-09-23 09:40:25","119.64","0.00","2023-09-23 00:00:00","2026-04-27 19:22:25"
"1645","77","2024-09-29 11:32:11","292.93","0.00","2024-09-29 00:00:00","2026-04-27 19:22:25"
"1646","128","2023-08-10 11:49:37","62.24","0.00","2023-08-10 00:00:00","2026-04-27 19:22:25"
"1647","161","2022-12-02 08:56:00","212.96","0.00","2022-12-02 00:00:00","2026-04-27 19:22:25"
"1648","168","2025-10-06 10:45:30","136.20","0.00","2025-10-06 00:00:00","2026-04-27 19:22:25"
"1649","21","2025-12-08 18:16:54","66.97","5.00","2025-12-08 00:00:00","2026-04-27 19:22:25"
"1650","102","2025-08-05 09:57:22","175.67","0.00","2025-08-05 00:00:00","2026-04-27 19:22:25"
"1651","240","2026-02-26 03:29:10","26.24","5.00","2026-02-26 00:00:00","2026-04-27 19:22:25"
"1652","260","2021-11-12 13:26:16","141.47","0.00","2021-11-12 00:00:00","2026-04-27 19:22:25"
"1653","239","2022-09-03 15:38:29","92.55","0.00","2022-09-03 00:00:00","2026-04-27 19:22:25"
"1654","190","2025-11-02 12:35:14","38.87","10.00","2025-11-02 00:00:00","2026-04-27 19:22:25"
"1655","227","2026-02-14 14:50:55","93.89","0.00","2026-02-14 00:00:00","2026-04-27 19:22:25"
"1656","90","2025-11-22 16:07:34","214.56","0.00","2025-11-22 00:00:00","2026-04-27 19:22:25"
"1657","220","2025-02-22 16:02:07","206.73","0.00","2025-02-22 00:00:00","2026-04-27 19:22:25"
"1658","269","2024-08-12 12:30:53","168.24","0.00","2024-08-12 00:00:00","2026-04-27 19:22:25"
"1659","220","2025-10-18 06:42:50","74.68","0.00","2025-10-18 00:00:00","2026-04-27 19:22:25"
"1660","120","2025-09-02 19:15:35","68.86","0.00","2025-09-02 00:00:00","2026-04-27 19:22:25"
"1661","292","2025-04-18 12:34:07","15.93","10.00","2025-04-18 00:00:00","2026-04-27 19:22:25"
"1662","136","2026-03-21 09:38:06","184.61","0.00","2026-03-21 00:00:00","2026-04-27 19:22:25"
"1663","168","2025-11-20 16:17:39","89.83","0.00","2025-11-20 00:00:00","2026-04-27 19:22:25"
"1664","92","2025-02-19 11:17:07","100.79","0.00","2025-02-19 00:00:00","2026-04-27 19:22:25"
"1665","183","2022-06-16 09:56:10","129.80","0.00","2022-06-16 00:00:00","2026-04-27 19:22:25"
"1666","277","2025-12-21 17:34:39","143.91","0.00","2025-12-21 00:00:00","2026-04-27 19:22:25"
"1667","292","2022-12-27 18:41:47","128.02","0.00","2022-12-27 00:00:00","2026-04-27 19:22:25"
"1668","154","2024-04-26 08:59:01","15.11","10.00","2024-04-26 00:00:00","2026-04-27 19:22:25"
"1669","241","2025-12-25 19:05:39","164.99","0.00","2025-12-25 00:00:00","2026-04-27 19:22:25"
"1670","186","2025-12-30 06:47:06","95.04","0.00","2025-12-30 00:00:00","2026-04-27 19:22:25"
"1671","168","2026-03-04 16:34:00","157.27","0.00","2026-03-04 00:00:00","2026-04-27 19:22:25"
"1672","229","2026-04-02 14:15:02","242.05","0.00","2026-04-02 00:00:00","2026-04-27 19:22:25"
"1673","57","2026-01-16 18:54:05","27.28","5.00","2026-01-16 00:00:00","2026-04-27 19:22:25"
"1674","43","2024-08-02 08:17:05","160.28","0.00","2024-08-02 00:00:00","2026-04-27 19:22:25"
"1675","126","2022-09-06 07:52:32","4.04","10.00","2022-09-06 00:00:00","2026-04-27 19:22:25"
"1676","237","2026-03-21 17:23:46","149.09","0.00","2026-03-21 00:00:00","2026-04-27 19:22:25"
"1677","23","2025-05-14 08:07:40","96.99","0.00","2025-05-14 00:00:00","2026-04-27 19:22:25"
"1678","34","2025-07-19 03:32:23","60.17","0.00","2025-07-19 00:00:00","2026-04-27 19:22:25"
"1679","244","2025-11-26 16:13:05","180.06","0.00","2025-11-26 00:00:00","2026-04-27 19:22:25"
"1680","291","2026-02-24 05:29:00","68.36","0.00","2026-02-24 00:00:00","2026-04-27 19:22:25"
"1681","44","2026-04-04 18:23:29","62.94","0.00","2026-04-04 00:00:00","2026-04-27 19:22:25"
"1682","171","2023-08-29 11:36:43","58.67","0.00","2023-08-29 00:00:00","2026-04-27 19:22:25"
"1683","122","2026-01-04 08:18:56","170.27","0.00","2026-01-04 00:00:00","2026-04-27 19:22:25"
"1684","57","2021-12-02 07:34:19","128.36","0.00","2021-12-02 00:00:00","2026-04-27 19:22:25"
"1685","25","2025-11-15 07:22:53","14.78","25.00","2025-11-15 00:00:00","2026-04-27 19:22:25"
"1686","188","2026-02-15 18:32:02","126.32","0.00","2026-02-15 00:00:00","2026-04-27 19:22:25"
"1687","31","2022-08-05 16:45:41","50.19","5.00","2022-08-05 00:00:00","2026-04-27 19:22:25"
"1688","126","2024-01-16 19:11:02","57.24","0.00","2024-01-16 00:00:00","2026-04-27 19:22:25"
"1689","40","2025-06-09 07:01:42","233.47","0.00","2025-06-09 00:00:00","2026-04-27 19:22:25"
"1690","89","2024-03-30 10:02:01","241.44","0.00","2024-03-30 00:00:00","2026-04-27 19:22:25"
"1691","236","2024-04-16 08:00:12","345.88","0.00","2024-04-16 00:00:00","2026-04-27 19:22:25"
"1692","297","2025-09-23 14:19:12","107.46","0.00","2025-09-23 00:00:00","2026-04-27 19:22:25"
"1693","171","2025-09-21 16:55:46","77.79","0.00","2025-09-21 00:00:00","2026-04-27 19:22:25"
"1694","112","2020-04-16 12:04:31","52.40","0.00","2020-04-16 00:00:00","2026-04-27 19:22:25"
"1695","98","2025-03-03 14:56:26","50.40","0.00","2025-03-03 00:00:00","2026-04-27 19:22:25"
"1696","272","2025-06-28 14:09:26","40.18","10.00","2025-06-28 00:00:00","2026-04-27 19:22:25"
"1697","76","2023-11-16 09:31:24","63.50","0.00","2023-11-16 00:00:00","2026-04-27 19:22:25"
"1698","134","2025-09-15 11:07:20","131.92","0.00","2025-09-15 00:00:00","2026-04-27 19:22:25"
"1699","276","2025-10-08 15:37:34","79.89","0.00","2025-10-08 00:00:00","2026-04-27 19:22:25"
"1700","238","2023-12-22 07:11:27","147.23","0.00","2023-12-22 00:00:00","2026-04-27 19:22:25"
"1701","147","2025-08-11 09:20:22","165.87","0.00","2025-08-11 00:00:00","2026-04-27 19:22:25"
"1702","128","2023-04-03 08:19:48","350.11","0.00","2023-04-03 00:00:00","2026-04-27 19:22:25"
"1703","134","2022-06-11 16:17:28","79.37","0.00","2022-06-11 00:00:00","2026-04-27 19:22:25"
"1704","71","2025-07-07 18:00:26","48.12","10.00","2025-07-07 00:00:00","2026-04-27 19:22:25"
"1705","76","2025-10-10 14:56:14","116.83","0.00","2025-10-10 00:00:00","2026-04-27 19:22:25"
"1706","214","2025-06-23 11:28:01","143.99","0.00","2025-06-23 00:00:00","2026-04-27 19:22:25"
"1707","23","2025-12-30 09:25:22","230.22","0.00","2025-12-30 00:00:00","2026-04-27 19:22:25"
"1708","235","2024-08-09 05:08:23","19.56","10.00","2024-08-09 00:00:00","2026-04-27 19:22:25"
"1709","46","2025-09-27 12:42:50","128.67","0.00","2025-09-27 00:00:00","2026-04-27 19:22:25"
"1710","145","2025-06-30 18:11:16","82.07","0.00","2025-06-30 00:00:00","2026-04-27 19:22:25"
"1711","65","2025-09-30 07:11:01","51.26","5.00","2025-09-30 00:00:00","2026-04-27 19:22:25"
"1712","84","2024-11-27 14:38:55","112.38","0.00","2024-11-27 00:00:00","2026-04-27 19:22:25"
"1713","149","2026-03-29 01:10:21","304.54","0.00","2026-03-29 00:00:00","2026-04-27 19:22:25"
"1714","39","2022-06-27 15:48:19","52.22","0.00","2022-06-27 00:00:00","2026-04-27 19:22:25"
"1715","256","2023-11-10 11:58:30","278.48","0.00","2023-11-10 00:00:00","2026-04-27 19:22:25"
"1716","35","2024-05-05 09:05:35","162.78","0.00","2024-05-05 00:00:00","2026-04-27 19:22:25"
"1717","143","2023-04-04 07:24:55","222.52","0.00","2023-04-04 00:00:00","2026-04-27 19:22:25"
"1718","76","2024-02-19 19:46:00","182.47","0.00","2024-02-19 00:00:00","2026-04-27 19:22:25"
"1719","21","2026-02-12 07:10:47","128.14","0.00","2026-02-12 00:00:00","2026-04-27 19:22:25"
"1720","279","2025-10-21 18:51:46","93.21","0.00","2025-10-21 00:00:00","2026-04-27 19:22:25"
"1721","114","2023-06-17 10:35:40","66.56","0.00","2023-06-17 00:00:00","2026-04-27 19:22:25"
"1722","78","2026-03-28 19:54:44","19.74","10.00","2026-03-28 00:00:00","2026-04-27 19:22:25"
"1723","91","2025-09-25 09:41:52","13.88","10.00","2025-09-25 00:00:00","2026-04-27 19:22:25"
"1724","273","2024-07-08 17:03:58","252.46","0.00","2024-07-08 00:00:00","2026-04-27 19:22:25"
"1725","43","2021-11-06 07:28:56","59.19","5.00","2021-11-06 00:00:00","2026-04-27 19:22:25"
"1726","20","2022-06-25 14:28:01","33.83","10.00","2022-06-25 00:00:00","2026-04-27 19:22:25"
"1727","184","2026-03-31 08:11:16","120.05","0.00","2026-03-31 00:00:00","2026-04-27 19:22:25"
"1728","286","2023-03-04 09:17:47","132.21","0.00","2023-03-04 00:00:00","2026-04-27 19:22:25"
"1729","103","2023-05-15 12:55:47","28.94","5.00","2023-05-15 00:00:00","2026-04-27 19:22:25"
"1730","121","2025-11-05 17:16:58","9.75","25.00","2025-11-05 00:00:00","2026-04-27 19:22:25"
"1731","18","2024-05-24 12:56:07","97.06","0.00","2024-05-24 00:00:00","2026-04-27 19:22:25"
"1732","152","2022-12-10 07:55:39","149.80","0.00","2022-12-10 00:00:00","2026-04-27 19:22:25"
"1733","294","2023-12-09 14:59:26","182.40","0.00","2023-12-09 00:00:00","2026-04-27 19:22:25"
"1734","51","2026-01-25 19:10:53","18.20","10.00","2026-01-25 00:00:00","2026-04-27 19:22:25"
"1735","200","2026-04-11 08:48:52","30.30","10.00","2026-04-11 00:00:00","2026-04-27 19:22:25"
"1736","58","2024-01-15 08:06:23","105.98","0.00","2024-01-15 00:00:00","2026-04-27 19:22:25"
"1737","13","2025-12-29 06:52:29","138.76","0.00","2025-12-29 00:00:00","2026-04-27 19:22:25"
"1738","21","2026-02-20 07:05:19","347.56","0.00","2026-02-20 00:00:00","2026-04-27 19:22:25"
"1739","280","2025-06-22 16:26:06","165.24","0.00","2025-06-22 00:00:00","2026-04-27 19:22:25"
"1740","74","2022-05-23 10:20:37","69.94","0.00","2022-05-23 00:00:00","2026-04-27 19:22:25"
"1741","185","2026-04-11 15:29:47","154.27","0.00","2026-04-11 00:00:00","2026-04-27 19:22:25"
"1742","34","2025-04-01 10:56:29","343.13","0.00","2025-04-01 00:00:00","2026-04-27 19:22:25"
"1743","253","2024-09-19 09:10:56","116.47","0.00","2024-09-19 00:00:00","2026-04-27 19:22:25"
"1744","262","2024-06-29 10:51:04","5.96","10.00","2024-06-29 00:00:00","2026-04-27 19:22:25"
"1745","160","2023-08-24 09:21:26","57.75","5.00","2023-08-24 00:00:00","2026-04-27 19:22:25"
"1746","33","2026-03-31 13:27:08","152.05","0.00","2026-03-31 00:00:00","2026-04-27 19:22:25"
"1747","24","2022-12-11 13:31:39","20.54","10.00","2022-12-11 00:00:00","2026-04-27 19:22:25"
"1748","182","2022-10-03 09:13:56","169.71","0.00","2022-10-03 00:00:00","2026-04-27 19:22:25"
"1749","224","2025-12-14 12:17:39","180.07","0.00","2025-12-14 00:00:00","2026-04-27 19:22:25"
"1750","76","2025-03-19 10:49:07","49.16","5.00","2025-03-19 00:00:00","2026-04-27 19:22:25"
"1751","9","2025-12-10 13:21:43","0.00","0.00","2025-12-10 00:00:00","2026-04-27 19:22:25"
"1752","252","2025-04-27 14:32:28","196.27","0.00","2025-04-27 00:00:00","2026-04-27 19:22:25"
"1753","15","2026-01-12 08:06:32","377.95","0.00","2026-01-12 00:00:00","2026-04-27 19:22:25"
"1754","193","2024-10-20 13:43:28","219.46","0.00","2024-10-20 00:00:00","2026-04-27 19:22:25"
"1755","245","2025-11-17 14:51:49","65.39","0.00","2025-11-17 00:00:00","2026-04-27 19:22:25"
"1756","169","2025-12-17 13:11:48","439.53","0.00","2025-12-17 00:00:00","2026-04-27 19:22:25"
"1757","203","2024-08-12 17:36:39","120.39","0.00","2024-08-12 00:00:00","2026-04-27 19:22:25"
"1758","165","2025-07-25 15:05:55","132.03","0.00","2025-07-25 00:00:00","2026-04-27 19:22:25"
"1759","299","2024-04-03 17:51:03","130.81","0.00","2024-04-03 00:00:00","2026-04-27 19:22:25"
"1760","237","2026-03-30 07:19:10","122.14","0.00","2026-03-30 00:00:00","2026-04-27 19:22:25"
"1761","251","2026-03-17 01:12:19","100.16","0.00","2026-03-17 00:00:00","2026-04-27 19:22:25"
"1762","60","2025-10-22 11:47:25","298.10","0.00","2025-10-22 00:00:00","2026-04-27 19:22:25"
"1763","250","2021-08-26 08:09:03","195.53","0.00","2021-08-26 00:00:00","2026-04-27 19:22:25"
"1764","225","2025-06-17 02:03:07","205.42","0.00","2025-06-17 00:00:00","2026-04-27 19:22:25"
"1765","34","2026-01-27 16:57:55","92.10","0.00","2026-01-27 00:00:00","2026-04-27 19:22:25"
"1766","32","2023-10-22 02:10:42","17.02","25.00","2023-10-22 00:00:00","2026-04-27 19:22:25"
"1767","85","2025-08-30 19:44:49","135.46","0.00","2025-08-30 00:00:00","2026-04-27 19:22:25"
"1768","17","2026-01-21 09:52:49","141.14","0.00","2026-01-21 00:00:00","2026-04-27 19:22:25"
"1769","49","2022-09-01 18:01:29","66.10","0.00","2022-09-01 00:00:00","2026-04-27 19:22:25"
"1770","168","2026-03-23 13:28:25","66.09","0.00","2026-03-23 00:00:00","2026-04-27 19:22:25"
"1771","102","2019-11-17 09:19:32","51.47","5.00","2019-11-17 00:00:00","2026-04-27 19:22:25"
"1772","101","2025-02-19 07:45:11","66.44","0.00","2025-02-19 00:00:00","2026-04-27 19:22:25"
"1773","151","2023-11-26 02:05:22","41.75","5.00","2023-11-26 00:00:00","2026-04-27 19:22:25"
"1774","95","2023-10-27 05:25:33","0.00","0.00","2023-10-27 00:00:00","2026-04-27 19:22:25"
"1775","63","2024-07-01 10:44:26","40.90","5.00","2024-07-01 00:00:00","2026-04-27 19:22:25"
"1776","2","2024-07-18 16:23:53","37.81","10.00","2024-07-18 00:00:00","2026-04-27 19:22:25"
"1777","108","2026-03-31 19:41:38","89.53","0.00","2026-03-31 00:00:00","2026-04-27 19:22:25"
"1778","167","2024-01-27 18:50:38","140.50","0.00","2024-01-27 00:00:00","2026-04-27 19:22:25"
"1779","243","2025-04-29 08:56:58","19.78","25.00","2025-04-29 00:00:00","2026-04-27 19:22:25"
"1780","234","2026-03-07 15:32:01","167.62","0.00","2026-03-07 00:00:00","2026-04-27 19:22:25"
"1781","275","2022-09-30 13:25:59","128.97","0.00","2022-09-30 00:00:00","2026-04-27 19:22:25"
"1782","175","2024-08-13 07:10:34","387.13","0.00","2024-08-13 00:00:00","2026-04-27 19:22:25"
"1783","287","2021-07-15 10:15:07","8.74","25.00","2021-07-15 00:00:00","2026-04-27 19:22:25"
"1784","276","2026-03-09 07:56:59","264.74","0.00","2026-03-09 00:00:00","2026-04-27 19:22:25"
"1785","172","2025-09-18 16:46:01","377.64","0.00","2025-09-18 00:00:00","2026-04-27 19:22:25"
"1786","140","2026-04-15 08:18:59","85.82","0.00","2026-04-15 00:00:00","2026-04-27 19:22:25"
"1787","100","2022-05-18 12:14:20","211.64","0.00","2022-05-18 00:00:00","2026-04-27 19:22:25"
"1788","293","2022-07-10 05:14:44","87.80","0.00","2022-07-10 00:00:00","2026-04-27 19:22:25"
"1789","36","2026-03-25 07:07:00","20.48","10.00","2026-03-25 00:00:00","2026-04-27 19:22:25"
"1790","110","2025-10-04 07:13:48","268.59","0.00","2025-10-04 00:00:00","2026-04-27 19:22:25"
"1791","214","2023-09-25 14:06:13","167.33","0.00","2023-09-25 00:00:00","2026-04-27 19:22:25"
"1792","34","2025-04-01 08:37:12","100.64","0.00","2025-04-01 00:00:00","2026-04-27 19:22:25"
"1793","53","2024-12-24 11:25:34","72.09","5.00","2024-12-24 00:00:00","2026-04-27 19:22:25"
"1794","257","2025-09-15 07:43:03","185.03","0.00","2025-09-15 00:00:00","2026-04-27 19:22:25"
"1795","35","2023-12-23 12:02:26","31.81","10.00","2023-12-23 00:00:00","2026-04-27 19:22:25"
"1796","64","2025-07-24 19:25:23","137.47","0.00","2025-07-24 00:00:00","2026-04-27 19:22:25"
"1797","280","2025-05-08 08:44:51","4.50","25.00","2025-05-08 00:00:00","2026-04-27 19:22:25"
"1798","132","2021-06-07 16:00:09","215.90","0.00","2021-06-07 00:00:00","2026-04-27 19:22:25"
"1799","56","2025-03-26 07:22:17","147.23","0.00","2025-03-26 00:00:00","2026-04-27 19:22:25"
"1800","200","2025-09-25 19:46:56","155.28","0.00","2025-09-25 00:00:00","2026-04-27 19:22:25"
"1801","254","2021-04-28 19:36:16","141.25","0.00","2021-04-28 00:00:00","2026-04-27 19:22:25"
"1802","52","2025-10-17 18:29:00","86.46","0.00","2025-10-17 00:00:00","2026-04-27 19:22:25"
"1803","246","2023-03-14 19:49:21","241.29","0.00","2023-03-14 00:00:00","2026-04-27 19:22:25"
"1804","178","2023-02-18 14:11:42","234.20","0.00","2023-02-18 00:00:00","2026-04-27 19:22:25"
"1805","141","2023-10-12 07:43:34","186.46","0.00","2023-10-12 00:00:00","2026-04-27 19:22:25"
"1806","148","2025-05-06 07:33:31","102.65","0.00","2025-05-06 00:00:00","2026-04-27 19:22:25"
"1807","104","2026-03-15 07:45:55","148.79","0.00","2026-03-15 00:00:00","2026-04-27 19:22:25"
"1808","285","2025-07-28 18:04:58","43.45","5.00","2025-07-28 00:00:00","2026-04-27 19:22:25"
"1809","50","2024-02-25 07:01:56","110.83","0.00","2024-02-25 00:00:00","2026-04-27 19:22:25"
"1810","68","2026-02-21 08:24:57","65.83","5.00","2026-02-21 00:00:00","2026-04-27 19:22:25"
"1811","284","2025-01-12 18:39:42","202.05","0.00","2025-01-12 00:00:00","2026-04-27 19:22:25"
"1812","73","2023-01-17 16:37:09","90.88","0.00","2023-01-17 00:00:00","2026-04-27 19:22:25"
"1813","82","2026-04-05 08:49:16","186.99","0.00","2026-04-05 00:00:00","2026-04-27 19:22:25"
"1814","198","2026-01-05 04:39:16","192.67","0.00","2026-01-05 00:00:00","2026-04-27 19:22:25"
"1815","216","2024-05-03 11:23:39","34.16","5.00","2024-05-03 00:00:00","2026-04-27 19:22:25"
"1816","299","2022-11-02 15:19:03","64.65","0.00","2022-11-02 00:00:00","2026-04-27 19:22:25"
"1817","52","2025-07-31 13:49:05","84.06","0.00","2025-07-31 00:00:00","2026-04-27 19:22:25"
"1818","30","2025-08-19 07:25:01","80.08","0.00","2025-08-19 00:00:00","2026-04-27 19:22:25"
"1819","161","2025-04-28 03:19:16","177.04","0.00","2025-04-28 00:00:00","2026-04-27 19:22:25"
"1820","245","2025-12-15 11:21:28","139.56","0.00","2025-12-15 00:00:00","2026-04-27 19:22:25"
"1821","270","2025-03-28 12:16:35","154.45","0.00","2025-03-28 00:00:00","2026-04-27 19:22:25"
"1822","121","2021-10-12 19:15:27","114.00","0.00","2021-10-12 00:00:00","2026-04-27 19:22:25"
"1823","220","2024-04-15 12:28:44","144.88","0.00","2024-04-15 00:00:00","2026-04-27 19:22:25"
"1824","199","2024-05-21 11:52:57","34.77","5.00","2024-05-21 00:00:00","2026-04-27 19:22:25"
"1825","281","2025-11-07 11:00:39","254.78","0.00","2025-11-07 00:00:00","2026-04-27 19:22:25"
"1826","198","2025-09-09 14:15:03","276.76","0.00","2025-09-09 00:00:00","2026-04-27 19:22:25"
"1827","136","2026-03-31 14:35:38","237.31","0.00","2026-03-31 00:00:00","2026-04-27 19:22:25"
"1828","16","2026-04-12 11:31:11","106.36","0.00","2026-04-12 00:00:00","2026-04-27 19:22:25"
"1829","173","2026-03-10 12:02:33","154.17","0.00","2026-03-10 00:00:00","2026-04-27 19:22:25"
"1830","233","2025-03-04 08:37:28","246.76","0.00","2025-03-04 00:00:00","2026-04-27 19:22:25"
"1831","108","2026-03-23 11:04:58","102.16","0.00","2026-03-23 00:00:00","2026-04-27 19:22:25"
"1832","79","2026-02-03 09:41:14","168.02","0.00","2026-02-03 00:00:00","2026-04-27 19:22:25"
"1833","256","2022-05-01 10:38:10","46.16","10.00","2022-05-01 00:00:00","2026-04-27 19:22:25"
"1834","167","2024-11-20 09:45:17","113.33","0.00","2024-11-20 00:00:00","2026-04-27 19:22:25"
"1835","182","2025-02-05 10:40:15","89.26","0.00","2025-02-05 00:00:00","2026-04-27 19:22:25"
"1836","11","2025-09-06 15:49:32","0.00","0.00","2025-09-06 00:00:00","2026-04-27 19:22:25"
"1837","82","2026-02-18 16:22:58","123.76","0.00","2026-02-18 00:00:00","2026-04-27 19:22:25"
"1838","181","2025-09-19 03:31:09","80.44","0.00","2025-09-19 00:00:00","2026-04-27 19:22:25"
"1839","256","2025-08-09 15:03:40","181.94","0.00","2025-08-09 00:00:00","2026-04-27 19:22:25"
"1840","262","2024-08-23 10:32:38","231.75","0.00","2024-08-23 00:00:00","2026-04-27 19:22:25"
"1841","86","2025-12-09 17:11:41","61.49","5.00","2025-12-09 00:00:00","2026-04-27 19:22:25"
"1842","201","2026-02-04 08:23:03","15.39","25.00","2026-02-04 00:00:00","2026-04-27 19:22:25"
"1843","70","2025-12-29 15:07:04","19.84","10.00","2025-12-29 00:00:00","2026-04-27 19:22:25"
"1844","172","2024-05-07 19:48:04","146.00","0.00","2024-05-07 00:00:00","2026-04-27 19:22:25"
"1845","280","2025-11-08 09:46:13","39.70","10.00","2025-11-08 00:00:00","2026-04-27 19:22:25"
"1846","274","2022-01-18 08:51:05","19.44","10.00","2022-01-18 00:00:00","2026-04-27 19:22:25"
"1847","151","2023-07-11 07:13:42","109.35","0.00","2023-07-11 00:00:00","2026-04-27 19:22:25"
"1848","270","2024-10-19 09:44:22","97.76","0.00","2024-10-19 00:00:00","2026-04-27 19:22:25"
"1849","164","2026-03-01 00:07:34","33.99","5.00","2026-03-01 00:00:00","2026-04-27 19:22:25"
"1850","117","2024-03-05 17:23:37","18.08","10.00","2024-03-05 00:00:00","2026-04-27 19:22:25"
"1851","145","2024-08-12 07:19:25","190.12","0.00","2024-08-12 00:00:00","2026-04-27 19:22:25"
"1852","78","2026-01-11 15:06:58","80.58","0.00","2026-01-11 00:00:00","2026-04-27 19:22:25"
"1853","156","2024-07-06 17:05:15","22.77","10.00","2024-07-06 00:00:00","2026-04-27 19:22:25"
"1854","85","2025-08-18 12:23:07","85.40","0.00","2025-08-18 00:00:00","2026-04-27 19:22:25"
"1855","46","2026-02-09 17:37:46","108.78","0.00","2026-02-09 00:00:00","2026-04-27 19:22:25"
"1856","63","2025-12-01 18:00:32","54.07","0.00","2025-12-01 00:00:00","2026-04-27 19:22:25"
"1857","174","2026-02-15 05:40:14","171.60","0.00","2026-02-15 00:00:00","2026-04-27 19:22:25"
"1858","34","2026-01-09 10:48:52","154.66","0.00","2026-01-09 00:00:00","2026-04-27 19:22:25"
"1859","63","2024-05-18 01:58:18","122.34","0.00","2024-05-18 00:00:00","2026-04-27 19:22:25"
"1860","107","2025-06-20 08:12:49","59.11","0.00","2025-06-20 00:00:00","2026-04-27 19:22:25"
"1861","138","2021-10-12 11:02:51","75.94","0.00","2021-10-12 00:00:00","2026-04-27 19:22:25"
"1862","217","2025-08-04 11:21:18","289.15","0.00","2025-08-04 00:00:00","2026-04-27 19:22:25"
"1863","220","2023-12-12 13:25:02","240.61","0.00","2023-12-12 00:00:00","2026-04-27 19:22:25"
"1864","102","2022-07-30 08:15:54","46.62","10.00","2022-07-30 00:00:00","2026-04-27 19:22:25"
"1865","191","2026-01-26 07:12:07","30.96","5.00","2026-01-26 00:00:00","2026-04-27 19:22:25"
"1866","285","2024-03-28 07:24:39","141.14","0.00","2024-03-28 00:00:00","2026-04-27 19:22:25"
"1867","180","2026-02-13 15:34:06","168.61","0.00","2026-02-13 00:00:00","2026-04-27 19:22:25"
"1868","243","2025-12-10 08:44:45","14.37","25.00","2025-12-10 00:00:00","2026-04-27 19:22:25"
"1869","60","2025-12-25 14:41:03","142.81","0.00","2025-12-25 00:00:00","2026-04-27 19:22:25"
"1870","271","2022-06-25 18:37:34","69.70","0.00","2022-06-25 00:00:00","2026-04-27 19:22:25"
"1871","152","2025-12-01 14:59:42","220.37","0.00","2025-12-01 00:00:00","2026-04-27 19:22:25"
"1872","139","2026-02-26 18:21:19","143.03","0.00","2026-02-26 00:00:00","2026-04-27 19:22:25"
"1873","33","2026-03-27 18:32:10","98.17","0.00","2026-03-27 00:00:00","2026-04-27 19:22:25"
"1874","189","2026-02-12 15:05:51","73.94","5.00","2026-02-12 00:00:00","2026-04-27 19:22:25"
"1875","123","2022-01-26 07:48:03","102.92","0.00","2022-01-26 00:00:00","2026-04-27 19:22:25"
"1876","145","2024-08-21 09:23:09","131.12","0.00","2024-08-21 00:00:00","2026-04-27 19:22:25"
"1877","99","2026-03-18 07:33:35","31.90","10.00","2026-03-18 00:00:00","2026-04-27 19:22:25"
"1878","290","2022-09-14 16:14:20","175.06","0.00","2022-09-14 00:00:00","2026-04-27 19:22:25"
"1879","108","2026-03-16 10:06:26","237.49","0.00","2026-03-16 00:00:00","2026-04-27 19:22:25"
"1880","176","2026-02-03 09:52:50","150.91","0.00","2026-02-03 00:00:00","2026-04-27 19:22:25"
"1881","7","2024-08-20 07:32:50","277.50","0.00","2024-08-20 00:00:00","2026-04-27 19:22:25"
"1882","244","2026-02-16 13:12:53","8.19","10.00","2026-02-16 00:00:00","2026-04-27 19:22:25"
"1883","51","2025-08-16 07:08:16","159.09","0.00","2025-08-16 00:00:00","2026-04-27 19:22:25"
"1884","258","2025-04-27 06:36:21","26.16","5.00","2025-04-27 00:00:00","2026-04-27 19:22:25"
"1885","268","2025-12-20 08:37:34","70.77","5.00","2025-12-20 00:00:00","2026-04-27 19:22:25"
"1886","214","2024-01-14 08:17:56","154.22","0.00","2024-01-14 00:00:00","2026-04-27 19:22:25"
"1887","166","2024-01-25 09:54:21","93.05","0.00","2024-01-25 00:00:00","2026-04-27 19:22:25"
"1888","293","2023-06-21 14:51:57","120.79","0.00","2023-06-21 00:00:00","2026-04-27 19:22:25"
"1889","225","2026-03-04 14:18:16","0.00","0.00","2026-03-04 00:00:00","2026-04-27 19:22:25"
"1890","45","2023-03-05 13:19:37","66.88","0.00","2023-03-05 00:00:00","2026-04-27 19:22:25"
"1891","153","2021-10-18 11:59:37","49.75","10.00","2021-10-18 00:00:00","2026-04-27 19:22:25"
"1892","28","2024-01-17 16:03:15","234.78","0.00","2024-01-17 00:00:00","2026-04-27 19:22:25"
"1893","49","2023-04-20 18:56:06","82.51","0.00","2023-04-20 00:00:00","2026-04-27 19:22:25"
"1894","259","2025-08-31 09:42:56","148.39","0.00","2025-08-31 00:00:00","2026-04-27 19:22:25"
"1895","190","2026-01-08 11:51:55","63.34","5.00","2026-01-08 00:00:00","2026-04-27 19:22:25"
"1896","250","2021-10-05 13:41:24","128.54","0.00","2021-10-05 00:00:00","2026-04-27 19:22:25"
"1897","165","2024-08-20 07:25:59","105.01","0.00","2024-08-20 00:00:00","2026-04-27 19:22:25"
"1898","66","2025-09-25 07:46:09","110.00","0.00","2025-09-25 00:00:00","2026-04-27 19:22:25"
"1899","165","2025-12-11 19:23:00","116.37","0.00","2025-12-11 00:00:00","2026-04-27 19:22:25"
"1900","129","2025-07-02 08:36:58","72.63","0.00","2025-07-02 00:00:00","2026-04-27 19:22:25"
"1901","5","2025-12-09 11:46:20","72.45","5.00","2025-12-09 00:00:00","2026-04-27 19:22:25"
"1902","275","2022-08-18 11:34:19","0.00","0.00","2022-08-18 00:00:00","2026-04-27 19:22:25"
"1903","236","2025-08-26 08:54:13","170.97","0.00","2025-08-26 00:00:00","2026-04-27 19:22:25"
"1904","161","2024-03-06 15:21:08","219.65","0.00","2024-03-06 00:00:00","2026-04-27 19:22:25"
"1905","289","2025-02-11 03:41:03","124.70","0.00","2025-02-11 00:00:00","2026-04-27 19:22:25"
"1906","223","2024-10-22 17:20:20","25.60","5.00","2024-10-22 00:00:00","2026-04-27 19:22:25"
"1907","74","2023-08-07 09:10:30","333.42","0.00","2023-08-07 00:00:00","2026-04-27 19:22:25"
"1908","237","2026-03-22 08:23:52","84.29","0.00","2026-03-22 00:00:00","2026-04-27 19:22:25"
"1909","64","2025-06-27 14:35:37","36.38","5.00","2025-06-27 00:00:00","2026-04-27 19:22:25"
"1910","6","2022-10-24 18:01:41","75.10","0.00","2022-10-24 00:00:00","2026-04-27 19:22:25"
"1911","8","2026-02-05 17:40:05","110.50","0.00","2026-02-05 00:00:00","2026-04-27 19:22:25"
"1912","286","2024-04-25 18:10:12","109.49","0.00","2024-04-25 00:00:00","2026-04-27 19:22:25"
"1913","110","2025-11-07 19:20:43","139.27","0.00","2025-11-07 00:00:00","2026-04-27 19:22:25"
"1914","127","2026-03-04 07:46:23","129.60","0.00","2026-03-04 00:00:00","2026-04-27 19:22:25"
"1915","103","2023-12-25 08:31:25","171.58","0.00","2023-12-25 00:00:00","2026-04-27 19:22:25"
"1916","115","2024-02-20 14:38:49","79.89","0.00","2024-02-20 00:00:00","2026-04-27 19:22:25"
"1917","210","2024-11-20 16:26:22","8.84","25.00","2024-11-20 00:00:00","2026-04-27 19:22:25"
"1918","13","2022-08-16 15:04:45","89.49","0.00","2022-08-16 00:00:00","2026-04-27 19:22:25"
"1919","55","2024-12-15 16:23:03","66.28","5.00","2024-12-15 00:00:00","2026-04-27 19:22:25"
"1920","13","2024-03-01 14:48:44","44.78","10.00","2024-03-01 00:00:00","2026-04-27 19:22:25"
"1921","49","2023-04-29 12:10:13","203.96","0.00","2023-04-29 00:00:00","2026-04-27 19:22:25"
"1922","134","2024-12-25 09:08:25","134.56","0.00","2024-12-25 00:00:00","2026-04-27 19:22:25"
"1923","195","2025-11-13 09:17:25","46.42","10.00","2025-11-13 00:00:00","2026-04-27 19:22:25"
"1924","192","2025-11-16 18:22:27","139.04","0.00","2025-11-16 00:00:00","2026-04-27 19:22:25"
"1925","114","2023-02-01 14:42:15","64.31","0.00","2023-02-01 00:00:00","2026-04-27 19:22:25"
"1926","269","2023-08-11 18:05:46","71.66","5.00","2023-08-11 00:00:00","2026-04-27 19:22:25"
"1927","13","2023-01-01 09:25:57","272.79","0.00","2023-01-01 00:00:00","2026-04-27 19:22:25"
"1928","139","2026-04-07 19:00:11","187.72","0.00","2026-04-07 00:00:00","2026-04-27 19:22:25"
"1929","213","2025-01-20 07:49:11","130.19","0.00","2025-01-20 00:00:00","2026-04-27 19:22:25"
"1930","42","2025-02-25 19:13:16","213.03","0.00","2025-02-25 00:00:00","2026-04-27 19:22:25"
"1931","146","2021-10-22 08:17:58","130.51","0.00","2021-10-22 00:00:00","2026-04-27 19:22:25"
"1932","297","2025-09-30 05:02:55","154.00","0.00","2025-09-30 00:00:00","2026-04-27 19:22:25"
"1933","223","2023-12-15 17:16:04","308.38","0.00","2023-12-15 00:00:00","2026-04-27 19:22:25"
"1934","139","2026-04-13 14:45:24","0.00","0.00","2026-04-13 00:00:00","2026-04-27 19:22:25"
"1935","255","2024-10-18 08:50:31","141.42","0.00","2024-10-18 00:00:00","2026-04-27 19:22:25"
"1936","163","2025-09-25 18:55:05","247.32","0.00","2025-09-25 00:00:00","2026-04-27 19:22:25"
"1937","133","2025-11-01 07:44:23","232.40","0.00","2025-11-01 00:00:00","2026-04-27 19:22:25"
"1938","37","2024-12-01 08:35:50","74.40","5.00","2024-12-01 00:00:00","2026-04-27 19:22:25"
"1939","193","2025-12-07 17:16:12","188.68","0.00","2025-12-07 00:00:00","2026-04-27 19:22:25"
"1940","168","2025-07-24 14:27:02","13.22","10.00","2025-07-24 00:00:00","2026-04-27 19:22:25"
"1941","63","2024-11-27 09:37:50","53.72","0.00","2024-11-27 00:00:00","2026-04-27 19:22:25"
"1942","255","2024-08-29 13:30:33","51.20","0.00","2024-08-29 00:00:00","2026-04-27 19:22:25"
"1943","245","2025-11-04 15:59:22","49.10","5.00","2025-11-04 00:00:00","2026-04-27 19:22:25"
"1944","86","2022-10-23 09:38:15","95.42","0.00","2022-10-23 00:00:00","2026-04-27 19:22:25"
"1945","70","2025-09-02 10:11:47","149.09","0.00","2025-09-02 00:00:00","2026-04-27 19:22:25"
"1946","49","2022-12-10 15:32:07","70.08","0.00","2022-12-10 00:00:00","2026-04-27 19:22:25"
"1947","56","2025-01-19 07:02:24","88.16","0.00","2025-01-19 00:00:00","2026-04-27 19:22:25"
"1948","289","2025-09-16 08:56:08","66.62","0.00","2025-09-16 00:00:00","2026-04-27 19:22:25"
"1949","256","2023-11-17 00:34:37","130.90","0.00","2023-11-17 00:00:00","2026-04-27 19:22:25"
"1950","35","2025-03-20 11:32:16","8.32","25.00","2025-03-20 00:00:00","2026-04-27 19:22:25"
"1951","160","2025-04-26 00:56:25","102.48","0.00","2025-04-26 00:00:00","2026-04-27 19:22:25"
"1952","43","2024-06-17 10:22:47","202.08","0.00","2024-06-17 00:00:00","2026-04-27 19:22:25"
"1953","172","2025-09-02 08:14:37","160.34","0.00","2025-09-02 00:00:00","2026-04-27 19:22:25"
"1954","74","2023-08-05 10:59:52","116.18","0.00","2023-08-05 00:00:00","2026-04-27 19:22:25"
"1955","249","2025-07-06 14:56:23","28.98","5.00","2025-07-06 00:00:00","2026-04-27 19:22:25"
"1956","187","2022-10-19 14:01:42","136.82","0.00","2022-10-19 00:00:00","2026-04-27 19:22:25"
"1957","39","2022-11-17 10:59:47","57.25","0.00","2022-11-17 00:00:00","2026-04-27 19:22:25"
"1958","1","2024-10-14 16:04:30","0.00","0.00","2024-10-14 00:00:00","2026-04-27 19:22:25"
"1959","44","2026-03-28 12:12:16","160.33","0.00","2026-03-28 00:00:00","2026-04-27 19:22:25"
"1960","26","2024-04-25 09:42:16","77.50","0.00","2024-04-25 00:00:00","2026-04-27 19:22:25"
"1961","3","2025-12-31 15:54:54","87.09","0.00","2025-12-31 00:00:00","2026-04-27 19:22:25"
"1962","58","2024-10-25 09:39:50","125.42","0.00","2024-10-25 00:00:00","2026-04-27 19:22:25"
"1963","266","2026-04-12 16:28:26","170.23","0.00","2026-04-12 00:00:00","2026-04-27 19:22:25"
"1964","23","2026-01-06 07:55:59","116.69","0.00","2026-01-06 00:00:00","2026-04-27 19:22:25"
"1965","41","2021-02-16 17:11:46","120.78","0.00","2021-02-16 00:00:00","2026-04-27 19:22:25"
"1966","285","2026-02-10 11:57:18","39.94","5.00","2026-02-10 00:00:00","2026-04-27 19:22:25"
"1967","108","2026-04-02 07:16:00","70.59","0.00","2026-04-02 00:00:00","2026-04-27 19:22:25"
"1968","138","2021-06-06 11:02:45","139.52","0.00","2021-06-06 00:00:00","2026-04-27 19:22:25"
"1969","291","2025-01-31 08:43:44","172.49","0.00","2025-01-31 00:00:00","2026-04-27 19:22:25"
"1970","58","2024-01-16 14:38:53","151.51","0.00","2024-01-16 00:00:00","2026-04-27 19:22:25"
"1971","34","2025-11-27 18:33:20","215.46","0.00","2025-11-27 00:00:00","2026-04-27 19:22:25"
"1972","25","2024-11-28 13:26:10","86.64","0.00","2024-11-28 00:00:00","2026-04-27 19:22:25"
"1973","84","2025-08-06 13:08:36","64.90","0.00","2025-08-06 00:00:00","2026-04-27 19:22:25"
"1974","96","2026-02-19 11:47:36","274.61","0.00","2026-02-19 00:00:00","2026-04-27 19:22:25"
"1975","116","2025-11-01 07:49:38","189.00","0.00","2025-11-01 00:00:00","2026-04-27 19:22:25"
"1976","103","2023-12-11 08:24:28","155.93","0.00","2023-12-11 00:00:00","2026-04-27 19:22:25"
"1977","122","2026-01-07 12:49:25","143.97","0.00","2026-01-07 00:00:00","2026-04-27 19:22:25"
"1978","179","2025-12-10 17:51:06","21.51","10.00","2025-12-10 00:00:00","2026-04-27 19:22:25"
"1979","285","2024-09-18 09:35:09","218.57","0.00","2024-09-18 00:00:00","2026-04-27 19:22:25"
"1980","161","2025-03-29 17:43:16","213.35","0.00","2025-03-29 00:00:00","2026-04-27 19:22:25"
"1981","72","2025-10-20 12:46:59","33.58","5.00","2025-10-20 00:00:00","2026-04-27 19:22:25"
"1982","50","2025-01-20 09:20:30","134.89","0.00","2025-01-20 00:00:00","2026-04-27 19:22:25"
"1983","191","2026-03-06 18:59:16","243.93","0.00","2026-03-06 00:00:00","2026-04-27 19:22:25"
"1984","218","2025-09-24 13:32:36","233.01","0.00","2025-09-24 00:00:00","2026-04-27 19:22:25"
"1985","272","2025-07-12 12:01:21","280.91","0.00","2025-07-12 00:00:00","2026-04-27 19:22:25"
"1986","274","2023-04-12 09:44:43","19.66","10.00","2023-04-12 00:00:00","2026-04-27 19:22:25"
"1987","96","2024-07-13 17:46:29","106.83","0.00","2024-07-13 00:00:00","2026-04-27 19:22:25"
"1988","262","2023-04-17 11:26:41","183.96","0.00","2023-04-17 00:00:00","2026-04-27 19:22:25"
"1989","145","2025-09-06 17:19:18","104.05","0.00","2025-09-06 00:00:00","2026-04-27 19:22:25"
"1990","173","2025-09-15 10:17:24","38.17","5.00","2025-09-15 00:00:00","2026-04-27 19:22:25"
"1991","67","2025-12-13 17:01:58","89.05","0.00","2025-12-13 00:00:00","2026-04-27 19:22:25"
"1992","42","2024-04-03 09:33:37","84.77","0.00","2024-04-03 00:00:00","2026-04-27 19:22:25"
"1993","286","2023-12-15 12:10:01","144.66","0.00","2023-12-15 00:00:00","2026-04-27 19:22:25"
"1994","210","2024-11-08 17:00:51","41.62","10.00","2024-11-08 00:00:00","2026-04-27 19:22:25"
"1995","63","2026-01-17 17:00:44","176.82","0.00","2026-01-17 00:00:00","2026-04-27 19:22:25"
"1996","288","2025-04-29 09:19:39","109.20","0.00","2025-04-29 00:00:00","2026-04-27 19:22:25"
"1997","258","2025-05-24 14:24:43","137.71","0.00","2025-05-24 00:00:00","2026-04-27 19:22:25"
"1998","73","2025-05-30 16:09:50","66.75","0.00","2025-05-30 00:00:00","2026-04-27 19:22:25"
"1999","238","2023-01-15 07:43:03","77.77","0.00","2023-01-15 00:00:00","2026-04-27 19:22:25"
"2000","249","2025-01-31 13:33:40","87.35","0.00","2025-01-31 00:00:00","2026-04-27 19:22:25"
"2001","200","2025-07-20 08:58:18","76.13","0.00","2025-07-20 00:00:00","2026-04-27 19:22:25"
"2002","208","2025-09-18 07:24:23","64.66","5.00","2025-09-18 00:00:00","2026-04-27 19:22:25"
"2003","292","2024-09-18 09:41:41","70.34","0.00","2024-09-18 00:00:00","2026-04-27 19:22:25"
"2004","47","2023-09-25 17:51:55","129.98","0.00","2023-09-25 00:00:00","2026-04-27 19:22:25"
"2005","45","2022-06-27 13:47:51","216.98","0.00","2022-06-27 00:00:00","2026-04-27 19:22:25"
"2006","294","2024-02-25 08:18:51","156.77","0.00","2024-02-25 00:00:00","2026-04-27 19:22:25"
"2007","265","2026-02-11 12:58:14","96.62","0.00","2026-02-11 00:00:00","2026-04-27 19:22:25"
"2008","132","2020-12-21 18:11:28","64.76","0.00","2020-12-21 00:00:00","2026-04-27 19:22:25"
"2009","141","2025-01-06 07:14:45","62.15","0.00","2025-01-06 00:00:00","2026-04-27 19:22:25"
"2010","280","2024-11-30 11:41:52","41.88","10.00","2024-11-30 00:00:00","2026-04-27 19:22:25"
"2011","6","2023-06-27 18:18:00","38.25","5.00","2023-06-27 00:00:00","2026-04-27 19:22:25"
"2012","112","2025-06-06 17:17:11","22.18","10.00","2025-06-06 00:00:00","2026-04-27 19:22:25"
"2013","294","2024-04-27 19:16:36","232.17","0.00","2024-04-27 00:00:00","2026-04-27 19:22:25"
"2014","111","2024-10-21 13:05:22","131.02","0.00","2024-10-21 00:00:00","2026-04-27 19:22:25"
"2015","126","2022-11-25 00:15:09","195.09","0.00","2022-11-25 00:00:00","2026-04-27 19:22:25"
"2016","261","2024-05-26 15:50:30","57.60","0.00","2024-05-26 00:00:00","2026-04-27 19:22:25"
"2017","129","2023-02-06 07:08:27","47.88","5.00","2023-02-06 00:00:00","2026-04-27 19:22:25"
"2018","141","2024-10-27 07:57:31","35.13","5.00","2024-10-27 00:00:00","2026-04-27 19:22:25"
"2019","213","2025-09-01 08:32:33","189.17","0.00","2025-09-01 00:00:00","2026-04-27 19:22:25"
"2020","124","2024-12-05 12:36:19","49.70","5.00","2024-12-05 00:00:00","2026-04-27 19:22:25"
"2021","201","2026-01-10 03:26:50","159.92","0.00","2026-01-10 00:00:00","2026-04-27 19:22:25"
"2022","187","2022-09-11 09:32:57","13.36","25.00","2022-09-11 00:00:00","2026-04-27 19:22:25"
"2023","149","2026-03-27 18:38:47","198.22","0.00","2026-03-27 00:00:00","2026-04-27 19:22:25"
"2024","103","2023-12-19 18:06:00","55.10","0.00","2023-12-19 00:00:00","2026-04-27 19:22:25"
"2025","222","2025-08-03 08:39:58","109.85","0.00","2025-08-03 00:00:00","2026-04-27 19:22:25"
"2026","217","2022-12-07 08:38:37","19.24","10.00","2022-12-07 00:00:00","2026-04-27 19:22:25"
"2027","211","2025-02-02 11:56:24","4.47","25.00","2025-02-02 00:00:00","2026-04-27 19:22:25"
"2028","289","2025-11-07 17:11:43","36.96","5.00","2025-11-07 00:00:00","2026-04-27 19:22:25"
"2029","69","2024-02-14 10:06:24","10.72","10.00","2024-02-14 00:00:00","2026-04-27 19:22:25"
"2030","139","2026-03-03 07:17:49","31.09","5.00","2026-03-03 00:00:00","2026-04-27 19:22:25"
"2031","220","2025-10-28 18:26:41","21.48","10.00","2025-10-28 00:00:00","2026-04-27 19:22:25"
"2032","60","2025-08-15 15:19:00","10.01","10.00","2025-08-15 00:00:00","2026-04-27 19:22:25"
"2033","230","2022-09-14 12:07:52","210.78","0.00","2022-09-14 00:00:00","2026-04-27 19:22:25"
"2034","129","2026-04-01 07:04:57","323.85","0.00","2026-04-01 00:00:00","2026-04-27 19:22:25"
"2035","255","2024-07-06 10:29:17","300.70","0.00","2024-07-06 00:00:00","2026-04-27 19:22:25"
"2036","189","2026-02-17 08:59:38","88.22","0.00","2026-02-17 00:00:00","2026-04-27 19:22:25"
"2037","18","2024-07-17 10:49:54","47.40","5.00","2024-07-17 00:00:00","2026-04-27 19:22:25"
"2038","12","2024-12-30 13:53:17","222.63","0.00","2024-12-30 00:00:00","2026-04-27 19:22:25"
"2039","20","2021-12-07 08:34:36","33.40","10.00","2021-12-07 00:00:00","2026-04-27 19:22:25"
"2040","249","2025-04-30 17:47:41","61.79","0.00","2025-04-30 00:00:00","2026-04-27 19:22:25"
"2041","72","2025-01-15 15:22:13","142.24","0.00","2025-01-15 00:00:00","2026-04-27 19:22:25"
"2042","196","2026-01-22 14:58:38","43.23","5.00","2026-01-22 00:00:00","2026-04-27 19:22:25"
"2043","242","2023-06-07 16:13:13","205.04","0.00","2023-06-07 00:00:00","2026-04-27 19:22:25"
"2044","123","2025-05-26 14:08:14","188.25","0.00","2025-05-26 00:00:00","2026-04-27 19:22:25"
"2045","189","2025-12-09 07:11:43","23.82","25.00","2025-12-09 00:00:00","2026-04-27 19:22:25"
"2046","53","2025-07-10 11:38:40","60.65","5.00","2025-07-10 00:00:00","2026-04-27 19:22:25"
"2047","145","2025-12-27 11:25:42","120.55","0.00","2025-12-27 00:00:00","2026-04-27 19:22:25"
"2048","126","2023-08-17 11:00:34","346.20","0.00","2023-08-17 00:00:00","2026-04-27 19:22:25"
"2049","190","2026-03-04 09:16:31","76.22","0.00","2026-03-04 00:00:00","2026-04-27 19:22:25"
"2050","213","2026-04-07 08:27:46","72.69","0.00","2026-04-07 00:00:00","2026-04-27 19:22:25"
"2051","205","2023-03-21 19:31:42","9.17","10.00","2023-03-21 00:00:00","2026-04-27 19:22:25"
"2052","151","2023-08-15 08:49:24","70.17","0.00","2023-08-15 00:00:00","2026-04-27 19:22:25"
"2053","225","2025-11-08 15:58:17","11.42","10.00","2025-11-08 00:00:00","2026-04-27 19:22:25"
"2054","286","2024-09-13 17:11:43","225.11","0.00","2024-09-13 00:00:00","2026-04-27 19:22:25"
"2055","80","2025-07-25 10:16:07","270.86","0.00","2025-07-25 00:00:00","2026-04-27 19:22:25"
"2056","236","2024-02-25 08:04:20","269.02","0.00","2024-02-25 00:00:00","2026-04-27 19:22:25"
"2057","16","2026-04-13 15:04:48","26.85","10.00","2026-04-13 00:00:00","2026-04-27 19:22:25"
"2058","137","2026-04-10 07:36:33","9.84","10.00","2026-04-10 00:00:00","2026-04-27 19:22:25"
"2059","34","2025-09-02 13:32:46","41.05","5.00","2025-09-02 00:00:00","2026-04-27 19:22:25"
"2060","298","2026-02-09 17:17:06","117.64","0.00","2026-02-09 00:00:00","2026-04-27 19:22:25"
"2061","30","2025-05-04 02:20:34","51.36","5.00","2025-05-04 00:00:00","2026-04-27 19:22:25"
"2062","86","2026-04-15 07:49:54","124.18","0.00","2026-04-15 00:00:00","2026-04-27 19:22:25"
"2063","88","2026-03-22 15:46:06","93.58","0.00","2026-03-22 00:00:00","2026-04-27 19:22:25"
"2064","19","2025-08-29 16:28:33","182.81","0.00","2025-08-29 00:00:00","2026-04-27 19:22:25"
"2065","108","2026-04-15 10:12:53","108.03","0.00","2026-04-15 00:00:00","2026-04-27 19:22:25"
"2066","198","2025-03-28 08:06:25","109.86","0.00","2025-03-28 00:00:00","2026-04-27 19:22:25"
"2067","248","2026-04-11 08:23:15","192.01","0.00","2026-04-11 00:00:00","2026-04-27 19:22:25"
"2068","190","2026-02-12 18:44:15","9.99","25.00","2026-02-12 00:00:00","2026-04-27 19:22:25"
"2069","265","2025-10-17 14:17:57","122.71","0.00","2025-10-17 00:00:00","2026-04-27 19:22:25"
"2070","28","2023-12-30 04:23:06","59.08","0.00","2023-12-30 00:00:00","2026-04-27 19:22:25"
"2071","108","2026-04-09 14:09:28","81.70","0.00","2026-04-09 00:00:00","2026-04-27 19:22:25"
"2072","286","2022-12-24 09:24:06","74.67","0.00","2022-12-24 00:00:00","2026-04-27 19:22:25"
"2073","231","2025-05-23 14:17:01","204.78","0.00","2025-05-23 00:00:00","2026-04-27 19:22:25"
"2074","257","2025-03-26 11:51:56","48.04","10.00","2025-03-26 00:00:00","2026-04-27 19:22:25"
"2075","170","2025-05-04 19:08:57","270.75","0.00","2025-05-04 00:00:00","2026-04-27 19:22:25"
"2076","229","2026-04-15 18:02:45","77.59","0.00","2026-04-15 00:00:00","2026-04-27 19:22:25"
"2077","298","2025-11-13 07:37:44","172.45","0.00","2025-11-13 00:00:00","2026-04-27 19:22:25"
"2078","249","2025-03-30 02:58:41","241.80","0.00","2025-03-30 00:00:00","2026-04-27 19:22:25"
"2079","165","2025-03-27 16:34:58","57.40","0.00","2025-03-27 00:00:00","2026-04-27 19:22:25"
"2080","249","2025-06-27 16:47:06","34.84","5.00","2025-06-27 00:00:00","2026-04-27 19:22:25"
"2081","247","2025-06-08 14:38:56","87.06","0.00","2025-06-08 00:00:00","2026-04-27 19:22:25"
"2082","39","2023-08-13 09:04:52","284.30","0.00","2023-08-13 00:00:00","2026-04-27 19:22:25"
"2083","271","2021-09-16 10:58:36","32.53","5.00","2021-09-16 00:00:00","2026-04-27 19:22:25"
"2084","247","2025-12-28 18:58:13","160.68","0.00","2025-12-28 00:00:00","2026-04-27 19:22:25"
"2085","51","2025-12-04 14:42:07","23.50","10.00","2025-12-04 00:00:00","2026-04-27 19:22:25"
"2086","280","2025-01-28 10:47:48","30.30","10.00","2025-01-28 00:00:00","2026-04-27 19:22:25"
"2087","92","2025-08-28 07:31:59","55.78","5.00","2025-08-28 00:00:00","2026-04-27 19:22:25"
"2088","20","2021-09-10 11:34:21","110.00","0.00","2021-09-10 00:00:00","2026-04-27 19:22:25"
"2089","26","2022-07-14 12:14:17","232.10","0.00","2022-07-14 00:00:00","2026-04-27 19:22:25"
"2090","108","2026-04-07 03:43:04","19.05","10.00","2026-04-07 00:00:00","2026-04-27 19:22:25"
"2091","64","2025-06-22 17:06:18","96.66","0.00","2025-06-22 00:00:00","2026-04-27 19:22:25"
"2092","111","2025-11-17 11:09:19","32.92","10.00","2025-11-17 00:00:00","2026-04-27 19:22:25"
"2093","180","2026-02-20 16:55:36","218.02","0.00","2026-02-20 00:00:00","2026-04-27 19:22:25"
"2094","106","2022-11-17 17:43:27","194.73","0.00","2022-11-17 00:00:00","2026-04-27 19:22:25"
"2095","288","2025-10-04 19:33:55","177.28","0.00","2025-10-04 00:00:00","2026-04-27 19:22:25"
"2096","208","2021-09-03 08:39:30","304.90","0.00","2021-09-03 00:00:00","2026-04-27 19:22:25"
"2097","94","2024-08-07 11:10:26","51.36","5.00","2024-08-07 00:00:00","2026-04-27 19:22:25"
"2098","279","2026-01-14 05:50:02","30.00","10.00","2026-01-14 00:00:00","2026-04-27 19:22:25"
"2099","2","2023-06-24 08:38:27","21.43","25.00","2023-06-24 00:00:00","2026-04-27 19:22:25"
"2100","92","2025-10-08 12:16:37","53.67","5.00","2025-10-08 00:00:00","2026-04-27 19:22:25"
"2101","182","2023-08-09 16:21:49","267.59","0.00","2023-08-09 00:00:00","2026-04-27 19:22:25"
"2102","71","2026-02-14 18:12:23","86.29","0.00","2026-02-14 00:00:00","2026-04-27 19:22:25"
"2103","287","2022-02-22 14:25:39","40.66","10.00","2022-02-22 00:00:00","2026-04-27 19:22:25"
"2104","186","2026-04-07 11:29:08","101.63","0.00","2026-04-07 00:00:00","2026-04-27 19:22:25"
"2105","235","2025-02-05 18:20:15","24.87","10.00","2025-02-05 00:00:00","2026-04-27 19:22:25"
"2106","40","2025-10-27 14:41:00","31.40","5.00","2025-10-27 00:00:00","2026-04-27 19:22:25"
"2107","91","2024-01-12 03:38:48","19.74","10.00","2024-01-12 00:00:00","2026-04-27 19:22:25"
"2108","171","2025-09-27 11:12:43","221.00","0.00","2025-09-27 00:00:00","2026-04-27 19:22:25"
"2109","39","2022-09-03 19:50:13","39.24","5.00","2022-09-03 00:00:00","2026-04-27 19:22:25"
"2110","282","2025-12-02 12:42:38","77.71","0.00","2025-12-02 00:00:00","2026-04-27 19:22:25"
"2111","113","2026-02-24 15:16:49","46.35","10.00","2026-02-24 00:00:00","2026-04-27 19:22:25"
"2112","182","2024-01-08 12:06:49","8.34","10.00","2024-01-08 00:00:00","2026-04-27 19:22:25"
"2113","292","2025-07-16 08:13:17","30.24","5.00","2025-07-16 00:00:00","2026-04-27 19:22:25"
"2114","254","2023-09-07 07:03:23","248.91","0.00","2023-09-07 00:00:00","2026-04-27 19:22:25"
"2115","166","2024-01-01 07:37:42","125.62","0.00","2024-01-01 00:00:00","2026-04-27 19:22:25"
"2116","9","2026-03-08 08:25:28","17.74","10.00","2026-03-08 00:00:00","2026-04-27 19:22:25"
"2117","182","2025-08-04 12:50:27","14.45","10.00","2025-08-04 00:00:00","2026-04-27 19:22:25"
"2118","281","2023-12-19 07:24:28","91.61","0.00","2023-12-19 00:00:00","2026-04-27 19:22:25"
"2119","193","2024-03-01 12:01:14","84.30","0.00","2024-03-01 00:00:00","2026-04-27 19:22:25"
"2120","177","2025-11-15 19:10:08","74.18","0.00","2025-11-15 00:00:00","2026-04-27 19:22:25"
"2121","289","2024-09-22 14:44:22","94.89","0.00","2024-09-22 00:00:00","2026-04-27 19:22:25"
"2122","139","2025-03-18 07:26:17","228.79","0.00","2025-03-18 00:00:00","2026-04-27 19:22:25"
"2123","269","2024-11-04 17:21:34","312.14","0.00","2024-11-04 00:00:00","2026-04-27 19:22:25"
"2124","57","2026-03-10 09:18:06","114.11","0.00","2026-03-10 00:00:00","2026-04-27 19:22:25"
"2125","204","2025-05-23 16:41:19","174.79","0.00","2025-05-23 00:00:00","2026-04-27 19:22:25"
"2126","121","2024-06-12 08:02:52","243.55","0.00","2024-06-12 00:00:00","2026-04-27 19:22:25"
"2127","70","2026-01-25 16:38:07","147.36","0.00","2026-01-25 00:00:00","2026-04-27 19:22:25"
"2128","280","2024-11-23 09:01:16","262.58","0.00","2024-11-23 00:00:00","2026-04-27 19:22:25"
"2129","270","2023-05-02 19:36:13","84.49","0.00","2023-05-02 00:00:00","2026-04-27 19:22:25"
"2130","15","2024-08-18 17:00:42","130.86","0.00","2024-08-18 00:00:00","2026-04-27 19:22:25"
"2131","201","2026-02-17 14:50:46","244.06","0.00","2026-02-17 00:00:00","2026-04-27 19:22:25"
"2132","214","2025-08-30 14:58:38","20.00","10.00","2025-08-30 00:00:00","2026-04-27 19:22:25"
"2133","214","2025-05-23 14:34:24","174.24","0.00","2025-05-23 00:00:00","2026-04-27 19:22:25"
"2134","233","2025-05-03 14:19:12","119.80","0.00","2025-05-03 00:00:00","2026-04-27 19:22:25"
"2135","51","2026-03-30 16:18:25","37.10","5.00","2026-03-30 00:00:00","2026-04-27 19:22:25"
"2136","74","2023-06-29 18:33:14","87.28","0.00","2023-06-29 00:00:00","2026-04-27 19:22:25"
"2137","56","2026-03-17 18:44:08","70.31","5.00","2026-03-17 00:00:00","2026-04-27 19:22:25"
"2138","163","2025-09-14 10:44:34","200.85","0.00","2025-09-14 00:00:00","2026-04-27 19:22:25"
"2139","198","2026-02-13 08:12:27","294.68","0.00","2026-02-13 00:00:00","2026-04-27 19:22:25"
"2140","268","2026-02-26 09:30:38","194.28","0.00","2026-02-26 00:00:00","2026-04-27 19:22:25"
"2141","238","2023-07-21 07:31:06","224.68","0.00","2023-07-21 00:00:00","2026-04-27 19:22:25"
"2142","139","2025-01-09 09:03:07","126.85","0.00","2025-01-09 00:00:00","2026-04-27 19:22:25"
"2143","84","2023-12-16 18:58:14","70.15","0.00","2023-12-16 00:00:00","2026-04-27 19:22:25"
"2144","4","2024-11-01 19:36:17","60.49","0.00","2024-11-01 00:00:00","2026-04-27 19:22:25"
"2145","209","2025-10-15 11:47:34","69.79","5.00","2025-10-15 00:00:00","2026-04-27 19:22:25"
"2146","13","2022-08-04 10:35:49","24.06","25.00","2022-08-04 00:00:00","2026-04-27 19:22:25"
"2147","139","2025-05-19 11:57:13","117.11","0.00","2025-05-19 00:00:00","2026-04-27 19:22:25"
"2148","263","2019-12-22 14:25:52","190.91","0.00","2019-12-22 00:00:00","2026-04-27 19:22:25"
"2149","256","2020-08-12 18:47:32","132.83","0.00","2020-08-12 00:00:00","2026-04-27 19:22:25"
"2150","129","2023-09-20 18:32:04","148.05","0.00","2023-09-20 00:00:00","2026-04-27 19:22:25"
"2151","114","2025-03-24 08:05:33","17.28","10.00","2025-03-24 00:00:00","2026-04-27 19:22:25"
"2152","14","2022-07-19 19:12:09","205.31","0.00","2022-07-19 00:00:00","2026-04-27 19:22:25"
"2153","219","2021-12-03 12:50:26","31.84","10.00","2021-12-03 00:00:00","2026-04-27 19:22:25"
"2154","87","2026-04-14 06:39:32","158.12","0.00","2026-04-14 00:00:00","2026-04-27 19:22:25"
"2155","32","2023-08-21 08:24:57","155.65","0.00","2023-08-21 00:00:00","2026-04-27 19:22:25"
"2156","63","2025-07-24 19:51:34","196.72","0.00","2025-07-24 00:00:00","2026-04-27 19:22:25"
"2157","70","2026-02-13 18:20:05","92.08","0.00","2026-02-13 00:00:00","2026-04-27 19:22:25"
"2158","164","2025-08-30 11:15:53","176.39","0.00","2025-08-30 00:00:00","2026-04-27 19:22:25"
"2159","154","2025-06-23 07:27:27","121.42","0.00","2025-06-23 00:00:00","2026-04-27 19:22:25"
"2160","80","2024-11-08 09:25:15","127.80","0.00","2024-11-08 00:00:00","2026-04-27 19:22:25"
"2161","95","2023-12-16 12:19:49","86.89","0.00","2023-12-16 00:00:00","2026-04-27 19:22:25"
"2162","109","2024-07-16 13:07:37","150.69","0.00","2024-07-16 00:00:00","2026-04-27 19:22:25"
"2163","136","2025-10-16 02:15:04","49.46","10.00","2025-10-16 00:00:00","2026-04-27 19:22:25"
"2164","220","2024-09-07 17:50:00","116.35","0.00","2024-09-07 00:00:00","2026-04-27 19:22:25"
"2165","170","2023-10-20 17:00:49","30.19","5.00","2023-10-20 00:00:00","2026-04-27 19:22:25"
"2166","238","2024-05-14 11:12:41","138.95","0.00","2024-05-14 00:00:00","2026-04-27 19:22:25"
"2167","230","2024-11-23 08:34:34","137.45","0.00","2024-11-23 00:00:00","2026-04-27 19:22:25"
"2168","224","2026-01-02 19:16:34","175.36","0.00","2026-01-02 00:00:00","2026-04-27 19:22:25"
"2169","286","2023-10-27 16:04:22","158.41","0.00","2023-10-27 00:00:00","2026-04-27 19:22:25"
"2170","215","2022-02-20 08:38:09","167.08","0.00","2022-02-20 00:00:00","2026-04-27 19:22:25"
"2171","193","2025-07-23 05:14:52","120.88","0.00","2025-07-23 00:00:00","2026-04-27 19:22:25"
"2172","277","2025-03-23 07:57:16","174.55","0.00","2025-03-23 00:00:00","2026-04-27 19:22:25"
"2173","100","2022-12-09 17:08:28","456.30","0.00","2022-12-09 00:00:00","2026-04-27 19:22:25"
"2174","174","2026-01-23 09:42:38","8.54","10.00","2026-01-23 00:00:00","2026-04-27 19:22:25"
"2175","124","2023-10-19 15:17:54","104.87","0.00","2023-10-19 00:00:00","2026-04-27 19:22:25"
"2176","249","2025-06-17 08:31:02","172.60","0.00","2025-06-17 00:00:00","2026-04-27 19:22:25"
"2177","189","2025-11-10 05:59:41","97.13","0.00","2025-11-10 00:00:00","2026-04-27 19:22:25"
"2178","254","2020-05-06 14:37:51","73.99","5.00","2020-05-06 00:00:00","2026-04-27 19:22:25"
"2179","233","2025-07-04 14:11:31","173.46","0.00","2025-07-04 00:00:00","2026-04-27 19:22:25"
"2180","45","2022-11-01 16:00:07","51.88","0.00","2022-11-01 00:00:00","2026-04-27 19:22:25"
"2181","161","2023-09-03 07:11:37","92.80","0.00","2023-09-03 00:00:00","2026-04-27 19:22:25"
"2182","245","2024-09-09 16:32:54","233.90","0.00","2024-09-09 00:00:00","2026-04-27 19:22:25"
"2183","73","2024-02-10 00:13:03","0.00","0.00","2024-02-10 00:00:00","2026-04-27 19:22:25"
"2184","237","2026-02-26 05:09:27","153.32","0.00","2026-02-26 00:00:00","2026-04-27 19:22:25"
"2185","204","2025-05-10 07:43:34","188.98","0.00","2025-05-10 00:00:00","2026-04-27 19:22:25"
"2186","193","2026-01-06 00:55:21","126.74","0.00","2026-01-06 00:00:00","2026-04-27 19:22:25"
"2187","283","2021-09-18 07:07:19","52.91","0.00","2021-09-18 00:00:00","2026-04-27 19:22:25"
"2188","82","2024-01-23 10:44:30","132.14","0.00","2024-01-23 00:00:00","2026-04-27 19:22:25"
"2189","109","2024-08-21 18:34:15","164.27","0.00","2024-08-21 00:00:00","2026-04-27 19:22:25"
"2190","220","2024-12-09 18:35:30","48.96","5.00","2024-12-09 00:00:00","2026-04-27 19:22:25"
"2191","67","2025-02-23 09:13:51","194.51","0.00","2025-02-23 00:00:00","2026-04-27 19:22:25"
"2192","227","2026-03-02 08:05:58","56.08","0.00","2026-03-02 00:00:00","2026-04-27 19:22:25"
"2193","124","2024-08-01 09:03:34","185.23","0.00","2024-08-01 00:00:00","2026-04-27 19:22:25"
"2194","28","2024-01-19 02:08:33","24.48","10.00","2024-01-19 00:00:00","2026-04-27 19:22:25"
"2195","233","2025-07-03 13:37:01","96.78","0.00","2025-07-03 00:00:00","2026-04-27 19:22:25"
"2196","200","2025-05-22 11:50:54","18.05","25.00","2025-05-22 00:00:00","2026-04-27 19:22:25"
"2197","48","2026-03-13 09:36:35","150.59","0.00","2026-03-13 00:00:00","2026-04-27 19:22:25"
"2198","284","2024-10-12 10:34:50","187.18","0.00","2024-10-12 00:00:00","2026-04-27 19:22:25"
"2199","77","2024-11-13 10:41:18","26.80","5.00","2024-11-13 00:00:00","2026-04-27 19:22:25"
"2200","105","2025-09-27 14:57:20","121.34","0.00","2025-09-27 00:00:00","2026-04-27 19:22:25"
"2201","35","2024-03-04 07:11:36","192.53","0.00","2024-03-04 00:00:00","2026-04-27 19:22:25"
"2202","183","2023-09-18 15:11:22","54.40","0.00","2023-09-18 00:00:00","2026-04-27 19:22:25"
"2203","238","2023-06-05 13:03:06","6.18","10.00","2023-06-05 00:00:00","2026-04-27 19:22:25"
"2204","202","2025-03-09 15:27:44","66.03","0.00","2025-03-09 00:00:00","2026-04-27 19:22:25"
"2205","89","2024-06-20 14:22:25","187.09","0.00","2024-06-20 00:00:00","2026-04-27 19:22:25"
"2206","104","2024-05-05 07:23:10","5.42","10.00","2024-05-05 00:00:00","2026-04-27 19:22:25"
"2207","231","2024-09-20 05:17:52","42.10","5.00","2024-09-20 00:00:00","2026-04-27 19:22:25"
"2208","295","2025-10-18 18:42:00","89.08","0.00","2025-10-18 00:00:00","2026-04-27 19:22:25"
"2209","133","2024-06-07 08:24:38","26.96","10.00","2024-06-07 00:00:00","2026-04-27 19:22:25"
"2210","108","2026-03-30 04:34:53","33.96","5.00","2026-03-30 00:00:00","2026-04-27 19:22:25"
"2211","147","2026-01-02 01:44:51","187.25","0.00","2026-01-02 00:00:00","2026-04-27 19:22:25"
"2212","165","2026-03-14 18:52:55","38.22","5.00","2026-03-14 00:00:00","2026-04-27 19:22:25"
"2213","245","2025-02-25 12:06:51","215.74","0.00","2025-02-25 00:00:00","2026-04-27 19:22:25"
"2214","205","2020-05-29 14:03:01","169.10","0.00","2020-05-29 00:00:00","2026-04-27 19:22:25"
"2215","198","2026-01-21 07:05:09","68.81","5.00","2026-01-21 00:00:00","2026-04-27 19:22:25"
"2216","75","2026-02-05 11:08:18","100.36","0.00","2026-02-05 00:00:00","2026-04-27 19:22:25"
"2217","24","2022-09-17 14:56:26","261.71","0.00","2022-09-17 00:00:00","2026-04-27 19:22:25"
"2218","11","2025-11-01 13:54:22","20.72","10.00","2025-11-01 00:00:00","2026-04-27 19:22:25"
"2219","13","2025-08-01 15:20:02","129.40","0.00","2025-08-01 00:00:00","2026-04-27 19:22:25"
"2220","219","2022-09-04 10:20:41","23.10","25.00","2022-09-04 00:00:00","2026-04-27 19:22:25"
"2221","100","2026-01-19 10:07:21","218.43","0.00","2026-01-19 00:00:00","2026-04-27 19:22:25"
"2222","124","2025-06-19 19:22:09","99.75","0.00","2025-06-19 00:00:00","2026-04-27 19:22:25"
"2223","74","2023-04-01 08:33:15","42.24","5.00","2023-04-01 00:00:00","2026-04-27 19:22:25"
"2224","240","2025-11-14 11:09:13","30.18","5.00","2025-11-14 00:00:00","2026-04-27 19:22:25"
"2225","149","2026-03-08 08:48:56","52.67","0.00","2026-03-08 00:00:00","2026-04-27 19:22:25"
"2226","47","2023-09-28 15:02:30","23.01","25.00","2023-09-28 00:00:00","2026-04-27 19:22:25"
"2227","135","2026-02-17 14:07:12","32.38","5.00","2026-02-17 00:00:00","2026-04-27 19:22:25"
"2228","49","2024-04-23 08:36:23","148.61","0.00","2024-04-23 00:00:00","2026-04-27 19:22:25"
"2229","178","2025-05-26 16:52:20","128.39","0.00","2025-05-26 00:00:00","2026-04-27 19:22:25"
"2230","135","2026-04-13 12:04:38","188.18","0.00","2026-04-13 00:00:00","2026-04-27 19:22:25"
"2231","39","2023-02-13 06:59:00","91.81","0.00","2023-02-13 00:00:00","2026-04-27 19:22:25"
"2232","92","2025-02-21 12:07:50","4.44","25.00","2025-02-21 00:00:00","2026-04-27 19:22:25"
"2233","263","2020-02-04 07:15:19","4.91","10.00","2020-02-04 00:00:00","2026-04-27 19:22:25"
"2234","54","2026-02-10 07:50:38","273.39","0.00","2026-02-10 00:00:00","2026-04-27 19:22:25"
"2235","231","2023-08-21 08:25:01","104.46","0.00","2023-08-21 00:00:00","2026-04-27 19:22:25"
"2236","234","2025-10-02 08:46:26","175.06","0.00","2025-10-02 00:00:00","2026-04-27 19:22:25"
"2237","51","2025-11-17 00:19:33","63.84","0.00","2025-11-17 00:00:00","2026-04-27 19:22:25"
"2238","94","2024-07-22 08:20:45","324.82","0.00","2024-07-22 00:00:00","2026-04-27 19:22:25"
"2239","233","2025-03-23 07:36:21","13.41","25.00","2025-03-23 00:00:00","2026-04-27 19:22:25"
"2240","19","2025-12-17 02:07:36","252.38","0.00","2025-12-17 00:00:00","2026-04-27 19:22:25"
"2241","133","2025-03-15 08:17:45","191.50","0.00","2025-03-15 00:00:00","2026-04-27 19:22:25"
"2242","29","2025-12-02 08:28:19","153.92","0.00","2025-12-02 00:00:00","2026-04-27 19:22:25"
"2243","172","2025-04-24 19:15:23","199.21","0.00","2025-04-24 00:00:00","2026-04-27 19:22:25"
"2244","81","2025-01-29 17:01:00","267.00","0.00","2025-01-29 00:00:00","2026-04-27 19:22:25"
"2245","203","2025-12-12 07:59:03","46.73","10.00","2025-12-12 00:00:00","2026-04-27 19:22:25"
"2246","223","2025-01-30 13:45:48","17.91","10.00","2025-01-30 00:00:00","2026-04-27 19:22:25"
"2247","238","2024-04-08 08:54:44","42.69","5.00","2024-04-08 00:00:00","2026-04-27 19:22:25"
"2248","119","2025-11-04 09:09:51","88.37","0.00","2025-11-04 00:00:00","2026-04-27 19:22:25"
"2249","176","2025-12-12 08:06:28","19.37","25.00","2025-12-12 00:00:00","2026-04-27 19:22:25"
"2250","143","2026-02-22 17:28:14","89.33","0.00","2026-02-22 00:00:00","2026-04-27 19:22:25"
"2251","276","2025-05-01 08:49:46","211.60","0.00","2025-05-01 00:00:00","2026-04-27 19:22:25"
"2252","167","2026-03-16 16:54:41","63.19","0.00","2026-03-16 00:00:00","2026-04-27 19:22:25"
"2253","78","2025-06-21 07:21:36","162.85","0.00","2025-06-21 00:00:00","2026-04-27 19:22:25"
"2254","148","2026-03-19 07:36:25","77.86","0.00","2026-03-19 00:00:00","2026-04-27 19:22:25"
"2255","286","2025-09-11 14:01:52","179.93","0.00","2025-09-11 00:00:00","2026-04-27 19:22:25"
"2256","140","2026-04-12 10:18:20","157.46","0.00","2026-04-12 00:00:00","2026-04-27 19:22:25"
"2257","124","2025-01-09 01:11:22","60.61","0.00","2025-01-09 00:00:00","2026-04-27 19:22:25"
"2258","173","2026-02-27 15:53:43","288.04","0.00","2026-02-27 00:00:00","2026-04-27 19:22:25"
"2259","62","2025-05-04 07:17:44","6.13","25.00","2025-05-04 00:00:00","2026-04-27 19:22:25"
"2260","22","2024-06-12 03:17:04","225.82","0.00","2024-06-12 00:00:00","2026-04-27 19:22:25"
"2261","275","2022-01-20 12:36:25","196.72","0.00","2022-01-20 00:00:00","2026-04-27 19:22:25"
"2262","48","2025-11-16 10:26:02","0.00","0.00","2025-11-16 00:00:00","2026-04-27 19:22:25"
"2263","18","2023-10-16 09:29:00","95.29","0.00","2023-10-16 00:00:00","2026-04-27 19:22:25"
"2264","256","2024-08-13 17:55:30","4.32","25.00","2024-08-13 00:00:00","2026-04-27 19:22:25"
"2265","241","2025-12-28 07:58:19","173.27","0.00","2025-12-28 00:00:00","2026-04-27 19:22:25"
"2266","69","2023-11-08 07:24:07","124.89","0.00","2023-11-08 00:00:00","2026-04-27 19:22:25"
"2267","126","2023-08-09 15:23:28","73.90","0.00","2023-08-09 00:00:00","2026-04-27 19:22:25"
"2268","118","2023-10-10 15:09:06","128.23","0.00","2023-10-10 00:00:00","2026-04-27 19:22:25"
"2269","41","2026-02-25 11:31:07","158.41","0.00","2026-02-25 00:00:00","2026-04-27 19:22:25"
"2270","146","2026-01-20 19:34:02","210.98","0.00","2026-01-20 00:00:00","2026-04-27 19:22:25"
"2271","109","2025-11-15 10:51:13","177.63","0.00","2025-11-15 00:00:00","2026-04-27 19:22:25"
"2272","246","2024-04-04 10:37:58","185.85","0.00","2024-04-04 00:00:00","2026-04-27 19:22:25"
"2273","161","2023-01-10 11:41:01","67.12","0.00","2023-01-10 00:00:00","2026-04-27 19:22:25"
"2274","125","2024-06-15 19:56:43","115.40","0.00","2024-06-15 00:00:00","2026-04-27 19:22:25"
"2275","177","2026-03-30 09:15:01","33.54","5.00","2026-03-30 00:00:00","2026-04-27 19:22:25"
"2276","134","2022-11-11 15:59:12","39.79","5.00","2022-11-11 00:00:00","2026-04-27 19:22:25"
"2277","173","2026-01-07 14:18:05","47.22","5.00","2026-01-07 00:00:00","2026-04-27 19:22:25"
"2278","50","2022-08-30 15:10:08","161.22","0.00","2022-08-30 00:00:00","2026-04-27 19:22:25"
"2279","78","2026-02-15 13:29:17","220.44","0.00","2026-02-15 00:00:00","2026-04-27 19:22:25"
"2280","262","2024-05-31 04:33:51","21.24","10.00","2024-05-31 00:00:00","2026-04-27 19:22:25"
"2281","221","2023-10-10 09:48:19","71.80","0.00","2023-10-10 00:00:00","2026-04-27 19:22:25"
"2282","226","2025-12-09 10:33:40","117.79","0.00","2025-12-09 00:00:00","2026-04-27 19:22:25"
"2283","218","2025-07-10 07:53:51","322.11","0.00","2025-07-10 00:00:00","2026-04-27 19:22:25"
"2284","158","2026-01-15 08:24:33","134.53","0.00","2026-01-15 00:00:00","2026-04-27 19:22:25"
"2285","83","2025-07-15 11:15:42","103.96","0.00","2025-07-15 00:00:00","2026-04-27 19:22:25"
"2286","139","2023-09-24 09:48:55","104.95","0.00","2023-09-24 00:00:00","2026-04-27 19:22:25"
"2287","257","2025-08-04 12:31:54","138.10","0.00","2025-08-04 00:00:00","2026-04-27 19:22:25"
"2288","225","2025-12-31 13:38:13","174.09","0.00","2025-12-31 00:00:00","2026-04-27 19:22:25"
"2289","53","2026-03-22 11:04:02","128.68","0.00","2026-03-22 00:00:00","2026-04-27 19:22:25"
"2290","106","2023-10-18 09:30:38","254.19","0.00","2023-10-18 00:00:00","2026-04-27 19:22:25"
"2291","293","2025-12-29 08:34:40","44.48","5.00","2025-12-29 00:00:00","2026-04-27 19:22:25"
"2292","84","2025-01-06 19:05:31","72.16","0.00","2025-01-06 00:00:00","2026-04-27 19:22:25"
"2293","245","2025-12-17 11:36:39","126.09","0.00","2025-12-17 00:00:00","2026-04-27 19:22:25"
"2294","28","2023-10-07 14:57:21","124.32","0.00","2023-10-07 00:00:00","2026-04-27 19:22:25"
"2295","103","2024-01-24 07:31:15","84.98","0.00","2024-01-24 00:00:00","2026-04-27 19:22:25"
"2296","194","2024-03-28 01:43:48","181.86","0.00","2024-03-28 00:00:00","2026-04-27 19:22:25"
"2297","237","2026-02-25 09:37:17","8.07","10.00","2026-02-25 00:00:00","2026-04-27 19:22:25"
"2298","116","2025-12-09 09:23:57","233.70","0.00","2025-12-09 00:00:00","2026-04-27 19:22:25"
"2299","89","2026-03-15 09:28:25","41.64","10.00","2026-03-15 00:00:00","2026-04-27 19:22:25"
"2300","12","2024-10-27 06:43:49","31.16","5.00","2024-10-27 00:00:00","2026-04-27 19:22:25"
"2301","12","2025-03-12 09:11:23","410.24","0.00","2025-03-12 00:00:00","2026-04-27 19:22:25"
"2302","254","2022-07-25 19:25:17","7.80","25.00","2022-07-25 00:00:00","2026-04-27 19:22:25"
"2303","113","2025-11-18 19:28:23","57.56","5.00","2025-11-18 00:00:00","2026-04-27 19:22:25"
"2304","226","2024-06-13 13:20:35","292.57","0.00","2024-06-13 00:00:00","2026-04-27 19:22:25"
"2305","108","2026-04-11 07:04:11","143.17","0.00","2026-04-11 00:00:00","2026-04-27 19:22:25"
"2306","37","2024-09-15 07:48:26","56.38","5.00","2024-09-15 00:00:00","2026-04-27 19:22:25"
"2307","230","2025-03-06 07:28:46","44.45","5.00","2025-03-06 00:00:00","2026-04-27 19:22:25"
"2308","152","2025-02-03 19:32:43","11.32","10.00","2025-02-03 00:00:00","2026-04-27 19:22:25"
"2309","263","2020-04-08 09:29:34","177.59","0.00","2020-04-08 00:00:00","2026-04-27 19:22:25"
"2310","158","2025-08-14 12:14:18","88.83","0.00","2025-08-14 00:00:00","2026-04-27 19:22:25"
"2311","267","2023-01-21 08:37:09","159.96","0.00","2023-01-21 00:00:00","2026-04-27 19:22:25"
"2312","277","2025-05-16 06:48:19","18.04","25.00","2025-05-16 00:00:00","2026-04-27 19:22:25"
"2313","189","2025-05-22 19:08:54","117.76","0.00","2025-05-22 00:00:00","2026-04-27 19:22:25"
"2314","189","2024-06-18 18:50:44","52.55","5.00","2024-06-18 00:00:00","2026-04-27 19:22:25"
"2315","169","2025-08-25 14:41:12","52.78","5.00","2025-08-25 00:00:00","2026-04-27 19:22:25"
"2316","221","2023-11-25 09:58:12","196.11","0.00","2023-11-25 00:00:00","2026-04-27 19:22:25"
"2317","97","2025-06-20 10:50:02","163.90","0.00","2025-06-20 00:00:00","2026-04-27 19:22:25"
"2318","148","2025-04-04 07:34:45","15.45","25.00","2025-04-04 00:00:00","2026-04-27 19:22:25"
"2319","228","2025-06-27 10:58:46","41.80","10.00","2025-06-27 00:00:00","2026-04-27 19:22:25"
"2320","239","2022-09-13 07:08:50","110.70","0.00","2022-09-13 00:00:00","2026-04-27 19:22:25"
"2321","289","2024-10-14 08:30:11","46.89","5.00","2024-10-14 00:00:00","2026-04-27 19:22:25"
"2322","179","2024-07-05 16:48:07","103.54","0.00","2024-07-05 00:00:00","2026-04-27 19:22:25"
"2323","98","2024-09-18 17:07:21","175.29","0.00","2024-09-18 00:00:00","2026-04-27 19:22:25"
"2324","159","2025-12-10 19:23:11","92.39","0.00","2025-12-10 00:00:00","2026-04-27 19:22:25"
"2325","4","2025-02-27 08:15:54","52.66","0.00","2025-02-27 00:00:00","2026-04-27 19:22:25"
"2326","120","2025-11-04 07:58:35","185.85","0.00","2025-11-04 00:00:00","2026-04-27 19:22:25"
"2327","279","2024-12-12 13:29:32","68.91","5.00","2024-12-12 00:00:00","2026-04-27 19:22:25"
"2328","215","2020-11-13 14:25:54","15.54","25.00","2020-11-13 00:00:00","2026-04-27 19:22:25"
"2329","26","2025-01-25 17:42:22","10.04","10.00","2025-01-25 00:00:00","2026-04-27 19:22:25"
"2330","212","2022-09-26 09:13:39","146.07","0.00","2022-09-26 00:00:00","2026-04-27 19:22:25"
"2331","202","2024-10-15 09:32:35","83.61","0.00","2024-10-15 00:00:00","2026-04-27 19:22:25"
"2332","74","2023-04-06 19:34:04","128.04","0.00","2023-04-06 00:00:00","2026-04-27 19:22:25"
"2333","59","2025-04-20 07:37:54","18.61","25.00","2025-04-20 00:00:00","2026-04-27 19:22:25"
"2334","129","2024-09-13 08:32:03","64.96","0.00","2024-09-13 00:00:00","2026-04-27 19:22:25"
"2335","299","2024-12-25 07:21:05","9.70","10.00","2024-12-25 00:00:00","2026-04-27 19:22:25"
"2336","105","2025-08-02 17:39:58","151.47","0.00","2025-08-02 00:00:00","2026-04-27 19:22:25"
"2337","79","2026-03-16 07:33:59","26.78","5.00","2026-03-16 00:00:00","2026-04-27 19:22:25"
"2338","81","2025-11-09 14:12:50","8.44","10.00","2025-11-09 00:00:00","2026-04-27 19:22:25"
"2339","277","2023-02-05 12:30:51","8.14","25.00","2023-02-05 00:00:00","2026-04-27 19:22:25"
"2340","134","2022-04-01 08:49:45","52.61","0.00","2022-04-01 00:00:00","2026-04-27 19:22:25"
"2341","207","2026-02-28 14:03:02","3.70","10.00","2026-02-28 00:00:00","2026-04-27 19:22:25"
"2342","51","2026-02-15 11:38:41","34.88","5.00","2026-02-15 00:00:00","2026-04-27 19:22:25"
"2343","146","2024-12-23 17:12:39","92.13","0.00","2024-12-23 00:00:00","2026-04-27 19:22:25"
"2344","176","2025-10-12 08:44:20","132.63","0.00","2025-10-12 00:00:00","2026-04-27 19:22:25"
"2345","254","2025-05-07 15:05:52","85.64","0.00","2025-05-07 00:00:00","2026-04-27 19:22:25"
"2346","164","2025-06-25 10:38:12","258.83","0.00","2025-06-25 00:00:00","2026-04-27 19:22:25"
"2347","128","2022-11-11 18:04:46","325.28","0.00","2022-11-11 00:00:00","2026-04-27 19:22:25"
"2348","187","2022-09-24 06:47:04","98.68","0.00","2022-09-24 00:00:00","2026-04-27 19:22:25"
"2349","54","2025-11-24 09:19:28","61.16","5.00","2025-11-24 00:00:00","2026-04-27 19:22:25"
"2350","201","2026-01-30 18:49:35","6.94","25.00","2026-01-30 00:00:00","2026-04-27 19:22:25"
"2351","286","2025-09-01 17:03:08","196.72","0.00","2025-09-01 00:00:00","2026-04-27 19:22:25"
"2352","207","2026-01-22 13:09:42","136.48","0.00","2026-01-22 00:00:00","2026-04-27 19:22:25"
"2353","32","2023-07-04 11:25:48","87.21","0.00","2023-07-04 00:00:00","2026-04-27 19:22:25"
"2354","190","2026-03-14 09:54:01","167.62","0.00","2026-03-14 00:00:00","2026-04-27 19:22:25"
"2355","209","2026-03-01 10:52:16","74.69","5.00","2026-03-01 00:00:00","2026-04-27 19:22:25"
"2356","275","2022-10-26 09:58:27","144.47","0.00","2022-10-26 00:00:00","2026-04-27 19:22:25"
"2357","19","2025-12-02 14:02:57","208.88","0.00","2025-12-02 00:00:00","2026-04-27 19:22:25"
"2358","52","2025-11-08 09:39:06","108.64","0.00","2025-11-08 00:00:00","2026-04-27 19:22:25"
"2359","61","2024-09-28 16:21:52","125.40","0.00","2024-09-28 00:00:00","2026-04-27 19:22:25"
"2360","147","2026-01-15 10:05:23","124.73","0.00","2026-01-15 00:00:00","2026-04-27 19:22:25"
"2361","6","2025-06-08 09:30:40","8.40","10.00","2025-06-08 00:00:00","2026-04-27 19:22:25"
"2362","284","2023-11-22 07:47:53","58.76","0.00","2023-11-22 00:00:00","2026-04-27 19:22:25"
"2363","127","2026-03-14 17:24:50","57.76","0.00","2026-03-14 00:00:00","2026-04-27 19:22:25"
"2364","161","2024-01-22 09:59:34","172.07","0.00","2024-01-22 00:00:00","2026-04-27 19:22:25"
"2365","230","2025-11-21 08:28:58","47.95","5.00","2025-11-21 00:00:00","2026-04-27 19:22:25"
"2366","98","2024-06-17 15:07:02","226.13","0.00","2024-06-17 00:00:00","2026-04-27 19:22:25"
"2367","4","2025-07-28 09:31:45","346.47","0.00","2025-07-28 00:00:00","2026-04-27 19:22:25"
"2368","62","2023-09-08 16:29:39","0.00","0.00","2023-09-08 00:00:00","2026-04-27 19:22:25"
"2369","78","2026-01-14 08:12:06","85.09","0.00","2026-01-14 00:00:00","2026-04-27 19:22:25"
"2370","39","2023-05-24 07:50:03","50.49","0.00","2023-05-24 00:00:00","2026-04-27 19:22:25"
"2371","15","2022-09-14 07:22:24","57.34","0.00","2022-09-14 00:00:00","2026-04-27 19:22:25"
"2372","93","2025-11-03 09:28:43","214.73","0.00","2025-11-03 00:00:00","2026-04-27 19:22:25"
"2373","213","2024-02-20 17:00:55","21.44","10.00","2024-02-20 00:00:00","2026-04-27 19:22:25"
"2374","170","2025-01-12 11:57:23","9.78","10.00","2025-01-12 00:00:00","2026-04-27 19:22:25"
"2375","208","2025-07-03 11:24:40","59.80","5.00","2025-07-03 00:00:00","2026-04-27 19:22:25"
"2376","174","2024-03-13 17:13:53","61.78","0.00","2024-03-13 00:00:00","2026-04-27 19:22:25"
"2377","155","2025-08-11 08:58:36","5.70","25.00","2025-08-11 00:00:00","2026-04-27 19:22:25"
"2378","23","2025-12-09 19:11:10","94.79","0.00","2025-12-09 00:00:00","2026-04-27 19:22:25"
"2379","43","2026-03-19 18:24:30","29.15","10.00","2026-03-19 00:00:00","2026-04-27 19:22:25"
"2380","44","2026-04-06 19:53:36","78.69","0.00","2026-04-06 00:00:00","2026-04-27 19:22:25"
"2381","287","2022-07-11 18:18:58","67.80","5.00","2022-07-11 00:00:00","2026-04-27 19:22:25"
"2382","57","2026-01-17 09:41:10","47.79","5.00","2026-01-17 00:00:00","2026-04-27 19:22:25"
"2383","20","2021-08-18 09:11:54","109.71","0.00","2021-08-18 00:00:00","2026-04-27 19:22:25"
"2384","94","2024-12-10 08:39:12","208.49","0.00","2024-12-10 00:00:00","2026-04-27 19:22:25"
"2385","99","2024-02-21 18:52:52","7.84","25.00","2024-02-21 00:00:00","2026-04-27 19:22:25"
"2386","164","2025-07-11 09:45:07","108.23","0.00","2025-07-11 00:00:00","2026-04-27 19:22:25"
"2387","26","2025-06-03 13:34:54","56.57","0.00","2025-06-03 00:00:00","2026-04-27 19:22:25"
"2388","279","2023-05-18 09:47:15","91.78","0.00","2023-05-18 00:00:00","2026-04-27 19:22:25"
"2389","169","2024-09-02 07:33:44","112.30","0.00","2024-09-02 00:00:00","2026-04-27 19:22:25"
"2390","127","2026-01-18 18:14:36","149.24","0.00","2026-01-18 00:00:00","2026-04-27 19:22:25"
"2391","116","2025-04-27 18:22:12","176.59","0.00","2025-04-27 00:00:00","2026-04-27 19:22:25"
"2392","198","2025-06-25 00:40:00","188.64","0.00","2025-06-25 00:00:00","2026-04-27 19:22:25"
"2393","248","2025-01-15 19:58:53","107.34","0.00","2025-01-15 00:00:00","2026-04-27 19:22:25"
"2394","19","2025-12-20 18:42:01","73.36","0.00","2025-12-20 00:00:00","2026-04-27 19:22:25"
"2395","298","2026-03-29 03:38:50","92.31","0.00","2026-03-29 00:00:00","2026-04-27 19:22:25"
"2396","117","2025-05-20 18:31:00","148.50","0.00","2025-05-20 00:00:00","2026-04-27 19:22:25"
"2397","135","2026-03-20 14:39:01","144.74","0.00","2026-03-20 00:00:00","2026-04-27 19:22:25"
"2398","112","2026-01-25 15:19:59","106.60","0.00","2026-01-25 00:00:00","2026-04-27 19:22:25"
"2399","250","2022-04-30 11:34:27","277.12","0.00","2022-04-30 00:00:00","2026-04-27 19:22:25"
"2400","103","2023-03-10 14:29:10","242.83","0.00","2023-03-10 00:00:00","2026-04-27 19:22:25"
"2401","162","2022-12-18 14:12:37","86.20","0.00","2022-12-18 00:00:00","2026-04-27 19:22:25"
"2402","222","2024-07-30 13:25:05","13.15","10.00","2024-07-30 00:00:00","2026-04-27 19:22:25"
"2403","102","2023-11-13 14:01:39","99.38","0.00","2023-11-13 00:00:00","2026-04-27 19:22:25"
"2404","287","2022-10-12 10:43:25","241.33","0.00","2022-10-12 00:00:00","2026-04-27 19:22:25"
"2405","6","2024-01-01 08:38:17","19.07","10.00","2024-01-01 00:00:00","2026-04-27 19:22:25"
"2406","215","2023-06-17 19:01:16","324.12","0.00","2023-06-17 00:00:00","2026-04-27 19:22:25"
"2407","94","2024-12-19 18:01:45","203.75","0.00","2024-12-19 00:00:00","2026-04-27 19:22:25"
"2408","36","2024-09-20 07:00:20","262.28","0.00","2024-09-20 00:00:00","2026-04-27 19:22:25"
"2409","147","2025-12-16 08:34:35","333.68","0.00","2025-12-16 00:00:00","2026-04-27 19:22:25"
"2410","144","2020-05-21 14:38:46","144.05","0.00","2020-05-21 00:00:00","2026-04-27 19:22:25"
"2411","179","2023-08-18 08:21:53","26.85","5.00","2023-08-18 00:00:00","2026-04-27 19:22:25"
"2412","15","2023-11-28 12:56:03","12.15","10.00","2023-11-28 00:00:00","2026-04-27 19:22:25"
"2413","7","2026-03-29 11:33:10","81.03","0.00","2026-03-29 00:00:00","2026-04-27 19:22:25"
"2414","82","2025-01-12 16:31:40","44.52","5.00","2025-01-12 00:00:00","2026-04-27 19:22:25"
"2415","286","2025-08-02 09:28:32","117.24","0.00","2025-08-02 00:00:00","2026-04-27 19:22:25"
"2416","250","2022-11-18 19:39:30","160.93","0.00","2022-11-18 00:00:00","2026-04-27 19:22:25"
"2417","261","2025-08-15 08:39:26","182.31","0.00","2025-08-15 00:00:00","2026-04-27 19:22:25"
"2418","21","2024-06-26 17:11:36","326.22","0.00","2024-06-26 00:00:00","2026-04-27 19:22:25"
"2419","148","2024-07-24 17:09:34","31.19","10.00","2024-07-24 00:00:00","2026-04-27 19:22:25"
"2420","27","2024-10-07 13:26:10","133.90","0.00","2024-10-07 00:00:00","2026-04-27 19:22:25"
"2421","288","2025-01-01 11:10:25","115.71","0.00","2025-01-01 00:00:00","2026-04-27 19:22:25"
"2422","133","2025-10-15 16:26:15","29.11","10.00","2025-10-15 00:00:00","2026-04-27 19:22:25"
"2423","76","2025-03-07 13:29:33","235.69","0.00","2025-03-07 00:00:00","2026-04-27 19:22:25"
"2424","49","2024-05-11 16:32:41","44.13","5.00","2024-05-11 00:00:00","2026-04-27 19:22:25"
"2425","200","2025-12-22 08:58:19","206.04","0.00","2025-12-22 00:00:00","2026-04-27 19:22:25"
"2426","77","2024-11-23 08:05:37","193.60","0.00","2024-11-23 00:00:00","2026-04-27 19:22:25"
"2427","42","2026-02-10 08:48:52","43.84","10.00","2026-02-10 00:00:00","2026-04-27 19:22:25"
"2428","185","2025-08-07 08:14:46","232.36","0.00","2025-08-07 00:00:00","2026-04-27 19:22:25"
"2429","139","2025-12-15 13:15:16","199.80","0.00","2025-12-15 00:00:00","2026-04-27 19:22:25"
"2430","218","2022-11-23 08:23:37","58.32","5.00","2022-11-23 00:00:00","2026-04-27 19:22:25"
"2431","88","2025-06-06 11:43:12","131.50","0.00","2025-06-06 00:00:00","2026-04-27 19:22:25"
"2432","250","2022-02-05 07:09:20","174.76","0.00","2022-02-05 00:00:00","2026-04-27 19:22:25"
"2433","62","2023-04-09 11:00:35","182.19","0.00","2023-04-09 00:00:00","2026-04-27 19:22:25"
"2434","108","2026-03-13 07:30:35","85.24","0.00","2026-03-13 00:00:00","2026-04-27 19:22:25"
"2435","281","2024-09-10 12:59:14","83.30","0.00","2024-09-10 00:00:00","2026-04-27 19:22:25"
"2436","105","2026-02-20 14:27:01","55.45","5.00","2026-02-20 00:00:00","2026-04-27 19:22:25"
"2437","39","2023-08-26 09:31:01","170.19","0.00","2023-08-26 00:00:00","2026-04-27 19:22:25"
"2438","242","2023-05-25 15:58:20","144.50","0.00","2023-05-25 00:00:00","2026-04-27 19:22:25"
"2439","13","2024-02-05 02:08:31","111.62","0.00","2024-02-05 00:00:00","2026-04-27 19:22:25"
"2440","221","2025-11-13 14:27:04","92.42","0.00","2025-11-13 00:00:00","2026-04-27 19:22:25"
"2441","179","2026-03-06 07:15:35","98.72","0.00","2026-03-06 00:00:00","2026-04-27 19:22:25"
"2442","217","2023-06-08 11:20:11","12.87","10.00","2023-06-08 00:00:00","2026-04-27 19:22:25"
"2443","118","2023-06-21 08:10:30","70.68","0.00","2023-06-21 00:00:00","2026-04-27 19:22:25"
"2444","111","2023-12-21 15:43:56","86.69","0.00","2023-12-21 00:00:00","2026-04-27 19:22:25"
"2445","181","2023-12-19 18:47:19","3.00","10.00","2023-12-19 00:00:00","2026-04-27 19:22:25"
"2446","25","2025-06-01 11:03:49","160.59","0.00","2025-06-01 00:00:00","2026-04-27 19:22:25"
"2447","277","2025-05-17 09:03:50","99.39","0.00","2025-05-17 00:00:00","2026-04-27 19:22:25"
"2448","20","2021-05-18 16:13:05","260.36","0.00","2021-05-18 00:00:00","2026-04-27 19:22:25"
"2449","247","2025-05-21 07:10:45","226.94","0.00","2025-05-21 00:00:00","2026-04-27 19:22:25"
"2450","57","2021-10-16 10:35:40","58.95","0.00","2021-10-16 00:00:00","2026-04-27 19:22:25"
"2451","62","2025-08-21 09:10:03","254.13","0.00","2025-08-21 00:00:00","2026-04-27 19:22:25"
"2452","136","2025-11-13 08:45:33","30.70","10.00","2025-11-13 00:00:00","2026-04-27 19:22:25"
"2453","247","2025-02-10 10:43:21","221.13","0.00","2025-02-10 00:00:00","2026-04-27 19:22:25"
"2454","59","2025-12-15 07:12:30","74.53","5.00","2025-12-15 00:00:00","2026-04-27 19:22:25"
"2455","111","2023-04-19 08:51:06","27.59","10.00","2023-04-19 00:00:00","2026-04-27 19:22:25"
"2456","226","2025-06-12 16:19:37","24.84","10.00","2025-06-12 00:00:00","2026-04-27 19:22:25"
"2457","39","2022-02-12 19:21:50","361.72","0.00","2022-02-12 00:00:00","2026-04-27 19:22:25"
"2458","17","2022-10-17 12:39:38","163.24","0.00","2022-10-17 00:00:00","2026-04-27 19:22:25"
"2459","171","2025-09-08 12:32:58","143.34","0.00","2025-09-08 00:00:00","2026-04-27 19:22:25"
"2460","186","2026-03-05 13:02:05","204.11","0.00","2026-03-05 00:00:00","2026-04-27 19:22:25"
"2461","248","2022-12-27 14:08:24","146.30","0.00","2022-12-27 00:00:00","2026-04-27 19:22:25"
"2462","221","2024-08-14 07:59:05","108.76","0.00","2024-08-14 00:00:00","2026-04-27 19:22:25"
"2463","235","2026-01-30 10:41:23","105.70","0.00","2026-01-30 00:00:00","2026-04-27 19:22:25"
"2464","224","2023-03-21 07:25:49","79.55","0.00","2023-03-21 00:00:00","2026-04-27 19:22:25"
"2465","1","2025-08-14 08:43:20","150.26","0.00","2025-08-14 00:00:00","2026-04-27 19:22:25"
"2466","63","2023-01-14 16:30:39","365.49","0.00","2023-01-14 00:00:00","2026-04-27 19:22:25"
"2467","16","2026-04-12 07:02:58","274.39","0.00","2026-04-12 00:00:00","2026-04-27 19:22:25"
"2468","51","2025-11-20 03:21:28","255.38","0.00","2025-11-20 00:00:00","2026-04-27 19:22:25"
"2469","207","2025-07-05 19:02:16","47.56","5.00","2025-07-05 00:00:00","2026-04-27 19:22:25"
"2470","139","2026-02-26 14:33:24","24.64","10.00","2026-02-26 00:00:00","2026-04-27 19:22:25"
"2471","270","2022-05-08 14:17:05","86.10","0.00","2022-05-08 00:00:00","2026-04-27 19:22:25"
"2472","29","2024-01-13 09:43:16","223.90","0.00","2024-01-13 00:00:00","2026-04-27 19:22:25"
"2473","158","2024-02-11 13:53:30","12.44","10.00","2024-02-11 00:00:00","2026-04-27 19:22:25"
"2474","162","2023-06-28 00:24:54","101.50","0.00","2023-06-28 00:00:00","2026-04-27 19:22:25"
"2475","275","2022-02-16 18:19:03","12.00","25.00","2022-02-16 00:00:00","2026-04-27 19:22:25"
"2476","281","2025-06-16 13:45:46","225.48","0.00","2025-06-16 00:00:00","2026-04-27 19:22:25"
"2477","145","2026-04-05 09:56:12","175.84","0.00","2026-04-05 00:00:00","2026-04-27 19:22:25"
"2478","222","2025-11-15 15:03:36","228.20","0.00","2025-11-15 00:00:00","2026-04-27 19:22:25"
"2479","84","2025-05-13 07:08:12","95.71","0.00","2025-05-13 00:00:00","2026-04-27 19:22:25"
"2480","180","2025-05-03 07:54:05","42.86","5.00","2025-05-03 00:00:00","2026-04-27 19:22:25"
"2481","298","2023-08-30 07:45:29","194.90","0.00","2023-08-30 00:00:00","2026-04-27 19:22:25"
"2482","169","2023-12-13 13:21:42","214.32","0.00","2023-12-13 00:00:00","2026-04-27 19:22:25"
"2483","252","2026-03-18 11:34:16","182.55","0.00","2026-03-18 00:00:00","2026-04-27 19:22:25"
"2484","172","2025-09-05 08:42:34","122.20","0.00","2025-09-05 00:00:00","2026-04-27 19:22:25"
"2485","11","2022-11-29 09:03:50","236.95","0.00","2022-11-29 00:00:00","2026-04-27 19:22:25"
"2486","5","2026-03-31 15:49:25","151.11","0.00","2026-03-31 00:00:00","2026-04-27 19:22:25"
"2487","222","2021-10-09 03:59:20","115.27","0.00","2021-10-09 00:00:00","2026-04-27 19:22:25"
"2488","252","2024-05-06 07:18:40","93.36","0.00","2024-05-06 00:00:00","2026-04-27 19:22:25"
"2489","103","2023-11-09 11:22:27","124.44","0.00","2023-11-09 00:00:00","2026-04-27 19:22:25"
"2490","108","2026-03-31 14:57:18","70.98","0.00","2026-03-31 00:00:00","2026-04-27 19:22:25"
"2491","163","2025-10-01 09:53:04","25.18","5.00","2025-10-01 00:00:00","2026-04-27 19:22:25"
"2492","36","2025-08-05 07:44:37","42.49","5.00","2025-08-05 00:00:00","2026-04-27 19:22:25"
"2493","85","2025-12-30 07:57:55","117.53","0.00","2025-12-30 00:00:00","2026-04-27 19:22:25"
"2494","221","2025-01-07 02:07:30","80.11","0.00","2025-01-07 00:00:00","2026-04-27 19:22:25"
"2495","25","2024-05-21 13:18:24","119.96","0.00","2024-05-21 00:00:00","2026-04-27 19:22:25"
"2496","215","2023-07-07 15:20:01","106.00","0.00","2023-07-07 00:00:00","2026-04-27 19:22:25"
"2497","228","2026-04-12 12:13:16","91.83","0.00","2026-04-12 00:00:00","2026-04-27 19:22:25"
"2498","33","2026-04-15 09:02:17","12.58","10.00","2026-04-15 00:00:00","2026-04-27 19:22:25"
"2499","298","2025-10-17 17:36:54","67.54","5.00","2025-10-17 00:00:00","2026-04-27 19:22:25"
"2500","137","2026-03-09 09:53:04","66.91","0.00","2026-03-09 00:00:00","2026-04-27 19:22:25"
"2501","51","2026-01-17 07:24:31","96.45","0.00","2026-01-17 00:00:00","2026-04-27 19:22:25"
"2502","68","2025-12-19 14:07:10","301.03","0.00","2025-12-19 00:00:00","2026-04-27 19:22:25"
"2503","43","2023-12-09 12:21:11","97.84","0.00","2023-12-09 00:00:00","2026-04-27 19:22:25"
"2504","57","2025-06-10 07:04:33","6.72","10.00","2025-06-10 00:00:00","2026-04-27 19:22:25"
"2505","149","2026-03-20 11:10:18","139.10","0.00","2026-03-20 00:00:00","2026-04-27 19:22:25"
"2506","265","2026-01-01 12:02:33","396.25","0.00","2026-01-01 00:00:00","2026-04-27 19:22:25"
"2507","143","2025-02-19 08:28:16","109.40","0.00","2025-02-19 00:00:00","2026-04-27 19:22:25"
"2508","45","2023-04-24 08:48:09","175.15","0.00","2023-04-24 00:00:00","2026-04-27 19:22:25"
"2509","134","2021-03-05 13:50:02","3.18","10.00","2021-03-05 00:00:00","2026-04-27 19:22:25"
"2510","88","2025-09-02 07:58:27","10.92","10.00","2025-09-02 00:00:00","2026-04-27 19:22:25"
"2511","141","2025-03-09 13:54:23","182.22","0.00","2025-03-09 00:00:00","2026-04-27 19:22:25"
"2512","2","2024-05-20 19:10:58","149.79","0.00","2024-05-20 00:00:00","2026-04-27 19:22:25"
"2513","33","2026-04-03 18:12:27","168.40","0.00","2026-04-03 00:00:00","2026-04-27 19:22:25"
"2514","3","2023-11-27 07:04:35","131.00","0.00","2023-11-27 00:00:00","2026-04-27 19:22:25"
"2515","64","2025-06-21 02:50:17","26.91","5.00","2025-06-21 00:00:00","2026-04-27 19:22:25"
"2516","106","2024-06-04 03:48:34","196.07","0.00","2024-06-04 00:00:00","2026-04-27 19:22:25"
"2517","145","2025-04-26 14:01:45","191.50","0.00","2025-04-26 00:00:00","2026-04-27 19:22:25"
"2518","196","2026-02-27 08:07:09","51.40","0.00","2026-02-27 00:00:00","2026-04-27 19:22:25"
"2519","259","2025-09-19 15:38:29","75.75","0.00","2025-09-19 00:00:00","2026-04-27 19:22:25"
"2520","267","2025-03-09 11:02:49","77.89","0.00","2025-03-09 00:00:00","2026-04-27 19:22:25"
"2521","290","2021-10-18 17:24:55","143.94","0.00","2021-10-18 00:00:00","2026-04-27 19:22:25"
"2522","57","2026-03-13 12:53:49","272.48","0.00","2026-03-13 00:00:00","2026-04-27 19:22:25"
"2523","37","2024-10-11 17:17:18","68.76","5.00","2024-10-11 00:00:00","2026-04-27 19:22:25"
"2524","31","2021-12-27 07:15:57","14.49","25.00","2021-12-27 00:00:00","2026-04-27 19:22:25"
"2525","174","2025-03-16 12:09:01","40.63","5.00","2025-03-16 00:00:00","2026-04-27 19:22:25"
"2526","171","2023-07-17 08:35:28","230.69","0.00","2023-07-17 00:00:00","2026-04-27 19:22:25"
"2527","189","2026-03-14 13:12:56","107.49","0.00","2026-03-14 00:00:00","2026-04-27 19:22:25"
"2528","270","2023-05-21 16:56:47","46.19","5.00","2023-05-21 00:00:00","2026-04-27 19:22:25"
"2529","254","2021-06-10 12:40:45","91.80","0.00","2021-06-10 00:00:00","2026-04-27 19:22:25"
"2530","124","2021-09-17 09:36:16","129.82","0.00","2021-09-17 00:00:00","2026-04-27 19:22:25"
"2531","26","2025-12-28 10:28:13","260.86","0.00","2025-12-28 00:00:00","2026-04-27 19:22:25"
"2532","211","2025-03-19 01:39:29","42.07","10.00","2025-03-19 00:00:00","2026-04-27 19:22:25"
"2533","16","2026-04-10 19:16:31","51.65","5.00","2026-04-10 00:00:00","2026-04-27 19:22:25"
"2534","90","2025-11-24 07:59:39","199.98","0.00","2025-11-24 00:00:00","2026-04-27 19:22:25"
"2535","143","2022-07-08 15:57:03","211.90","0.00","2022-07-08 00:00:00","2026-04-27 19:22:25"
"2536","188","2026-01-01 10:49:01","172.07","0.00","2026-01-01 00:00:00","2026-04-27 19:22:25"
"2537","128","2023-06-03 09:48:29","14.48","10.00","2023-06-03 00:00:00","2026-04-27 19:22:25"
"2538","194","2025-09-28 15:45:08","122.88","0.00","2025-09-28 00:00:00","2026-04-27 19:22:25"
"2539","153","2021-10-20 17:36:39","220.76","0.00","2021-10-20 00:00:00","2026-04-27 19:22:25"
"2540","141","2026-01-02 15:15:37","30.70","5.00","2026-01-02 00:00:00","2026-04-27 19:22:25"
"2541","269","2025-06-17 17:54:12","231.71","0.00","2025-06-17 00:00:00","2026-04-27 19:22:25"
"2542","9","2024-10-14 19:55:40","157.65","0.00","2024-10-14 00:00:00","2026-04-27 19:22:25"
"2543","104","2023-08-17 19:55:47","137.58","0.00","2023-08-17 00:00:00","2026-04-27 19:22:25"
"2544","7","2023-11-16 16:28:30","126.46","0.00","2023-11-16 00:00:00","2026-04-27 19:22:25"
"2545","218","2024-11-05 11:08:21","355.33","0.00","2024-11-05 00:00:00","2026-04-27 19:22:25"
"2546","255","2021-09-07 10:59:46","274.75","0.00","2021-09-07 00:00:00","2026-04-27 19:22:25"
"2547","8","2025-10-03 09:20:35","6.88","25.00","2025-10-03 00:00:00","2026-04-27 19:22:25"
"2548","182","2025-12-26 08:26:04","57.01","0.00","2025-12-26 00:00:00","2026-04-27 19:22:25"
"2549","175","2026-01-09 09:23:06","40.10","10.00","2026-01-09 00:00:00","2026-04-27 19:22:25"
"2550","260","2021-10-03 13:47:55","225.65","0.00","2021-10-03 00:00:00","2026-04-27 19:22:25"
"2551","94","2024-12-05 12:37:23","9.64","25.00","2024-12-05 00:00:00","2026-04-27 19:22:25"
"2552","212","2023-02-04 12:03:31","40.13","5.00","2023-02-04 00:00:00","2026-04-27 19:22:25"
"2553","220","2024-05-14 14:02:51","202.46","0.00","2024-05-14 00:00:00","2026-04-27 19:22:25"
"2554","199","2024-11-21 13:12:00","10.72","10.00","2024-11-21 00:00:00","2026-04-27 19:22:25"
"2555","231","2025-09-20 19:45:48","140.35","0.00","2025-09-20 00:00:00","2026-04-27 19:22:25"
"2556","255","2025-07-06 07:54:38","117.03","0.00","2025-07-06 00:00:00","2026-04-27 19:22:25"
"2557","177","2026-02-22 15:14:35","55.80","0.00","2026-02-22 00:00:00","2026-04-27 19:22:25"
"2558","234","2023-10-14 11:20:10","17.54","25.00","2023-10-14 00:00:00","2026-04-27 19:22:25"
"2559","101","2026-04-04 09:36:12","25.61","5.00","2026-04-04 00:00:00","2026-04-27 19:22:25"
"2560","252","2025-06-12 16:29:29","70.09","0.00","2025-06-12 00:00:00","2026-04-27 19:22:25"
"2561","194","2026-04-06 08:27:12","199.62","0.00","2026-04-06 00:00:00","2026-04-27 19:22:25"
"2562","52","2026-03-21 09:48:18","40.81","5.00","2026-03-21 00:00:00","2026-04-27 19:22:25"
"2563","162","2025-02-14 18:55:58","44.20","10.00","2025-02-14 00:00:00","2026-04-27 19:22:25"
"2564","129","2023-04-14 14:04:59","101.60","0.00","2023-04-14 00:00:00","2026-04-27 19:22:25"
"2565","67","2022-08-25 09:51:27","141.47","0.00","2022-08-25 00:00:00","2026-04-27 19:22:25"
"2566","63","2025-02-22 08:34:03","129.05","0.00","2025-02-22 00:00:00","2026-04-27 19:22:25"
"2567","26","2025-11-10 17:54:19","109.45","0.00","2025-11-10 00:00:00","2026-04-27 19:22:25"
"2568","31","2023-07-02 08:43:58","0.00","0.00","2023-07-02 00:00:00","2026-04-27 19:22:25"
"2569","185","2024-01-22 09:37:27","76.54","0.00","2024-01-22 00:00:00","2026-04-27 19:22:25"
"2570","20","2022-06-05 19:09:02","300.12","0.00","2022-06-05 00:00:00","2026-04-27 19:22:25"
"2571","222","2022-01-22 08:14:08","11.72","10.00","2022-01-22 00:00:00","2026-04-27 19:22:25"
"2572","227","2026-02-17 08:04:52","265.39","0.00","2026-02-17 00:00:00","2026-04-27 19:22:25"
"2573","186","2026-04-02 19:20:53","153.98","0.00","2026-04-02 00:00:00","2026-04-27 19:22:25"
"2574","226","2025-12-13 16:03:11","93.16","0.00","2025-12-13 00:00:00","2026-04-27 19:22:25"
"2575","294","2025-09-02 08:10:30","260.72","0.00","2025-09-02 00:00:00","2026-04-27 19:22:25"
"2576","56","2023-02-16 16:02:19","239.76","0.00","2023-02-16 00:00:00","2026-04-27 19:22:25"
"2577","120","2024-02-23 15:13:28","140.36","0.00","2024-02-23 00:00:00","2026-04-27 19:22:25"
"2578","10","2026-02-23 06:36:18","142.91","0.00","2026-02-23 00:00:00","2026-04-27 19:22:25"
"2579","237","2026-03-23 08:27:24","0.00","0.00","2026-03-23 00:00:00","2026-04-27 19:22:25"
"2580","96","2025-08-30 09:50:45","43.62","5.00","2025-08-30 00:00:00","2026-04-27 19:22:25"
"2581","64","2025-08-19 10:24:56","51.54","0.00","2025-08-19 00:00:00","2026-04-27 19:22:25"
"2582","169","2024-06-07 14:04:54","264.29","0.00","2024-06-07 00:00:00","2026-04-27 19:22:25"
"2583","134","2024-04-02 18:13:35","28.02","5.00","2024-04-02 00:00:00","2026-04-27 19:22:25"
"2584","25","2025-12-15 18:27:36","165.59","0.00","2025-12-15 00:00:00","2026-04-27 19:22:25"
"2585","23","2025-06-29 08:57:20","120.30","0.00","2025-06-29 00:00:00","2026-04-27 19:22:25"
"2586","172","2025-09-11 07:41:46","232.25","0.00","2025-09-11 00:00:00","2026-04-27 19:22:25"
"2587","171","2026-01-11 08:18:25","93.65","0.00","2026-01-11 00:00:00","2026-04-27 19:22:25"
"2588","78","2025-06-11 15:19:54","21.47","10.00","2025-06-11 00:00:00","2026-04-27 19:22:25"
"2589","262","2023-11-02 11:59:31","164.60","0.00","2023-11-02 00:00:00","2026-04-27 19:22:25"
"2590","16","2026-04-07 08:44:59","133.98","0.00","2026-04-07 00:00:00","2026-04-27 19:22:25"
"2591","89","2024-04-21 09:11:37","142.08","0.00","2024-04-21 00:00:00","2026-04-27 19:22:25"
"2592","93","2024-09-20 18:30:05","272.80","0.00","2024-09-20 00:00:00","2026-04-27 19:22:25"
"2593","85","2025-08-06 07:43:33","105.81","0.00","2025-08-06 00:00:00","2026-04-27 19:22:25"
"2594","198","2025-09-26 08:46:32","73.55","5.00","2025-09-26 00:00:00","2026-04-27 19:22:25"
"2595","97","2026-01-19 15:17:52","18.93","10.00","2026-01-19 00:00:00","2026-04-27 19:22:25"
"2596","17","2025-02-18 18:59:14","124.51","0.00","2025-02-18 00:00:00","2026-04-27 19:22:25"
"2597","269","2025-01-13 16:25:08","65.45","5.00","2025-01-13 00:00:00","2026-04-27 19:22:25"
"2598","198","2025-11-10 16:13:00","90.35","0.00","2025-11-10 00:00:00","2026-04-27 19:22:25"
"2599","273","2024-06-07 17:46:32","127.30","0.00","2024-06-07 00:00:00","2026-04-27 19:22:25"
"2600","11","2025-10-27 14:04:57","145.62","0.00","2025-10-27 00:00:00","2026-04-27 19:22:25"
"2601","250","2022-07-05 19:07:45","21.25","25.00","2022-07-05 00:00:00","2026-04-27 19:22:25"
"2602","141","2025-12-10 17:37:49","76.32","0.00","2025-12-10 00:00:00","2026-04-27 19:22:25"
"2603","252","2025-07-14 15:17:41","150.15","0.00","2025-07-14 00:00:00","2026-04-27 19:22:25"
"2604","96","2026-04-12 07:46:25","113.77","0.00","2026-04-12 00:00:00","2026-04-27 19:22:25"
"2605","50","2024-03-15 08:09:04","41.95","5.00","2024-03-15 00:00:00","2026-04-27 19:22:25"
"2606","89","2024-07-09 09:14:41","83.03","0.00","2024-07-09 00:00:00","2026-04-27 19:22:25"
"2607","118","2023-04-18 07:21:51","388.73","0.00","2023-04-18 00:00:00","2026-04-27 19:22:25"
"2608","3","2024-04-01 17:46:44","156.04","0.00","2024-04-01 00:00:00","2026-04-27 19:22:25"
"2609","216","2024-02-27 16:57:58","114.14","0.00","2024-02-27 00:00:00","2026-04-27 19:22:25"
"2610","150","2026-04-07 10:27:01","197.19","0.00","2026-04-07 00:00:00","2026-04-27 19:22:25"
"2611","266","2026-02-18 09:35:17","26.91","10.00","2026-02-18 00:00:00","2026-04-27 19:22:25"
"2612","10","2025-08-09 08:23:12","107.29","0.00","2025-08-09 00:00:00","2026-04-27 19:22:25"
"2613","43","2023-04-17 07:34:10","140.05","0.00","2023-04-17 00:00:00","2026-04-27 19:22:25"
"2614","155","2025-07-28 19:34:57","11.96","25.00","2025-07-28 00:00:00","2026-04-27 19:22:25"
"2615","73","2026-02-12 13:40:17","130.62","0.00","2026-02-12 00:00:00","2026-04-27 19:22:25"
"2616","44","2026-03-29 11:39:46","293.48","0.00","2026-03-29 00:00:00","2026-04-27 19:22:25"
"2617","37","2024-01-30 09:03:42","193.77","0.00","2024-01-30 00:00:00","2026-04-27 19:22:25"
"2618","76","2024-03-08 14:13:48","6.38","10.00","2024-03-08 00:00:00","2026-04-27 19:22:25"
"2619","140","2026-04-09 16:00:05","249.23","0.00","2026-04-09 00:00:00","2026-04-27 19:22:25"
"2620","199","2024-09-30 17:28:10","78.00","0.00","2024-09-30 00:00:00","2026-04-27 19:22:25"
"2621","288","2024-11-30 16:05:22","254.34","0.00","2024-11-30 00:00:00","2026-04-27 19:22:25"
"2622","143","2025-06-26 08:44:32","143.58","0.00","2025-06-26 00:00:00","2026-04-27 19:22:25"
"2623","39","2022-12-06 16:04:16","179.13","0.00","2022-12-06 00:00:00","2026-04-27 19:22:25"
"2624","92","2026-03-03 10:31:37","79.11","0.00","2026-03-03 00:00:00","2026-04-27 19:22:25"
"2625","156","2025-08-19 18:43:00","41.90","5.00","2025-08-19 00:00:00","2026-04-27 19:22:25"
"2626","270","2024-11-18 07:36:38","176.86","0.00","2024-11-18 00:00:00","2026-04-27 19:22:25"
"2627","161","2025-12-04 18:08:10","119.44","0.00","2025-12-04 00:00:00","2026-04-27 19:22:25"
"2628","2","2022-08-22 19:07:51","19.01","25.00","2022-08-22 00:00:00","2026-04-27 19:22:25"
"2629","187","2022-10-16 07:25:15","30.90","10.00","2022-10-16 00:00:00","2026-04-27 19:22:25"
"2630","71","2025-10-11 07:55:17","140.64","0.00","2025-10-11 00:00:00","2026-04-27 19:22:25"
"2631","252","2024-03-08 09:56:48","85.38","0.00","2024-03-08 00:00:00","2026-04-27 19:22:25"
"2632","204","2024-04-19 18:30:57","27.15","5.00","2024-04-19 00:00:00","2026-04-27 19:22:25"
"2633","116","2026-04-12 14:32:16","42.55","10.00","2026-04-12 00:00:00","2026-04-27 19:22:25"
"2634","170","2024-11-27 09:20:00","75.87","0.00","2024-11-27 00:00:00","2026-04-27 19:22:25"
"2635","137","2026-01-11 10:03:16","121.54","0.00","2026-01-11 00:00:00","2026-04-27 19:22:25"
"2636","249","2025-07-17 11:59:37","233.01","0.00","2025-07-17 00:00:00","2026-04-27 19:22:25"
"2637","293","2025-12-15 19:15:25","299.79","0.00","2025-12-15 00:00:00","2026-04-27 19:22:25"
"2638","300","2025-10-19 14:08:23","257.67","0.00","2025-10-19 00:00:00","2026-04-27 19:22:25"
"2639","219","2022-05-09 15:02:35","252.34","0.00","2022-05-09 00:00:00","2026-04-27 19:22:25"
"2640","130","2025-07-30 07:21:07","39.40","5.00","2025-07-30 00:00:00","2026-04-27 19:22:25"
"2641","74","2023-12-01 15:56:07","32.56","5.00","2023-12-01 00:00:00","2026-04-27 19:22:25"
"2642","163","2026-03-30 09:21:38","60.68","0.00","2026-03-30 00:00:00","2026-04-27 19:22:25"
"2643","70","2026-01-04 19:15:23","194.66","0.00","2026-01-04 00:00:00","2026-04-27 19:22:25"
"2644","122","2025-08-05 18:41:51","78.90","0.00","2025-08-05 00:00:00","2026-04-27 19:22:25"
"2645","240","2024-09-28 15:07:55","217.48","0.00","2024-09-28 00:00:00","2026-04-27 19:22:25"
"2646","3","2025-02-24 13:17:14","126.61","0.00","2025-02-24 00:00:00","2026-04-27 19:22:25"
"2647","237","2026-03-24 10:14:02","192.44","0.00","2026-03-24 00:00:00","2026-04-27 19:22:25"
"2648","73","2022-02-27 11:16:00","69.48","0.00","2022-02-27 00:00:00","2026-04-27 19:22:25"
"2649","99","2025-06-02 11:05:56","227.77","0.00","2025-06-02 00:00:00","2026-04-27 19:22:25"
"2650","116","2026-03-06 13:28:20","93.70","0.00","2026-03-06 00:00:00","2026-04-27 19:22:25"
"2651","232","2026-03-08 12:23:14","86.73","0.00","2026-03-08 00:00:00","2026-04-27 19:22:25"
"2652","203","2025-02-15 16:01:12","124.94","0.00","2025-02-15 00:00:00","2026-04-27 19:22:25"
"2653","232","2025-07-31 01:51:47","60.71","5.00","2025-07-31 00:00:00","2026-04-27 19:22:25"
"2654","218","2022-04-20 16:50:23","110.59","0.00","2022-04-20 00:00:00","2026-04-27 19:22:25"
"2655","277","2025-09-07 10:52:16","39.15","10.00","2025-09-07 00:00:00","2026-04-27 19:22:25"
"2656","269","2024-07-07 01:19:04","200.99","0.00","2024-07-07 00:00:00","2026-04-27 19:22:25"
"2657","218","2025-01-15 15:48:19","43.53","10.00","2025-01-15 00:00:00","2026-04-27 19:22:25"
"2658","172","2025-04-29 10:41:15","61.77","0.00","2025-04-29 00:00:00","2026-04-27 19:22:25"
"2659","177","2024-10-19 13:08:38","31.05","5.00","2024-10-19 00:00:00","2026-04-27 19:22:25"
"2660","37","2020-08-29 00:59:35","161.96","0.00","2020-08-29 00:00:00","2026-04-27 19:22:25"
"2661","284","2024-07-21 08:14:42","141.20","0.00","2024-07-21 00:00:00","2026-04-27 19:22:25"
"2662","120","2026-02-26 02:49:06","85.85","0.00","2026-02-26 00:00:00","2026-04-27 19:22:25"
"2663","123","2023-01-24 19:43:42","32.28","10.00","2023-01-24 00:00:00","2026-04-27 19:22:25"
"2664","116","2025-11-21 16:11:01","112.55","0.00","2025-11-21 00:00:00","2026-04-27 19:22:25"
"2665","172","2025-05-01 15:21:59","167.21","0.00","2025-05-01 00:00:00","2026-04-27 19:22:25"
"2666","33","2026-04-04 09:52:43","34.24","5.00","2026-04-04 00:00:00","2026-04-27 19:22:25"
"2667","21","2024-07-18 09:30:35","156.71","0.00","2024-07-18 00:00:00","2026-04-27 19:22:25"
"2668","99","2025-11-04 15:15:40","18.08","25.00","2025-11-04 00:00:00","2026-04-27 19:22:25"
"2669","279","2025-06-12 08:57:50","165.72","0.00","2025-06-12 00:00:00","2026-04-27 19:22:25"
"2670","61","2025-06-30 19:03:19","40.17","5.00","2025-06-30 00:00:00","2026-04-27 19:22:25"
"2671","13","2023-09-04 13:12:03","200.73","0.00","2023-09-04 00:00:00","2026-04-27 19:22:25"
"2672","161","2024-05-29 08:55:33","116.53","0.00","2024-05-29 00:00:00","2026-04-27 19:22:25"
"2673","239","2024-06-01 08:11:43","100.55","0.00","2024-06-01 00:00:00","2026-04-27 19:22:25"
"2674","208","2025-11-13 11:21:27","203.54","0.00","2025-11-13 00:00:00","2026-04-27 19:22:25"
"2675","63","2025-02-24 17:11:37","65.10","0.00","2025-02-24 00:00:00","2026-04-27 19:22:25"
"2676","244","2024-12-25 19:13:08","96.92","0.00","2024-12-25 00:00:00","2026-04-27 19:22:25"
"2677","132","2021-07-18 17:27:12","140.02","0.00","2021-07-18 00:00:00","2026-04-27 19:22:25"
"2678","243","2026-03-09 07:43:17","82.57","0.00","2026-03-09 00:00:00","2026-04-27 19:22:25"
"2679","264","2026-03-22 14:20:26","26.07","10.00","2026-03-22 00:00:00","2026-04-27 19:22:25"
"2680","196","2026-03-07 14:51:52","19.94","10.00","2026-03-07 00:00:00","2026-04-27 19:22:25"
"2681","267","2024-05-30 09:53:52","97.62","0.00","2024-05-30 00:00:00","2026-04-27 19:22:25"
"2682","104","2026-03-16 04:31:34","127.47","0.00","2026-03-16 00:00:00","2026-04-27 19:22:25"
"2683","59","2025-10-23 17:49:52","151.47","0.00","2025-10-23 00:00:00","2026-04-27 19:22:25"
"2684","195","2025-05-21 08:21:14","239.02","0.00","2025-05-21 00:00:00","2026-04-27 19:22:25"
"2685","122","2026-02-09 18:58:17","8.51","25.00","2026-02-09 00:00:00","2026-04-27 19:22:25"
"2686","179","2024-03-23 17:19:18","83.35","0.00","2024-03-23 00:00:00","2026-04-27 19:22:25"
"2687","119","2026-01-26 17:10:34","199.96","0.00","2026-01-26 00:00:00","2026-04-27 19:22:25"
"2688","148","2024-04-16 10:11:49","187.48","0.00","2024-04-16 00:00:00","2026-04-27 19:22:25"
"2689","247","2025-06-19 11:59:39","27.54","5.00","2025-06-19 00:00:00","2026-04-27 19:22:25"
"2690","115","2024-06-10 16:03:29","102.67","0.00","2024-06-10 00:00:00","2026-04-27 19:22:25"
"2691","184","2026-04-01 18:30:55","85.62","0.00","2026-04-01 00:00:00","2026-04-27 19:22:25"
"2692","133","2025-07-26 19:13:21","186.24","0.00","2025-07-26 00:00:00","2026-04-27 19:22:25"
"2693","52","2026-02-14 13:35:51","96.06","0.00","2026-02-14 00:00:00","2026-04-27 19:22:25"
"2694","168","2024-03-20 19:20:47","52.00","0.00","2024-03-20 00:00:00","2026-04-27 19:22:25"
"2695","293","2024-07-25 08:16:31","155.56","0.00","2024-07-25 00:00:00","2026-04-27 19:22:25"
"2696","157","2021-11-24 09:47:15","84.42","0.00","2021-11-24 00:00:00","2026-04-27 19:22:25"
"2697","110","2025-11-18 05:23:28","49.63","5.00","2025-11-18 00:00:00","2026-04-27 19:22:25"
"2698","293","2023-02-25 14:35:40","121.65","0.00","2023-02-25 00:00:00","2026-04-27 19:22:25"
"2699","68","2026-03-30 08:37:05","147.92","0.00","2026-03-30 00:00:00","2026-04-27 19:22:25"
"2700","39","2023-05-19 16:36:01","76.81","0.00","2023-05-19 00:00:00","2026-04-27 19:22:25"
"2701","281","2023-02-27 13:46:54","101.99","0.00","2023-02-27 00:00:00","2026-04-27 19:22:25"
"2702","87","2026-04-06 13:07:32","76.89","0.00","2026-04-06 00:00:00","2026-04-27 19:22:25"
"2703","255","2023-07-06 12:01:26","166.73","0.00","2023-07-06 00:00:00","2026-04-27 19:22:25"
"2704","31","2021-02-03 11:41:51","54.74","5.00","2021-02-03 00:00:00","2026-04-27 19:22:25"
"2705","132","2022-11-30 13:18:26","16.80","10.00","2022-11-30 00:00:00","2026-04-27 19:22:25"
"2706","209","2025-06-17 19:50:27","100.87","0.00","2025-06-17 00:00:00","2026-04-27 19:22:25"
"2707","53","2025-04-10 07:47:51","149.20","0.00","2025-04-10 00:00:00","2026-04-27 19:22:25"
"2708","38","2021-11-15 00:33:32","50.88","0.00","2021-11-15 00:00:00","2026-04-27 19:22:25"
"2709","222","2026-02-28 14:11:38","130.29","0.00","2026-02-28 00:00:00","2026-04-27 19:22:25"
"2710","134","2021-03-14 07:44:50","115.58","0.00","2021-03-14 00:00:00","2026-04-27 19:22:25"
"2711","56","2026-03-16 09:31:33","32.35","10.00","2026-03-16 00:00:00","2026-04-27 19:22:25"
"2712","234","2025-09-15 13:14:06","127.33","0.00","2025-09-15 00:00:00","2026-04-27 19:22:25"
"2713","77","2024-11-19 09:39:30","37.43","5.00","2024-11-19 00:00:00","2026-04-27 19:22:25"
"2714","101","2026-04-03 13:03:11","84.81","0.00","2026-04-03 00:00:00","2026-04-27 19:22:25"
"2715","57","2025-08-24 07:12:22","76.60","0.00","2025-08-24 00:00:00","2026-04-27 19:22:25"
"2716","75","2026-02-03 11:09:12","36.00","5.00","2026-02-03 00:00:00","2026-04-27 19:22:25"
"2717","15","2024-07-29 07:19:19","44.63","5.00","2024-07-29 00:00:00","2026-04-27 19:22:25"
"2718","118","2022-05-04 09:55:13","83.97","0.00","2022-05-04 00:00:00","2026-04-27 19:22:25"
"2719","224","2024-10-14 12:53:51","49.05","10.00","2024-10-14 00:00:00","2026-04-27 19:22:25"
"2720","251","2026-04-04 13:04:14","21.07","10.00","2026-04-04 00:00:00","2026-04-27 19:22:25"
"2721","30","2025-12-10 14:01:50","279.18","0.00","2025-12-10 00:00:00","2026-04-27 19:22:25"
"2722","300","2023-01-24 10:47:51","48.55","5.00","2023-01-24 00:00:00","2026-04-27 19:22:25"
"2723","144","2020-07-06 07:44:33","203.01","0.00","2020-07-06 00:00:00","2026-04-27 19:22:25"
"2724","199","2024-05-28 19:16:28","223.52","0.00","2024-05-28 00:00:00","2026-04-27 19:22:25"
"2725","224","2022-05-01 11:09:22","56.07","5.00","2022-05-01 00:00:00","2026-04-27 19:22:25"
"2726","135","2026-03-22 17:47:35","41.55","5.00","2026-03-22 00:00:00","2026-04-27 19:22:25"
"2727","199","2024-11-08 11:52:01","78.54","0.00","2024-11-08 00:00:00","2026-04-27 19:22:25"
"2728","247","2025-02-19 14:47:35","208.45","0.00","2025-02-19 00:00:00","2026-04-27 19:22:25"
"2729","25","2024-11-11 19:05:36","230.74","0.00","2024-11-11 00:00:00","2026-04-27 19:22:25"
"2730","148","2024-09-10 08:59:23","221.29","0.00","2024-09-10 00:00:00","2026-04-27 19:22:25"
"2731","92","2026-02-24 10:53:25","204.40","0.00","2026-02-24 00:00:00","2026-04-27 19:22:25"
"2732","159","2026-03-10 19:23:07","108.15","0.00","2026-03-10 00:00:00","2026-04-27 19:22:25"
"2733","3","2024-01-18 18:04:41","91.14","0.00","2024-01-18 00:00:00","2026-04-27 19:22:25"
"2734","69","2025-09-20 11:09:15","54.10","0.00","2025-09-20 00:00:00","2026-04-27 19:22:25"
"2735","243","2025-08-01 08:49:43","9.46","25.00","2025-08-01 00:00:00","2026-04-27 19:22:25"
"2736","98","2025-08-16 17:07:24","361.72","0.00","2025-08-16 00:00:00","2026-04-27 19:22:25"
"2737","208","2026-02-06 07:55:11","196.99","0.00","2026-02-06 00:00:00","2026-04-27 19:22:25"
"2738","1","2025-12-26 15:13:22","157.55","0.00","2025-12-26 00:00:00","2026-04-27 19:22:25"
"2739","266","2026-01-16 19:06:41","147.99","0.00","2026-01-16 00:00:00","2026-04-27 19:22:25"
"2740","35","2025-05-21 16:55:37","78.16","0.00","2025-05-21 00:00:00","2026-04-27 19:22:25"
"2741","89","2025-01-17 17:38:01","136.60","0.00","2025-01-17 00:00:00","2026-04-27 19:22:25"
"2742","7","2025-02-24 10:38:00","127.20","0.00","2025-02-24 00:00:00","2026-04-27 19:22:25"
"2743","299","2025-12-16 16:51:19","91.27","0.00","2025-12-16 00:00:00","2026-04-27 19:22:25"
"2744","70","2025-07-01 13:37:00","423.27","0.00","2025-07-01 00:00:00","2026-04-27 19:22:25"
"2745","103","2023-11-29 19:58:08","169.85","0.00","2023-11-29 00:00:00","2026-04-27 19:22:25"
"2746","122","2025-10-11 08:47:27","186.30","0.00","2025-10-11 00:00:00","2026-04-27 19:22:25"
"2747","243","2025-12-02 08:02:00","310.33","0.00","2025-12-02 00:00:00","2026-04-27 19:22:25"
"2748","202","2025-11-19 09:41:42","158.63","0.00","2025-11-19 00:00:00","2026-04-27 19:22:25"
"2749","270","2020-09-03 10:01:53","137.67","0.00","2020-09-03 00:00:00","2026-04-27 19:22:25"
"2750","208","2022-09-05 14:54:15","189.73","0.00","2022-09-05 00:00:00","2026-04-27 19:22:25"
"2751","27","2024-03-10 18:40:48","92.83","0.00","2024-03-10 00:00:00","2026-04-27 19:22:25"
"2752","141","2024-12-11 17:27:10","364.71","0.00","2024-12-11 00:00:00","2026-04-27 19:22:25"
"2753","46","2026-01-26 18:43:09","236.35","0.00","2026-01-26 00:00:00","2026-04-27 19:22:25"
"2754","182","2024-02-28 09:17:23","93.02","0.00","2024-02-28 00:00:00","2026-04-27 19:22:25"
"2755","172","2024-08-03 13:21:49","4.74","10.00","2024-08-03 00:00:00","2026-04-27 19:22:25"
"2756","117","2024-05-27 08:05:54","16.24","10.00","2024-05-27 00:00:00","2026-04-27 19:22:25"
"2757","62","2022-06-25 17:39:12","117.81","0.00","2022-06-25 00:00:00","2026-04-27 19:22:25"
"2758","195","2026-04-02 15:45:03","119.55","0.00","2026-04-02 00:00:00","2026-04-27 19:22:25"
"2759","174","2025-06-24 07:01:51","215.00","0.00","2025-06-24 00:00:00","2026-04-27 19:22:25"
"2760","2","2020-08-10 15:55:05","91.10","0.00","2020-08-10 00:00:00","2026-04-27 19:22:25"
"2761","254","2024-01-12 08:01:45","94.00","0.00","2024-01-12 00:00:00","2026-04-27 19:22:25"
"2762","263","2020-03-08 08:47:14","70.83","0.00","2020-03-08 00:00:00","2026-04-27 19:22:25"
"2763","35","2023-10-16 07:49:08","137.65","0.00","2023-10-16 00:00:00","2026-04-27 19:22:25"
"2764","195","2026-03-08 19:04:25","119.03","0.00","2026-03-08 00:00:00","2026-04-27 19:22:25"
"2765","280","2026-01-08 09:09:06","199.30","0.00","2026-01-08 00:00:00","2026-04-27 19:22:25"
"2766","54","2025-09-30 19:25:24","234.67","0.00","2025-09-30 00:00:00","2026-04-27 19:22:25"
"2767","248","2024-05-19 07:52:15","31.16","5.00","2024-05-19 00:00:00","2026-04-27 19:22:25"
"2768","201","2026-02-21 09:54:25","105.61","0.00","2026-02-21 00:00:00","2026-04-27 19:22:25"
"2769","76","2025-11-03 18:45:22","59.62","0.00","2025-11-03 00:00:00","2026-04-27 19:22:25"
"2770","66","2021-10-22 04:41:24","147.26","0.00","2021-10-22 00:00:00","2026-04-27 19:22:25"
"2771","99","2025-05-09 08:15:55","127.39","0.00","2025-05-09 00:00:00","2026-04-27 19:22:25"
"2772","58","2025-10-22 09:04:18","132.11","0.00","2025-10-22 00:00:00","2026-04-27 19:22:25"
"2773","78","2025-09-07 17:33:39","133.02","0.00","2025-09-07 00:00:00","2026-04-27 19:22:25"
"2774","72","2025-06-13 08:59:42","20.30","10.00","2025-06-13 00:00:00","2026-04-27 19:22:25"
"2775","220","2023-07-04 16:42:31","37.83","5.00","2023-07-04 00:00:00","2026-04-27 19:22:25"
"2776","187","2022-09-30 19:10:03","245.53","0.00","2022-09-30 00:00:00","2026-04-27 19:22:25"
"2777","190","2026-03-28 08:45:36","144.00","0.00","2026-03-28 00:00:00","2026-04-27 19:22:25"
"2778","156","2025-10-02 04:02:25","217.82","0.00","2025-10-02 00:00:00","2026-04-27 19:22:25"
"2779","107","2025-10-14 08:29:54","66.15","0.00","2025-10-14 00:00:00","2026-04-27 19:22:25"
"2780","203","2025-09-09 16:56:50","55.09","5.00","2025-09-09 00:00:00","2026-04-27 19:22:25"
"2781","246","2024-03-18 12:04:41","67.01","0.00","2024-03-18 00:00:00","2026-04-27 19:22:25"
"2782","87","2026-03-26 12:21:04","112.37","0.00","2026-03-26 00:00:00","2026-04-27 19:22:25"
"2783","224","2023-05-19 14:09:31","71.71","5.00","2023-05-19 00:00:00","2026-04-27 19:22:25"
"2784","28","2024-02-15 11:06:12","184.73","0.00","2024-02-15 00:00:00","2026-04-27 19:22:25"
"2785","102","2024-10-07 07:31:12","106.80","0.00","2024-10-07 00:00:00","2026-04-27 19:22:25"
"2786","129","2025-04-13 14:11:29","55.79","0.00","2025-04-13 00:00:00","2026-04-27 19:22:25"
"2787","276","2025-01-08 08:30:44","122.40","0.00","2025-01-08 00:00:00","2026-04-27 19:22:25"
"2788","231","2025-09-05 15:28:35","163.56","0.00","2025-09-05 00:00:00","2026-04-27 19:22:25"
"2789","217","2026-02-01 19:04:32","11.16","10.00","2026-02-01 00:00:00","2026-04-27 19:22:25"
"2790","174","2025-05-24 19:09:57","129.09","0.00","2025-05-24 00:00:00","2026-04-27 19:22:25"
"2791","295","2025-11-13 16:23:56","86.75","0.00","2025-11-13 00:00:00","2026-04-27 19:22:25"
"2792","235","2025-07-10 19:07:44","40.86","5.00","2025-07-10 00:00:00","2026-04-27 19:22:25"
"2793","202","2025-02-21 13:38:18","43.68","5.00","2025-02-21 00:00:00","2026-04-27 19:22:25"
"2794","52","2025-06-09 08:41:41","37.52","5.00","2025-06-09 00:00:00","2026-04-27 19:22:25"
"2795","215","2025-04-05 19:44:42","261.91","0.00","2025-04-05 00:00:00","2026-04-27 19:22:25"
"2796","218","2023-08-07 13:44:45","97.32","0.00","2023-08-07 00:00:00","2026-04-27 19:22:25"
"2797","65","2025-09-04 16:33:46","241.98","0.00","2025-09-04 00:00:00","2026-04-27 19:22:25"
"2798","160","2024-05-31 18:38:35","69.08","5.00","2024-05-31 00:00:00","2026-04-27 19:22:25"
"2799","33","2026-03-26 14:59:39","262.58","0.00","2026-03-26 00:00:00","2026-04-27 19:22:25"
"2800","22","2024-05-20 16:09:57","191.32","0.00","2024-05-20 00:00:00","2026-04-27 19:22:25"
"2801","39","2023-05-27 16:06:46","137.69","0.00","2023-05-27 00:00:00","2026-04-27 19:22:25"
"2802","296","2026-04-08 13:17:17","155.41","0.00","2026-04-08 00:00:00","2026-04-27 19:22:25"
"2803","189","2025-08-22 10:30:21","61.04","5.00","2025-08-22 00:00:00","2026-04-27 19:22:25"
"2804","29","2024-12-21 13:03:08","12.12","10.00","2024-12-21 00:00:00","2026-04-27 19:22:25"
"2805","296","2026-01-15 13:51:25","36.27","5.00","2026-01-15 00:00:00","2026-04-27 19:22:25"
"2806","276","2026-04-06 12:42:49","58.95","5.00","2026-04-06 00:00:00","2026-04-27 19:22:25"
"2807","83","2025-08-02 16:59:07","190.70","0.00","2025-08-02 00:00:00","2026-04-27 19:22:25"
"2808","23","2025-10-10 07:21:17","79.50","0.00","2025-10-10 00:00:00","2026-04-27 19:22:25"
"2809","211","2024-12-03 12:49:29","102.28","0.00","2024-12-03 00:00:00","2026-04-27 19:22:25"
"2810","99","2026-01-23 08:35:32","170.40","0.00","2026-01-23 00:00:00","2026-04-27 19:22:25"
"2811","65","2025-08-07 07:35:56","202.25","0.00","2025-08-07 00:00:00","2026-04-27 19:22:25"
"2812","216","2025-06-26 03:45:22","3.85","10.00","2025-06-26 00:00:00","2026-04-27 19:22:25"
"2813","203","2023-04-12 00:35:36","251.88","0.00","2023-04-12 00:00:00","2026-04-27 19:22:25"
"2814","122","2026-03-11 16:15:24","301.00","0.00","2026-03-11 00:00:00","2026-04-27 19:22:25"
"2815","247","2021-10-26 10:28:14","295.66","0.00","2021-10-26 00:00:00","2026-04-27 19:22:25"
"2816","27","2021-10-03 09:11:36","226.36","0.00","2021-10-03 00:00:00","2026-04-27 19:22:25"
"2817","8","2026-04-05 14:58:27","140.96","0.00","2026-04-05 00:00:00","2026-04-27 19:22:25"
"2818","267","2024-05-31 14:03:02","76.32","0.00","2024-05-31 00:00:00","2026-04-27 19:22:25"
"2819","90","2025-11-25 02:18:24","79.63","0.00","2025-11-25 00:00:00","2026-04-27 19:22:25"
"2820","107","2025-07-04 11:33:17","123.74","0.00","2025-07-04 00:00:00","2026-04-27 19:22:25"
"2821","63","2024-09-03 09:11:35","123.85","0.00","2024-09-03 00:00:00","2026-04-27 19:22:25"
"2822","133","2023-07-19 19:54:35","158.20","0.00","2023-07-19 00:00:00","2026-04-27 19:22:25"
"2823","260","2021-09-26 11:24:28","220.28","0.00","2021-09-26 00:00:00","2026-04-27 19:22:25"
"2824","111","2024-02-23 13:16:19","314.62","0.00","2024-02-23 00:00:00","2026-04-27 19:22:25"
"2825","52","2025-03-28 09:39:00","176.69","0.00","2025-03-28 00:00:00","2026-04-27 19:22:25"
"2826","111","2021-11-30 15:27:33","133.70","0.00","2021-11-30 00:00:00","2026-04-27 19:22:25"
"2827","128","2023-09-26 16:47:02","10.66","10.00","2023-09-26 00:00:00","2026-04-27 19:22:25"
"2828","145","2024-10-08 07:00:47","42.81","10.00","2024-10-08 00:00:00","2026-04-27 19:22:25"
"2829","59","2023-11-03 09:13:35","311.26","0.00","2023-11-03 00:00:00","2026-04-27 19:22:25"
"2830","123","2023-01-29 15:09:00","71.41","5.00","2023-01-29 00:00:00","2026-04-27 19:22:25"
"2831","231","2021-01-03 18:21:20","87.87","0.00","2021-01-03 00:00:00","2026-04-27 19:22:25"
"2832","216","2023-03-17 08:36:32","260.97","0.00","2023-03-17 00:00:00","2026-04-27 19:22:25"
"2833","46","2026-03-13 09:38:01","16.63","25.00","2026-03-13 00:00:00","2026-04-27 19:22:25"
"2834","191","2026-03-24 19:06:42","155.20","0.00","2026-03-24 00:00:00","2026-04-27 19:22:25"
"2835","7","2025-03-29 19:08:48","223.19","0.00","2025-03-29 00:00:00","2026-04-27 19:22:25"
"2836","147","2025-04-30 09:36:47","92.20","0.00","2025-04-30 00:00:00","2026-04-27 19:22:25"
"2837","102","2025-08-12 11:24:36","144.20","0.00","2025-08-12 00:00:00","2026-04-27 19:22:25"
"2838","18","2023-04-16 08:15:35","61.55","0.00","2023-04-16 00:00:00","2026-04-27 19:22:25"
"2839","232","2025-11-14 10:54:16","159.61","0.00","2025-11-14 00:00:00","2026-04-27 19:22:25"
"2840","257","2026-03-09 08:33:34","249.52","0.00","2026-03-09 00:00:00","2026-04-27 19:22:25"
"2841","77","2024-10-15 13:12:53","179.78","0.00","2024-10-15 00:00:00","2026-04-27 19:22:25"
"2842","142","2025-04-02 09:48:46","0.00","0.00","2025-04-02 00:00:00","2026-04-27 19:22:25"
"2843","222","2024-10-15 16:13:04","152.07","0.00","2024-10-15 00:00:00","2026-04-27 19:22:25"
"2844","272","2023-07-28 07:19:58","29.61","10.00","2023-07-28 00:00:00","2026-04-27 19:22:25"
"2845","218","2024-01-05 07:17:36","3.26","25.00","2024-01-05 00:00:00","2026-04-27 19:22:25"
"2846","268","2025-07-09 10:55:18","28.11","10.00","2025-07-09 00:00:00","2026-04-27 19:22:25"
"2847","197","2024-08-13 09:48:41","101.72","0.00","2024-08-13 00:00:00","2026-04-27 19:22:25"
"2848","267","2025-06-26 10:18:17","169.96","0.00","2025-06-26 00:00:00","2026-04-27 19:22:25"
"2849","133","2023-03-31 18:49:24","140.03","0.00","2023-03-31 00:00:00","2026-04-27 19:22:25"
"2850","7","2023-06-27 07:47:52","186.16","0.00","2023-06-27 00:00:00","2026-04-27 19:22:25"
"2851","201","2025-12-10 14:20:13","18.24","25.00","2025-12-10 00:00:00","2026-04-27 19:22:25"
"2852","17","2024-12-09 11:05:05","230.41","0.00","2024-12-09 00:00:00","2026-04-27 19:22:25"
"2853","249","2025-03-16 15:18:51","79.23","0.00","2025-03-16 00:00:00","2026-04-27 19:22:25"
"2854","275","2021-08-10 11:42:08","176.34","0.00","2021-08-10 00:00:00","2026-04-27 19:22:25"
"2855","167","2025-03-06 12:51:22","219.58","0.00","2025-03-06 00:00:00","2026-04-27 19:22:25"
"2856","266","2026-02-25 13:51:16","80.51","0.00","2026-02-25 00:00:00","2026-04-27 19:22:25"
"2857","43","2024-09-04 08:09:08","159.43","0.00","2024-09-04 00:00:00","2026-04-27 19:22:25"
"2858","176","2025-11-05 16:46:48","106.59","0.00","2025-11-05 00:00:00","2026-04-27 19:22:25"
"2859","25","2026-03-14 09:38:40","70.37","5.00","2026-03-14 00:00:00","2026-04-27 19:22:25"
"2860","270","2024-04-14 10:52:19","129.33","0.00","2024-04-14 00:00:00","2026-04-27 19:22:25"
"2861","55","2024-11-22 10:08:35","57.70","5.00","2024-11-22 00:00:00","2026-04-27 19:22:25"
"2862","229","2026-03-30 19:54:51","11.34","10.00","2026-03-30 00:00:00","2026-04-27 19:22:25"
"2863","289","2025-08-15 11:04:58","123.56","0.00","2025-08-15 00:00:00","2026-04-27 19:22:25"
"2864","104","2024-12-05 09:42:04","120.20","0.00","2024-12-05 00:00:00","2026-04-27 19:22:25"
"2865","139","2024-12-21 11:53:01","167.72","0.00","2024-12-21 00:00:00","2026-04-27 19:22:25"
"2866","291","2024-12-02 12:02:20","71.23","0.00","2024-12-02 00:00:00","2026-04-27 19:22:25"
"2867","244","2025-05-12 18:33:13","169.95","0.00","2025-05-12 00:00:00","2026-04-27 19:22:25"
"2868","57","2025-05-28 15:17:52","290.45","0.00","2025-05-28 00:00:00","2026-04-27 19:22:25"
"2869","221","2025-12-19 19:07:47","29.72","5.00","2025-12-19 00:00:00","2026-04-27 19:22:25"
"2870","168","2024-07-24 07:24:29","17.55","10.00","2024-07-24 00:00:00","2026-04-27 19:22:25"
"2871","253","2023-06-06 18:34:12","151.53","0.00","2023-06-06 00:00:00","2026-04-27 19:22:25"
"2872","89","2024-11-27 11:29:10","84.00","0.00","2024-11-27 00:00:00","2026-04-27 19:22:25"
"2873","27","2023-07-17 12:18:43","91.06","0.00","2023-07-17 00:00:00","2026-04-27 19:22:25"
"2874","262","2024-10-26 09:41:08","195.35","0.00","2024-10-26 00:00:00","2026-04-27 19:22:25"
"2875","43","2024-11-18 09:55:08","119.07","0.00","2024-11-18 00:00:00","2026-04-27 19:22:25"
"2876","223","2024-02-21 08:01:22","64.40","0.00","2024-02-21 00:00:00","2026-04-27 19:22:25"
"2877","66","2024-08-22 02:59:51","27.78","10.00","2024-08-22 00:00:00","2026-04-27 19:22:25"
"2878","46","2026-01-19 18:20:13","237.18","0.00","2026-01-19 00:00:00","2026-04-27 19:22:25"
"2879","73","2026-01-14 15:48:17","151.67","0.00","2026-01-14 00:00:00","2026-04-27 19:22:25"
"2880","127","2026-02-03 12:04:41","188.58","0.00","2026-02-03 00:00:00","2026-04-27 19:22:25"
"2881","47","2023-08-22 11:08:09","20.02","25.00","2023-08-22 00:00:00","2026-04-27 19:22:25"
"2882","211","2024-12-13 13:40:20","74.22","5.00","2024-12-13 00:00:00","2026-04-27 19:22:25"
"2883","64","2025-06-11 09:48:43","182.15","0.00","2025-06-11 00:00:00","2026-04-27 19:22:25"
"2884","239","2025-09-14 16:34:02","92.00","0.00","2025-09-14 00:00:00","2026-04-27 19:22:25"
"2885","20","2021-07-13 13:15:13","7.20","25.00","2021-07-13 00:00:00","2026-04-27 19:22:25"
"2886","193","2025-01-11 12:59:14","99.56","0.00","2025-01-11 00:00:00","2026-04-27 19:22:25"
"2887","60","2025-12-26 15:55:00","176.68","0.00","2025-12-26 00:00:00","2026-04-27 19:22:25"
"2888","141","2025-01-08 12:17:50","69.50","0.00","2025-01-08 00:00:00","2026-04-27 19:22:25"
"2889","207","2025-05-28 10:31:19","21.40","10.00","2025-05-28 00:00:00","2026-04-27 19:22:25"
"2890","77","2024-10-16 11:48:29","51.65","0.00","2024-10-16 00:00:00","2026-04-27 19:22:25"
"2891","58","2025-05-01 17:31:28","101.82","0.00","2025-05-01 00:00:00","2026-04-27 19:22:25"
"2892","6","2024-06-30 09:14:07","115.48","0.00","2024-06-30 00:00:00","2026-04-27 19:22:25"
"2893","182","2025-08-05 09:44:18","149.73","0.00","2025-08-05 00:00:00","2026-04-27 19:22:25"
"2894","296","2024-09-18 16:18:34","341.51","0.00","2024-09-18 00:00:00","2026-04-27 19:22:25"
"2895","250","2022-11-16 06:06:35","314.61","0.00","2022-11-16 00:00:00","2026-04-27 19:22:25"
"2896","127","2026-01-25 11:48:42","106.82","0.00","2026-01-25 00:00:00","2026-04-27 19:22:25"
"2897","291","2024-08-22 15:24:19","164.92","0.00","2024-08-22 00:00:00","2026-04-27 19:22:25"
"2898","18","2023-02-25 12:41:52","154.17","0.00","2023-02-25 00:00:00","2026-04-27 19:22:25"
"2899","114","2026-01-04 16:33:48","119.35","0.00","2026-01-04 00:00:00","2026-04-27 19:22:25"
"2900","178","2022-11-21 13:44:38","64.94","5.00","2022-11-21 00:00:00","2026-04-27 19:22:25"
"2901","229","2026-04-01 07:14:05","53.85","0.00","2026-04-01 00:00:00","2026-04-27 19:22:25"
"2902","174","2025-12-29 09:16:23","80.62","0.00","2025-12-29 00:00:00","2026-04-27 19:22:25"
"2903","164","2024-06-10 17:10:38","85.91","0.00","2024-06-10 00:00:00","2026-04-27 19:22:25"
"2904","176","2026-01-18 09:32:07","28.14","10.00","2026-01-18 00:00:00","2026-04-27 19:22:25"
"2905","283","2020-09-19 09:57:41","54.91","0.00","2020-09-19 00:00:00","2026-04-27 19:22:25"
"2906","279","2026-02-17 18:24:31","160.57","0.00","2026-02-17 00:00:00","2026-04-27 19:22:25"
"2907","40","2025-05-04 14:04:02","57.19","0.00","2025-05-04 00:00:00","2026-04-27 19:22:25"
"2908","210","2025-12-21 09:19:20","101.60","0.00","2025-12-21 00:00:00","2026-04-27 19:22:25"
"2909","42","2025-08-19 08:18:29","325.93","0.00","2025-08-19 00:00:00","2026-04-27 19:22:25"
"2910","295","2026-02-26 10:48:50","26.93","5.00","2026-02-26 00:00:00","2026-04-27 19:22:25"
"2911","89","2026-03-07 09:35:37","107.41","0.00","2026-03-07 00:00:00","2026-04-27 19:22:25"
"2912","277","2022-09-04 19:45:51","57.69","5.00","2022-09-04 00:00:00","2026-04-27 19:22:25"
"2913","274","2023-05-03 07:30:03","184.25","0.00","2023-05-03 00:00:00","2026-04-27 19:22:25"
"2914","35","2023-10-29 09:41:22","37.63","10.00","2023-10-29 00:00:00","2026-04-27 19:22:25"
"2915","281","2023-10-05 00:48:42","168.92","0.00","2023-10-05 00:00:00","2026-04-27 19:22:25"
"2916","49","2024-08-13 15:31:49","45.40","5.00","2024-08-13 00:00:00","2026-04-27 19:22:25"
"2917","292","2023-03-10 14:38:42","249.50","0.00","2023-03-10 00:00:00","2026-04-27 19:22:25"
"2918","151","2023-11-09 07:27:14","94.41","0.00","2023-11-09 00:00:00","2026-04-27 19:22:25"
"2919","49","2024-07-27 08:36:03","79.26","0.00","2024-07-27 00:00:00","2026-04-27 19:22:25"
"2920","65","2025-10-04 12:38:33","144.76","0.00","2025-10-04 00:00:00","2026-04-27 19:22:25"
"2921","9","2025-03-11 07:47:02","70.44","0.00","2025-03-11 00:00:00","2026-04-27 19:22:25"
"2922","9","2023-02-08 08:53:53","173.08","0.00","2023-02-08 00:00:00","2026-04-27 19:22:25"
"2923","25","2025-01-03 09:20:30","220.36","0.00","2025-01-03 00:00:00","2026-04-27 19:22:25"
"2924","278","2026-02-02 11:05:01","172.63","0.00","2026-02-02 00:00:00","2026-04-27 19:22:25"
"2925","2","2022-12-29 09:42:24","40.89","10.00","2022-12-29 00:00:00","2026-04-27 19:22:25"
"2926","162","2024-11-11 07:24:16","116.90","0.00","2024-11-11 00:00:00","2026-04-27 19:22:25"
"2927","246","2024-09-09 18:37:44","114.24","0.00","2024-09-09 00:00:00","2026-04-27 19:22:25"
"2928","226","2024-08-13 00:23:55","219.72","0.00","2024-08-13 00:00:00","2026-04-27 19:22:25"
"2929","209","2025-06-06 12:13:17","50.24","5.00","2025-06-06 00:00:00","2026-04-27 19:22:25"
"2930","80","2025-12-01 09:17:15","7.55","25.00","2025-12-01 00:00:00","2026-04-27 19:22:25"
"2931","240","2026-02-06 13:40:13","202.56","0.00","2026-02-06 00:00:00","2026-04-27 19:22:25"
"2932","117","2022-10-27 15:50:24","154.82","0.00","2022-10-27 00:00:00","2026-04-27 19:22:25"
"2933","286","2024-08-13 12:48:17","30.24","5.00","2024-08-13 00:00:00","2026-04-27 19:22:25"
"2934","274","2020-11-12 12:10:08","9.79","10.00","2020-11-12 00:00:00","2026-04-27 19:22:25"
"2935","295","2025-11-02 14:44:19","150.40","0.00","2025-11-02 00:00:00","2026-04-27 19:22:25"
"2936","142","2024-05-22 10:10:36","4.32","10.00","2024-05-22 00:00:00","2026-04-27 19:22:25"
"2937","201","2025-12-24 18:48:24","69.59","5.00","2025-12-24 00:00:00","2026-04-27 19:22:25"
"2938","63","2026-03-10 07:15:53","131.65","0.00","2026-03-10 00:00:00","2026-04-27 19:22:25"
"2939","202","2026-04-05 01:30:51","120.72","0.00","2026-04-05 00:00:00","2026-04-27 19:22:25"
"2940","239","2023-08-09 09:30:00","106.46","0.00","2023-08-09 00:00:00","2026-04-27 19:22:25"
"2941","70","2025-11-09 16:32:50","86.86","0.00","2025-11-09 00:00:00","2026-04-27 19:22:25"
"2942","239","2024-08-14 12:37:22","89.12","0.00","2024-08-14 00:00:00","2026-04-27 19:22:25"
"2943","11","2023-12-02 09:52:52","151.55","0.00","2023-12-02 00:00:00","2026-04-27 19:22:25"
"2944","188","2026-03-19 08:24:18","153.52","0.00","2026-03-19 00:00:00","2026-04-27 19:22:25"
"2945","271","2022-03-25 15:43:03","58.48","0.00","2022-03-25 00:00:00","2026-04-27 19:22:25"
"2946","223","2023-01-06 16:34:01","122.63","0.00","2023-01-06 00:00:00","2026-04-27 19:22:25"
"2947","298","2024-10-21 10:03:02","106.77","0.00","2024-10-21 00:00:00","2026-04-27 19:22:25"
"2948","202","2025-07-07 12:13:15","47.60","5.00","2025-07-07 00:00:00","2026-04-27 19:22:25"
"2949","187","2022-09-06 11:10:18","142.10","0.00","2022-09-06 00:00:00","2026-04-27 19:22:25"
"2950","247","2024-09-06 11:40:55","151.51","0.00","2024-09-06 00:00:00","2026-04-27 19:22:25"
"2951","136","2025-09-06 07:40:46","41.71","10.00","2025-09-06 00:00:00","2026-04-27 19:22:25"
"2952","76","2025-07-17 01:07:04","47.68","5.00","2025-07-17 00:00:00","2026-04-27 19:22:25"
"2953","223","2025-08-05 07:14:30","58.34","0.00","2025-08-05 00:00:00","2026-04-27 19:22:25"
"2954","169","2025-04-27 07:39:30","313.33","0.00","2025-04-27 00:00:00","2026-04-27 19:22:25"
"2955","287","2022-12-11 13:04:17","128.22","0.00","2022-12-11 00:00:00","2026-04-27 19:22:25"
"2956","8","2026-04-02 13:08:34","145.75","0.00","2026-04-02 00:00:00","2026-04-27 19:22:25"
"2957","219","2022-07-30 15:22:15","31.76","10.00","2022-07-30 00:00:00","2026-04-27 19:22:25"
"2958","245","2025-12-28 18:05:44","108.22","0.00","2025-12-28 00:00:00","2026-04-27 19:22:25"
"2959","103","2022-11-10 10:53:17","201.27","0.00","2022-11-10 00:00:00","2026-04-27 19:22:25"
"2960","299","2025-04-27 09:15:37","34.17","5.00","2025-04-27 00:00:00","2026-04-27 19:22:25"
"2961","212","2022-12-12 10:52:22","93.62","0.00","2022-12-12 00:00:00","2026-04-27 19:22:25"
"2962","173","2026-02-12 19:12:09","169.96","0.00","2026-02-12 00:00:00","2026-04-27 19:22:25"
"2963","57","2023-03-19 13:08:43","171.93","0.00","2023-03-19 00:00:00","2026-04-27 19:22:25"
"2964","4","2025-12-01 19:52:40","91.22","0.00","2025-12-01 00:00:00","2026-04-27 19:22:25"
"2965","124","2022-10-21 09:40:19","170.97","0.00","2022-10-21 00:00:00","2026-04-27 19:22:25"
"2966","38","2025-05-27 09:28:05","321.35","0.00","2025-05-27 00:00:00","2026-04-27 19:22:25"
"2967","38","2022-09-08 17:44:28","3.13","10.00","2022-09-08 00:00:00","2026-04-27 19:22:25"
"2968","281","2026-03-27 12:39:42","154.85","0.00","2026-03-27 00:00:00","2026-04-27 19:22:25"
"2969","42","2026-04-05 15:01:32","218.26","0.00","2026-04-05 00:00:00","2026-04-27 19:22:25"
"2970","270","2025-07-16 07:41:06","102.54","0.00","2025-07-16 00:00:00","2026-04-27 19:22:25"
"2971","148","2023-09-14 12:47:10","245.44","0.00","2023-09-14 00:00:00","2026-04-27 19:22:25"
"2972","73","2023-12-31 18:42:04","175.73","0.00","2023-12-31 00:00:00","2026-04-27 19:22:25"
"2973","290","2020-11-30 19:52:38","175.89","0.00","2020-11-30 00:00:00","2026-04-27 19:22:25"
"2974","54","2024-03-30 08:45:59","14.08","25.00","2024-03-30 00:00:00","2026-04-27 19:22:25"
"2975","93","2024-10-31 09:16:42","81.61","0.00","2024-10-31 00:00:00","2026-04-27 19:22:25"
"2976","270","2020-05-13 09:31:00","174.31","0.00","2020-05-13 00:00:00","2026-04-27 19:22:25"
"2977","96","2024-07-03 11:22:28","167.10","0.00","2024-07-03 00:00:00","2026-04-27 19:22:25"
"2978","67","2025-09-23 18:29:54","100.10","0.00","2025-09-23 00:00:00","2026-04-27 19:22:25"
"2979","217","2023-08-09 16:08:39","18.32","10.00","2023-08-09 00:00:00","2026-04-27 19:22:25"
"2980","54","2026-03-21 07:14:04","39.14","10.00","2026-03-21 00:00:00","2026-04-27 19:22:25"
"2981","221","2024-08-11 07:29:08","152.41","0.00","2024-08-11 00:00:00","2026-04-27 19:22:25"
"2982","79","2026-04-09 18:19:11","166.62","0.00","2026-04-09 00:00:00","2026-04-27 19:22:25"
"2983","91","2025-03-15 14:07:18","172.48","0.00","2025-03-15 00:00:00","2026-04-27 19:22:25"
"2984","223","2025-12-26 11:54:12","66.02","0.00","2025-12-26 00:00:00","2026-04-27 19:22:25"
"2985","5","2025-10-01 19:58:55","326.83","0.00","2025-10-01 00:00:00","2026-04-27 19:22:25"
"2986","57","2026-01-24 08:20:13","19.89","10.00","2026-01-24 00:00:00","2026-04-27 19:22:25"
"2987","35","2023-05-02 17:29:11","145.08","0.00","2023-05-02 00:00:00","2026-04-27 19:22:25"
"2988","57","2025-09-09 19:12:12","144.94","0.00","2025-09-09 00:00:00","2026-04-27 19:22:25"
"2989","197","2026-03-01 14:04:56","83.52","0.00","2026-03-01 00:00:00","2026-04-27 19:22:25"
"2990","81","2024-06-15 17:11:42","26.57","5.00","2024-06-15 00:00:00","2026-04-27 19:22:25"
"2991","35","2026-01-02 08:56:36","58.85","5.00","2026-01-02 00:00:00","2026-04-27 19:22:25"
"2992","20","2021-08-19 12:41:39","214.85","0.00","2021-08-19 00:00:00","2026-04-27 19:22:25"
"2993","165","2025-08-04 11:07:09","34.25","5.00","2025-08-04 00:00:00","2026-04-27 19:22:25"
"2994","295","2026-04-01 15:19:08","241.98","0.00","2026-04-01 00:00:00","2026-04-27 19:22:25"
"2995","165","2024-12-23 07:36:48","37.09","5.00","2024-12-23 00:00:00","2026-04-27 19:22:25"
"2996","7","2024-10-02 16:45:45","35.73","5.00","2024-10-02 00:00:00","2026-04-27 19:22:25"
"2997","103","2023-11-11 12:46:06","175.79","0.00","2023-11-11 00:00:00","2026-04-27 19:22:25"
"2998","157","2021-04-28 16:32:52","94.09","0.00","2021-04-28 00:00:00","2026-04-27 19:22:25"
"2999","282","2025-07-31 08:00:34","49.55","5.00","2025-07-31 00:00:00","2026-04-27 19:22:25"
"3000","279","2024-07-17 09:03:15","161.01","0.00","2024-07-17 00:00:00","2026-04-27 19:22:25"
"3001","27","2024-10-19 17:35:34","118.02","0.00","2024-10-19 00:00:00","2026-04-27 19:22:25"
"3002","293","2025-12-03 18:55:04","183.12","0.00","2025-12-03 00:00:00","2026-04-27 19:22:25"
"3003","55","2023-02-05 02:32:25","30.05","10.00","2023-02-05 00:00:00","2026-04-27 19:22:25"
"3004","240","2025-05-09 13:20:32","133.35","0.00","2025-05-09 00:00:00","2026-04-27 19:22:25"
"3005","3","2023-03-02 08:21:20","196.95","0.00","2023-03-02 00:00:00","2026-04-27 19:22:25"
"3006","123","2023-12-29 07:22:11","65.67","5.00","2023-12-29 00:00:00","2026-04-27 19:22:25"
"3007","193","2024-01-29 07:02:05","0.00","0.00","2024-01-29 00:00:00","2026-04-27 19:22:25"
"3008","241","2025-10-25 14:09:30","33.32","5.00","2025-10-25 00:00:00","2026-04-27 19:22:25"
"3009","227","2026-04-02 15:40:47","61.64","0.00","2026-04-02 00:00:00","2026-04-27 19:22:25"
"3010","255","2022-04-19 08:12:43","21.00","10.00","2022-04-19 00:00:00","2026-04-27 19:22:25"
"3011","44","2026-04-05 07:42:15","66.92","0.00","2026-04-05 00:00:00","2026-04-27 19:22:25"
"3012","175","2025-08-01 11:06:10","51.34","5.00","2025-08-01 00:00:00","2026-04-27 19:22:25"
"3013","7","2024-01-29 12:22:16","36.23","5.00","2024-01-29 00:00:00","2026-04-27 19:22:25"
"3014","240","2025-01-17 13:59:57","16.58","10.00","2025-01-17 00:00:00","2026-04-27 19:22:25"
"3015","47","2023-09-19 07:56:55","194.66","0.00","2023-09-19 00:00:00","2026-04-27 19:22:25"
"3016","7","2025-06-22 07:05:16","269.12","0.00","2025-06-22 00:00:00","2026-04-27 19:22:25"
"3017","222","2024-04-17 18:36:39","78.71","0.00","2024-04-17 00:00:00","2026-04-27 19:22:25"
"3018","143","2024-08-30 13:31:27","213.13","0.00","2024-08-30 00:00:00","2026-04-27 19:22:25"
"3019","175","2026-02-28 08:49:03","157.97","0.00","2026-02-28 00:00:00","2026-04-27 19:22:25"
"3020","122","2026-04-07 08:44:01","295.52","0.00","2026-04-07 00:00:00","2026-04-27 19:22:25"
"3021","91","2024-03-31 07:03:14","189.71","0.00","2024-03-31 00:00:00","2026-04-27 19:22:25"
"3022","28","2023-10-10 14:13:42","216.87","0.00","2023-10-10 00:00:00","2026-04-27 19:22:25"
"3023","194","2024-10-29 07:14:19","194.19","0.00","2024-10-29 00:00:00","2026-04-27 19:22:25"
"3024","7","2024-08-13 07:28:16","30.53","5.00","2024-08-13 00:00:00","2026-04-27 19:22:25"
"3025","281","2025-02-11 11:48:31","133.55","0.00","2025-02-11 00:00:00","2026-04-27 19:22:25"
"3026","110","2025-08-08 16:28:28","142.98","0.00","2025-08-08 00:00:00","2026-04-27 19:22:25"
"3027","224","2024-06-30 07:41:22","291.17","0.00","2024-06-30 00:00:00","2026-04-27 19:22:25"
"3028","70","2025-12-31 08:41:36","49.98","5.00","2025-12-31 00:00:00","2026-04-27 19:22:25"
"3029","18","2024-01-17 09:17:13","186.70","0.00","2024-01-17 00:00:00","2026-04-27 19:22:25"
"3030","236","2024-10-14 14:33:25","193.25","0.00","2024-10-14 00:00:00","2026-04-27 19:22:25"
"3031","170","2024-05-11 12:40:37","368.16","0.00","2024-05-11 00:00:00","2026-04-27 19:22:25"
"3032","44","2026-04-02 17:30:12","71.58","0.00","2026-04-02 00:00:00","2026-04-27 19:22:25"
"3033","265","2025-03-22 17:25:49","145.17","0.00","2025-03-22 00:00:00","2026-04-27 19:22:25"
"3034","298","2025-10-26 08:38:00","218.09","0.00","2025-10-26 00:00:00","2026-04-27 19:22:25"
"3035","142","2025-10-25 13:37:59","155.87","0.00","2025-10-25 00:00:00","2026-04-27 19:22:25"
"3036","92","2026-01-12 15:30:51","213.42","0.00","2026-01-12 00:00:00","2026-04-27 19:22:25"
"3037","36","2025-09-21 07:35:29","239.52","0.00","2025-09-21 00:00:00","2026-04-27 19:22:25"
"3038","240","2025-11-13 07:01:02","291.30","0.00","2025-11-13 00:00:00","2026-04-27 19:22:25"
"3039","19","2026-02-10 15:30:47","153.59","0.00","2026-02-10 00:00:00","2026-04-27 19:22:25"
"3040","75","2026-04-10 18:53:53","166.85","0.00","2026-04-10 00:00:00","2026-04-27 19:22:25"
"3041","261","2025-05-13 09:21:33","171.84","0.00","2025-05-13 00:00:00","2026-04-27 19:22:25"
"3042","233","2025-05-27 02:06:25","246.20","0.00","2025-05-27 00:00:00","2026-04-27 19:22:25"
"3043","27","2021-09-29 08:21:06","224.39","0.00","2021-09-29 00:00:00","2026-04-27 19:22:25"
"3044","37","2025-06-16 11:15:48","139.54","0.00","2025-06-16 00:00:00","2026-04-27 19:22:25"
"3045","175","2022-09-30 11:48:35","46.15","10.00","2022-09-30 00:00:00","2026-04-27 19:22:25"
"3046","144","2020-07-02 19:59:10","88.79","0.00","2020-07-02 00:00:00","2026-04-27 19:22:25"
"3047","37","2021-12-03 09:38:50","92.69","0.00","2021-12-03 00:00:00","2026-04-27 19:22:25"
"3048","83","2026-04-15 16:34:53","150.32","0.00","2026-04-15 00:00:00","2026-04-27 19:22:25"
"3049","176","2026-04-09 03:40:54","205.09","0.00","2026-04-09 00:00:00","2026-04-27 19:22:25"
"3050","87","2026-03-01 19:02:25","21.60","10.00","2026-03-01 00:00:00","2026-04-27 19:22:25"
"3051","281","2025-07-09 18:08:09","25.96","5.00","2025-07-09 00:00:00","2026-04-27 19:22:25"
"3052","10","2025-05-10 13:44:35","100.48","0.00","2025-05-10 00:00:00","2026-04-27 19:22:25"
"3053","232","2026-01-13 09:29:29","70.30","5.00","2026-01-13 00:00:00","2026-04-27 19:22:25"
"3054","283","2021-12-30 08:10:03","98.11","0.00","2021-12-30 00:00:00","2026-04-27 19:22:25"
"3055","105","2023-06-20 09:11:32","94.85","0.00","2023-06-20 00:00:00","2026-04-27 19:22:25"
"3056","242","2021-11-01 11:16:57","39.38","5.00","2021-11-01 00:00:00","2026-04-27 19:22:25"
"3057","157","2021-07-31 07:13:47","127.98","0.00","2021-07-31 00:00:00","2026-04-27 19:22:25"
"3058","12","2023-10-03 11:54:59","161.46","0.00","2023-10-03 00:00:00","2026-04-27 19:22:25"
"3059","104","2023-10-13 14:25:42","221.19","0.00","2023-10-13 00:00:00","2026-04-27 19:22:25"
"3060","201","2025-12-24 14:25:41","20.66","25.00","2025-12-24 00:00:00","2026-04-27 19:22:25"
"3061","39","2022-04-14 18:49:29","330.66","0.00","2022-04-14 00:00:00","2026-04-27 19:22:25"
"3062","49","2024-07-21 08:46:32","60.35","0.00","2024-07-21 00:00:00","2026-04-27 19:22:25"
"3063","296","2024-01-30 11:46:20","272.65","0.00","2024-01-30 00:00:00","2026-04-27 19:22:25"
"3064","58","2025-12-27 11:22:26","131.67","0.00","2025-12-27 00:00:00","2026-04-27 19:22:25"
"3065","8","2025-08-20 11:37:32","49.26","10.00","2025-08-20 00:00:00","2026-04-27 19:22:25"
"3066","235","2024-06-02 07:14:43","88.95","0.00","2024-06-02 00:00:00","2026-04-27 19:22:25"
"3067","223","2025-06-14 08:11:10","66.60","0.00","2025-06-14 00:00:00","2026-04-27 19:22:25"
"3068","110","2026-03-21 11:47:29","193.81","0.00","2026-03-21 00:00:00","2026-04-27 19:22:25"
"3069","84","2026-03-05 17:32:31","206.00","0.00","2026-03-05 00:00:00","2026-04-27 19:22:25"
"3070","184","2026-03-28 08:11:48","181.65","0.00","2026-03-28 00:00:00","2026-04-27 19:22:25"
"3071","217","2025-04-30 17:23:46","136.28","0.00","2025-04-30 00:00:00","2026-04-27 19:22:25"
"3072","51","2025-12-19 07:13:17","100.48","0.00","2025-12-19 00:00:00","2026-04-27 19:22:25"
"3073","136","2026-02-12 09:21:03","60.27","5.00","2026-02-12 00:00:00","2026-04-27 19:22:25"
"3074","144","2020-06-19 18:39:42","283.46","0.00","2020-06-19 00:00:00","2026-04-27 19:22:25"
"3075","279","2025-03-21 06:32:05","197.81","0.00","2025-03-21 00:00:00","2026-04-27 19:22:25"
"3076","177","2025-07-28 07:46:19","85.14","0.00","2025-07-28 00:00:00","2026-04-27 19:22:25"
"3077","205","2024-06-28 14:14:57","394.52","0.00","2024-06-28 00:00:00","2026-04-27 19:22:25"
"3078","56","2025-08-02 16:53:32","58.22","5.00","2025-08-02 00:00:00","2026-04-27 19:22:25"
"3079","134","2023-09-15 15:45:04","182.82","0.00","2023-09-15 00:00:00","2026-04-27 19:22:25"
"3080","198","2026-03-06 12:51:35","95.20","0.00","2026-03-06 00:00:00","2026-04-27 19:22:25"
"3081","102","2021-12-18 11:35:31","18.32","25.00","2021-12-18 00:00:00","2026-04-27 19:22:25"
"3082","81","2021-09-07 07:03:09","88.96","0.00","2021-09-07 00:00:00","2026-04-27 19:22:25"
"3083","279","2025-11-13 09:08:47","95.39","0.00","2025-11-13 00:00:00","2026-04-27 19:22:25"
"3084","17","2025-06-24 13:05:24","195.89","0.00","2025-06-24 00:00:00","2026-04-27 19:22:25"
"3085","277","2022-09-11 09:58:36","26.73","10.00","2022-09-11 00:00:00","2026-04-27 19:22:25"
"3086","119","2025-10-04 18:46:19","82.91","0.00","2025-10-04 00:00:00","2026-04-27 19:22:25"
"3087","67","2023-09-15 17:39:03","156.28","0.00","2023-09-15 00:00:00","2026-04-27 19:22:25"
"3088","35","2025-01-12 13:45:46","128.65","0.00","2025-01-12 00:00:00","2026-04-27 19:22:25"
"3089","142","2026-04-13 16:31:38","109.76","0.00","2026-04-13 00:00:00","2026-04-27 19:22:25"
"3090","241","2025-09-14 09:45:31","257.28","0.00","2025-09-14 00:00:00","2026-04-27 19:22:25"
"3091","286","2025-02-16 19:00:06","223.27","0.00","2025-02-16 00:00:00","2026-04-27 19:22:25"
"3092","167","2025-08-01 12:53:32","264.82","0.00","2025-08-01 00:00:00","2026-04-27 19:22:25"
"3093","208","2024-07-17 17:37:49","53.36","5.00","2024-07-17 00:00:00","2026-04-27 19:22:25"
"3094","276","2025-10-06 17:03:02","119.34","0.00","2025-10-06 00:00:00","2026-04-27 19:22:25"
"3095","111","2025-06-19 02:01:09","100.24","0.00","2025-06-19 00:00:00","2026-04-27 19:22:25"
"3096","133","2026-03-14 05:57:27","110.32","0.00","2026-03-14 00:00:00","2026-04-27 19:22:25"
"3097","33","2026-04-03 18:52:50","0.00","0.00","2026-04-03 00:00:00","2026-04-27 19:22:25"
"3098","37","2023-10-21 13:14:01","206.23","0.00","2023-10-21 00:00:00","2026-04-27 19:22:25"
"3099","291","2025-07-29 17:48:40","74.32","0.00","2025-07-29 00:00:00","2026-04-27 19:22:25"
"3100","133","2026-02-12 03:59:19","92.18","0.00","2026-02-12 00:00:00","2026-04-27 19:22:25"
"3101","119","2026-03-13 07:08:46","56.43","5.00","2026-03-13 00:00:00","2026-04-27 19:22:25"
"3102","207","2025-12-15 19:31:40","0.00","0.00","2025-12-15 00:00:00","2026-04-27 19:22:25"
"3103","196","2026-03-06 09:28:00","91.27","0.00","2026-03-06 00:00:00","2026-04-27 19:22:25"
"3104","6","2024-10-15 07:19:47","62.45","0.00","2024-10-15 00:00:00","2026-04-27 19:22:25"
"3105","65","2025-08-19 08:45:48","89.74","0.00","2025-08-19 00:00:00","2026-04-27 19:22:25"
"3106","88","2026-02-07 09:22:42","0.00","0.00","2026-02-07 00:00:00","2026-04-27 19:22:25"
"3107","90","2025-10-20 11:10:32","90.51","0.00","2025-10-20 00:00:00","2026-04-27 19:22:25"
"3108","283","2021-04-29 15:52:48","46.85","5.00","2021-04-29 00:00:00","2026-04-27 19:22:25"
"3109","57","2022-12-20 18:41:02","159.50","0.00","2022-12-20 00:00:00","2026-04-27 19:22:25"
"3110","13","2023-06-26 14:49:48","18.44","25.00","2023-06-26 00:00:00","2026-04-27 19:22:25"
"3111","186","2026-03-13 15:53:51","39.24","5.00","2026-03-13 00:00:00","2026-04-27 19:22:25"
"3112","136","2025-04-22 07:25:59","373.86","0.00","2025-04-22 00:00:00","2026-04-27 19:22:25"
"3113","223","2024-08-14 08:52:54","19.98","10.00","2024-08-14 00:00:00","2026-04-27 19:22:25"
"3114","111","2024-12-25 08:42:10","156.68","0.00","2024-12-25 00:00:00","2026-04-27 19:22:25"
"3115","94","2025-01-19 09:09:04","42.32","10.00","2025-01-19 00:00:00","2026-04-27 19:22:25"
"3116","258","2025-05-25 09:37:00","47.82","5.00","2025-05-25 00:00:00","2026-04-27 19:22:25"
"3117","294","2024-10-12 10:30:28","154.53","0.00","2024-10-12 00:00:00","2026-04-27 19:22:25"
"3118","235","2025-06-08 09:20:05","40.08","5.00","2025-06-08 00:00:00","2026-04-27 19:22:25"
"3119","218","2026-04-06 19:29:31","88.79","0.00","2026-04-06 00:00:00","2026-04-27 19:22:25"
"3120","86","2025-05-04 13:16:16","49.90","10.00","2025-05-04 00:00:00","2026-04-27 19:22:25"
"3121","200","2026-04-09 10:21:43","208.96","0.00","2026-04-09 00:00:00","2026-04-27 19:22:25"
"3122","228","2024-12-21 15:09:06","120.71","0.00","2024-12-21 00:00:00","2026-04-27 19:22:25"
"3123","196","2026-02-03 10:09:32","87.94","0.00","2026-02-03 00:00:00","2026-04-27 19:22:25"
"3124","179","2025-10-06 16:34:53","308.79","0.00","2025-10-06 00:00:00","2026-04-27 19:22:25"
"3125","209","2024-07-19 08:45:01","12.40","25.00","2024-07-19 00:00:00","2026-04-27 19:22:25"
"3126","62","2022-02-21 07:22:22","27.21","10.00","2022-02-21 00:00:00","2026-04-27 19:22:25"
"3127","48","2026-01-27 08:29:44","58.26","0.00","2026-01-27 00:00:00","2026-04-27 19:22:25"
"3128","71","2025-10-20 10:19:36","98.13","0.00","2025-10-20 00:00:00","2026-04-27 19:22:25"
"3129","203","2025-09-28 12:21:55","77.09","0.00","2025-09-28 00:00:00","2026-04-27 19:22:25"
"3130","266","2026-02-01 19:08:52","13.75","25.00","2026-02-01 00:00:00","2026-04-27 19:22:25"
"3131","196","2026-02-09 08:47:07","79.70","0.00","2026-02-09 00:00:00","2026-04-27 19:22:25"
"3132","139","2024-05-19 17:55:29","157.65","0.00","2024-05-19 00:00:00","2026-04-27 19:22:25"
"3133","126","2023-07-23 05:49:53","0.00","0.00","2023-07-23 00:00:00","2026-04-27 19:22:25"
"3134","258","2024-11-21 07:46:56","158.88","0.00","2024-11-21 00:00:00","2026-04-27 19:22:25"
"3135","94","2024-09-09 10:03:13","247.44","0.00","2024-09-09 00:00:00","2026-04-27 19:22:25"
"3136","247","2024-07-13 08:58:23","275.08","0.00","2024-07-13 00:00:00","2026-04-27 19:22:25"
"3137","283","2021-02-02 18:14:40","68.00","0.00","2021-02-02 00:00:00","2026-04-27 19:22:25"
"3138","80","2026-01-03 09:29:07","144.23","0.00","2026-01-03 00:00:00","2026-04-27 19:22:25"
"3139","41","2020-08-02 14:48:38","18.50","25.00","2020-08-02 00:00:00","2026-04-27 19:22:25"
"3140","280","2022-12-24 09:54:07","208.33","0.00","2022-12-24 00:00:00","2026-04-27 19:22:25"
"3141","32","2023-08-13 07:40:17","197.60","0.00","2023-08-13 00:00:00","2026-04-27 19:22:25"
"3142","300","2024-12-18 14:43:22","31.57","5.00","2024-12-18 00:00:00","2026-04-27 19:22:25"
"3143","235","2024-12-14 07:45:44","37.70","5.00","2024-12-14 00:00:00","2026-04-27 19:22:25"
"3144","41","2025-08-25 19:16:40","70.90","5.00","2025-08-25 00:00:00","2026-04-27 19:22:25"
"3145","246","2023-12-22 15:11:18","9.95","10.00","2023-12-22 00:00:00","2026-04-27 19:22:25"
"3146","6","2025-06-25 10:23:41","297.65","0.00","2025-06-25 00:00:00","2026-04-27 19:22:25"
"3147","278","2025-12-28 13:03:08","87.34","0.00","2025-12-28 00:00:00","2026-04-27 19:22:25"
"3148","116","2025-10-19 11:18:02","276.13","0.00","2025-10-19 00:00:00","2026-04-27 19:22:25"
"3149","27","2022-01-05 13:41:32","103.36","0.00","2022-01-05 00:00:00","2026-04-27 19:22:25"
"3150","75","2026-02-24 07:41:09","65.07","0.00","2026-02-24 00:00:00","2026-04-27 19:22:25"
"3151","239","2025-02-15 07:17:10","17.50","10.00","2025-02-15 00:00:00","2026-04-27 19:22:25"
"3152","67","2026-03-24 17:26:03","92.57","0.00","2026-03-24 00:00:00","2026-04-27 19:22:25"
"3153","211","2024-11-19 09:19:16","231.60","0.00","2024-11-19 00:00:00","2026-04-27 19:22:25"
"3154","245","2026-01-03 12:07:47","83.36","0.00","2026-01-03 00:00:00","2026-04-27 19:22:25"
"3155","23","2025-08-21 08:33:14","26.61","10.00","2025-08-21 00:00:00","2026-04-27 19:22:25"
"3156","204","2024-05-06 10:29:21","18.72","10.00","2024-05-06 00:00:00","2026-04-27 19:22:25"
"3157","269","2024-09-18 15:47:18","128.78","0.00","2024-09-18 00:00:00","2026-04-27 19:22:25"
"3158","151","2023-08-20 17:29:05","37.00","5.00","2023-08-20 00:00:00","2026-04-27 19:22:25"
"3159","197","2025-12-16 07:26:22","0.00","0.00","2025-12-16 00:00:00","2026-04-27 19:22:25"
"3160","66","2024-03-29 15:05:50","142.74","0.00","2024-03-29 00:00:00","2026-04-27 19:22:25"
"3161","107","2023-08-15 07:34:49","10.65","10.00","2023-08-15 00:00:00","2026-04-27 19:22:25"
"3162","254","2023-10-28 15:40:39","80.45","0.00","2023-10-28 00:00:00","2026-04-27 19:22:25"
"3163","183","2022-07-23 12:27:36","34.74","5.00","2022-07-23 00:00:00","2026-04-27 19:22:25"
"3164","174","2025-07-07 08:10:02","42.35","5.00","2025-07-07 00:00:00","2026-04-27 19:22:25"
"3165","52","2025-05-31 09:51:53","53.75","0.00","2025-05-31 00:00:00","2026-04-27 19:22:25"
"3166","96","2026-03-31 07:02:01","42.33","5.00","2026-03-31 00:00:00","2026-04-27 19:22:25"
"3167","259","2025-12-23 04:13:18","204.53","0.00","2025-12-23 00:00:00","2026-04-27 19:22:25"
"3168","242","2023-03-25 08:15:57","108.32","0.00","2023-03-25 00:00:00","2026-04-27 19:22:25"
"3169","144","2020-06-11 13:36:57","168.33","0.00","2020-06-11 00:00:00","2026-04-27 19:22:25"
"3170","229","2026-04-12 11:49:38","132.70","0.00","2026-04-12 00:00:00","2026-04-27 19:22:25"
"3171","152","2023-12-06 07:28:06","10.35","10.00","2023-12-06 00:00:00","2026-04-27 19:22:25"
"3172","95","2025-08-16 13:15:20","99.11","0.00","2025-08-16 00:00:00","2026-04-27 19:22:25"
"3173","78","2026-01-10 07:33:28","79.05","0.00","2026-01-10 00:00:00","2026-04-27 19:22:25"
"3174","288","2024-09-25 07:24:30","118.17","0.00","2024-09-25 00:00:00","2026-04-27 19:22:25"
"3175","263","2020-01-27 10:28:06","79.88","0.00","2020-01-27 00:00:00","2026-04-27 19:22:25"
"3176","127","2025-11-29 11:30:05","53.42","0.00","2025-11-29 00:00:00","2026-04-27 19:22:25"
"3177","221","2026-02-21 07:53:46","80.35","0.00","2026-02-21 00:00:00","2026-04-27 19:22:25"
"3178","279","2023-06-12 17:08:24","88.36","0.00","2023-06-12 00:00:00","2026-04-27 19:22:25"
"3179","106","2023-04-11 07:53:51","79.46","0.00","2023-04-11 00:00:00","2026-04-27 19:22:25"
"3180","248","2022-07-31 07:19:33","90.34","0.00","2022-07-31 00:00:00","2026-04-27 19:22:25"
"3181","256","2025-12-11 08:56:27","134.47","0.00","2025-12-11 00:00:00","2026-04-27 19:22:25"
"3182","88","2026-01-31 19:29:31","104.88","0.00","2026-01-31 00:00:00","2026-04-27 19:22:25"
"3183","74","2022-10-21 11:15:51","122.61","0.00","2022-10-21 00:00:00","2026-04-27 19:22:25"
"3184","84","2025-08-11 10:38:03","133.50","0.00","2025-08-11 00:00:00","2026-04-27 19:22:25"
"3185","3","2025-12-30 16:16:21","284.47","0.00","2025-12-30 00:00:00","2026-04-27 19:22:25"
"3186","199","2024-09-19 02:17:16","119.73","0.00","2024-09-19 00:00:00","2026-04-27 19:22:25"
"3187","251","2026-04-13 19:53:44","297.69","0.00","2026-04-13 00:00:00","2026-04-27 19:22:25"
"3188","146","2024-11-08 19:49:10","84.74","0.00","2024-11-08 00:00:00","2026-04-27 19:22:25"
"3189","262","2024-06-18 14:10:25","226.04","0.00","2024-06-18 00:00:00","2026-04-27 19:22:25"
"3190","206","2024-08-24 16:37:07","5.61","25.00","2024-08-24 00:00:00","2026-04-27 19:22:25"
"3191","42","2025-08-26 07:21:43","98.51","0.00","2025-08-26 00:00:00","2026-04-27 19:22:25"
"3192","230","2024-10-18 15:04:45","243.51","0.00","2024-10-18 00:00:00","2026-04-27 19:22:25"
"3193","253","2025-02-13 16:41:20","143.28","0.00","2025-02-13 00:00:00","2026-04-27 19:22:25"
"3194","150","2025-11-27 07:51:59","266.33","0.00","2025-11-27 00:00:00","2026-04-27 19:22:25"
"3195","191","2026-03-17 19:23:16","60.87","0.00","2026-03-17 00:00:00","2026-04-27 19:22:25"
"3196","114","2022-10-25 19:24:07","104.07","0.00","2022-10-25 00:00:00","2026-04-27 19:22:25"
"3197","245","2025-09-02 16:02:13","218.99","0.00","2025-09-02 00:00:00","2026-04-27 19:22:25"
"3198","75","2026-01-19 13:41:28","130.14","0.00","2026-01-19 00:00:00","2026-04-27 19:22:25"
"3199","225","2025-12-17 18:38:35","69.46","0.00","2025-12-17 00:00:00","2026-04-27 19:22:25"
"3200","234","2022-07-13 09:57:05","242.34","0.00","2022-07-13 00:00:00","2026-04-27 19:22:25"
"3201","81","2022-01-24 09:35:04","19.25","10.00","2022-01-24 00:00:00","2026-04-27 19:22:25"
"3202","231","2024-12-05 15:53:58","13.15","10.00","2024-12-05 00:00:00","2026-04-27 19:22:25"
"3203","295","2025-05-29 19:03:34","262.95","0.00","2025-05-29 00:00:00","2026-04-27 19:22:25"
"3204","63","2025-12-21 08:51:28","374.49","0.00","2025-12-21 00:00:00","2026-04-27 19:22:25"
"3205","184","2026-04-04 07:42:27","98.49","0.00","2026-04-04 00:00:00","2026-04-27 19:22:25"
"3206","26","2026-02-20 14:38:58","65.10","0.00","2026-02-20 00:00:00","2026-04-27 19:22:25"
"3207","40","2026-03-02 07:37:16","171.61","0.00","2026-03-02 00:00:00","2026-04-27 19:22:25"
"3208","240","2023-04-06 16:52:20","148.90","0.00","2023-04-06 00:00:00","2026-04-27 19:22:25"
"3209","160","2025-07-21 13:21:49","182.27","0.00","2025-07-21 00:00:00","2026-04-27 19:22:25"
"3210","86","2023-08-09 19:31:43","79.68","0.00","2023-08-09 00:00:00","2026-04-27 19:22:25"
"3211","115","2024-08-06 12:46:17","91.16","0.00","2024-08-06 00:00:00","2026-04-27 19:22:25"
"3212","216","2023-12-06 17:29:07","56.82","0.00","2023-12-06 00:00:00","2026-04-27 19:22:25"
"3213","255","2022-03-23 15:02:41","18.65","10.00","2022-03-23 00:00:00","2026-04-27 19:22:25"
"3214","168","2025-10-19 13:45:52","118.95","0.00","2025-10-19 00:00:00","2026-04-27 19:22:25"
"3215","29","2026-03-08 17:30:17","75.48","0.00","2026-03-08 00:00:00","2026-04-27 19:22:25"
"3216","149","2026-02-17 04:39:16","227.59","0.00","2026-02-17 00:00:00","2026-04-27 19:22:25"
"3217","277","2024-11-06 12:52:43","226.78","0.00","2024-11-06 00:00:00","2026-04-27 19:22:25"
"3218","9","2022-09-04 08:09:47","165.50","0.00","2022-09-04 00:00:00","2026-04-27 19:22:25"
"3219","41","2021-12-10 12:28:46","61.80","5.00","2021-12-10 00:00:00","2026-04-27 19:22:25"
"3220","175","2025-12-09 17:32:25","167.27","0.00","2025-12-09 00:00:00","2026-04-27 19:22:25"
"3221","130","2025-11-03 11:19:10","13.82","10.00","2025-11-03 00:00:00","2026-04-27 19:22:25"
"3222","3","2024-10-18 08:55:41","64.27","5.00","2024-10-18 00:00:00","2026-04-27 19:22:25"
"3223","167","2025-07-03 08:17:41","131.95","0.00","2025-07-03 00:00:00","2026-04-27 19:22:25"
"3224","66","2022-11-05 18:30:57","13.68","25.00","2022-11-05 00:00:00","2026-04-27 19:22:25"
"3225","95","2024-12-08 15:57:07","8.61","25.00","2024-12-08 00:00:00","2026-04-27 19:22:25"
"3226","103","2022-11-12 09:04:12","88.58","0.00","2022-11-12 00:00:00","2026-04-27 19:22:25"
"3227","172","2024-09-05 08:20:42","28.55","5.00","2024-09-05 00:00:00","2026-04-27 19:22:25"
"3228","245","2025-08-06 16:38:10","54.62","0.00","2025-08-06 00:00:00","2026-04-27 19:22:25"
"3229","249","2025-07-05 15:30:00","31.83","5.00","2025-07-05 00:00:00","2026-04-27 19:22:25"
"3230","143","2025-06-13 17:53:18","86.15","0.00","2025-06-13 00:00:00","2026-04-27 19:22:25"
"3231","96","2023-09-01 09:11:05","213.70","0.00","2023-09-01 00:00:00","2026-04-27 19:22:25"
"3232","239","2025-11-28 08:07:36","126.99","0.00","2025-11-28 00:00:00","2026-04-27 19:22:25"
"3233","182","2023-05-28 09:33:42","52.76","0.00","2023-05-28 00:00:00","2026-04-27 19:22:25"
"3234","128","2023-03-01 03:32:12","30.52","5.00","2023-03-01 00:00:00","2026-04-27 19:22:25"
"3235","84","2024-08-19 14:54:16","76.90","0.00","2024-08-19 00:00:00","2026-04-27 19:22:25"
"3236","224","2024-04-07 09:39:24","240.27","0.00","2024-04-07 00:00:00","2026-04-27 19:22:25"
"3237","196","2025-10-29 10:01:00","106.14","0.00","2025-10-29 00:00:00","2026-04-27 19:22:25"
"3238","137","2026-03-31 04:25:11","0.00","0.00","2026-03-31 00:00:00","2026-04-27 19:22:25"
"3239","1","2025-09-26 03:00:23","60.27","0.00","2025-09-26 00:00:00","2026-04-27 19:22:25"
"3240","131","2023-11-15 08:14:23","0.00","0.00","2023-11-15 00:00:00","2026-04-27 19:22:25"
"3241","22","2023-12-25 10:34:39","67.89","0.00","2023-12-25 00:00:00","2026-04-27 19:22:25"
"3242","86","2026-04-07 18:31:06","157.50","0.00","2026-04-07 00:00:00","2026-04-27 19:22:25"
"3243","116","2025-12-18 09:50:10","79.27","0.00","2025-12-18 00:00:00","2026-04-27 19:22:25"
"3244","32","2023-02-03 12:04:43","307.33","0.00","2023-02-03 00:00:00","2026-04-27 19:22:25"
"3245","31","2021-01-30 18:56:12","133.99","0.00","2021-01-30 00:00:00","2026-04-27 19:22:25"
"3246","262","2024-06-14 16:20:52","140.08","0.00","2024-06-14 00:00:00","2026-04-27 19:22:25"
"3247","238","2022-08-11 11:34:29","34.64","5.00","2022-08-11 00:00:00","2026-04-27 19:22:25"
"3248","12","2025-08-11 07:51:53","141.64","0.00","2025-08-11 00:00:00","2026-04-27 19:22:25"
"3249","8","2026-02-09 07:32:11","158.47","0.00","2026-02-09 00:00:00","2026-04-27 19:22:25"
"3250","231","2024-02-25 10:19:24","110.95","0.00","2024-02-25 00:00:00","2026-04-27 19:22:25"
"3251","98","2024-11-27 12:01:18","99.93","0.00","2024-11-27 00:00:00","2026-04-27 19:22:25"
"3252","232","2026-01-06 15:18:53","275.40","0.00","2026-01-06 00:00:00","2026-04-27 19:22:25"
"3253","275","2023-09-15 18:54:53","155.29","0.00","2023-09-15 00:00:00","2026-04-27 19:22:25"
"3254","63","2025-03-18 04:20:46","64.30","0.00","2025-03-18 00:00:00","2026-04-27 19:22:25"
"3255","122","2025-12-03 06:49:24","173.89","0.00","2025-12-03 00:00:00","2026-04-27 19:22:25"
"3256","153","2021-10-20 17:58:35","148.43","0.00","2021-10-20 00:00:00","2026-04-27 19:22:25"
"3257","72","2025-08-24 13:47:49","276.66","0.00","2025-08-24 00:00:00","2026-04-27 19:22:25"
"3258","57","2023-02-24 09:30:06","1.58","10.00","2023-02-24 00:00:00","2026-04-27 19:22:25"
"3259","167","2026-02-28 09:24:38","70.02","0.00","2026-02-28 00:00:00","2026-04-27 19:22:25"
"3260","1","2025-10-03 03:56:09","107.59","0.00","2025-10-03 00:00:00","2026-04-27 19:22:25"
"3261","286","2024-11-01 08:02:27","131.28","0.00","2024-11-01 00:00:00","2026-04-27 19:22:25"
"3262","88","2025-12-13 15:06:57","399.70","0.00","2025-12-13 00:00:00","2026-04-27 19:22:25"
"3263","124","2022-05-11 15:08:09","211.16","0.00","2022-05-11 00:00:00","2026-04-27 19:22:25"
"3264","277","2023-07-22 13:51:07","76.75","0.00","2023-07-22 00:00:00","2026-04-27 19:22:25"
"3265","185","2024-02-02 16:26:08","38.20","10.00","2024-02-02 00:00:00","2026-04-27 19:22:25"
"3266","13","2023-06-13 14:18:05","63.25","5.00","2023-06-13 00:00:00","2026-04-27 19:22:25"
"3267","157","2021-01-29 12:32:04","73.32","0.00","2021-01-29 00:00:00","2026-04-27 19:22:25"
"3268","159","2025-07-18 07:07:20","51.05","0.00","2025-07-18 00:00:00","2026-04-27 19:22:25"
"3269","119","2025-09-30 16:05:34","132.65","0.00","2025-09-30 00:00:00","2026-04-27 19:22:25"
"3270","206","2024-09-15 07:35:26","230.80","0.00","2024-09-15 00:00:00","2026-04-27 19:22:25"
"3271","52","2026-02-05 18:55:06","86.55","0.00","2026-02-05 00:00:00","2026-04-27 19:22:25"
"3272","130","2025-10-11 07:41:27","8.66","10.00","2025-10-11 00:00:00","2026-04-27 19:22:25"
"3273","30","2025-10-10 15:05:51","6.15","25.00","2025-10-10 00:00:00","2026-04-27 19:22:25"
"3274","4","2025-08-25 15:27:49","41.33","5.00","2025-08-25 00:00:00","2026-04-27 19:22:25"
"3275","185","2022-12-19 09:13:08","124.78","0.00","2022-12-19 00:00:00","2026-04-27 19:22:25"
"3276","181","2025-11-28 17:38:56","212.11","0.00","2025-11-28 00:00:00","2026-04-27 19:22:25"
"3277","160","2025-07-01 08:38:55","111.05","0.00","2025-07-01 00:00:00","2026-04-27 19:22:25"
"3278","41","2025-09-13 07:14:10","4.35","25.00","2025-09-13 00:00:00","2026-04-27 19:22:25"
"3279","30","2025-10-02 11:29:54","9.36","25.00","2025-10-02 00:00:00","2026-04-27 19:22:25"
"3280","219","2022-03-12 15:22:24","129.64","0.00","2022-03-12 00:00:00","2026-04-27 19:22:25"
"3281","198","2025-03-18 09:34:48","238.33","0.00","2025-03-18 00:00:00","2026-04-27 19:22:25"
"3282","10","2025-05-02 11:41:06","135.12","0.00","2025-05-02 00:00:00","2026-04-27 19:22:25"
"3283","121","2025-12-02 10:57:32","34.22","10.00","2025-12-02 00:00:00","2026-04-27 19:22:25"
"3284","108","2026-03-22 09:55:02","79.94","0.00","2026-03-22 00:00:00","2026-04-27 19:22:25"
"3285","276","2025-05-31 11:16:00","198.20","0.00","2025-05-31 00:00:00","2026-04-27 19:22:25"
"3286","198","2025-06-30 19:57:06","82.06","0.00","2025-06-30 00:00:00","2026-04-27 19:22:25"
"3287","189","2024-12-30 03:02:35","108.43","0.00","2024-12-30 00:00:00","2026-04-27 19:22:25"
"3288","62","2026-04-12 08:44:34","231.09","0.00","2026-04-12 00:00:00","2026-04-27 19:22:25"
"3289","29","2025-06-22 08:37:27","125.41","0.00","2025-06-22 00:00:00","2026-04-27 19:22:25"
"3290","251","2026-03-05 16:59:02","153.81","0.00","2026-03-05 00:00:00","2026-04-27 19:22:25"
"3291","97","2025-10-15 19:08:50","31.15","5.00","2025-10-15 00:00:00","2026-04-27 19:22:25"
"3292","30","2026-02-19 07:23:24","138.34","0.00","2026-02-19 00:00:00","2026-04-27 19:22:25"
"3293","153","2021-10-20 05:40:50","41.76","10.00","2021-10-20 00:00:00","2026-04-27 19:22:25"
"3294","250","2022-11-02 12:41:46","253.94","0.00","2022-11-02 00:00:00","2026-04-27 19:22:25"
"3295","193","2025-10-05 07:56:02","63.95","0.00","2025-10-05 00:00:00","2026-04-27 19:22:25"
"3296","192","2025-11-25 17:25:01","15.40","25.00","2025-11-25 00:00:00","2026-04-27 19:22:25"
"3297","53","2026-03-01 08:04:44","28.13","10.00","2026-03-01 00:00:00","2026-04-27 19:22:25"
"3298","215","2026-03-24 11:19:09","12.44","25.00","2026-03-24 00:00:00","2026-04-27 19:22:25"
"3299","24","2022-09-11 08:47:36","97.22","0.00","2022-09-11 00:00:00","2026-04-27 19:22:25"
"3300","131","2023-09-27 09:48:57","91.14","0.00","2023-09-27 00:00:00","2026-04-27 19:22:25"
"3301","47","2023-09-30 19:47:02","218.06","0.00","2023-09-30 00:00:00","2026-04-27 19:22:25"
"3302","21","2023-09-21 06:08:52","136.76","0.00","2023-09-21 00:00:00","2026-04-27 19:22:25"
"3303","11","2024-10-02 07:06:06","142.87","0.00","2024-10-02 00:00:00","2026-04-27 19:22:25"
"3304","131","2023-02-23 16:29:36","274.55","0.00","2023-02-23 00:00:00","2026-04-27 19:22:25"
"3305","49","2023-04-19 08:10:41","195.45","0.00","2023-04-19 00:00:00","2026-04-27 19:22:25"
"3306","194","2024-06-26 08:55:31","89.66","0.00","2024-06-26 00:00:00","2026-04-27 19:22:25"
"3307","280","2024-09-01 07:00:15","76.26","0.00","2024-09-01 00:00:00","2026-04-27 19:22:25"
"3308","263","2020-03-31 14:31:16","103.48","0.00","2020-03-31 00:00:00","2026-04-27 19:22:25"
"3309","89","2023-06-15 09:49:00","101.73","0.00","2023-06-15 00:00:00","2026-04-27 19:22:25"
"3310","269","2023-11-09 17:03:05","173.18","0.00","2023-11-09 00:00:00","2026-04-27 19:22:25"
"3311","119","2025-06-01 11:56:14","33.34","10.00","2025-06-01 00:00:00","2026-04-27 19:22:25"
"3312","289","2025-12-03 11:25:48","95.24","0.00","2025-12-03 00:00:00","2026-04-27 19:22:25"
"3313","49","2024-08-31 07:03:47","1.59","10.00","2024-08-31 00:00:00","2026-04-27 19:22:25"
"3314","149","2026-02-19 09:29:15","87.08","0.00","2026-02-19 00:00:00","2026-04-27 19:22:25"
"3315","271","2022-12-08 08:30:23","159.38","0.00","2022-12-08 00:00:00","2026-04-27 19:22:25"
"3316","97","2026-02-02 18:57:17","104.89","0.00","2026-02-02 00:00:00","2026-04-27 19:22:25"
"3317","239","2026-04-03 19:56:55","170.72","0.00","2026-04-03 00:00:00","2026-04-27 19:22:25"
"3318","36","2026-02-19 09:59:04","78.36","0.00","2026-02-19 00:00:00","2026-04-27 19:22:25"
"3319","15","2022-11-02 17:28:11","161.35","0.00","2022-11-02 00:00:00","2026-04-27 19:22:25"
"3320","58","2023-10-30 19:27:16","117.19","0.00","2023-10-30 00:00:00","2026-04-27 19:22:25"
"3321","100","2023-10-22 09:45:13","96.70","0.00","2023-10-22 00:00:00","2026-04-27 19:22:25"
"3322","22","2024-01-18 08:38:42","27.08","5.00","2024-01-18 00:00:00","2026-04-27 19:22:25"
"3323","229","2026-04-15 08:12:32","323.30","0.00","2026-04-15 00:00:00","2026-04-27 19:22:25"
"3324","226","2025-02-11 18:59:22","178.39","0.00","2025-02-11 00:00:00","2026-04-27 19:22:25"
"3325","215","2024-01-04 09:33:20","0.00","0.00","2024-01-04 00:00:00","2026-04-27 19:22:25"
"3326","125","2025-11-24 11:33:24","149.91","0.00","2025-11-24 00:00:00","2026-04-27 19:22:25"
"3327","246","2023-11-30 16:55:46","249.19","0.00","2023-11-30 00:00:00","2026-04-27 19:22:25"
"3328","85","2026-03-29 13:32:31","129.39","0.00","2026-03-29 00:00:00","2026-04-27 19:22:25"
"3329","10","2025-11-14 09:25:04","171.87","0.00","2025-11-14 00:00:00","2026-04-27 19:22:25"
"3330","198","2025-08-14 12:54:48","94.50","0.00","2025-08-14 00:00:00","2026-04-27 19:22:25"
"3331","229","2026-04-04 11:59:21","150.33","0.00","2026-04-04 00:00:00","2026-04-27 19:22:25"
"3332","288","2023-10-23 09:53:59","166.77","0.00","2023-10-23 00:00:00","2026-04-27 19:22:25"
"3333","195","2026-03-16 14:14:56","184.59","0.00","2026-03-16 00:00:00","2026-04-27 19:22:25"
"3334","93","2026-01-27 13:30:32","229.27","0.00","2026-01-27 00:00:00","2026-04-27 19:22:25"
"3335","273","2026-03-18 15:06:48","113.05","0.00","2026-03-18 00:00:00","2026-04-27 19:22:25"
"3336","274","2023-06-30 09:41:52","78.15","0.00","2023-06-30 00:00:00","2026-04-27 19:22:25"
"3337","267","2021-01-01 19:56:43","283.43","0.00","2021-01-01 00:00:00","2026-04-27 19:22:25"
"3338","256","2021-04-27 00:49:48","145.01","0.00","2021-04-27 00:00:00","2026-04-27 19:22:25"
"3339","192","2024-06-14 13:17:16","246.14","0.00","2024-06-14 00:00:00","2026-04-27 19:22:25"
"3340","242","2022-04-30 17:16:03","210.89","0.00","2022-04-30 00:00:00","2026-04-27 19:22:25"
"3341","237","2026-04-03 12:55:48","112.87","0.00","2026-04-03 00:00:00","2026-04-27 19:22:25"
"3342","71","2025-02-13 18:35:18","183.10","0.00","2025-02-13 00:00:00","2026-04-27 19:22:25"
"3343","135","2026-04-07 01:06:06","6.66","10.00","2026-04-07 00:00:00","2026-04-27 19:22:25"
"3344","257","2026-03-11 15:16:41","144.34","0.00","2026-03-11 00:00:00","2026-04-27 19:22:25"
"3345","76","2024-07-01 08:56:25","45.89","5.00","2024-07-01 00:00:00","2026-04-27 19:22:25"
"3346","191","2026-03-26 13:50:06","63.69","0.00","2026-03-26 00:00:00","2026-04-27 19:22:25"
"3347","143","2025-11-06 08:54:23","56.51","5.00","2025-11-06 00:00:00","2026-04-27 19:22:25"
"3348","123","2025-10-05 10:39:03","46.08","10.00","2025-10-05 00:00:00","2026-04-27 19:22:25"
"3349","139","2025-01-11 11:11:20","176.02","0.00","2025-01-11 00:00:00","2026-04-27 19:22:25"
"3350","249","2024-09-29 15:30:48","181.84","0.00","2024-09-29 00:00:00","2026-04-27 19:22:25"
"3351","250","2022-11-22 12:39:31","15.82","25.00","2022-11-22 00:00:00","2026-04-27 19:22:25"
"3352","264","2025-08-05 07:47:49","4.83","25.00","2025-08-05 00:00:00","2026-04-27 19:22:25"
"3353","293","2023-03-21 07:15:35","100.48","0.00","2023-03-21 00:00:00","2026-04-27 19:22:25"
"3354","297","2025-01-26 12:47:03","240.78","0.00","2025-01-26 00:00:00","2026-04-27 19:22:25"
"3355","151","2023-11-01 07:04:49","343.79","0.00","2023-11-01 00:00:00","2026-04-27 19:22:25"
"3356","216","2025-09-25 01:56:11","84.71","0.00","2025-09-25 00:00:00","2026-04-27 19:22:25"
"3357","123","2025-08-09 10:44:41","78.82","0.00","2025-08-09 00:00:00","2026-04-27 19:22:25"
"3358","288","2023-06-23 19:13:13","81.49","0.00","2023-06-23 00:00:00","2026-04-27 19:22:25"
"3359","28","2023-11-26 14:53:12","90.82","0.00","2023-11-26 00:00:00","2026-04-27 19:22:25"
"3360","191","2026-04-04 19:58:54","24.36","10.00","2026-04-04 00:00:00","2026-04-27 19:22:25"
"3361","119","2024-08-22 09:52:19","126.18","0.00","2024-08-22 00:00:00","2026-04-27 19:22:25"
"3362","76","2025-09-09 09:40:23","63.67","0.00","2025-09-09 00:00:00","2026-04-27 19:22:25"
"3363","148","2023-08-08 09:01:01","270.07","0.00","2023-08-08 00:00:00","2026-04-27 19:22:25"
"3364","295","2025-10-09 10:20:27","143.14","0.00","2025-10-09 00:00:00","2026-04-27 19:22:25"
"3365","171","2022-06-20 10:25:56","147.94","0.00","2022-06-20 00:00:00","2026-04-27 19:22:25"
"3366","109","2025-07-17 12:53:49","38.49","10.00","2025-07-17 00:00:00","2026-04-27 19:22:25"
"3367","6","2023-04-24 15:31:00","117.58","0.00","2023-04-24 00:00:00","2026-04-27 19:22:25"
"3368","128","2023-10-11 11:38:38","112.24","0.00","2023-10-11 00:00:00","2026-04-27 19:22:25"
"3369","126","2023-02-27 12:44:52","161.29","0.00","2023-02-27 00:00:00","2026-04-27 19:22:25"
"3370","237","2026-03-25 18:59:25","95.22","0.00","2026-03-25 00:00:00","2026-04-27 19:22:25"
"3371","103","2022-11-19 14:50:52","46.98","5.00","2022-11-19 00:00:00","2026-04-27 19:22:25"
"3372","235","2025-04-04 08:14:49","48.59","5.00","2025-04-04 00:00:00","2026-04-27 19:22:25"
"3373","218","2025-01-04 12:24:10","38.30","10.00","2025-01-04 00:00:00","2026-04-27 19:22:25"
"3374","248","2021-03-15 07:23:24","93.45","0.00","2021-03-15 00:00:00","2026-04-27 19:22:25"
"3375","34","2025-11-19 07:42:30","30.42","5.00","2025-11-19 00:00:00","2026-04-27 19:22:25"
"3376","129","2024-05-14 13:47:49","73.85","0.00","2024-05-14 00:00:00","2026-04-27 19:22:25"
"3377","74","2023-09-04 07:59:13","102.09","0.00","2023-09-04 00:00:00","2026-04-27 19:22:25"
"3378","166","2024-02-15 11:25:34","160.40","0.00","2024-02-15 00:00:00","2026-04-27 19:22:25"
"3379","27","2023-06-25 10:36:52","91.18","0.00","2023-06-25 00:00:00","2026-04-27 19:22:25"
"3380","255","2022-12-20 10:48:46","165.55","0.00","2022-12-20 00:00:00","2026-04-27 19:22:25"
"3381","117","2025-04-29 19:24:12","137.87","0.00","2025-04-29 00:00:00","2026-04-27 19:22:25"
"3382","102","2026-01-28 08:49:58","120.24","0.00","2026-01-28 00:00:00","2026-04-27 19:22:25"
"3383","183","2022-11-02 10:10:39","68.78","0.00","2022-11-02 00:00:00","2026-04-27 19:22:25"
"3384","83","2025-12-30 01:29:42","24.30","10.00","2025-12-30 00:00:00","2026-04-27 19:22:25"
"3385","7","2026-02-13 11:37:37","0.00","0.00","2026-02-13 00:00:00","2026-04-27 19:22:25"
"3386","95","2025-01-23 15:47:23","91.96","0.00","2025-01-23 00:00:00","2026-04-27 19:22:25"
"3387","106","2022-11-24 16:40:22","90.16","0.00","2022-11-24 00:00:00","2026-04-27 19:22:25"
"3388","264","2023-08-14 01:34:59","124.38","0.00","2023-08-14 00:00:00","2026-04-27 19:22:25"
"3389","66","2024-08-24 14:28:57","234.56","0.00","2024-08-24 00:00:00","2026-04-27 19:22:25"
"3390","44","2026-03-20 10:55:33","31.67","5.00","2026-03-20 00:00:00","2026-04-27 19:22:25"
"3391","279","2023-05-06 16:49:20","156.36","0.00","2023-05-06 00:00:00","2026-04-27 19:22:25"
"3392","158","2025-05-14 10:28:20","103.64","0.00","2025-05-14 00:00:00","2026-04-27 19:22:25"
"3393","115","2024-09-03 13:51:18","173.21","0.00","2024-09-03 00:00:00","2026-04-27 19:22:25"
"3394","291","2024-07-24 09:41:28","120.21","0.00","2024-07-24 00:00:00","2026-04-27 19:22:25"
"3395","217","2024-09-25 11:45:21","247.81","0.00","2024-09-25 00:00:00","2026-04-27 19:22:25"
"3396","133","2025-12-04 14:43:18","120.20","0.00","2025-12-04 00:00:00","2026-04-27 19:22:25"
"3397","160","2025-02-20 18:03:50","122.94","0.00","2025-02-20 00:00:00","2026-04-27 19:22:25"
"3398","211","2024-11-10 17:28:12","199.43","0.00","2024-11-10 00:00:00","2026-04-27 19:22:25"
"3399","156","2025-10-25 08:12:27","214.35","0.00","2025-10-25 00:00:00","2026-04-27 19:22:25"
"3400","116","2026-01-07 07:34:25","107.58","0.00","2026-01-07 00:00:00","2026-04-27 19:22:25"
"3401","291","2025-03-10 19:19:50","56.99","0.00","2025-03-10 00:00:00","2026-04-27 19:22:25"
"3402","226","2025-10-28 16:44:36","124.25","0.00","2025-10-28 00:00:00","2026-04-27 19:22:25"
"3403","120","2024-06-24 07:14:24","252.75","0.00","2024-06-24 00:00:00","2026-04-27 19:22:25"
"3404","21","2026-02-27 12:27:28","245.66","0.00","2026-02-27 00:00:00","2026-04-27 19:22:25"
"3405","152","2025-02-28 08:09:11","141.80","0.00","2025-02-28 00:00:00","2026-04-27 19:22:25"
"3406","2","2023-06-03 19:03:35","144.52","0.00","2023-06-03 00:00:00","2026-04-27 19:22:25"
"3407","283","2020-11-08 07:28:55","115.64","0.00","2020-11-08 00:00:00","2026-04-27 19:22:25"
"3408","56","2023-08-21 12:46:59","55.31","5.00","2023-08-21 00:00:00","2026-04-27 19:22:25"
"3409","206","2025-09-14 09:42:35","32.46","10.00","2025-09-14 00:00:00","2026-04-27 19:22:25"
"3410","66","2024-10-31 07:14:06","3.86","25.00","2024-10-31 00:00:00","2026-04-27 19:22:25"
"3411","27","2025-05-06 00:30:22","7.86","25.00","2025-05-06 00:00:00","2026-04-27 19:22:25"
"3412","27","2023-11-29 15:43:59","311.58","0.00","2023-11-29 00:00:00","2026-04-27 19:22:25"
"3413","281","2024-03-29 09:04:37","0.00","0.00","2024-03-29 00:00:00","2026-04-27 19:22:25"
"3414","7","2025-02-04 09:38:56","113.13","0.00","2025-02-04 00:00:00","2026-04-27 19:22:25"
"3415","136","2025-05-15 08:30:21","69.48","5.00","2025-05-15 00:00:00","2026-04-27 19:22:25"
"3416","24","2022-06-14 11:50:53","27.12","5.00","2022-06-14 00:00:00","2026-04-27 19:22:25"
"3417","175","2025-04-23 05:30:59","83.15","0.00","2025-04-23 00:00:00","2026-04-27 19:22:25"
"3418","95","2023-01-23 10:03:08","11.65","25.00","2023-01-23 00:00:00","2026-04-27 19:22:25"
"3419","100","2022-07-24 13:54:37","0.00","0.00","2022-07-24 00:00:00","2026-04-27 19:22:25"
"3420","52","2026-04-05 19:42:37","239.35","0.00","2026-04-05 00:00:00","2026-04-27 19:22:25"
"3421","194","2024-04-15 12:18:42","189.79","0.00","2024-04-15 00:00:00","2026-04-27 19:22:25"
"3422","187","2022-09-24 08:59:35","17.85","25.00","2022-09-24 00:00:00","2026-04-27 19:22:25"
"3423","122","2025-12-24 13:46:44","23.73","25.00","2025-12-24 00:00:00","2026-04-27 19:22:25"
"3424","151","2023-06-22 18:51:50","61.88","0.00","2023-06-22 00:00:00","2026-04-27 19:22:25"
"3425","28","2023-10-10 09:04:30","13.62","10.00","2023-10-10 00:00:00","2026-04-27 19:22:25"
"3426","170","2025-08-16 11:45:20","78.64","0.00","2025-08-16 00:00:00","2026-04-27 19:22:25"
"3427","82","2024-04-05 11:37:34","131.47","0.00","2024-04-05 00:00:00","2026-04-27 19:22:25"
"3428","45","2023-06-19 08:23:24","185.93","0.00","2023-06-19 00:00:00","2026-04-27 19:22:25"
"3429","172","2025-07-05 09:41:06","26.56","5.00","2025-07-05 00:00:00","2026-04-27 19:22:25"
"3430","217","2025-10-21 18:06:51","268.30","0.00","2025-10-21 00:00:00","2026-04-27 19:22:25"
"3431","66","2024-10-25 09:03:50","59.45","5.00","2024-10-25 00:00:00","2026-04-27 19:22:25"
"3432","69","2025-04-05 07:36:29","283.69","0.00","2025-04-05 00:00:00","2026-04-27 19:22:25"
"3433","132","2020-06-21 08:42:53","145.16","0.00","2020-06-21 00:00:00","2026-04-27 19:22:25"
"3434","127","2026-04-15 18:25:31","52.54","0.00","2026-04-15 00:00:00","2026-04-27 19:22:25"
"3435","196","2026-02-17 10:23:42","251.70","0.00","2026-02-17 00:00:00","2026-04-27 19:22:25"
"3436","72","2025-09-01 18:05:53","0.00","0.00","2025-09-01 00:00:00","2026-04-27 19:22:25"
"3437","16","2026-04-15 12:40:38","39.53","10.00","2026-04-15 00:00:00","2026-04-27 19:22:25"
"3438","102","2024-07-17 10:41:19","142.68","0.00","2024-07-17 00:00:00","2026-04-27 19:22:25"
"3439","92","2026-02-07 15:08:08","37.40","10.00","2026-02-07 00:00:00","2026-04-27 19:22:25"
"3440","212","2023-01-11 19:05:30","4.47","10.00","2023-01-11 00:00:00","2026-04-27 19:22:25"
"3441","239","2025-01-26 17:49:59","95.97","0.00","2025-01-26 00:00:00","2026-04-27 19:22:25"
"3442","213","2025-02-22 14:45:29","67.09","0.00","2025-02-22 00:00:00","2026-04-27 19:22:25"
"3443","4","2021-11-11 13:24:53","93.94","0.00","2021-11-11 00:00:00","2026-04-27 19:22:25"
"3444","298","2026-04-05 16:13:20","129.26","0.00","2026-04-05 00:00:00","2026-04-27 19:22:25"
"3445","99","2026-03-04 10:11:49","147.93","0.00","2026-03-04 00:00:00","2026-04-27 19:22:25"
"3446","14","2023-12-05 14:16:11","8.84","25.00","2023-12-05 00:00:00","2026-04-27 19:22:25"
"3447","182","2025-01-02 10:42:28","273.08","0.00","2025-01-02 00:00:00","2026-04-27 19:22:25"
"3448","295","2025-08-18 18:30:56","144.13","0.00","2025-08-18 00:00:00","2026-04-27 19:22:25"
"3449","89","2023-08-08 13:50:17","39.20","10.00","2023-08-08 00:00:00","2026-04-27 19:22:25"
"3450","141","2024-06-21 07:18:06","174.35","0.00","2024-06-21 00:00:00","2026-04-27 19:22:25"
"3451","71","2025-10-09 05:58:34","14.22","25.00","2025-10-09 00:00:00","2026-04-27 19:22:25"
"3452","230","2021-12-11 00:14:06","141.41","0.00","2021-12-11 00:00:00","2026-04-27 19:22:25"
"3453","292","2024-04-21 01:05:54","99.69","0.00","2024-04-21 00:00:00","2026-04-27 19:22:25"
"3454","267","2021-12-28 14:31:18","115.15","0.00","2021-12-28 00:00:00","2026-04-27 19:22:25"
"3455","206","2024-09-25 07:11:50","32.85","10.00","2024-09-25 00:00:00","2026-04-27 19:22:25"
"3456","121","2022-07-20 09:39:44","99.63","0.00","2022-07-20 00:00:00","2026-04-27 19:22:25"
"3457","231","2025-09-02 07:42:37","98.24","0.00","2025-09-02 00:00:00","2026-04-27 19:22:25"
"3458","244","2026-02-21 08:59:38","108.71","0.00","2026-02-21 00:00:00","2026-04-27 19:22:25"
"3459","237","2026-02-06 10:47:41","86.67","0.00","2026-02-06 00:00:00","2026-04-27 19:22:25"
"3460","206","2026-03-15 16:35:09","105.40","0.00","2026-03-15 00:00:00","2026-04-27 19:22:25"
"3461","75","2026-03-27 08:29:17","65.76","0.00","2026-03-27 00:00:00","2026-04-27 19:22:25"
"3462","204","2026-01-12 08:48:07","276.98","0.00","2026-01-12 00:00:00","2026-04-27 19:22:25"
"3463","232","2026-02-05 17:03:02","7.59","25.00","2026-02-05 00:00:00","2026-04-27 19:22:25"
"3464","12","2025-04-02 11:35:30","52.06","0.00","2025-04-02 00:00:00","2026-04-27 19:22:25"
"3465","145","2025-12-29 09:09:49","129.13","0.00","2025-12-29 00:00:00","2026-04-27 19:22:25"
"3466","275","2021-03-09 09:51:49","106.86","0.00","2021-03-09 00:00:00","2026-04-27 19:22:25"
"3467","205","2021-06-30 13:10:42","137.77","0.00","2021-06-30 00:00:00","2026-04-27 19:22:25"
"3468","235","2026-02-21 11:45:13","0.00","0.00","2026-02-21 00:00:00","2026-04-27 19:22:25"
"3469","235","2024-08-06 09:26:56","103.88","0.00","2024-08-06 00:00:00","2026-04-27 19:22:25"
"3470","249","2024-06-30 10:03:10","55.12","0.00","2024-06-30 00:00:00","2026-04-27 19:22:25"
"3471","28","2023-03-21 08:22:52","4.46","10.00","2023-03-21 00:00:00","2026-04-27 19:22:25"
"3472","292","2025-08-29 15:59:20","75.54","0.00","2025-08-29 00:00:00","2026-04-27 19:22:25"
"3473","142","2025-11-26 07:12:58","71.57","0.00","2025-11-26 00:00:00","2026-04-27 19:22:25"
"3474","121","2023-11-26 11:13:35","166.02","0.00","2023-11-26 00:00:00","2026-04-27 19:22:25"
"3475","87","2026-03-07 18:04:58","15.96","10.00","2026-03-07 00:00:00","2026-04-27 19:22:25"
"3476","76","2026-02-03 08:12:10","35.17","5.00","2026-02-03 00:00:00","2026-04-27 19:22:25"
"3477","278","2026-04-04 17:45:42","191.85","0.00","2026-04-04 00:00:00","2026-04-27 19:22:25"
"3478","54","2026-01-09 11:54:09","94.12","0.00","2026-01-09 00:00:00","2026-04-27 19:22:25"
"3479","100","2025-07-05 18:04:46","79.07","0.00","2025-07-05 00:00:00","2026-04-27 19:22:25"
"3480","103","2023-11-05 07:12:12","63.29","0.00","2023-11-05 00:00:00","2026-04-27 19:22:25"
"3481","113","2025-06-11 14:59:36","124.21","0.00","2025-06-11 00:00:00","2026-04-27 19:22:25"
"3482","24","2022-11-14 16:05:26","457.32","0.00","2022-11-14 00:00:00","2026-04-27 19:22:25"
"3483","115","2024-08-21 09:27:36","257.67","0.00","2024-08-21 00:00:00","2026-04-27 19:22:25"
"3484","265","2025-06-08 07:58:04","377.74","0.00","2025-06-08 00:00:00","2026-04-27 19:22:25"
"3485","262","2023-11-03 11:06:14","128.08","0.00","2023-11-03 00:00:00","2026-04-27 19:22:25"
"3486","9","2025-02-09 07:15:57","57.83","0.00","2025-02-09 00:00:00","2026-04-27 19:22:25"
"3487","234","2024-04-04 13:34:48","257.72","0.00","2024-04-04 00:00:00","2026-04-27 19:22:25"
"3488","266","2026-03-29 13:47:50","221.65","0.00","2026-03-29 00:00:00","2026-04-27 19:22:25"
"3489","287","2022-10-30 07:24:39","211.30","0.00","2022-10-30 00:00:00","2026-04-27 19:22:25"
"3490","279","2025-09-14 12:06:49","108.93","0.00","2025-09-14 00:00:00","2026-04-27 19:22:25"
"3491","189","2024-09-26 08:00:22","144.48","0.00","2024-09-26 00:00:00","2026-04-27 19:22:25"
"3492","281","2025-02-08 02:53:23","41.61","5.00","2025-02-08 00:00:00","2026-04-27 19:22:25"
"3493","281","2026-04-08 11:09:12","11.20","10.00","2026-04-08 00:00:00","2026-04-27 19:22:25"
"3494","262","2024-02-17 10:39:10","9.56","10.00","2024-02-17 00:00:00","2026-04-27 19:22:25"
"3495","23","2025-03-02 06:39:38","49.82","10.00","2025-03-02 00:00:00","2026-04-27 19:22:25"
"3496","225","2026-01-19 13:55:36","182.90","0.00","2026-01-19 00:00:00","2026-04-27 19:22:25"
"3497","96","2025-09-26 16:28:21","92.06","0.00","2025-09-26 00:00:00","2026-04-27 19:22:25"
"3498","147","2021-02-12 16:20:40","5.99","10.00","2021-02-12 00:00:00","2026-04-27 19:22:25"
"3499","196","2026-01-29 16:19:38","50.27","0.00","2026-01-29 00:00:00","2026-04-27 19:22:25"
"3500","142","2025-10-25 13:52:22","158.83","0.00","2025-10-25 00:00:00","2026-04-27 19:22:25"
"3501","209","2024-09-21 11:57:22","341.54","0.00","2024-09-21 00:00:00","2026-04-27 19:22:25"
"3502","166","2024-11-28 09:52:55","47.64","5.00","2024-11-28 00:00:00","2026-04-27 19:22:25"
"3503","203","2025-03-13 09:09:39","27.18","10.00","2025-03-13 00:00:00","2026-04-27 19:22:25"
"3504","110","2025-05-13 09:46:31","60.40","0.00","2025-05-13 00:00:00","2026-04-27 19:22:25"
"3505","221","2025-06-27 11:34:31","75.54","0.00","2025-06-27 00:00:00","2026-04-27 19:22:25"
"3506","195","2025-04-12 06:40:43","27.80","10.00","2025-04-12 00:00:00","2026-04-27 19:22:25"
"3507","165","2024-07-23 17:07:15","32.16","5.00","2024-07-23 00:00:00","2026-04-27 19:22:25"
"3508","142","2025-01-13 07:09:48","177.03","0.00","2025-01-13 00:00:00","2026-04-27 19:22:25"
"3509","292","2025-04-02 08:53:21","125.64","0.00","2025-04-02 00:00:00","2026-04-27 19:22:25"
"3510","22","2024-02-12 16:45:54","120.72","0.00","2024-02-12 00:00:00","2026-04-27 19:22:25"
"3511","127","2026-04-15 14:20:29","106.79","0.00","2026-04-15 00:00:00","2026-04-27 19:22:25"
"3512","154","2025-09-04 17:34:29","65.35","0.00","2025-09-04 00:00:00","2026-04-27 19:22:25"
"3513","42","2025-09-03 07:36:46","49.88","10.00","2025-09-03 00:00:00","2026-04-27 19:22:25"
"3514","258","2024-12-11 19:23:15","211.81","0.00","2024-12-11 00:00:00","2026-04-27 19:22:25"
"3515","114","2021-08-10 17:18:22","0.00","0.00","2021-08-10 00:00:00","2026-04-27 19:22:25"
"3516","100","2022-11-27 08:18:10","23.21","10.00","2022-11-27 00:00:00","2026-04-27 19:22:25"
"3517","256","2025-01-04 08:00:49","0.00","0.00","2025-01-04 00:00:00","2026-04-27 19:22:25"
"3518","68","2026-04-06 18:54:03","0.00","0.00","2026-04-06 00:00:00","2026-04-27 19:22:25"
"3519","170","2023-07-09 04:27:22","127.24","0.00","2023-07-09 00:00:00","2026-04-27 19:22:25"
"3520","287","2022-12-28 14:45:24","210.50","0.00","2022-12-28 00:00:00","2026-04-27 19:22:25"
"3521","289","2024-10-04 09:38:26","73.17","0.00","2024-10-04 00:00:00","2026-04-27 19:22:25"
"3522","204","2026-01-18 10:29:17","28.68","5.00","2026-01-18 00:00:00","2026-04-27 19:22:25"
"3523","192","2024-08-29 03:39:58","172.08","0.00","2024-08-29 00:00:00","2026-04-27 19:22:25"
"3524","92","2026-03-17 09:04:34","9.89","25.00","2026-03-17 00:00:00","2026-04-27 19:22:25"
"3525","182","2024-07-19 07:01:34","47.70","5.00","2024-07-19 00:00:00","2026-04-27 19:22:25"
"3526","247","2025-03-24 07:17:22","102.23","0.00","2025-03-24 00:00:00","2026-04-27 19:22:25"
"3527","132","2020-12-10 09:30:20","172.42","0.00","2020-12-10 00:00:00","2026-04-27 19:22:25"
"3528","62","2024-02-18 16:02:06","226.74","0.00","2024-02-18 00:00:00","2026-04-27 19:22:25"
"3529","4","2023-01-29 19:17:41","81.94","0.00","2023-01-29 00:00:00","2026-04-27 19:22:25"
"3530","216","2025-11-20 18:33:10","219.24","0.00","2025-11-20 00:00:00","2026-04-27 19:22:25"
"3531","114","2021-11-07 15:15:32","54.64","0.00","2021-11-07 00:00:00","2026-04-27 19:22:25"
"3532","197","2024-07-05 08:38:08","8.20","25.00","2024-07-05 00:00:00","2026-04-27 19:22:25"
"3533","231","2019-12-30 09:41:38","17.34","10.00","2019-12-30 00:00:00","2026-04-27 19:22:25"
"3534","20","2022-06-27 15:17:55","277.61","0.00","2022-06-27 00:00:00","2026-04-27 19:22:25"
"3535","33","2026-04-02 03:38:45","140.34","0.00","2026-04-02 00:00:00","2026-04-27 19:22:25"
"3536","166","2025-10-10 06:15:17","253.97","0.00","2025-10-10 00:00:00","2026-04-27 19:22:25"
"3537","121","2024-08-09 09:12:42","49.76","10.00","2024-08-09 00:00:00","2026-04-27 19:22:25"
"3538","135","2026-03-26 09:45:57","234.81","0.00","2026-03-26 00:00:00","2026-04-27 19:22:25"
"3539","248","2024-08-12 15:30:43","119.60","0.00","2024-08-12 00:00:00","2026-04-27 19:22:25"
"3540","70","2026-03-09 13:38:00","172.65","0.00","2026-03-09 00:00:00","2026-04-27 19:22:25"
"3541","225","2025-07-30 17:11:46","60.54","0.00","2025-07-30 00:00:00","2026-04-27 19:22:25"
"3542","123","2025-01-06 10:35:40","195.73","0.00","2025-01-06 00:00:00","2026-04-27 19:22:25"
"3543","93","2022-10-13 08:08:19","207.65","0.00","2022-10-13 00:00:00","2026-04-27 19:22:25"
"3544","241","2026-02-24 18:53:47","188.76","0.00","2026-02-24 00:00:00","2026-04-27 19:22:25"
"3545","255","2022-12-07 12:03:40","54.19","0.00","2022-12-07 00:00:00","2026-04-27 19:22:25"
"3546","80","2025-11-05 10:46:36","156.09","0.00","2025-11-05 00:00:00","2026-04-27 19:22:25"
"3547","274","2021-07-05 07:43:15","166.01","0.00","2021-07-05 00:00:00","2026-04-27 19:22:25"
"3548","289","2024-04-18 16:03:17","45.80","5.00","2024-04-18 00:00:00","2026-04-27 19:22:25"
"3549","209","2024-07-01 15:47:24","47.22","10.00","2024-07-01 00:00:00","2026-04-27 19:22:25"
"3550","219","2022-03-04 06:48:12","151.10","0.00","2022-03-04 00:00:00","2026-04-27 19:22:25"
"3551","48","2025-01-15 09:24:37","248.97","0.00","2025-01-15 00:00:00","2026-04-27 19:22:25"
"3552","94","2025-01-17 08:04:14","254.02","0.00","2025-01-17 00:00:00","2026-04-27 19:22:25"
"3553","201","2026-03-18 09:54:53","285.41","0.00","2026-03-18 00:00:00","2026-04-27 19:22:25"
"3554","225","2025-11-10 08:24:56","147.79","0.00","2025-11-10 00:00:00","2026-04-27 19:22:25"
"3555","182","2024-07-23 15:23:17","113.50","0.00","2024-07-23 00:00:00","2026-04-27 19:22:25"
"3556","263","2020-04-13 15:58:11","162.40","0.00","2020-04-13 00:00:00","2026-04-27 19:22:25"
"3557","204","2025-05-11 15:51:31","246.52","0.00","2025-05-11 00:00:00","2026-04-27 19:22:25"
"3558","105","2025-09-11 17:28:09","117.22","0.00","2025-09-11 00:00:00","2026-04-27 19:22:25"
"3559","272","2026-04-01 13:40:20","126.99","0.00","2026-04-01 00:00:00","2026-04-27 19:22:25"
"3560","91","2023-10-29 09:56:16","139.84","0.00","2023-10-29 00:00:00","2026-04-27 19:22:25"
"3561","115","2023-12-02 19:56:56","47.75","10.00","2023-12-02 00:00:00","2026-04-27 19:22:25"
"3562","111","2020-12-24 08:21:27","49.37","10.00","2020-12-24 00:00:00","2026-04-27 19:22:25"
"3563","172","2025-08-04 16:27:29","418.34","0.00","2025-08-04 00:00:00","2026-04-27 19:22:25"
"3564","239","2024-07-13 18:10:13","233.34","0.00","2024-07-13 00:00:00","2026-04-27 19:22:25"
"3565","145","2025-07-06 08:14:33","33.04","10.00","2025-07-06 00:00:00","2026-04-27 19:22:25"
"3566","38","2022-10-27 17:20:33","133.45","0.00","2022-10-27 00:00:00","2026-04-27 19:22:25"
"3567","281","2025-04-13 09:06:18","276.05","0.00","2025-04-13 00:00:00","2026-04-27 19:22:25"
"3568","226","2021-04-15 10:47:43","17.75","10.00","2021-04-15 00:00:00","2026-04-27 19:22:25"
"3569","114","2026-01-03 11:59:29","142.01","0.00","2026-01-03 00:00:00","2026-04-27 19:22:25"
"3570","173","2025-11-27 10:32:40","42.64","5.00","2025-11-27 00:00:00","2026-04-27 19:22:25"
"3571","300","2023-11-08 08:53:11","56.28","0.00","2023-11-08 00:00:00","2026-04-27 19:22:25"
"3572","77","2024-10-05 19:44:53","18.48","10.00","2024-10-05 00:00:00","2026-04-27 19:22:25"
"3573","106","2024-06-25 16:23:04","62.56","5.00","2024-06-25 00:00:00","2026-04-27 19:22:25"
"3574","248","2021-07-23 15:14:34","7.88","10.00","2021-07-23 00:00:00","2026-04-27 19:22:25"
"3575","107","2024-11-21 19:22:59","101.63","0.00","2024-11-21 00:00:00","2026-04-27 19:22:25"
"3576","73","2024-12-28 08:51:03","22.95","10.00","2024-12-28 00:00:00","2026-04-27 19:22:25"
"3577","254","2023-12-02 08:59:06","54.60","5.00","2023-12-02 00:00:00","2026-04-27 19:22:25"
"3578","75","2026-02-19 09:49:44","35.16","5.00","2026-02-19 00:00:00","2026-04-27 19:22:25"
"3579","115","2024-01-27 17:12:45","27.88","10.00","2024-01-27 00:00:00","2026-04-27 19:22:25"
"3580","222","2023-08-13 14:52:59","88.84","0.00","2023-08-13 00:00:00","2026-04-27 19:22:25"
"3581","77","2024-11-28 17:53:05","223.56","0.00","2024-11-28 00:00:00","2026-04-27 19:22:25"
"3582","93","2025-10-04 07:22:53","85.19","0.00","2025-10-04 00:00:00","2026-04-27 19:22:25"
"3583","74","2024-01-09 10:02:10","50.55","0.00","2024-01-09 00:00:00","2026-04-27 19:22:25"
"3584","102","2026-04-08 08:45:49","200.66","0.00","2026-04-08 00:00:00","2026-04-27 19:22:25"
"3585","291","2025-08-23 09:40:12","155.73","0.00","2025-08-23 00:00:00","2026-04-27 19:22:25"
"3586","28","2023-08-29 15:29:55","251.81","0.00","2023-08-29 00:00:00","2026-04-27 19:22:25"
"3587","48","2025-07-28 19:06:50","300.02","0.00","2025-07-28 00:00:00","2026-04-27 19:22:25"
"3588","234","2024-12-20 08:07:02","112.92","0.00","2024-12-20 00:00:00","2026-04-27 19:22:25"
"3589","265","2026-02-27 07:12:40","55.20","0.00","2026-02-27 00:00:00","2026-04-27 19:22:25"
"3590","39","2022-10-21 08:36:00","102.50","0.00","2022-10-21 00:00:00","2026-04-27 19:22:25"
"3591","95","2024-06-04 19:13:12","9.44","25.00","2024-06-04 00:00:00","2026-04-27 19:22:25"
"3592","220","2026-02-13 12:56:03","105.70","0.00","2026-02-13 00:00:00","2026-04-27 19:22:25"
"3593","72","2026-02-01 14:30:18","106.89","0.00","2026-02-01 00:00:00","2026-04-27 19:22:25"
"3594","43","2025-11-27 07:05:45","125.83","0.00","2025-11-27 00:00:00","2026-04-27 19:22:25"
"3595","94","2024-12-19 11:06:15","110.44","0.00","2024-12-19 00:00:00","2026-04-27 19:22:25"
"3596","101","2025-01-05 08:49:41","80.47","0.00","2025-01-05 00:00:00","2026-04-27 19:22:25"
"3597","201","2026-04-01 03:45:21","17.26","25.00","2026-04-01 00:00:00","2026-04-27 19:22:25"
"3598","114","2024-04-25 14:38:53","166.36","0.00","2024-04-25 00:00:00","2026-04-27 19:22:25"
"3599","261","2025-03-06 11:54:10","245.60","0.00","2025-03-06 00:00:00","2026-04-27 19:22:25"
"3600","135","2026-03-31 12:51:28","49.36","5.00","2026-03-31 00:00:00","2026-04-27 19:22:25"
"3601","124","2024-03-28 08:06:48","341.35","0.00","2024-03-28 00:00:00","2026-04-27 19:22:25"
"3602","272","2024-03-13 09:42:57","124.63","0.00","2024-03-13 00:00:00","2026-04-27 19:22:25"
"3603","280","2024-07-31 09:19:58","156.83","0.00","2024-07-31 00:00:00","2026-04-27 19:22:25"
"3604","149","2026-04-14 08:25:41","28.35","5.00","2026-04-14 00:00:00","2026-04-27 19:22:25"
"3605","198","2026-03-20 18:48:25","7.29","25.00","2026-03-20 00:00:00","2026-04-27 19:22:25"
"3606","35","2021-11-17 08:19:01","159.47","0.00","2021-11-17 00:00:00","2026-04-27 19:22:25"
"3607","177","2025-11-13 15:22:13","242.73","0.00","2025-11-13 00:00:00","2026-04-27 19:22:25"
"3608","225","2026-02-05 14:14:46","339.79","0.00","2026-02-05 00:00:00","2026-04-27 19:22:25"
"3609","6","2025-01-23 16:29:38","204.92","0.00","2025-01-23 00:00:00","2026-04-27 19:22:25"
"3610","49","2023-09-30 09:40:40","325.15","0.00","2023-09-30 00:00:00","2026-04-27 19:22:25"
"3611","299","2025-04-15 18:59:27","101.83","0.00","2025-04-15 00:00:00","2026-04-27 19:22:25"
"3612","184","2026-04-03 14:08:21","95.27","0.00","2026-04-03 00:00:00","2026-04-27 19:22:25"
"3613","167","2024-07-31 16:25:01","154.61","0.00","2024-07-31 00:00:00","2026-04-27 19:22:25"
"3614","258","2025-04-29 09:17:43","32.80","5.00","2025-04-29 00:00:00","2026-04-27 19:22:25"
"3615","253","2023-06-25 08:59:35","145.32","0.00","2023-06-25 00:00:00","2026-04-27 19:22:25"
"3616","92","2026-01-27 08:40:17","200.34","0.00","2026-01-27 00:00:00","2026-04-27 19:22:25"
"3617","213","2025-08-27 13:14:17","102.27","0.00","2025-08-27 00:00:00","2026-04-27 19:22:25"
"3618","101","2025-03-21 00:36:56","32.44","5.00","2025-03-21 00:00:00","2026-04-27 19:22:25"
"3619","5","2026-02-11 08:25:43","86.69","0.00","2026-02-11 00:00:00","2026-04-27 19:22:25"
"3620","218","2022-09-01 16:21:43","67.79","5.00","2022-09-01 00:00:00","2026-04-27 19:22:25"
"3621","227","2026-03-08 14:29:15","16.70","10.00","2026-03-08 00:00:00","2026-04-27 19:22:25"
"3622","69","2026-03-23 08:49:57","69.22","0.00","2026-03-23 00:00:00","2026-04-27 19:22:25"
"3623","225","2025-10-21 17:44:28","158.90","0.00","2025-10-21 00:00:00","2026-04-27 19:22:25"
"3624","81","2025-08-18 13:22:46","27.80","5.00","2025-08-18 00:00:00","2026-04-27 19:22:25"
"3625","284","2022-07-17 07:58:38","63.04","0.00","2022-07-17 00:00:00","2026-04-27 19:22:25"
"3626","120","2025-12-10 15:54:52","334.80","0.00","2025-12-10 00:00:00","2026-04-27 19:22:25"
"3627","102","2021-03-20 08:22:10","125.19","0.00","2021-03-20 00:00:00","2026-04-27 19:22:25"
"3628","12","2026-03-16 08:29:24","16.00","10.00","2026-03-16 00:00:00","2026-04-27 19:22:25"
"3629","192","2023-06-19 14:43:14","100.55","0.00","2023-06-19 00:00:00","2026-04-27 19:22:25"
"3630","80","2024-06-11 14:58:38","30.59","10.00","2024-06-11 00:00:00","2026-04-27 19:22:25"
"3631","246","2023-02-01 16:11:04","181.95","0.00","2023-02-01 00:00:00","2026-04-27 19:22:25"
"3632","40","2026-03-27 09:16:51","109.20","0.00","2026-03-27 00:00:00","2026-04-27 19:22:25"
"3633","206","2023-05-30 17:22:37","58.00","5.00","2023-05-30 00:00:00","2026-04-27 19:22:25"
"3634","68","2026-01-18 07:12:16","56.08","5.00","2026-01-18 00:00:00","2026-04-27 19:22:25"
"3635","107","2023-04-18 08:55:43","55.65","0.00","2023-04-18 00:00:00","2026-04-27 19:22:25"
"3636","240","2025-12-20 03:28:53","234.29","0.00","2025-12-20 00:00:00","2026-04-27 19:22:25"
"3637","16","2026-04-13 13:56:32","75.61","0.00","2026-04-13 00:00:00","2026-04-27 19:22:25"
"3638","180","2025-04-08 07:20:21","85.57","0.00","2025-04-08 00:00:00","2026-04-27 19:22:25"
"3639","267","2025-04-27 08:21:11","217.97","0.00","2025-04-27 00:00:00","2026-04-27 19:22:25"
"3640","300","2024-10-05 00:40:02","201.41","0.00","2024-10-05 00:00:00","2026-04-27 19:22:25"
"3641","126","2023-09-20 16:47:00","31.59","5.00","2023-09-20 00:00:00","2026-04-27 19:22:25"
"3642","21","2025-02-15 09:30:25","218.26","0.00","2025-02-15 00:00:00","2026-04-27 19:22:25"
"3643","277","2023-05-18 16:27:22","127.54","0.00","2023-05-18 00:00:00","2026-04-27 19:22:25"
"3644","30","2025-11-03 14:43:16","158.25","0.00","2025-11-03 00:00:00","2026-04-27 19:22:25"
"3645","291","2025-01-04 11:12:33","41.39","5.00","2025-01-04 00:00:00","2026-04-27 19:22:25"
"3646","142","2025-02-16 11:17:58","21.84","10.00","2025-02-16 00:00:00","2026-04-27 19:22:25"
"3647","234","2023-01-13 05:25:32","29.22","10.00","2023-01-13 00:00:00","2026-04-27 19:22:25"
"3648","230","2020-11-14 16:50:16","182.40","0.00","2020-11-14 00:00:00","2026-04-27 19:22:25"
"3649","191","2026-03-25 08:31:55","149.46","0.00","2026-03-25 00:00:00","2026-04-27 19:22:25"
"3650","69","2025-11-06 16:03:17","83.98","0.00","2025-11-06 00:00:00","2026-04-27 19:22:25"
"3651","242","2021-08-26 14:22:34","98.20","0.00","2021-08-26 00:00:00","2026-04-27 19:22:25"
"3652","95","2024-10-25 09:46:54","124.59","0.00","2024-10-25 00:00:00","2026-04-27 19:22:25"
"3653","281","2025-07-31 13:12:56","58.62","0.00","2025-07-31 00:00:00","2026-04-27 19:22:25"
"3654","164","2024-12-22 15:42:45","180.92","0.00","2024-12-22 00:00:00","2026-04-27 19:22:25"
"3655","108","2026-04-14 07:21:52","20.36","10.00","2026-04-14 00:00:00","2026-04-27 19:22:25"
"3656","180","2025-03-10 17:46:42","97.41","0.00","2025-03-10 00:00:00","2026-04-27 19:22:25"
"3657","109","2024-06-22 19:10:58","6.69","25.00","2024-06-22 00:00:00","2026-04-27 19:22:25"
"3658","126","2023-02-22 18:08:12","13.26","10.00","2023-02-22 00:00:00","2026-04-27 19:22:25"
"3659","42","2026-03-17 12:38:22","266.76","0.00","2026-03-17 00:00:00","2026-04-27 19:22:25"
"3660","210","2025-07-24 08:51:12","28.03","10.00","2025-07-24 00:00:00","2026-04-27 19:22:25"
"3661","178","2024-01-28 18:45:14","165.46","0.00","2024-01-28 00:00:00","2026-04-27 19:22:25"
"3662","169","2022-10-24 07:58:02","125.46","0.00","2022-10-24 00:00:00","2026-04-27 19:22:25"
"3663","94","2025-01-08 14:07:22","39.45","10.00","2025-01-08 00:00:00","2026-04-27 19:22:25"
"3664","164","2023-10-20 15:18:47","72.81","0.00","2023-10-20 00:00:00","2026-04-27 19:22:25"
"3665","252","2024-08-12 18:57:20","15.80","10.00","2024-08-12 00:00:00","2026-04-27 19:22:25"
"3666","205","2020-07-26 03:51:36","136.14","0.00","2020-07-26 00:00:00","2026-04-27 19:22:25"
"3667","277","2025-08-21 14:49:49","136.40","0.00","2025-08-21 00:00:00","2026-04-27 19:22:25"
"3668","237","2026-03-11 07:11:34","194.54","0.00","2026-03-11 00:00:00","2026-04-27 19:22:25"
"3669","235","2024-09-23 17:41:17","7.63","10.00","2024-09-23 00:00:00","2026-04-27 19:22:25"
"3670","186","2026-04-10 12:54:48","245.98","0.00","2026-04-10 00:00:00","2026-04-27 19:22:25"
"3671","226","2022-01-03 13:45:42","79.75","0.00","2022-01-03 00:00:00","2026-04-27 19:22:25"
"3672","284","2024-08-30 10:31:30","60.96","0.00","2024-08-30 00:00:00","2026-04-27 19:22:25"
"3673","261","2025-08-09 07:42:43","38.82","5.00","2025-08-09 00:00:00","2026-04-27 19:22:25"
"3674","139","2023-09-26 11:25:37","137.63","0.00","2023-09-26 00:00:00","2026-04-27 19:22:25"
"3675","216","2024-11-26 09:22:24","172.29","0.00","2024-11-26 00:00:00","2026-04-27 19:22:25"
"3676","38","2022-10-05 07:00:17","148.93","0.00","2022-10-05 00:00:00","2026-04-27 19:22:25"
"3677","269","2025-11-15 14:50:50","205.01","0.00","2025-11-15 00:00:00","2026-04-27 19:22:25"
"3678","189","2025-11-14 03:49:35","129.98","0.00","2025-11-14 00:00:00","2026-04-27 19:22:25"
"3679","298","2024-09-10 16:38:23","39.56","10.00","2024-09-10 00:00:00","2026-04-27 19:22:25"
"3680","222","2025-01-24 09:27:22","224.25","0.00","2025-01-24 00:00:00","2026-04-27 19:22:25"
"3681","101","2025-07-19 14:46:30","54.90","0.00","2025-07-19 00:00:00","2026-04-27 19:22:25"
"3682","3","2025-08-21 13:07:38","184.72","0.00","2025-08-21 00:00:00","2026-04-27 19:22:25"
"3683","52","2025-09-25 08:35:59","57.03","0.00","2025-09-25 00:00:00","2026-04-27 19:22:25"
"3684","151","2023-08-20 10:47:40","16.88","10.00","2023-08-20 00:00:00","2026-04-27 19:22:25"
"3685","245","2025-05-22 11:36:35","217.50","0.00","2025-05-22 00:00:00","2026-04-27 19:22:25"
"3686","183","2024-08-11 19:10:08","106.03","0.00","2024-08-11 00:00:00","2026-04-27 19:22:25"
"3687","273","2024-07-03 14:38:54","61.71","5.00","2024-07-03 00:00:00","2026-04-27 19:22:25"
"3688","167","2025-01-31 12:29:40","0.00","0.00","2025-01-31 00:00:00","2026-04-27 19:22:25"
"3689","90","2025-06-21 08:12:01","24.22","10.00","2025-06-21 00:00:00","2026-04-27 19:22:25"
"3690","271","2022-11-20 16:33:51","215.59","0.00","2022-11-20 00:00:00","2026-04-27 19:22:25"
"3691","164","2025-10-05 14:19:19","202.88","0.00","2025-10-05 00:00:00","2026-04-27 19:22:25"
"3692","231","2024-12-03 08:53:58","0.00","0.00","2024-12-03 00:00:00","2026-04-27 19:22:25"
"3693","121","2022-06-23 11:09:16","241.61","0.00","2022-06-23 00:00:00","2026-04-27 19:22:25"
"3694","296","2022-05-27 04:33:50","10.59","10.00","2022-05-27 00:00:00","2026-04-27 19:22:25"
"3695","212","2023-01-22 12:21:11","124.37","0.00","2023-01-22 00:00:00","2026-04-27 19:22:25"
"3696","50","2023-09-25 00:19:29","48.96","5.00","2023-09-25 00:00:00","2026-04-27 19:22:25"
"3697","120","2026-01-30 19:13:20","114.82","0.00","2026-01-30 00:00:00","2026-04-27 19:22:25"
"3698","202","2024-02-03 12:57:08","133.40","0.00","2024-02-03 00:00:00","2026-04-27 19:22:25"
"3699","26","2026-03-12 09:26:33","172.78","0.00","2026-03-12 00:00:00","2026-04-27 19:22:25"
"3700","40","2025-06-17 15:32:57","12.65","10.00","2025-06-17 00:00:00","2026-04-27 19:22:25"
"3701","127","2026-03-27 10:51:02","126.49","0.00","2026-03-27 00:00:00","2026-04-27 19:22:25"
"3702","145","2025-04-04 08:49:13","57.55","5.00","2025-04-04 00:00:00","2026-04-27 19:22:25"
"3703","62","2026-01-07 08:54:22","137.07","0.00","2026-01-07 00:00:00","2026-04-27 19:22:25"
"3704","184","2026-04-03 16:37:16","79.12","0.00","2026-04-03 00:00:00","2026-04-27 19:22:25"
"3705","185","2023-06-22 16:38:20","31.45","10.00","2023-06-22 00:00:00","2026-04-27 19:22:25"
"3706","212","2022-09-08 03:50:32","54.50","0.00","2022-09-08 00:00:00","2026-04-27 19:22:25"
"3707","55","2023-09-22 11:26:38","46.85","10.00","2023-09-22 00:00:00","2026-04-27 19:22:25"
"3708","127","2025-11-12 09:19:23","38.58","5.00","2025-11-12 00:00:00","2026-04-27 19:22:25"
"3709","233","2025-06-23 08:00:50","0.00","0.00","2025-06-23 00:00:00","2026-04-27 19:22:25"
"3710","91","2024-10-30 15:03:41","11.10","10.00","2024-10-30 00:00:00","2026-04-27 19:22:25"
"3711","33","2026-04-06 13:40:30","183.03","0.00","2026-04-06 00:00:00","2026-04-27 19:22:25"
"3712","111","2024-12-21 18:57:09","319.57","0.00","2024-12-21 00:00:00","2026-04-27 19:22:25"
"3713","29","2025-12-28 01:25:17","159.64","0.00","2025-12-28 00:00:00","2026-04-27 19:22:25"
"3714","147","2025-10-10 11:06:05","117.09","0.00","2025-10-10 00:00:00","2026-04-27 19:22:25"
"3715","134","2024-11-06 13:32:33","83.04","0.00","2024-11-06 00:00:00","2026-04-27 19:22:25"
"3716","19","2025-08-21 12:37:25","190.40","0.00","2025-08-21 00:00:00","2026-04-27 19:22:25"
"3717","52","2026-03-14 18:35:22","130.28","0.00","2026-03-14 00:00:00","2026-04-27 19:22:25"
"3718","59","2022-09-22 13:26:12","62.80","5.00","2022-09-22 00:00:00","2026-04-27 19:22:25"
"3719","159","2025-01-13 04:11:07","215.94","0.00","2025-01-13 00:00:00","2026-04-27 19:22:25"
"3720","74","2024-01-06 10:53:22","237.93","0.00","2024-01-06 00:00:00","2026-04-27 19:22:25"
"3721","189","2025-05-06 19:02:23","41.50","10.00","2025-05-06 00:00:00","2026-04-27 19:22:25"
"3722","9","2023-04-18 09:29:35","105.72","0.00","2023-04-18 00:00:00","2026-04-27 19:22:25"
"3723","172","2025-07-25 15:26:27","34.29","5.00","2025-07-25 00:00:00","2026-04-27 19:22:25"
"3724","96","2025-05-08 16:21:46","140.51","0.00","2025-05-08 00:00:00","2026-04-27 19:22:25"
"3725","69","2023-07-24 08:03:37","102.38","0.00","2023-07-24 00:00:00","2026-04-27 19:22:25"
"3726","41","2025-08-10 06:35:14","30.75","10.00","2025-08-10 00:00:00","2026-04-27 19:22:25"
"3727","55","2024-09-13 16:37:16","21.03","25.00","2024-09-13 00:00:00","2026-04-27 19:22:25"
"3728","87","2026-03-01 19:56:56","313.94","0.00","2026-03-01 00:00:00","2026-04-27 19:22:25"
"3729","215","2023-12-07 09:42:14","18.10","25.00","2023-12-07 00:00:00","2026-04-27 19:22:25"
"3730","129","2026-03-02 16:14:06","25.85","5.00","2026-03-02 00:00:00","2026-04-27 19:22:25"
"3731","133","2025-10-30 08:26:27","213.22","0.00","2025-10-30 00:00:00","2026-04-27 19:22:25"
"3732","28","2023-12-21 09:58:45","109.67","0.00","2023-12-21 00:00:00","2026-04-27 19:22:25"
"3733","233","2025-04-25 08:40:41","134.46","0.00","2025-04-25 00:00:00","2026-04-27 19:22:25"
"3734","274","2023-04-04 11:22:29","26.20","5.00","2023-04-04 00:00:00","2026-04-27 19:22:25"
"3735","137","2026-01-22 10:21:36","257.29","0.00","2026-01-22 00:00:00","2026-04-27 19:22:25"
"3736","237","2026-03-12 07:53:52","40.18","5.00","2026-03-12 00:00:00","2026-04-27 19:22:25"
"3737","292","2024-03-18 05:02:47","185.68","0.00","2024-03-18 00:00:00","2026-04-27 19:22:25"
"3738","295","2025-07-14 09:11:30","40.98","5.00","2025-07-14 00:00:00","2026-04-27 19:22:25"
"3739","224","2026-02-10 09:47:42","41.08","10.00","2026-02-10 00:00:00","2026-04-27 19:22:25"
"3740","167","2025-06-07 15:10:21","138.58","0.00","2025-06-07 00:00:00","2026-04-27 19:22:25"
"3741","29","2025-11-29 11:05:56","118.97","0.00","2025-11-29 00:00:00","2026-04-27 19:22:25"
"3742","227","2026-02-04 13:32:37","136.42","0.00","2026-02-04 00:00:00","2026-04-27 19:22:25"
"3743","85","2025-10-22 14:39:03","334.14","0.00","2025-10-22 00:00:00","2026-04-27 19:22:25"
"3744","231","2022-05-17 13:00:53","220.63","0.00","2022-05-17 00:00:00","2026-04-27 19:22:25"
"3745","104","2023-09-14 14:46:39","189.58","0.00","2023-09-14 00:00:00","2026-04-27 19:22:25"
"3746","279","2023-05-21 05:06:08","45.84","10.00","2023-05-21 00:00:00","2026-04-27 19:22:25"
"3747","190","2025-12-16 15:34:14","58.29","5.00","2025-12-16 00:00:00","2026-04-27 19:22:25"
"3748","197","2024-12-13 16:00:58","2.75","25.00","2024-12-13 00:00:00","2026-04-27 19:22:25"
"3749","97","2024-07-03 08:36:45","245.81","0.00","2024-07-03 00:00:00","2026-04-27 19:22:25"
"3750","42","2025-10-19 08:43:41","61.48","5.00","2025-10-19 00:00:00","2026-04-27 19:22:25"
"3751","19","2025-12-10 14:19:15","77.02","0.00","2025-12-10 00:00:00","2026-04-27 19:22:25"
"3752","79","2025-03-19 18:14:41","234.80","0.00","2025-03-19 00:00:00","2026-04-27 19:22:25"
"3753","33","2026-04-05 08:05:48","147.53","0.00","2026-04-05 00:00:00","2026-04-27 19:22:25"
"3754","267","2023-03-17 09:24:09","14.22","10.00","2023-03-17 00:00:00","2026-04-27 19:22:25"
"3755","195","2025-11-06 14:23:41","160.00","0.00","2025-11-06 00:00:00","2026-04-27 19:22:25"
"3756","36","2025-06-06 11:09:13","152.74","0.00","2025-06-06 00:00:00","2026-04-27 19:22:25"
"3757","182","2026-01-11 09:03:23","136.59","0.00","2026-01-11 00:00:00","2026-04-27 19:22:25"
"3758","150","2026-02-25 08:34:04","99.20","0.00","2026-02-25 00:00:00","2026-04-27 19:22:25"
"3759","190","2026-02-28 07:18:51","15.20","25.00","2026-02-28 00:00:00","2026-04-27 19:22:25"
"3760","177","2024-05-31 12:16:34","119.79","0.00","2024-05-31 00:00:00","2026-04-27 19:22:25"
"3761","183","2023-08-28 15:28:46","68.80","0.00","2023-08-28 00:00:00","2026-04-27 19:22:25"
"3762","37","2025-04-06 18:54:00","219.96","0.00","2025-04-06 00:00:00","2026-04-27 19:22:25"
"3763","4","2024-03-16 15:58:06","252.86","0.00","2024-03-16 00:00:00","2026-04-27 19:22:25"
"3764","136","2025-10-26 08:12:05","27.63","10.00","2025-10-26 00:00:00","2026-04-27 19:22:25"
"3765","229","2026-04-09 09:52:20","36.36","5.00","2026-04-09 00:00:00","2026-04-27 19:22:25"
"3766","237","2026-03-12 13:25:09","26.50","5.00","2026-03-12 00:00:00","2026-04-27 19:22:25"
"3767","106","2024-06-30 19:23:02","20.55","25.00","2024-06-30 00:00:00","2026-04-27 19:22:25"
"3768","8","2026-04-11 11:45:14","201.65","0.00","2026-04-11 00:00:00","2026-04-27 19:22:25"
"3769","14","2024-02-07 00:15:09","244.65","0.00","2024-02-07 00:00:00","2026-04-27 19:22:25"
"3770","154","2025-05-13 16:06:39","46.07","5.00","2025-05-13 00:00:00","2026-04-27 19:22:25"
"3771","197","2025-01-21 07:57:37","108.35","0.00","2025-01-21 00:00:00","2026-04-27 19:22:25"
"3772","125","2024-03-01 12:22:17","257.56","0.00","2024-03-01 00:00:00","2026-04-27 19:22:25"
"3773","90","2025-11-22 18:03:52","77.92","0.00","2025-11-22 00:00:00","2026-04-27 19:22:25"
"3774","120","2025-04-12 11:25:35","58.65","0.00","2025-04-12 00:00:00","2026-04-27 19:22:25"
"3775","278","2025-12-16 08:57:32","84.12","0.00","2025-12-16 00:00:00","2026-04-27 19:22:25"
"3776","48","2026-01-23 07:51:21","158.44","0.00","2026-01-23 00:00:00","2026-04-27 19:22:25"
"3777","162","2025-04-12 10:26:10","160.09","0.00","2025-04-12 00:00:00","2026-04-27 19:22:25"
"3778","90","2025-08-24 19:29:27","11.72","10.00","2025-08-24 00:00:00","2026-04-27 19:22:25"
"3779","19","2026-04-11 09:12:33","36.20","5.00","2026-04-11 00:00:00","2026-04-27 19:22:25"
"3780","19","2026-02-24 10:43:32","161.57","0.00","2026-02-24 00:00:00","2026-04-27 19:22:25"
"3781","76","2024-11-16 10:47:42","272.40","0.00","2024-11-16 00:00:00","2026-04-27 19:22:25"
"3782","247","2023-04-02 16:38:19","41.16","5.00","2023-04-02 00:00:00","2026-04-27 19:22:25"
"3783","40","2026-02-09 08:36:59","161.98","0.00","2026-02-09 00:00:00","2026-04-27 19:22:25"
"3784","152","2024-11-19 16:01:03","14.76","10.00","2024-11-19 00:00:00","2026-04-27 19:22:25"
"3785","128","2023-05-23 10:34:38","50.96","0.00","2023-05-23 00:00:00","2026-04-27 19:22:25"
"3786","97","2025-08-16 17:09:30","71.68","0.00","2025-08-16 00:00:00","2026-04-27 19:22:25"
"3787","41","2021-02-24 19:30:41","204.94","0.00","2021-02-24 00:00:00","2026-04-27 19:22:25"
"3788","91","2025-04-30 08:37:01","111.25","0.00","2025-04-30 00:00:00","2026-04-27 19:22:25"
"3789","134","2022-03-01 10:26:07","320.94","0.00","2022-03-01 00:00:00","2026-04-27 19:22:25"
"3790","174","2024-09-01 12:10:11","197.06","0.00","2024-09-01 00:00:00","2026-04-27 19:22:25"
"3791","228","2025-12-12 15:32:01","89.44","0.00","2025-12-12 00:00:00","2026-04-27 19:22:25"
"3792","170","2024-07-31 13:24:53","150.39","0.00","2024-07-31 00:00:00","2026-04-27 19:22:25"
"3793","182","2022-01-27 14:38:50","204.09","0.00","2022-01-27 00:00:00","2026-04-27 19:22:25"
"3794","151","2023-08-26 17:06:13","131.42","0.00","2023-08-26 00:00:00","2026-04-27 19:22:25"
"3795","245","2026-01-17 08:57:31","156.37","0.00","2026-01-17 00:00:00","2026-04-27 19:22:25"
"3796","286","2024-08-04 07:09:10","255.44","0.00","2024-08-04 00:00:00","2026-04-27 19:22:25"
"3797","51","2025-09-10 12:16:33","202.86","0.00","2025-09-10 00:00:00","2026-04-27 19:22:25"
"3798","4","2021-11-15 09:25:51","114.41","0.00","2021-11-15 00:00:00","2026-04-27 19:22:25"
"3799","210","2025-04-02 07:52:21","209.25","0.00","2025-04-02 00:00:00","2026-04-27 19:22:25"
"3800","96","2025-07-16 15:22:15","111.51","0.00","2025-07-16 00:00:00","2026-04-27 19:22:25"
"3801","176","2025-06-06 10:52:06","365.55","0.00","2025-06-06 00:00:00","2026-04-27 19:22:25"
"3802","194","2020-10-01 08:31:16","194.57","0.00","2020-10-01 00:00:00","2026-04-27 19:22:25"
"3803","233","2025-07-10 09:18:07","118.17","0.00","2025-07-10 00:00:00","2026-04-27 19:22:25"
"3804","205","2021-06-18 07:13:56","59.40","0.00","2021-06-18 00:00:00","2026-04-27 19:22:25"
"3805","132","2022-01-08 13:34:51","108.72","0.00","2022-01-08 00:00:00","2026-04-27 19:22:25"
"3806","146","2025-07-29 13:08:33","11.72","25.00","2025-07-29 00:00:00","2026-04-27 19:22:25"
"3807","14","2024-10-12 11:48:28","226.16","0.00","2024-10-12 00:00:00","2026-04-27 19:22:25"
"3808","300","2023-11-15 08:49:47","161.05","0.00","2023-11-15 00:00:00","2026-04-27 19:22:25"
"3809","248","2025-07-31 19:17:37","80.75","0.00","2025-07-31 00:00:00","2026-04-27 19:22:25"
"3810","71","2025-11-13 16:09:58","129.21","0.00","2025-11-13 00:00:00","2026-04-27 19:22:25"
"3811","294","2025-02-11 10:14:56","40.25","5.00","2025-02-11 00:00:00","2026-04-27 19:22:25"
"3812","43","2019-06-24 05:53:15","72.54","5.00","2019-06-24 00:00:00","2026-04-27 19:22:25"
"3813","134","2022-01-07 09:24:23","37.09","5.00","2022-01-07 00:00:00","2026-04-27 19:22:25"
"3814","158","2026-03-05 07:02:44","170.96","0.00","2026-03-05 00:00:00","2026-04-27 19:22:25"
"3815","10","2024-11-21 16:20:54","118.55","0.00","2024-11-21 00:00:00","2026-04-27 19:22:25"
"3816","67","2020-07-12 18:43:02","267.57","0.00","2020-07-12 00:00:00","2026-04-27 19:22:25"
"3817","69","2025-06-11 19:46:00","158.80","0.00","2025-06-11 00:00:00","2026-04-27 19:22:25"
"3818","188","2026-04-06 09:59:28","26.13","5.00","2026-04-06 00:00:00","2026-04-27 19:22:25"
"3819","56","2024-03-18 16:59:02","203.47","0.00","2024-03-18 00:00:00","2026-04-27 19:22:25"
"3820","93","2023-01-29 19:06:42","34.64","5.00","2023-01-29 00:00:00","2026-04-27 19:22:25"
"3821","280","2024-02-13 10:30:25","113.28","0.00","2024-02-13 00:00:00","2026-04-27 19:22:25"
"3822","208","2021-11-13 16:33:48","110.70","0.00","2021-11-13 00:00:00","2026-04-27 19:22:25"
"3823","142","2024-06-28 13:29:32","120.85","0.00","2024-06-28 00:00:00","2026-04-27 19:22:25"
"3824","244","2025-12-25 15:50:42","31.41","5.00","2025-12-25 00:00:00","2026-04-27 19:22:25"
"3825","22","2024-06-27 19:39:28","192.71","0.00","2024-06-27 00:00:00","2026-04-27 19:22:25"
"3826","12","2024-03-27 15:46:02","207.52","0.00","2024-03-27 00:00:00","2026-04-27 19:22:25"
"3827","118","2020-12-03 09:59:09","1.69","10.00","2020-12-03 00:00:00","2026-04-27 19:22:25"
"3828","204","2026-01-25 08:22:57","267.92","0.00","2026-01-25 00:00:00","2026-04-27 19:22:25"
"3829","45","2023-09-06 08:50:47","93.75","0.00","2023-09-06 00:00:00","2026-04-27 19:22:25"
"3830","20","2021-09-01 18:48:32","167.10","0.00","2021-09-01 00:00:00","2026-04-27 19:22:25"
"3831","185","2023-12-28 18:21:16","10.52","25.00","2023-12-28 00:00:00","2026-04-27 19:22:25"
"3832","195","2025-12-13 14:36:38","241.03","0.00","2025-12-13 00:00:00","2026-04-27 19:22:25"
"3833","130","2025-04-09 18:17:51","17.44","10.00","2025-04-09 00:00:00","2026-04-27 19:22:25"
"3834","171","2022-06-01 12:22:59","65.66","0.00","2022-06-01 00:00:00","2026-04-27 19:22:25"
"3835","288","2026-01-07 09:01:50","89.68","0.00","2026-01-07 00:00:00","2026-04-27 19:22:25"
"3836","77","2024-10-10 12:41:47","173.43","0.00","2024-10-10 00:00:00","2026-04-27 19:22:25"
"3837","98","2025-08-23 08:02:43","148.59","0.00","2025-08-23 00:00:00","2026-04-27 19:22:25"
"3838","233","2025-07-01 14:48:37","41.68","10.00","2025-07-01 00:00:00","2026-04-27 19:22:25"
"3839","11","2025-04-26 07:39:56","268.65","0.00","2025-04-26 00:00:00","2026-04-27 19:22:25"
"3840","137","2026-04-03 08:51:26","58.18","0.00","2026-04-03 00:00:00","2026-04-27 19:22:25"
"3841","87","2026-02-15 07:28:51","24.15","10.00","2026-02-15 00:00:00","2026-04-27 19:22:25"
"3842","298","2024-10-04 07:42:41","23.52","25.00","2024-10-04 00:00:00","2026-04-27 19:22:25"
"3843","274","2021-01-24 18:00:32","109.34","0.00","2021-01-24 00:00:00","2026-04-27 19:22:25"
"3844","262","2024-04-06 02:18:19","89.23","0.00","2024-04-06 00:00:00","2026-04-27 19:22:25"
"3845","262","2023-06-15 09:12:41","199.11","0.00","2023-06-15 00:00:00","2026-04-27 19:22:25"
"3846","144","2020-06-28 01:07:05","33.06","5.00","2020-06-28 00:00:00","2026-04-27 19:22:25"
"3847","120","2025-02-18 13:10:59","5.64","10.00","2025-02-18 00:00:00","2026-04-27 19:22:25"
"3848","101","2025-12-19 10:55:32","250.37","0.00","2025-12-19 00:00:00","2026-04-27 19:22:25"
"3849","47","2023-09-26 06:54:45","203.47","0.00","2023-09-26 00:00:00","2026-04-27 19:22:25"
"3850","119","2025-06-01 17:49:48","329.54","0.00","2025-06-01 00:00:00","2026-04-27 19:22:25"
"3851","207","2024-08-02 14:21:32","134.27","0.00","2024-08-02 00:00:00","2026-04-27 19:22:25"
"3852","132","2022-12-27 09:45:08","5.51","10.00","2022-12-27 00:00:00","2026-04-27 19:22:25"
"3853","88","2026-02-22 17:14:04","60.30","0.00","2026-02-22 00:00:00","2026-04-27 19:22:25"
"3854","244","2026-04-04 00:06:30","153.07","0.00","2026-04-04 00:00:00","2026-04-27 19:22:25"
"3855","156","2025-03-15 14:40:02","31.78","5.00","2025-03-15 00:00:00","2026-04-27 19:22:25"
"3856","130","2025-02-11 17:22:30","30.41","5.00","2025-02-11 00:00:00","2026-04-27 19:22:25"
"3857","129","2022-12-10 16:49:14","117.69","0.00","2022-12-10 00:00:00","2026-04-27 19:22:25"
"3858","130","2025-11-15 09:24:21","93.69","0.00","2025-11-15 00:00:00","2026-04-27 19:22:25"
"3859","63","2024-05-28 15:21:03","138.07","0.00","2024-05-28 00:00:00","2026-04-27 19:22:25"
"3860","112","2022-12-19 17:16:05","10.53","10.00","2022-12-19 00:00:00","2026-04-27 19:22:25"
"3861","35","2023-12-22 16:41:24","178.61","0.00","2023-12-22 00:00:00","2026-04-27 19:22:25"
"3862","42","2025-05-07 07:35:42","84.83","0.00","2025-05-07 00:00:00","2026-04-27 19:22:25"
"3863","271","2022-11-25 08:20:04","89.19","0.00","2022-11-25 00:00:00","2026-04-27 19:22:25"
"3864","224","2023-09-18 16:09:49","147.43","0.00","2023-09-18 00:00:00","2026-04-27 19:22:25"
"3865","276","2025-10-04 08:57:58","111.51","0.00","2025-10-04 00:00:00","2026-04-27 19:22:25"
"3866","280","2026-04-12 03:52:52","56.82","5.00","2026-04-12 00:00:00","2026-04-27 19:22:25"
"3867","213","2025-09-25 09:27:47","145.53","0.00","2025-09-25 00:00:00","2026-04-27 19:22:25"
"3868","2","2025-03-02 08:42:55","131.44","0.00","2025-03-02 00:00:00","2026-04-27 19:22:25"
"3869","262","2024-10-09 15:30:48","283.52","0.00","2024-10-09 00:00:00","2026-04-27 19:22:25"
"3870","102","2023-11-21 11:18:00","18.94","25.00","2023-11-21 00:00:00","2026-04-27 19:22:25"
"3871","3","2026-03-23 16:02:07","95.69","0.00","2026-03-23 00:00:00","2026-04-27 19:22:25"
"3872","50","2022-05-01 11:05:07","2.53","10.00","2022-05-01 00:00:00","2026-04-27 19:22:25"
"3873","180","2025-07-23 11:03:40","106.61","0.00","2025-07-23 00:00:00","2026-04-27 19:22:25"
"3874","119","2026-01-24 19:13:14","127.65","0.00","2026-01-24 00:00:00","2026-04-27 19:22:25"
"3875","142","2026-01-11 19:19:37","78.36","0.00","2026-01-11 00:00:00","2026-04-27 19:22:25"
"3876","58","2022-09-21 10:29:25","54.23","5.00","2022-09-21 00:00:00","2026-04-27 19:22:25"
"3877","199","2023-05-29 04:19:49","158.40","0.00","2023-05-29 00:00:00","2026-04-27 19:22:25"
"3878","208","2023-08-17 10:07:20","17.10","25.00","2023-08-17 00:00:00","2026-04-27 19:22:25"
"3879","231","2023-05-22 17:38:59","79.73","0.00","2023-05-22 00:00:00","2026-04-27 19:22:25"
"3880","285","2025-09-01 10:17:15","14.55","10.00","2025-09-01 00:00:00","2026-04-27 19:22:25"
"3881","105","2022-10-12 13:16:29","7.35","25.00","2022-10-12 00:00:00","2026-04-27 19:22:25"
"3882","291","2026-04-12 14:38:46","152.11","0.00","2026-04-12 00:00:00","2026-04-27 19:22:25"
"3883","225","2025-12-07 09:00:52","264.33","0.00","2025-12-07 00:00:00","2026-04-27 19:22:25"
"3884","253","2024-08-19 10:17:16","44.44","5.00","2024-08-19 00:00:00","2026-04-27 19:22:25"
"3885","261","2026-03-05 16:44:48","24.00","10.00","2026-03-05 00:00:00","2026-04-27 19:22:25"
"3886","77","2024-10-28 09:58:32","42.64","5.00","2024-10-28 00:00:00","2026-04-27 19:22:25"
"3887","235","2026-03-20 07:06:55","62.14","0.00","2026-03-20 00:00:00","2026-04-27 19:22:25"
"3888","203","2024-04-04 16:32:39","56.38","5.00","2024-04-04 00:00:00","2026-04-27 19:22:25"
"3889","83","2024-08-24 08:14:00","56.85","0.00","2024-08-24 00:00:00","2026-04-27 19:22:25"
"3890","70","2025-12-08 13:08:32","201.96","0.00","2025-12-08 00:00:00","2026-04-27 19:22:25"
"3891","228","2024-07-31 16:19:47","4.46","25.00","2024-07-31 00:00:00","2026-04-27 19:22:25"
"3892","262","2024-07-30 09:02:19","66.01","0.00","2024-07-30 00:00:00","2026-04-27 19:22:25"
"3893","97","2025-09-24 16:28:32","58.13","0.00","2025-09-24 00:00:00","2026-04-27 19:22:25"
"3894","187","2022-09-09 18:10:26","320.85","0.00","2022-09-09 00:00:00","2026-04-27 19:22:25"
"3895","192","2025-02-27 07:05:56","152.16","0.00","2025-02-27 00:00:00","2026-04-27 19:22:25"
"3896","95","2025-05-09 12:47:23","39.28","10.00","2025-05-09 00:00:00","2026-04-27 19:22:25"
"3897","63","2024-12-12 16:30:38","64.52","0.00","2024-12-12 00:00:00","2026-04-27 19:22:25"
"3898","290","2020-10-20 07:13:08","18.00","10.00","2020-10-20 00:00:00","2026-04-27 19:22:25"
"3899","252","2025-06-17 17:41:11","172.89","0.00","2025-06-17 00:00:00","2026-04-27 19:22:25"
"3900","270","2024-04-26 04:34:59","43.62","5.00","2024-04-26 00:00:00","2026-04-27 19:22:25"
"3901","254","2023-04-25 11:58:31","35.27","10.00","2023-04-25 00:00:00","2026-04-27 19:22:25"
"3902","187","2022-10-12 09:49:39","19.98","25.00","2022-10-12 00:00:00","2026-04-27 19:22:25"
"3903","18","2026-01-10 09:57:19","42.27","5.00","2026-01-10 00:00:00","2026-04-27 19:22:25"
"3904","204","2023-12-02 03:18:14","152.04","0.00","2023-12-02 00:00:00","2026-04-27 19:22:25"
"3905","171","2022-08-22 15:11:08","63.00","0.00","2022-08-22 00:00:00","2026-04-27 19:22:25"
"3906","92","2025-10-12 13:27:05","24.99","25.00","2025-10-12 00:00:00","2026-04-27 19:22:25"
"3907","81","2026-02-01 13:10:56","349.30","0.00","2026-02-01 00:00:00","2026-04-27 19:22:25"
"3908","225","2026-02-09 10:41:21","195.53","0.00","2026-02-09 00:00:00","2026-04-27 19:22:25"
"3909","180","2025-05-04 08:38:51","77.31","0.00","2025-05-04 00:00:00","2026-04-27 19:22:25"
"3910","87","2026-02-22 14:05:02","279.78","0.00","2026-02-22 00:00:00","2026-04-27 19:22:25"
"3911","187","2022-08-24 09:08:30","255.55","0.00","2022-08-24 00:00:00","2026-04-27 19:22:25"
"3912","203","2025-08-10 12:49:20","157.86","0.00","2025-08-10 00:00:00","2026-04-27 19:22:25"
"3913","291","2025-06-26 10:44:26","100.13","0.00","2025-06-26 00:00:00","2026-04-27 19:22:25"
"3914","152","2023-08-23 17:52:58","108.65","0.00","2023-08-23 00:00:00","2026-04-27 19:22:25"
"3915","211","2025-01-02 15:39:47","157.25","0.00","2025-01-02 00:00:00","2026-04-27 19:22:25"
"3916","120","2025-05-13 07:03:26","57.77","0.00","2025-05-13 00:00:00","2026-04-27 19:22:25"
"3917","95","2023-01-18 11:21:26","10.88","25.00","2023-01-18 00:00:00","2026-04-27 19:22:25"
"3918","171","2023-07-19 10:09:33","53.20","0.00","2023-07-19 00:00:00","2026-04-27 19:22:25"
"3919","285","2024-01-31 17:02:53","133.27","0.00","2024-01-31 00:00:00","2026-04-27 19:22:25"
"3920","178","2024-05-25 18:07:14","305.44","0.00","2024-05-25 00:00:00","2026-04-27 19:22:25"
"3921","182","2021-04-23 07:33:43","119.94","0.00","2021-04-23 00:00:00","2026-04-27 19:22:25"
"3922","22","2024-06-24 09:31:09","207.75","0.00","2024-06-24 00:00:00","2026-04-27 19:22:25"
"3923","103","2023-07-31 15:02:39","41.34","5.00","2023-07-31 00:00:00","2026-04-27 19:22:25"
"3924","289","2026-01-10 17:07:28","83.69","0.00","2026-01-10 00:00:00","2026-04-27 19:22:25"
"3925","154","2026-02-18 17:38:59","34.96","5.00","2026-02-18 00:00:00","2026-04-27 19:22:25"
"3926","235","2025-07-14 10:13:01","57.24","0.00","2025-07-14 00:00:00","2026-04-27 19:22:25"
"3927","270","2020-10-03 19:22:07","192.62","0.00","2020-10-03 00:00:00","2026-04-27 19:22:25"
"3928","279","2025-09-15 11:26:34","120.86","0.00","2025-09-15 00:00:00","2026-04-27 19:22:25"
"3929","185","2025-03-10 09:36:53","84.63","0.00","2025-03-10 00:00:00","2026-04-27 19:22:25"
"3930","75","2026-02-09 07:41:06","13.26","10.00","2026-02-09 00:00:00","2026-04-27 19:22:25"
"3931","92","2026-04-11 10:50:00","43.15","10.00","2026-04-11 00:00:00","2026-04-27 19:22:25"
"3932","143","2023-10-03 18:29:53","56.46","5.00","2023-10-03 00:00:00","2026-04-27 19:22:25"
"3933","173","2025-07-27 13:56:32","158.57","0.00","2025-07-27 00:00:00","2026-04-27 19:22:25"
"3934","261","2026-04-06 09:14:38","19.77","10.00","2026-04-06 00:00:00","2026-04-27 19:22:25"
"3935","117","2024-08-24 13:27:11","512.65","0.00","2024-08-24 00:00:00","2026-04-27 19:22:25"
"3936","29","2026-02-07 13:08:33","73.00","0.00","2026-02-07 00:00:00","2026-04-27 19:22:25"
"3937","244","2026-03-20 11:31:15","141.94","0.00","2026-03-20 00:00:00","2026-04-27 19:22:25"
"3938","24","2022-11-08 02:09:38","149.00","0.00","2022-11-08 00:00:00","2026-04-27 19:22:25"
"3939","89","2023-12-26 09:40:41","168.09","0.00","2023-12-26 00:00:00","2026-04-27 19:22:25"
"3940","200","2025-05-12 10:04:08","34.10","10.00","2025-05-12 00:00:00","2026-04-27 19:22:25"
"3941","37","2023-07-07 11:07:12","66.71","5.00","2023-07-07 00:00:00","2026-04-27 19:22:25"
"3942","266","2026-04-05 01:46:02","149.29","0.00","2026-04-05 00:00:00","2026-04-27 19:22:25"
"3943","135","2026-02-14 07:53:19","96.39","0.00","2026-02-14 00:00:00","2026-04-27 19:22:25"
"3944","21","2026-01-07 02:28:06","246.98","0.00","2026-01-07 00:00:00","2026-04-27 19:22:25"
"3945","190","2026-03-15 12:55:53","47.86","10.00","2026-03-15 00:00:00","2026-04-27 19:22:25"
"3946","70","2025-12-13 09:27:03","104.77","0.00","2025-12-13 00:00:00","2026-04-27 19:22:25"
"3947","167","2024-02-05 07:10:45","139.60","0.00","2024-02-05 00:00:00","2026-04-27 19:22:25"
"3948","139","2025-11-03 10:27:07","51.80","0.00","2025-11-03 00:00:00","2026-04-27 19:22:25"
"3949","57","2025-08-09 19:58:02","99.60","0.00","2025-08-09 00:00:00","2026-04-27 19:22:25"
"3950","15","2026-04-03 11:11:21","67.58","0.00","2026-04-03 00:00:00","2026-04-27 19:22:25"
"3951","285","2026-02-20 10:24:02","193.55","0.00","2026-02-20 00:00:00","2026-04-27 19:22:25"
"3952","76","2025-04-11 07:38:58","15.27","10.00","2025-04-11 00:00:00","2026-04-27 19:22:25"
"3953","62","2024-11-13 04:13:21","147.45","0.00","2024-11-13 00:00:00","2026-04-27 19:22:25"
"3954","184","2026-03-28 15:12:32","355.50","0.00","2026-03-28 00:00:00","2026-04-27 19:22:25"
"3955","71","2026-01-29 16:14:09","90.38","0.00","2026-01-29 00:00:00","2026-04-27 19:22:25"
"3956","6","2023-08-04 19:28:33","53.17","0.00","2023-08-04 00:00:00","2026-04-27 19:22:25"
"3957","93","2023-09-03 19:37:22","86.15","0.00","2023-09-03 00:00:00","2026-04-27 19:22:25"
"3958","224","2022-03-16 02:18:22","57.53","5.00","2022-03-16 00:00:00","2026-04-27 19:22:25"
"3959","292","2024-10-14 07:56:17","154.00","0.00","2024-10-14 00:00:00","2026-04-27 19:22:25"
"3960","232","2025-08-29 11:50:51","201.03","0.00","2025-08-29 00:00:00","2026-04-27 19:22:25"
"3961","222","2024-07-26 09:17:07","58.13","0.00","2024-07-26 00:00:00","2026-04-27 19:22:25"
"3962","225","2025-11-12 09:06:52","82.57","0.00","2025-11-12 00:00:00","2026-04-27 19:22:25"
"3963","246","2023-06-23 15:46:10","49.35","5.00","2023-06-23 00:00:00","2026-04-27 19:22:25"
"3964","280","2023-05-22 10:48:49","96.87","0.00","2023-05-22 00:00:00","2026-04-27 19:22:25"
"3965","154","2025-10-03 08:12:27","103.60","0.00","2025-10-03 00:00:00","2026-04-27 19:22:25"
"3966","226","2023-11-05 07:14:02","26.72","5.00","2023-11-05 00:00:00","2026-04-27 19:22:25"
"3967","261","2024-02-27 11:21:23","40.56","5.00","2024-02-27 00:00:00","2026-04-27 19:22:25"
"3968","14","2024-08-09 08:01:28","202.10","0.00","2024-08-09 00:00:00","2026-04-27 19:22:25"
"3969","32","2023-01-28 19:54:44","3.20","25.00","2023-01-28 00:00:00","2026-04-27 19:22:25"
"3970","260","2021-11-09 07:13:26","70.47","0.00","2021-11-09 00:00:00","2026-04-27 19:22:25"
"3971","207","2026-03-26 14:46:24","213.21","0.00","2026-03-26 00:00:00","2026-04-27 19:22:25"
"3972","197","2025-03-10 09:53:58","29.79","10.00","2025-03-10 00:00:00","2026-04-27 19:22:25"
"3973","273","2021-08-04 12:27:34","202.88","0.00","2021-08-04 00:00:00","2026-04-27 19:22:25"
"3974","255","2023-08-05 19:02:23","82.87","0.00","2023-08-05 00:00:00","2026-04-27 19:22:25"
"3975","30","2025-01-26 09:29:32","214.83","0.00","2025-01-26 00:00:00","2026-04-27 19:22:25"
"3976","282","2024-08-18 15:13:22","111.24","0.00","2024-08-18 00:00:00","2026-04-27 19:22:25"
"3977","300","2025-04-16 17:19:20","3.46","10.00","2025-04-16 00:00:00","2026-04-27 19:22:25"
"3978","65","2025-07-30 08:37:09","0.00","0.00","2025-07-30 00:00:00","2026-04-27 19:22:25"
"3979","49","2023-09-01 08:57:53","261.36","0.00","2023-09-01 00:00:00","2026-04-27 19:22:25"
"3980","91","2024-09-29 12:22:12","196.42","0.00","2024-09-29 00:00:00","2026-04-27 19:22:25"
"3981","246","2022-12-23 04:24:16","79.75","0.00","2022-12-23 00:00:00","2026-04-27 19:22:25"
"3982","119","2024-10-21 18:54:58","94.93","0.00","2024-10-21 00:00:00","2026-04-27 19:22:25"
"3983","235","2024-01-10 17:25:49","91.00","0.00","2024-01-10 00:00:00","2026-04-27 19:22:25"
"3984","94","2024-07-08 08:09:59","121.88","0.00","2024-07-08 00:00:00","2026-04-27 19:22:25"
"3985","180","2026-02-23 15:17:44","229.08","0.00","2026-02-23 00:00:00","2026-04-27 19:22:25"
"3986","99","2026-01-04 03:19:15","260.31","0.00","2026-01-04 00:00:00","2026-04-27 19:22:25"
"3987","112","2025-12-27 16:27:16","43.57","5.00","2025-12-27 00:00:00","2026-04-27 19:22:25"
"3988","238","2021-04-09 12:16:33","76.08","0.00","2021-04-09 00:00:00","2026-04-27 19:22:25"
"3989","269","2025-08-15 07:03:50","71.41","5.00","2025-08-15 00:00:00","2026-04-27 19:22:25"
"3990","100","2024-11-25 18:03:41","119.92","0.00","2024-11-25 00:00:00","2026-04-27 19:22:25"
"3991","129","2025-07-16 14:15:57","38.07","5.00","2025-07-16 00:00:00","2026-04-27 19:22:25"
"3992","229","2026-04-10 14:10:25","122.47","0.00","2026-04-10 00:00:00","2026-04-27 19:22:25"
"3993","157","2022-02-07 09:15:38","14.00","10.00","2022-02-07 00:00:00","2026-04-27 19:22:25"
"3994","137","2026-03-02 10:53:25","340.36","0.00","2026-03-02 00:00:00","2026-04-27 19:22:25"
"3995","87","2025-12-12 19:37:08","67.39","0.00","2025-12-12 00:00:00","2026-04-27 19:22:25"
"3996","163","2025-04-01 08:11:20","14.95","10.00","2025-04-01 00:00:00","2026-04-27 19:22:25"
"3997","96","2025-03-03 17:29:02","138.94","0.00","2025-03-03 00:00:00","2026-04-27 19:22:25"
"3998","294","2025-01-20 08:15:42","115.59","0.00","2025-01-20 00:00:00","2026-04-27 19:22:25"
"3999","162","2023-01-11 06:17:28","112.65","0.00","2023-01-11 00:00:00","2026-04-27 19:22:25"
"4000","138","2020-10-30 11:21:15","70.73","0.00","2020-10-30 00:00:00","2026-04-27 19:22:25"
"4001","274","2023-02-05 11:21:15","113.05","0.00","2023-02-05 00:00:00","2026-04-27 19:22:25"
"4002","212","2022-11-23 13:08:37","246.01","0.00","2022-11-23 00:00:00","2026-04-27 19:22:25"
"4003","117","2025-10-11 07:26:19","291.82","0.00","2025-10-11 00:00:00","2026-04-27 19:22:25"
"4004","136","2025-07-19 15:40:49","35.34","10.00","2025-07-19 00:00:00","2026-04-27 19:22:25"
"4005","129","2023-08-19 10:57:37","178.20","0.00","2023-08-19 00:00:00","2026-04-27 19:22:25"
"4006","88","2026-01-09 12:41:39","68.14","0.00","2026-01-09 00:00:00","2026-04-27 19:22:25"
"4007","129","2025-09-27 19:11:07","90.66","0.00","2025-09-27 00:00:00","2026-04-27 19:22:25"
"4008","15","2023-10-28 18:55:10","79.09","0.00","2023-10-28 00:00:00","2026-04-27 19:22:25"
"4009","234","2023-08-25 11:26:42","70.52","5.00","2023-08-25 00:00:00","2026-04-27 19:22:25"
"4010","69","2026-02-03 19:00:16","192.88","0.00","2026-02-03 00:00:00","2026-04-27 19:22:25"
"4011","45","2022-09-11 18:24:24","63.93","0.00","2022-09-11 00:00:00","2026-04-27 19:22:25"
"4012","253","2024-08-11 08:37:17","118.08","0.00","2024-08-11 00:00:00","2026-04-27 19:22:25"
"4013","34","2025-12-16 07:04:58","94.28","0.00","2025-12-16 00:00:00","2026-04-27 19:22:25"
"4014","175","2026-03-06 08:33:20","33.60","10.00","2026-03-06 00:00:00","2026-04-27 19:22:25"
"4015","75","2025-11-30 13:23:00","149.88","0.00","2025-11-30 00:00:00","2026-04-27 19:22:25"
"4016","121","2024-03-06 07:54:44","75.12","0.00","2024-03-06 00:00:00","2026-04-27 19:22:25"
"4017","76","2024-08-17 17:45:33","30.63","5.00","2024-08-17 00:00:00","2026-04-27 19:22:25"
"4018","229","2026-04-12 17:15:02","89.34","0.00","2026-04-12 00:00:00","2026-04-27 19:22:25"
"4019","98","2026-03-15 11:35:19","124.78","0.00","2026-03-15 00:00:00","2026-04-27 19:22:25"
"4020","132","2021-06-17 09:18:33","214.07","0.00","2021-06-17 00:00:00","2026-04-27 19:22:25"
"4021","37","2026-01-29 03:07:02","188.00","0.00","2026-01-29 00:00:00","2026-04-27 19:22:25"
"4022","294","2024-11-20 09:31:14","120.82","0.00","2024-11-20 00:00:00","2026-04-27 19:22:25"
"4023","81","2022-11-14 12:17:50","85.60","0.00","2022-11-14 00:00:00","2026-04-27 19:22:25"
"4024","236","2025-10-24 11:36:39","8.98","10.00","2025-10-24 00:00:00","2026-04-27 19:22:25"
"4025","91","2024-05-29 13:32:34","31.63","5.00","2024-05-29 00:00:00","2026-04-27 19:22:25"
"4026","281","2026-01-07 12:40:35","181.70","0.00","2026-01-07 00:00:00","2026-04-27 19:22:25"
"4027","55","2021-12-14 08:08:15","355.29","0.00","2021-12-14 00:00:00","2026-04-27 19:22:25"
"4028","275","2020-09-19 08:25:43","125.69","0.00","2020-09-19 00:00:00","2026-04-27 19:22:25"
"4029","95","2025-04-16 17:30:19","53.22","5.00","2025-04-16 00:00:00","2026-04-27 19:22:25"
"4030","117","2026-01-21 16:41:37","230.59","0.00","2026-01-21 00:00:00","2026-04-27 19:22:25"
"4031","41","2025-11-05 15:16:54","75.15","0.00","2025-11-05 00:00:00","2026-04-27 19:22:25"
"4032","162","2024-04-14 07:43:17","95.51","0.00","2024-04-14 00:00:00","2026-04-27 19:22:25"
"4033","55","2024-08-05 13:04:17","22.79","25.00","2024-08-05 00:00:00","2026-04-27 19:22:25"
"4034","243","2026-02-09 13:09:40","184.54","0.00","2026-02-09 00:00:00","2026-04-27 19:22:25"
"4035","238","2024-12-11 08:13:25","8.38","10.00","2024-12-11 00:00:00","2026-04-27 19:22:25"
"4036","20","2020-12-17 17:28:11","150.86","0.00","2020-12-17 00:00:00","2026-04-27 19:22:25"
"4037","6","2025-07-21 19:09:00","39.55","5.00","2025-07-21 00:00:00","2026-04-27 19:22:25"
"4038","112","2026-01-13 16:38:17","320.59","0.00","2026-01-13 00:00:00","2026-04-27 19:22:25"
"4039","39","2022-07-30 18:23:35","175.88","0.00","2022-07-30 00:00:00","2026-04-27 19:22:25"
"4040","115","2024-06-20 03:52:45","40.19","10.00","2024-06-20 00:00:00","2026-04-27 19:22:25"
"4041","175","2025-02-20 14:45:26","118.05","0.00","2025-02-20 00:00:00","2026-04-27 19:22:25"
"4042","242","2021-05-24 07:22:47","47.17","5.00","2021-05-24 00:00:00","2026-04-27 19:22:25"
"4043","51","2025-11-24 08:39:05","11.88","10.00","2025-11-24 00:00:00","2026-04-27 19:22:25"
"4044","287","2022-08-18 12:50:23","27.38","10.00","2022-08-18 00:00:00","2026-04-27 19:22:25"
"4045","116","2026-03-19 10:04:07","27.26","10.00","2026-03-19 00:00:00","2026-04-27 19:22:25"
"4046","297","2026-01-03 16:58:58","139.95","0.00","2026-01-03 00:00:00","2026-04-27 19:22:25"
"4047","289","2023-09-15 04:25:14","94.22","0.00","2023-09-15 00:00:00","2026-04-27 19:22:25"
"4048","56","2024-09-27 06:43:54","176.18","0.00","2024-09-27 00:00:00","2026-04-27 19:22:25"
"4049","167","2024-10-19 11:46:18","58.99","0.00","2024-10-19 00:00:00","2026-04-27 19:22:25"
"4050","9","2025-07-03 13:51:19","149.95","0.00","2025-07-03 00:00:00","2026-04-27 19:22:25"
"4051","37","2023-09-06 13:31:33","133.75","0.00","2023-09-06 00:00:00","2026-04-27 19:22:25"
"4052","80","2025-08-17 15:01:29","228.53","0.00","2025-08-17 00:00:00","2026-04-27 19:22:25"
"4053","291","2025-06-26 12:08:59","17.78","10.00","2025-06-26 00:00:00","2026-04-27 19:22:25"
"4054","218","2026-04-05 16:41:30","67.45","5.00","2026-04-05 00:00:00","2026-04-27 19:22:25"
"4055","257","2025-12-26 16:01:08","82.48","0.00","2025-12-26 00:00:00","2026-04-27 19:22:25"
"4056","289","2026-03-07 09:38:55","45.73","5.00","2026-03-07 00:00:00","2026-04-27 19:22:25"
"4057","239","2026-03-31 09:17:18","109.55","0.00","2026-03-31 00:00:00","2026-04-27 19:22:25"
"4058","277","2024-12-20 07:14:42","298.22","0.00","2024-12-20 00:00:00","2026-04-27 19:22:25"
"4059","134","2025-02-24 01:00:34","117.02","0.00","2025-02-24 00:00:00","2026-04-27 19:22:25"
"4060","160","2024-03-23 09:23:53","191.48","0.00","2024-03-23 00:00:00","2026-04-27 19:22:25"
"4061","238","2024-12-27 19:56:45","77.13","0.00","2024-12-27 00:00:00","2026-04-27 19:22:25"
"4062","142","2024-10-05 07:49:32","98.97","0.00","2024-10-05 00:00:00","2026-04-27 19:22:25"
"4063","113","2025-05-21 13:14:05","226.03","0.00","2025-05-21 00:00:00","2026-04-27 19:22:25"
"4064","44","2026-03-16 08:44:13","276.05","0.00","2026-03-16 00:00:00","2026-04-27 19:22:25"
"4065","220","2025-05-29 08:40:17","64.26","0.00","2025-05-29 00:00:00","2026-04-27 19:22:25"
"4066","94","2025-02-14 13:31:29","298.33","0.00","2025-02-14 00:00:00","2026-04-27 19:22:25"
"4067","74","2024-02-21 00:33:34","34.14","5.00","2024-02-21 00:00:00","2026-04-27 19:22:25"
"4068","189","2025-01-20 11:24:29","107.55","0.00","2025-01-20 00:00:00","2026-04-27 19:22:25"
"4069","234","2024-06-08 16:22:02","15.13","25.00","2024-06-08 00:00:00","2026-04-27 19:22:25"
"4070","266","2026-02-20 14:44:26","265.71","0.00","2026-02-20 00:00:00","2026-04-27 19:22:25"
"4071","70","2025-06-22 07:35:40","17.04","10.00","2025-06-22 00:00:00","2026-04-27 19:22:25"
"4072","205","2023-11-30 07:59:34","73.87","0.00","2023-11-30 00:00:00","2026-04-27 19:22:25"
"4073","251","2026-03-14 08:45:23","204.02","0.00","2026-03-14 00:00:00","2026-04-27 19:22:25"
"4074","265","2024-07-23 08:04:30","108.23","0.00","2024-07-23 00:00:00","2026-04-27 19:22:25"
"4075","55","2023-06-19 19:47:10","24.55","25.00","2023-06-19 00:00:00","2026-04-27 19:22:25"
"4076","293","2024-03-17 18:01:27","65.08","0.00","2024-03-17 00:00:00","2026-04-27 19:22:25"
"4077","21","2025-10-23 16:25:18","50.51","5.00","2025-10-23 00:00:00","2026-04-27 19:22:25"
"4078","247","2023-05-19 15:44:07","123.97","0.00","2023-05-19 00:00:00","2026-04-27 19:22:25"
"4079","237","2026-04-01 15:45:01","87.88","0.00","2026-04-01 00:00:00","2026-04-27 19:22:25"
"4080","297","2025-04-30 08:23:06","122.70","0.00","2025-04-30 00:00:00","2026-04-27 19:22:25"
"4081","278","2026-04-02 13:57:37","29.16","10.00","2026-04-02 00:00:00","2026-04-27 19:22:25"
"4082","147","2024-10-16 14:20:26","51.52","0.00","2024-10-16 00:00:00","2026-04-27 19:22:25"
"4083","100","2022-04-09 15:18:51","27.32","5.00","2022-04-09 00:00:00","2026-04-27 19:22:25"
"4084","28","2023-04-06 11:43:11","47.76","5.00","2023-04-06 00:00:00","2026-04-27 19:22:25"
"4085","8","2025-08-10 08:26:38","52.41","5.00","2025-08-10 00:00:00","2026-04-27 19:22:25"
"4086","69","2025-02-27 08:43:48","58.15","0.00","2025-02-27 00:00:00","2026-04-27 19:22:25"
"4087","220","2025-08-08 07:37:39","228.08","0.00","2025-08-08 00:00:00","2026-04-27 19:22:25"
"4088","270","2021-08-04 19:40:26","119.13","0.00","2021-08-04 00:00:00","2026-04-27 19:22:25"
"4089","108","2026-04-14 17:53:20","32.09","5.00","2026-04-14 00:00:00","2026-04-27 19:22:25"
"4090","145","2025-11-24 13:21:51","205.13","0.00","2025-11-24 00:00:00","2026-04-27 19:22:25"
"4091","93","2024-09-05 13:20:34","90.17","0.00","2024-09-05 00:00:00","2026-04-27 19:22:25"
"4092","185","2023-03-19 09:20:31","7.18","25.00","2023-03-19 00:00:00","2026-04-27 19:22:25"
"4093","1","2025-07-09 07:16:26","5.33","10.00","2025-07-09 00:00:00","2026-04-27 19:22:25"
"4094","5","2026-02-28 16:59:02","95.18","0.00","2026-02-28 00:00:00","2026-04-27 19:22:25"
"4095","272","2024-12-19 19:10:00","267.79","0.00","2024-12-19 00:00:00","2026-04-27 19:22:25"
"4096","291","2025-11-14 14:45:28","185.39","0.00","2025-11-14 00:00:00","2026-04-27 19:22:25"
"4097","6","2025-11-23 19:34:59","21.75","10.00","2025-11-23 00:00:00","2026-04-27 19:22:25"
"4098","162","2022-05-24 11:11:25","247.66","0.00","2022-05-24 00:00:00","2026-04-27 19:22:25"
"4099","99","2025-11-22 14:26:58","67.98","5.00","2025-11-22 00:00:00","2026-04-27 19:22:25"
"4100","101","2024-03-30 17:22:26","244.26","0.00","2024-03-30 00:00:00","2026-04-27 19:22:25"
"4101","158","2025-06-14 13:13:09","116.24","0.00","2025-06-14 00:00:00","2026-04-27 19:22:25"
"4102","116","2025-12-29 11:13:48","10.48","25.00","2025-12-29 00:00:00","2026-04-27 19:22:25"
"4103","121","2024-11-27 11:53:58","163.42","0.00","2024-11-27 00:00:00","2026-04-27 19:22:25"
"4104","99","2025-07-31 19:05:44","319.34","0.00","2025-07-31 00:00:00","2026-04-27 19:22:25"
"4105","83","2026-01-18 16:12:04","300.47","0.00","2026-01-18 00:00:00","2026-04-27 19:22:25"
"4106","67","2023-09-02 07:41:27","46.32","10.00","2023-09-02 00:00:00","2026-04-27 19:22:25"
"4107","89","2025-04-24 16:45:46","92.19","0.00","2025-04-24 00:00:00","2026-04-27 19:22:25"
"4108","272","2025-09-26 15:05:44","274.10","0.00","2025-09-26 00:00:00","2026-04-27 19:22:25"
"4109","133","2022-08-28 11:18:05","144.32","0.00","2022-08-28 00:00:00","2026-04-27 19:22:25"
"4110","241","2026-04-03 15:50:43","205.44","0.00","2026-04-03 00:00:00","2026-04-27 19:22:25"
"4111","258","2024-12-13 13:27:15","8.10","10.00","2024-12-13 00:00:00","2026-04-27 19:22:25"
"4112","26","2024-09-09 07:06:06","63.01","0.00","2024-09-09 00:00:00","2026-04-27 19:22:25"
"4113","299","2022-04-23 18:32:08","9.90","10.00","2022-04-23 00:00:00","2026-04-27 19:22:25"
"4114","171","2024-12-07 19:22:08","191.20","0.00","2024-12-07 00:00:00","2026-04-27 19:22:25"
"4115","275","2022-04-18 15:53:53","58.56","5.00","2022-04-18 00:00:00","2026-04-27 19:22:25"
"4116","147","2024-04-04 09:40:31","45.09","5.00","2024-04-04 00:00:00","2026-04-27 19:22:25"
"4117","267","2021-12-15 12:42:43","225.31","0.00","2021-12-15 00:00:00","2026-04-27 19:22:25"
"4118","250","2022-09-21 11:16:57","62.73","5.00","2022-09-21 00:00:00","2026-04-27 19:22:25"
"4119","270","2023-03-04 08:11:28","4.56","10.00","2023-03-04 00:00:00","2026-04-27 19:22:25"
"4120","208","2025-02-27 07:34:12","51.79","5.00","2025-02-27 00:00:00","2026-04-27 19:22:25"
"4121","244","2026-03-19 19:38:29","278.81","0.00","2026-03-19 00:00:00","2026-04-27 19:22:25"
"4122","269","2024-12-15 10:49:55","27.18","10.00","2024-12-15 00:00:00","2026-04-27 19:22:25"
"4123","99","2025-09-27 17:39:54","22.15","25.00","2025-09-27 00:00:00","2026-04-27 19:22:25"
"4124","173","2025-10-31 19:22:51","228.83","0.00","2025-10-31 00:00:00","2026-04-27 19:22:25"
"4125","20","2022-05-29 12:34:13","31.74","10.00","2022-05-29 00:00:00","2026-04-27 19:22:25"
"4126","69","2022-11-27 14:01:45","49.78","5.00","2022-11-27 00:00:00","2026-04-27 19:22:25"
"4127","10","2025-03-29 09:06:25","84.65","0.00","2025-03-29 00:00:00","2026-04-27 19:22:25"
"4128","190","2025-07-08 09:33:48","132.27","0.00","2025-07-08 00:00:00","2026-04-27 19:22:25"
"4129","25","2025-06-02 12:04:46","16.23","25.00","2025-06-02 00:00:00","2026-04-27 19:22:25"
"4130","111","2024-04-18 07:59:46","9.00","25.00","2024-04-18 00:00:00","2026-04-27 19:22:25"
"4131","171","2025-11-15 07:11:33","12.28","10.00","2025-11-15 00:00:00","2026-04-27 19:22:25"
"4132","91","2025-06-13 13:58:56","38.75","5.00","2025-06-13 00:00:00","2026-04-27 19:22:25"
"4133","5","2026-04-09 09:36:52","44.02","10.00","2026-04-09 00:00:00","2026-04-27 19:22:25"
"4134","43","2023-07-14 10:44:29","266.84","0.00","2023-07-14 00:00:00","2026-04-27 19:22:25"
"4135","234","2024-04-26 16:38:14","237.81","0.00","2024-04-26 00:00:00","2026-04-27 19:22:25"
"4136","32","2023-10-08 17:38:06","33.18","10.00","2023-10-08 00:00:00","2026-04-27 19:22:25"
"4137","295","2026-02-27 07:52:14","27.66","5.00","2026-02-27 00:00:00","2026-04-27 19:22:25"
"4138","203","2025-07-14 09:16:47","174.25","0.00","2025-07-14 00:00:00","2026-04-27 19:22:25"
"4139","235","2025-10-20 12:59:07","233.22","0.00","2025-10-20 00:00:00","2026-04-27 19:22:25"
"4140","280","2025-10-29 09:28:29","21.48","25.00","2025-10-29 00:00:00","2026-04-27 19:22:25"
"4141","151","2023-10-09 16:23:54","218.40","0.00","2023-10-09 00:00:00","2026-04-27 19:22:25"
"4142","132","2022-10-11 18:11:28","19.10","10.00","2022-10-11 00:00:00","2026-04-27 19:22:25"
"4143","48","2025-04-09 08:02:31","131.92","0.00","2025-04-09 00:00:00","2026-04-27 19:22:25"
"4144","91","2025-05-14 17:26:53","15.14","10.00","2025-05-14 00:00:00","2026-04-27 19:22:25"
"4145","101","2024-10-07 19:32:44","79.00","0.00","2024-10-07 00:00:00","2026-04-27 19:22:25"
"4146","121","2024-02-06 11:27:54","78.32","0.00","2024-02-06 00:00:00","2026-04-27 19:22:25"
"4147","287","2021-10-31 19:32:44","88.96","0.00","2021-10-31 00:00:00","2026-04-27 19:22:25"
"4148","208","2024-02-17 12:46:16","48.14","10.00","2024-02-17 00:00:00","2026-04-27 19:22:25"
"4149","104","2025-10-22 13:43:30","41.82","5.00","2025-10-22 00:00:00","2026-04-27 19:22:25"
"4150","190","2025-12-13 12:24:08","88.81","0.00","2025-12-13 00:00:00","2026-04-27 19:22:25"
"4151","204","2026-04-04 10:38:10","309.02","0.00","2026-04-04 00:00:00","2026-04-27 19:22:25"
"4152","232","2025-11-19 08:16:56","82.77","0.00","2025-11-19 00:00:00","2026-04-27 19:22:25"
"4153","64","2025-08-16 08:37:35","223.50","0.00","2025-08-16 00:00:00","2026-04-27 19:22:25"
"4154","168","2024-04-22 17:32:20","113.32","0.00","2024-04-22 00:00:00","2026-04-27 19:22:25"
"4155","30","2023-04-16 16:48:07","166.42","0.00","2023-04-16 00:00:00","2026-04-27 19:22:25"
"4156","187","2022-10-14 15:59:26","31.99","10.00","2022-10-14 00:00:00","2026-04-27 19:22:25"
"4157","231","2026-02-19 17:17:04","244.90","0.00","2026-02-19 00:00:00","2026-04-27 19:22:25"
"4158","40","2025-06-16 11:28:48","219.71","0.00","2025-06-16 00:00:00","2026-04-27 19:22:25"
"4159","251","2026-03-17 09:17:43","63.57","0.00","2026-03-17 00:00:00","2026-04-27 19:22:25"
"4160","69","2024-12-14 09:30:38","28.47","5.00","2024-12-14 00:00:00","2026-04-27 19:22:25"
"4161","37","2020-12-14 08:05:06","210.15","0.00","2020-12-14 00:00:00","2026-04-27 19:22:25"
"4162","294","2023-06-28 18:24:36","180.24","0.00","2023-06-28 00:00:00","2026-04-27 19:22:25"
"4163","155","2025-09-02 07:27:51","179.40","0.00","2025-09-02 00:00:00","2026-04-27 19:22:25"
"4164","206","2025-11-19 08:35:16","23.89","25.00","2025-11-19 00:00:00","2026-04-27 19:22:25"
"4165","278","2026-03-27 10:38:59","106.69","0.00","2026-03-27 00:00:00","2026-04-27 19:22:25"
"4166","112","2020-11-07 12:10:05","17.24","10.00","2020-11-07 00:00:00","2026-04-27 19:22:25"
"4167","76","2024-05-19 08:27:59","72.64","0.00","2024-05-19 00:00:00","2026-04-27 19:22:25"
"4168","101","2025-07-05 08:08:19","34.90","5.00","2025-07-05 00:00:00","2026-04-27 19:22:25"
"4169","175","2026-01-31 11:55:14","62.25","5.00","2026-01-31 00:00:00","2026-04-27 19:22:25"
"4170","199","2025-02-17 16:51:18","70.18","0.00","2025-02-17 00:00:00","2026-04-27 19:22:25"
"4171","3","2025-10-08 08:17:22","62.20","5.00","2025-10-08 00:00:00","2026-04-27 19:22:25"
"4172","263","2020-04-12 09:12:01","60.30","0.00","2020-04-12 00:00:00","2026-04-27 19:22:25"
"4173","152","2024-06-05 15:14:29","7.25","10.00","2024-06-05 00:00:00","2026-04-27 19:22:25"
"4174","208","2023-04-11 09:32:10","34.98","10.00","2023-04-11 00:00:00","2026-04-27 19:22:25"
"4175","1","2026-01-15 18:20:14","41.29","5.00","2026-01-15 00:00:00","2026-04-27 19:22:25"
"4176","207","2025-07-19 12:27:41","157.97","0.00","2025-07-19 00:00:00","2026-04-27 19:22:25"
"4177","265","2025-07-13 13:41:14","5.40","10.00","2025-07-13 00:00:00","2026-04-27 19:22:25"
"4178","36","2024-01-17 11:01:47","72.46","0.00","2024-01-17 00:00:00","2026-04-27 19:22:25"
"4179","181","2025-04-30 01:11:17","140.51","0.00","2025-04-30 00:00:00","2026-04-27 19:22:25"
"4180","64","2025-08-26 08:42:58","129.73","0.00","2025-08-26 00:00:00","2026-04-27 19:22:25"
"4181","136","2026-01-30 07:13:21","90.85","0.00","2026-01-30 00:00:00","2026-04-27 19:22:25"
"4182","74","2024-03-03 15:26:32","89.56","0.00","2024-03-03 00:00:00","2026-04-27 19:22:25"
"4183","179","2025-05-29 11:50:38","136.66","0.00","2025-05-29 00:00:00","2026-04-27 19:22:25"
"4184","34","2025-11-26 07:57:00","207.19","0.00","2025-11-26 00:00:00","2026-04-27 19:22:25"
"4185","46","2026-02-11 18:33:21","33.53","10.00","2026-02-11 00:00:00","2026-04-27 19:22:25"
"4186","16","2026-04-12 13:40:13","35.77","10.00","2026-04-12 00:00:00","2026-04-27 19:22:25"
"4187","178","2020-08-17 18:56:09","154.27","0.00","2020-08-17 00:00:00","2026-04-27 19:22:25"
"4188","34","2025-10-19 07:35:25","29.84","5.00","2025-10-19 00:00:00","2026-04-27 19:22:25"
"4189","78","2026-03-22 16:59:04","65.27","0.00","2026-03-22 00:00:00","2026-04-27 19:22:25"
"4190","203","2023-10-13 16:10:54","114.39","0.00","2023-10-13 00:00:00","2026-04-27 19:22:25"
"4191","240","2025-03-12 07:19:58","19.00","10.00","2025-03-12 00:00:00","2026-04-27 19:22:25"
"4192","25","2025-01-21 07:45:46","82.86","0.00","2025-01-21 00:00:00","2026-04-27 19:22:25"
"4193","15","2021-11-19 09:59:24","122.49","0.00","2021-11-19 00:00:00","2026-04-27 19:22:25"
"4194","147","2024-02-08 13:14:15","200.93","0.00","2024-02-08 00:00:00","2026-04-27 19:22:25"
"4195","128","2023-07-25 11:56:18","14.85","10.00","2023-07-25 00:00:00","2026-04-27 19:22:25"
"4196","24","2022-06-27 08:15:49","51.84","0.00","2022-06-27 00:00:00","2026-04-27 19:22:25"
"4197","100","2023-08-11 10:18:24","0.00","0.00","2023-08-11 00:00:00","2026-04-27 19:22:25"
"4198","224","2023-09-07 15:15:39","174.96","0.00","2023-09-07 00:00:00","2026-04-27 19:22:25"
"4199","43","2025-02-08 16:46:50","231.96","0.00","2025-02-08 00:00:00","2026-04-27 19:22:25"
"4200","67","2026-03-23 01:16:39","34.02","10.00","2026-03-23 00:00:00","2026-04-27 19:22:25"
"4201","286","2025-06-16 11:38:37","55.33","0.00","2025-06-16 00:00:00","2026-04-27 19:22:25"
"4202","74","2022-12-30 12:29:46","68.95","0.00","2022-12-30 00:00:00","2026-04-27 19:22:25"
"4203","87","2026-03-18 16:02:16","126.33","0.00","2026-03-18 00:00:00","2026-04-27 19:22:25"
"4204","163","2026-03-27 13:08:34","74.57","0.00","2026-03-27 00:00:00","2026-04-27 19:22:25"
"4205","278","2026-01-01 16:55:34","65.60","5.00","2026-01-01 00:00:00","2026-04-27 19:22:25"
"4206","271","2022-04-24 17:25:53","208.80","0.00","2022-04-24 00:00:00","2026-04-27 19:22:25"
"4207","128","2023-08-31 12:42:47","92.42","0.00","2023-08-31 00:00:00","2026-04-27 19:22:25"
"4208","138","2020-12-25 08:12:28","68.62","0.00","2020-12-25 00:00:00","2026-04-27 19:22:25"
"4209","173","2025-11-11 09:14:14","46.71","5.00","2025-11-11 00:00:00","2026-04-27 19:22:25"
"4210","227","2026-03-12 15:22:12","73.85","0.00","2026-03-12 00:00:00","2026-04-27 19:22:25"
"4211","234","2021-09-17 07:11:26","172.33","0.00","2021-09-17 00:00:00","2026-04-27 19:22:25"
"4212","56","2023-09-06 06:51:22","142.70","0.00","2023-09-06 00:00:00","2026-04-27 19:22:25"
"4213","274","2023-02-13 12:36:09","138.25","0.00","2023-02-13 00:00:00","2026-04-27 19:22:25"
"4214","253","2024-04-11 08:07:01","95.14","0.00","2024-04-11 00:00:00","2026-04-27 19:22:25"
"4215","286","2024-06-20 00:22:54","0.00","0.00","2024-06-20 00:00:00","2026-04-27 19:22:25"
"4216","168","2025-07-09 11:34:27","40.85","5.00","2025-07-09 00:00:00","2026-04-27 19:22:25"
"4217","127","2025-12-19 15:54:58","130.40","0.00","2025-12-19 00:00:00","2026-04-27 19:22:25"
"4218","87","2026-03-09 16:54:33","120.21","0.00","2026-03-09 00:00:00","2026-04-27 19:22:25"
"4219","241","2026-03-12 18:00:26","60.74","0.00","2026-03-12 00:00:00","2026-04-27 19:22:25"
"4220","189","2025-05-31 14:41:10","63.03","5.00","2025-05-31 00:00:00","2026-04-27 19:22:25"
"4221","184","2026-03-31 09:20:32","141.94","0.00","2026-03-31 00:00:00","2026-04-27 19:22:25"
"4222","246","2024-08-07 01:29:49","208.66","0.00","2024-08-07 00:00:00","2026-04-27 19:22:25"
"4223","187","2022-09-24 08:15:54","102.88","0.00","2022-09-24 00:00:00","2026-04-27 19:22:25"
"4224","95","2023-10-04 08:02:42","161.41","0.00","2023-10-04 00:00:00","2026-04-27 19:22:25"
"4225","151","2023-08-31 19:33:55","186.96","0.00","2023-08-31 00:00:00","2026-04-27 19:22:25"
"4226","236","2023-03-01 07:10:55","14.73","10.00","2023-03-01 00:00:00","2026-04-27 19:22:25"
"4227","214","2024-09-02 15:42:45","210.97","0.00","2024-09-02 00:00:00","2026-04-27 19:22:25"
"4228","279","2025-06-19 07:39:23","43.22","10.00","2025-06-19 00:00:00","2026-04-27 19:22:25"
"4229","50","2024-03-16 18:05:58","56.13","0.00","2024-03-16 00:00:00","2026-04-27 19:22:25"
"4230","232","2025-10-05 08:10:41","147.12","0.00","2025-10-05 00:00:00","2026-04-27 19:22:25"
"4231","94","2025-02-20 07:38:17","102.80","0.00","2025-02-20 00:00:00","2026-04-27 19:22:25"
"4232","14","2024-04-29 19:05:35","88.71","0.00","2024-04-29 00:00:00","2026-04-27 19:22:25"
"4233","137","2026-03-07 08:30:25","52.02","0.00","2026-03-07 00:00:00","2026-04-27 19:22:25"
"4234","133","2024-12-24 17:43:28","63.78","5.00","2024-12-24 00:00:00","2026-04-27 19:22:25"
"4235","87","2026-03-19 18:21:20","21.90","10.00","2026-03-19 00:00:00","2026-04-27 19:22:25"
"4236","130","2025-11-01 08:47:48","114.00","0.00","2025-11-01 00:00:00","2026-04-27 19:22:25"
"4237","138","2021-02-26 02:56:47","198.15","0.00","2021-02-26 00:00:00","2026-04-27 19:22:25"
"4238","274","2021-04-02 12:48:18","151.70","0.00","2021-04-02 00:00:00","2026-04-27 19:22:25"
"4239","39","2022-01-15 18:39:48","24.46","10.00","2022-01-15 00:00:00","2026-04-27 19:22:25"
"4240","103","2023-10-28 18:03:46","134.90","0.00","2023-10-28 00:00:00","2026-04-27 19:22:25"
"4241","202","2024-10-04 09:04:31","208.84","0.00","2024-10-04 00:00:00","2026-04-27 19:22:25"
"4242","285","2026-01-20 15:37:23","198.10","0.00","2026-01-20 00:00:00","2026-04-27 19:22:25"
"4243","174","2025-02-24 10:58:50","96.11","0.00","2025-02-24 00:00:00","2026-04-27 19:22:25"
"4244","232","2025-11-26 17:53:17","151.36","0.00","2025-11-26 00:00:00","2026-04-27 19:22:25"
"4245","18","2024-11-01 03:25:46","60.22","0.00","2024-11-01 00:00:00","2026-04-27 19:22:25"
"4246","207","2025-08-08 08:50:28","57.82","0.00","2025-08-08 00:00:00","2026-04-27 19:22:25"
"4247","130","2025-09-18 07:59:13","56.96","0.00","2025-09-18 00:00:00","2026-04-27 19:22:25"
"4248","95","2022-09-23 10:59:41","64.16","5.00","2022-09-23 00:00:00","2026-04-27 19:22:25"
"4249","266","2026-02-09 14:44:22","156.66","0.00","2026-02-09 00:00:00","2026-04-27 19:22:25"
"4250","18","2024-06-21 05:01:51","20.90","10.00","2024-06-21 00:00:00","2026-04-27 19:22:25"
"4251","138","2021-09-28 16:29:29","27.33","5.00","2021-09-28 00:00:00","2026-04-27 19:22:25"
"4252","55","2025-11-12 16:06:39","129.86","0.00","2025-11-12 00:00:00","2026-04-27 19:22:25"
"4253","246","2023-05-11 08:42:56","267.40","0.00","2023-05-11 00:00:00","2026-04-27 19:22:25"
"4254","247","2024-08-21 19:00:15","64.50","0.00","2024-08-21 00:00:00","2026-04-27 19:22:25"
"4255","169","2024-08-23 15:00:20","47.12","10.00","2024-08-23 00:00:00","2026-04-27 19:22:25"
"4256","295","2025-08-08 08:37:07","4.90","10.00","2025-08-08 00:00:00","2026-04-27 19:22:25"
"4257","180","2024-07-26 08:47:15","108.72","0.00","2024-07-26 00:00:00","2026-04-27 19:22:25"
"4258","292","2024-09-21 07:18:57","93.10","0.00","2024-09-21 00:00:00","2026-04-27 19:22:25"
"4259","115","2024-07-28 09:29:07","150.20","0.00","2024-07-28 00:00:00","2026-04-27 19:22:25"
"4260","210","2024-05-24 14:35:43","272.84","0.00","2024-05-24 00:00:00","2026-04-27 19:22:25"
"4261","134","2024-09-09 09:19:50","294.29","0.00","2024-09-09 00:00:00","2026-04-27 19:22:25"
"4262","33","2026-04-11 17:00:45","197.85","0.00","2026-04-11 00:00:00","2026-04-27 19:22:25"
"4263","215","2025-11-19 09:40:16","70.73","5.00","2025-11-19 00:00:00","2026-04-27 19:22:25"
"4264","252","2025-12-26 10:07:28","48.18","5.00","2025-12-26 00:00:00","2026-04-27 19:22:25"
"4265","157","2021-12-08 15:58:03","63.70","0.00","2021-12-08 00:00:00","2026-04-27 19:22:25"
"4266","244","2025-01-04 16:18:27","14.82","10.00","2025-01-04 00:00:00","2026-04-27 19:22:25"
"4267","84","2025-09-18 17:15:10","230.61","0.00","2025-09-18 00:00:00","2026-04-27 19:22:25"
"4268","271","2022-08-08 10:05:08","305.96","0.00","2022-08-08 00:00:00","2026-04-27 19:22:25"
"4269","6","2022-07-02 10:31:39","108.83","0.00","2022-07-02 00:00:00","2026-04-27 19:22:25"
"4270","187","2022-09-05 08:38:12","55.34","5.00","2022-09-05 00:00:00","2026-04-27 19:22:25"
"4271","61","2026-04-13 11:13:44","52.23","0.00","2026-04-13 00:00:00","2026-04-27 19:22:25"
"4272","132","2022-03-28 09:03:39","174.16","0.00","2022-03-28 00:00:00","2026-04-27 19:22:25"
"4273","221","2024-11-30 14:07:10","53.46","0.00","2024-11-30 00:00:00","2026-04-27 19:22:25"
"4274","113","2026-03-21 10:35:53","134.89","0.00","2026-03-21 00:00:00","2026-04-27 19:22:25"
"4275","108","2026-04-04 01:20:10","245.40","0.00","2026-04-04 00:00:00","2026-04-27 19:22:25"
"4276","83","2024-04-15 07:56:44","109.66","0.00","2024-04-15 00:00:00","2026-04-27 19:22:25"
"4277","39","2022-11-28 09:56:26","55.03","0.00","2022-11-28 00:00:00","2026-04-27 19:22:25"
"4278","145","2024-06-06 13:54:21","20.91","25.00","2024-06-06 00:00:00","2026-04-27 19:22:25"
"4279","170","2023-12-04 12:55:58","58.01","0.00","2023-12-04 00:00:00","2026-04-27 19:22:25"
"4280","46","2026-03-30 15:36:16","82.80","0.00","2026-03-30 00:00:00","2026-04-27 19:22:25"
"4281","196","2025-09-19 19:04:33","235.81","0.00","2025-09-19 00:00:00","2026-04-27 19:22:25"
"4282","244","2025-10-09 11:06:02","84.47","0.00","2025-10-09 00:00:00","2026-04-27 19:22:25"
"4283","58","2024-09-22 08:24:51","66.96","5.00","2024-09-22 00:00:00","2026-04-27 19:22:25"
"4284","68","2025-12-03 18:51:48","6.83","25.00","2025-12-03 00:00:00","2026-04-27 19:22:25"
"4285","64","2025-06-08 10:43:29","197.22","0.00","2025-06-08 00:00:00","2026-04-27 19:22:25"
"4286","287","2021-07-11 18:23:28","27.78","10.00","2021-07-11 00:00:00","2026-04-27 19:22:25"
"4287","112","2021-02-15 13:26:04","161.69","0.00","2021-02-15 00:00:00","2026-04-27 19:22:25"
"4288","144","2020-06-22 10:11:43","18.72","10.00","2020-06-22 00:00:00","2026-04-27 19:22:25"
"4289","265","2025-11-22 11:35:29","87.66","0.00","2025-11-22 00:00:00","2026-04-27 19:22:25"
"4290","16","2026-04-13 07:38:30","18.66","25.00","2026-04-13 00:00:00","2026-04-27 19:22:25"
"4291","232","2025-12-14 08:43:42","130.71","0.00","2025-12-14 00:00:00","2026-04-27 19:22:25"
"4292","221","2025-06-16 18:04:47","59.39","0.00","2025-06-16 00:00:00","2026-04-27 19:22:25"
"4293","60","2025-08-15 07:10:14","269.82","0.00","2025-08-15 00:00:00","2026-04-27 19:22:25"
"4294","244","2024-08-31 08:05:10","187.35","0.00","2024-08-31 00:00:00","2026-04-27 19:22:25"
"4295","85","2025-10-06 13:53:30","66.98","0.00","2025-10-06 00:00:00","2026-04-27 19:22:25"
"4296","105","2025-07-18 08:16:41","109.08","0.00","2025-07-18 00:00:00","2026-04-27 19:22:25"
"4297","15","2025-04-16 07:10:20","148.26","0.00","2025-04-16 00:00:00","2026-04-27 19:22:25"
"4298","117","2026-04-06 10:36:54","37.32","5.00","2026-04-06 00:00:00","2026-04-27 19:22:25"
"4299","93","2020-12-26 07:31:41","113.04","0.00","2020-12-26 00:00:00","2026-04-27 19:22:25"
"4300","88","2026-02-13 09:53:28","94.14","0.00","2026-02-13 00:00:00","2026-04-27 19:22:25"
"4301","127","2026-04-08 08:58:29","8.75","10.00","2026-04-08 00:00:00","2026-04-27 19:22:25"
"4302","270","2024-02-24 10:53:11","187.67","0.00","2024-02-24 00:00:00","2026-04-27 19:22:25"
"4303","81","2023-12-06 19:01:08","30.16","5.00","2023-12-06 00:00:00","2026-04-27 19:22:25"
"4304","198","2026-03-30 07:20:01","18.35","25.00","2026-03-30 00:00:00","2026-04-27 19:22:25"
"4305","186","2026-03-25 14:58:28","43.36","5.00","2026-03-25 00:00:00","2026-04-27 19:22:25"
"4306","129","2025-02-23 17:26:59","200.53","0.00","2025-02-23 00:00:00","2026-04-27 19:22:25"
"4307","90","2025-03-23 19:05:31","339.09","0.00","2025-03-23 00:00:00","2026-04-27 19:22:25"
"4308","192","2025-01-08 12:00:25","210.66","0.00","2025-01-08 00:00:00","2026-04-27 19:22:25"
"4309","14","2022-06-23 12:45:09","137.67","0.00","2022-06-23 00:00:00","2026-04-27 19:22:25"
"4310","134","2024-01-27 11:15:44","84.23","0.00","2024-01-27 00:00:00","2026-04-27 19:22:25"
"4311","270","2024-12-13 08:42:51","42.86","5.00","2024-12-13 00:00:00","2026-04-27 19:22:25"
"4312","182","2026-02-24 11:23:26","137.06","0.00","2026-02-24 00:00:00","2026-04-27 19:22:25"
"4313","185","2025-05-10 19:47:58","94.93","0.00","2025-05-10 00:00:00","2026-04-27 19:22:25"
"4314","109","2024-03-15 14:50:49","30.62","10.00","2024-03-15 00:00:00","2026-04-27 19:22:25"
"4315","260","2021-08-27 09:29:14","84.29","0.00","2021-08-27 00:00:00","2026-04-27 19:22:25"
"4316","177","2025-03-03 04:07:47","225.45","0.00","2025-03-03 00:00:00","2026-04-27 19:22:25"
"4317","291","2026-03-05 15:55:01","77.35","0.00","2026-03-05 00:00:00","2026-04-27 19:22:25"
"4318","197","2025-12-07 15:56:56","153.71","0.00","2025-12-07 00:00:00","2026-04-27 19:22:25"
"4319","109","2025-02-26 07:52:02","80.23","0.00","2025-02-26 00:00:00","2026-04-27 19:22:25"
"4320","70","2025-05-23 05:08:21","63.21","0.00","2025-05-23 00:00:00","2026-04-27 19:22:25"
"4321","88","2026-03-09 17:37:52","118.41","0.00","2026-03-09 00:00:00","2026-04-27 19:22:25"
"4322","258","2025-09-03 10:47:42","218.40","0.00","2025-09-03 00:00:00","2026-04-27 19:22:25"
"4323","182","2024-10-24 16:54:30","167.82","0.00","2024-10-24 00:00:00","2026-04-27 19:22:25"
"4324","203","2026-03-06 07:19:04","76.30","0.00","2026-03-06 00:00:00","2026-04-27 19:22:25"
"4325","192","2022-12-07 19:22:04","38.86","10.00","2022-12-07 00:00:00","2026-04-27 19:22:25"
"4326","176","2025-04-07 19:13:08","49.46","10.00","2025-04-07 00:00:00","2026-04-27 19:22:25"
"4327","298","2026-02-04 16:09:53","109.86","0.00","2026-02-04 00:00:00","2026-04-27 19:22:25"
"4328","13","2025-09-14 07:47:41","144.97","0.00","2025-09-14 00:00:00","2026-04-27 19:22:25"
"4329","168","2026-01-23 14:04:56","80.33","0.00","2026-01-23 00:00:00","2026-04-27 19:22:25"
"4330","205","2024-08-10 14:54:12","162.35","0.00","2024-08-10 00:00:00","2026-04-27 19:22:25"
"4331","15","2026-04-02 18:30:51","71.36","0.00","2026-04-02 00:00:00","2026-04-27 19:22:25"
"4332","298","2025-01-02 07:32:41","50.49","5.00","2025-01-02 00:00:00","2026-04-27 19:22:25"
"4333","231","2025-04-28 09:17:43","0.00","0.00","2025-04-28 00:00:00","2026-04-27 19:22:25"
"4334","13","2025-02-09 07:07:36","32.65","10.00","2025-02-09 00:00:00","2026-04-27 19:22:25"
"4335","244","2024-12-06 07:35:58","102.29","0.00","2024-12-06 00:00:00","2026-04-27 19:22:25"
"4336","190","2025-11-29 14:11:30","124.11","0.00","2025-11-29 00:00:00","2026-04-27 19:22:25"
"4337","92","2025-11-26 07:02:50","334.07","0.00","2025-11-26 00:00:00","2026-04-27 19:22:25"
"4338","229","2026-04-10 10:45:44","140.87","0.00","2026-04-10 00:00:00","2026-04-27 19:22:25"
"4339","126","2022-10-13 17:43:15","91.16","0.00","2022-10-13 00:00:00","2026-04-27 19:22:25"
"4340","79","2025-02-11 18:53:53","177.02","0.00","2025-02-11 00:00:00","2026-04-27 19:22:25"
"4341","118","2023-05-19 07:15:32","223.36","0.00","2023-05-19 00:00:00","2026-04-27 19:22:25"
"4342","279","2025-10-10 08:44:34","127.18","0.00","2025-10-10 00:00:00","2026-04-27 19:22:25"
"4343","273","2023-03-20 08:46:03","142.41","0.00","2023-03-20 00:00:00","2026-04-27 19:22:25"
"4344","119","2025-03-12 18:20:05","53.45","5.00","2025-03-12 00:00:00","2026-04-27 19:22:25"
"4345","197","2024-11-14 17:27:06","55.67","5.00","2024-11-14 00:00:00","2026-04-27 19:22:25"
"4346","98","2025-04-26 15:06:57","187.76","0.00","2025-04-26 00:00:00","2026-04-27 19:22:25"
"4347","37","2024-10-26 13:25:03","157.83","0.00","2024-10-26 00:00:00","2026-04-27 19:22:25"
"4348","167","2026-02-08 07:16:53","116.81","0.00","2026-02-08 00:00:00","2026-04-27 19:22:25"
"4349","44","2026-03-28 09:27:50","37.77","5.00","2026-03-28 00:00:00","2026-04-27 19:22:25"
"4350","87","2026-02-24 07:14:55","11.54","10.00","2026-02-24 00:00:00","2026-04-27 19:22:25"
"4351","244","2025-01-04 07:39:39","74.09","0.00","2025-01-04 00:00:00","2026-04-27 19:22:25"
"4352","62","2021-05-17 16:12:10","107.89","0.00","2021-05-17 00:00:00","2026-04-27 19:22:25"
"4353","98","2023-07-05 15:14:26","20.49","10.00","2023-07-05 00:00:00","2026-04-27 19:22:25"
"4354","248","2025-04-24 13:57:50","408.00","0.00","2025-04-24 00:00:00","2026-04-27 19:22:25"
"4355","282","2026-01-04 11:56:09","10.23","10.00","2026-01-04 00:00:00","2026-04-27 19:22:25"
"4356","59","2025-12-01 09:47:28","283.06","0.00","2025-12-01 00:00:00","2026-04-27 19:22:25"
"4357","66","2022-02-05 16:59:09","54.77","5.00","2022-02-05 00:00:00","2026-04-27 19:22:25"
"4358","253","2024-10-16 09:34:47","25.00","5.00","2024-10-16 00:00:00","2026-04-27 19:22:25"
"4359","212","2022-10-24 19:51:29","184.65","0.00","2022-10-24 00:00:00","2026-04-27 19:22:25"
"4360","104","2024-05-06 04:53:24","319.38","0.00","2024-05-06 00:00:00","2026-04-27 19:22:25"
"4361","148","2024-09-12 14:10:35","101.20","0.00","2024-09-12 00:00:00","2026-04-27 19:22:25"
"4362","149","2026-03-27 14:52:00","29.05","5.00","2026-03-27 00:00:00","2026-04-27 19:22:25"
"4363","112","2024-07-01 12:02:21","372.67","0.00","2024-07-01 00:00:00","2026-04-27 19:22:25"
"4364","146","2021-10-31 08:08:16","148.88","0.00","2021-10-31 00:00:00","2026-04-27 19:22:25"
"4365","56","2026-01-22 00:07:33","133.78","0.00","2026-01-22 00:00:00","2026-04-27 19:22:25"
"4366","2","2026-02-12 15:21:12","111.36","0.00","2026-02-12 00:00:00","2026-04-27 19:22:25"
"4367","100","2022-09-11 08:46:46","82.07","0.00","2022-09-11 00:00:00","2026-04-27 19:22:25"
"4368","78","2026-03-29 13:00:03","262.37","0.00","2026-03-29 00:00:00","2026-04-27 19:22:25"
"4369","284","2023-06-11 12:30:41","14.86","10.00","2023-06-11 00:00:00","2026-04-27 19:22:25"
"4370","45","2021-11-03 08:51:15","140.42","0.00","2021-11-03 00:00:00","2026-04-27 19:22:25"
"4371","162","2023-06-14 09:08:44","269.65","0.00","2023-06-14 00:00:00","2026-04-27 19:22:25"
"4372","223","2026-03-25 13:40:25","248.77","0.00","2026-03-25 00:00:00","2026-04-27 19:22:25"
"4373","109","2025-11-10 12:54:47","103.51","0.00","2025-11-10 00:00:00","2026-04-27 19:22:25"
"4374","246","2023-01-28 19:43:56","162.70","0.00","2023-01-28 00:00:00","2026-04-27 19:22:25"
"4375","164","2025-04-21 19:57:00","87.74","0.00","2025-04-21 00:00:00","2026-04-27 19:22:25"
"4376","159","2023-04-06 19:57:05","242.54","0.00","2023-04-06 00:00:00","2026-04-27 19:22:25"
"4377","261","2024-10-26 15:01:30","95.94","0.00","2024-10-26 00:00:00","2026-04-27 19:22:25"
"4378","286","2025-09-08 17:36:36","56.05","0.00","2025-09-08 00:00:00","2026-04-27 19:22:25"
"4379","4","2025-06-13 13:04:19","248.69","0.00","2025-06-13 00:00:00","2026-04-27 19:22:25"
"4380","184","2026-04-04 18:08:09","59.52","0.00","2026-04-04 00:00:00","2026-04-27 19:22:25"
"4381","276","2024-11-20 13:28:27","19.36","25.00","2024-11-20 00:00:00","2026-04-27 19:22:25"
"4382","213","2024-10-20 08:57:56","151.81","0.00","2024-10-20 00:00:00","2026-04-27 19:22:25"
"4383","84","2025-04-19 09:45:02","38.92","5.00","2025-04-19 00:00:00","2026-04-27 19:22:25"
"4384","140","2026-03-31 08:27:46","0.00","0.00","2026-03-31 00:00:00","2026-04-27 19:22:25"
"4385","276","2024-03-16 13:07:36","31.01","10.00","2024-03-16 00:00:00","2026-04-27 19:22:25"
"4386","85","2025-05-14 07:08:28","219.41","0.00","2025-05-14 00:00:00","2026-04-27 19:22:25"
"4387","241","2025-11-12 08:09:00","164.10","0.00","2025-11-12 00:00:00","2026-04-27 19:22:25"
"4388","155","2025-06-25 18:28:49","151.53","0.00","2025-06-25 00:00:00","2026-04-27 19:22:25"
"4389","41","2025-01-06 09:51:34","276.27","0.00","2025-01-06 00:00:00","2026-04-27 19:22:25"
"4390","238","2022-11-19 16:33:44","152.49","0.00","2022-11-19 00:00:00","2026-04-27 19:22:25"
"4391","119","2026-04-05 11:19:16","123.10","0.00","2026-04-05 00:00:00","2026-04-27 19:22:25"
"4392","262","2023-04-16 11:32:14","27.30","5.00","2023-04-16 00:00:00","2026-04-27 19:22:25"
"4393","36","2024-12-18 08:41:13","0.00","0.00","2024-12-18 00:00:00","2026-04-27 19:22:25"
"4394","247","2022-08-01 14:07:19","120.44","0.00","2022-08-01 00:00:00","2026-04-27 19:22:25"
"4395","34","2026-01-31 13:57:42","152.39","0.00","2026-01-31 00:00:00","2026-04-27 19:22:25"
"4396","21","2024-02-15 09:57:07","140.68","0.00","2024-02-15 00:00:00","2026-04-27 19:22:25"
"4397","47","2023-09-23 09:51:49","163.92","0.00","2023-09-23 00:00:00","2026-04-27 19:22:25"
"4398","128","2023-06-14 11:05:02","80.76","0.00","2023-06-14 00:00:00","2026-04-27 19:22:25"
"4399","111","2023-03-03 07:56:17","228.81","0.00","2023-03-03 00:00:00","2026-04-27 19:22:25"
"4400","198","2025-11-11 08:13:15","66.50","5.00","2025-11-11 00:00:00","2026-04-27 19:22:25"
"4401","124","2026-02-07 08:25:50","44.67","5.00","2026-02-07 00:00:00","2026-04-27 19:22:25"
"4402","94","2025-02-06 00:39:56","154.65","0.00","2025-02-06 00:00:00","2026-04-27 19:22:25"
"4403","243","2025-05-21 09:37:13","190.23","0.00","2025-05-21 00:00:00","2026-04-27 19:22:25"
"4404","129","2025-08-04 17:57:31","103.77","0.00","2025-08-04 00:00:00","2026-04-27 19:22:25"
"4405","254","2024-10-18 09:37:19","112.92","0.00","2024-10-18 00:00:00","2026-04-27 19:22:25"
"4406","131","2023-08-06 09:32:18","186.77","0.00","2023-08-06 00:00:00","2026-04-27 19:22:25"
"4407","264","2025-07-23 07:54:10","326.59","0.00","2025-07-23 00:00:00","2026-04-27 19:22:25"
"4408","239","2025-03-10 14:29:13","69.80","0.00","2025-03-10 00:00:00","2026-04-27 19:22:25"
"4409","99","2025-08-24 08:13:30","129.90","0.00","2025-08-24 00:00:00","2026-04-27 19:22:25"
"4410","14","2023-11-30 07:26:48","114.25","0.00","2023-11-30 00:00:00","2026-04-27 19:22:25"
"4411","165","2025-05-06 09:40:48","127.44","0.00","2025-05-06 00:00:00","2026-04-27 19:22:25"
"4412","88","2026-01-22 08:30:42","86.21","0.00","2026-01-22 00:00:00","2026-04-27 19:22:25"
"4413","153","2021-10-20 07:40:38","127.16","0.00","2021-10-20 00:00:00","2026-04-27 19:22:25"
"4414","116","2025-10-28 19:21:52","64.90","5.00","2025-10-28 00:00:00","2026-04-27 19:22:25"
"4415","135","2026-02-02 18:34:08","178.96","0.00","2026-02-02 00:00:00","2026-04-27 19:22:25"
"4416","62","2021-12-17 16:07:45","362.93","0.00","2021-12-17 00:00:00","2026-04-27 19:22:25"
"4417","128","2022-12-03 17:20:36","15.90","10.00","2022-12-03 00:00:00","2026-04-27 19:22:25"
"4418","61","2025-01-22 08:08:14","20.96","10.00","2025-01-22 00:00:00","2026-04-27 19:22:25"
"4419","146","2022-01-11 08:38:28","166.36","0.00","2022-01-11 00:00:00","2026-04-27 19:22:25"
"4420","114","2025-09-23 17:33:26","19.49","10.00","2025-09-23 00:00:00","2026-04-27 19:22:25"
"4421","214","2025-08-04 13:18:23","98.52","0.00","2025-08-04 00:00:00","2026-04-27 19:22:25"
"4422","109","2024-02-27 10:18:13","59.91","5.00","2024-02-27 00:00:00","2026-04-27 19:22:25"
"4423","30","2022-02-03 14:34:31","148.02","0.00","2022-02-03 00:00:00","2026-04-27 19:22:25"
"4424","195","2026-01-21 08:41:24","117.02","0.00","2026-01-21 00:00:00","2026-04-27 19:22:25"
"4425","152","2025-12-18 07:38:14","221.86","0.00","2025-12-18 00:00:00","2026-04-27 19:22:25"
"4426","80","2024-07-04 18:10:24","49.36","10.00","2024-07-04 00:00:00","2026-04-27 19:22:25"
"4427","212","2022-11-27 15:51:48","28.53","5.00","2022-11-27 00:00:00","2026-04-27 19:22:25"
"4428","263","2020-03-26 17:28:07","228.29","0.00","2020-03-26 00:00:00","2026-04-27 19:22:25"
"4429","152","2025-01-28 16:27:26","179.27","0.00","2025-01-28 00:00:00","2026-04-27 19:22:25"
"4430","96","2025-09-19 08:32:54","232.31","0.00","2025-09-19 00:00:00","2026-04-27 19:22:25"
"4431","266","2026-03-21 05:23:27","235.72","0.00","2026-03-21 00:00:00","2026-04-27 19:22:25"
"4432","92","2026-01-30 13:05:34","196.82","0.00","2026-01-30 00:00:00","2026-04-27 19:22:25"
"4433","180","2026-03-16 09:01:44","59.07","0.00","2026-03-16 00:00:00","2026-04-27 19:22:25"
"4434","244","2026-01-18 04:26:19","72.55","0.00","2026-01-18 00:00:00","2026-04-27 19:22:25"
"4435","194","2024-06-07 15:58:07","164.23","0.00","2024-06-07 00:00:00","2026-04-27 19:22:25"
"4436","278","2025-12-31 06:43:49","52.11","5.00","2025-12-31 00:00:00","2026-04-27 19:22:25"
"4437","148","2025-04-25 09:29:40","190.30","0.00","2025-04-25 00:00:00","2026-04-27 19:22:25"
"4438","261","2024-10-23 08:54:27","207.63","0.00","2024-10-23 00:00:00","2026-04-27 19:22:25"
"4439","156","2024-05-08 15:59:17","22.81","10.00","2024-05-08 00:00:00","2026-04-27 19:22:25"
"4440","225","2025-04-07 16:39:23","338.37","0.00","2025-04-07 00:00:00","2026-04-27 19:22:25"
"4441","72","2024-07-05 08:02:18","161.34","0.00","2024-07-05 00:00:00","2026-04-27 19:22:25"
"4442","239","2025-11-22 10:54:28","4.68","10.00","2025-11-22 00:00:00","2026-04-27 19:22:25"
"4443","19","2026-03-09 02:02:13","169.93","0.00","2026-03-09 00:00:00","2026-04-27 19:22:25"
"4444","24","2022-10-12 08:32:17","138.93","0.00","2022-10-12 00:00:00","2026-04-27 19:22:25"
"4445","264","2025-12-02 09:02:43","164.93","0.00","2025-12-02 00:00:00","2026-04-27 19:22:25"
"4446","98","2025-12-09 14:45:21","197.66","0.00","2025-12-09 00:00:00","2026-04-27 19:22:25"
"4447","91","2025-03-11 16:31:43","0.00","0.00","2025-03-11 00:00:00","2026-04-27 19:22:25"
"4448","48","2026-02-15 11:28:58","92.66","0.00","2026-02-15 00:00:00","2026-04-27 19:22:25"
"4449","273","2025-04-21 12:50:30","283.25","0.00","2025-04-21 00:00:00","2026-04-27 19:22:25"
"4450","204","2026-04-06 16:11:00","141.99","0.00","2026-04-06 00:00:00","2026-04-27 19:22:25"
"4451","217","2025-09-22 12:55:52","149.38","0.00","2025-09-22 00:00:00","2026-04-27 19:22:25"
"4452","187","2022-10-11 11:16:47","123.76","0.00","2022-10-11 00:00:00","2026-04-27 19:22:25"
"4453","216","2024-07-24 12:54:46","54.29","0.00","2024-07-24 00:00:00","2026-04-27 19:22:25"
"4454","188","2026-03-20 15:02:39","185.60","0.00","2026-03-20 00:00:00","2026-04-27 19:22:25"
"4455","246","2024-03-17 17:32:17","274.17","0.00","2024-03-17 00:00:00","2026-04-27 19:22:25"
"4456","296","2024-10-26 08:51:03","112.42","0.00","2024-10-26 00:00:00","2026-04-27 19:22:25"
"4457","291","2025-10-01 07:01:13","3.65","10.00","2025-10-01 00:00:00","2026-04-27 19:22:25"
"4458","259","2025-12-05 14:59:42","17.28","10.00","2025-12-05 00:00:00","2026-04-27 19:22:25"
"4459","86","2025-05-07 18:16:58","89.85","0.00","2025-05-07 00:00:00","2026-04-27 19:22:25"
"4460","184","2026-04-01 13:39:12","42.80","5.00","2026-04-01 00:00:00","2026-04-27 19:22:25"
"4461","16","2026-04-10 15:39:39","84.39","0.00","2026-04-10 00:00:00","2026-04-27 19:22:25"
"4462","296","2023-04-21 14:26:48","274.46","0.00","2023-04-21 00:00:00","2026-04-27 19:22:25"
"4463","297","2025-11-09 08:41:17","264.16","0.00","2025-11-09 00:00:00","2026-04-27 19:22:25"
"4464","84","2024-10-09 19:27:34","194.58","0.00","2024-10-09 00:00:00","2026-04-27 19:22:25"
"4465","62","2026-02-09 16:47:01","46.11","10.00","2026-02-09 00:00:00","2026-04-27 19:22:25"
"4466","273","2025-12-16 07:10:48","52.79","5.00","2025-12-16 00:00:00","2026-04-27 19:22:25"
"4467","230","2025-01-16 10:58:34","15.36","10.00","2025-01-16 00:00:00","2026-04-27 19:22:25"
"4468","242","2021-10-23 05:18:07","86.01","0.00","2021-10-23 00:00:00","2026-04-27 19:22:25"
"4469","239","2024-08-13 09:13:50","69.35","0.00","2024-08-13 00:00:00","2026-04-27 19:22:25"
"4470","91","2023-10-22 13:09:37","108.91","0.00","2023-10-22 00:00:00","2026-04-27 19:22:25"
"4471","177","2025-12-06 08:02:29","169.84","0.00","2025-12-06 00:00:00","2026-04-27 19:22:25"
"4472","131","2024-01-21 19:53:35","67.46","5.00","2024-01-21 00:00:00","2026-04-27 19:22:25"
"4473","255","2025-07-09 16:18:38","48.23","5.00","2025-07-09 00:00:00","2026-04-27 19:22:25"
"4474","81","2024-04-22 15:48:25","58.06","0.00","2024-04-22 00:00:00","2026-04-27 19:22:25"
"4475","263","2020-04-15 09:58:49","194.21","0.00","2020-04-15 00:00:00","2026-04-27 19:22:25"
"4476","190","2025-07-18 16:31:40","139.80","0.00","2025-07-18 00:00:00","2026-04-27 19:22:25"
"4477","299","2026-04-03 08:07:45","303.65","0.00","2026-04-03 00:00:00","2026-04-27 19:22:25"
"4478","230","2026-01-02 18:57:13","366.80","0.00","2026-01-02 00:00:00","2026-04-27 19:22:25"
"4479","158","2024-08-03 17:53:10","151.01","0.00","2024-08-03 00:00:00","2026-04-27 19:22:25"
"4480","158","2025-02-11 15:00:25","18.09","10.00","2025-02-11 00:00:00","2026-04-27 19:22:25"
"4481","254","2023-09-29 13:31:29","245.21","0.00","2023-09-29 00:00:00","2026-04-27 19:22:25"
"4482","261","2025-08-07 05:16:59","178.04","0.00","2025-08-07 00:00:00","2026-04-27 19:22:25"
"4483","282","2024-05-20 18:37:39","11.32","10.00","2024-05-20 00:00:00","2026-04-27 19:22:25"
"4484","103","2023-03-20 12:50:28","18.45","10.00","2023-03-20 00:00:00","2026-04-27 19:22:25"
"4485","92","2025-12-06 00:45:26","134.81","0.00","2025-12-06 00:00:00","2026-04-27 19:22:25"
"4486","84","2025-06-27 09:47:01","205.24","0.00","2025-06-27 00:00:00","2026-04-27 19:22:25"
"4487","192","2025-06-07 09:58:39","186.21","0.00","2025-06-07 00:00:00","2026-04-27 19:22:25"
"4488","222","2024-04-22 18:19:58","160.47","0.00","2024-04-22 00:00:00","2026-04-27 19:22:25"
"4489","136","2025-05-06 07:45:31","92.21","0.00","2025-05-06 00:00:00","2026-04-27 19:22:25"
"4490","74","2023-11-20 12:12:13","30.10","5.00","2023-11-20 00:00:00","2026-04-27 19:22:25"
"4491","238","2021-03-22 18:32:16","190.50","0.00","2021-03-22 00:00:00","2026-04-27 19:22:25"
"4492","78","2025-06-17 04:24:00","231.24","0.00","2025-06-17 00:00:00","2026-04-27 19:22:25"
"4493","185","2026-03-22 07:16:58","97.62","0.00","2026-03-22 00:00:00","2026-04-27 19:22:25"
"4494","88","2025-10-05 13:47:45","115.92","0.00","2025-10-05 00:00:00","2026-04-27 19:22:25"
"4495","221","2025-12-28 17:41:05","119.46","0.00","2025-12-28 00:00:00","2026-04-27 19:22:25"
"4496","170","2024-11-15 17:39:55","81.26","0.00","2024-11-15 00:00:00","2026-04-27 19:22:25"
"4497","278","2026-03-21 09:54:24","145.67","0.00","2026-03-21 00:00:00","2026-04-27 19:22:25"
"4498","296","2025-02-05 15:42:53","54.95","0.00","2025-02-05 00:00:00","2026-04-27 19:22:25"
"4499","291","2025-12-01 18:20:11","120.77","0.00","2025-12-01 00:00:00","2026-04-27 19:22:25"
"4500","246","2022-12-07 06:46:11","241.86","0.00","2022-12-07 00:00:00","2026-04-27 19:22:25"
"4501","128","2023-04-15 13:55:36","261.84","0.00","2023-04-15 00:00:00","2026-04-27 19:22:25"
"4502","122","2026-03-06 14:26:55","244.69","0.00","2026-03-06 00:00:00","2026-04-27 19:22:25"
"4503","222","2024-07-29 16:14:23","80.96","0.00","2024-07-29 00:00:00","2026-04-27 19:22:25"
"4504","112","2024-02-02 17:16:05","161.54","0.00","2024-02-02 00:00:00","2026-04-27 19:22:25"
"4505","13","2026-02-17 09:31:43","196.00","0.00","2026-02-17 00:00:00","2026-04-27 19:22:25"
"4506","198","2026-01-21 13:12:09","114.78","0.00","2026-01-21 00:00:00","2026-04-27 19:22:25"
"4507","155","2025-11-07 13:04:28","192.04","0.00","2025-11-07 00:00:00","2026-04-27 19:22:25"
"4508","203","2024-09-04 12:48:19","27.70","10.00","2024-09-04 00:00:00","2026-04-27 19:22:25"
"4509","65","2025-09-07 10:33:41","171.55","0.00","2025-09-07 00:00:00","2026-04-27 19:22:25"
"4510","155","2025-04-29 08:34:50","91.80","0.00","2025-04-29 00:00:00","2026-04-27 19:22:25"
"4511","197","2024-11-08 18:50:36","197.81","0.00","2024-11-08 00:00:00","2026-04-27 19:22:25"
"4512","151","2023-09-24 19:07:43","93.04","0.00","2023-09-24 00:00:00","2026-04-27 19:22:25"
"4513","242","2021-02-03 10:23:52","254.97","0.00","2021-02-03 00:00:00","2026-04-27 19:22:25"
"4514","36","2024-05-27 13:06:34","46.41","5.00","2024-05-27 00:00:00","2026-04-27 19:22:25"
"4515","41","2023-05-15 17:23:39","59.38","5.00","2023-05-15 00:00:00","2026-04-27 19:22:25"
"4516","144","2020-06-20 15:34:08","132.05","0.00","2020-06-20 00:00:00","2026-04-27 19:22:25"
"4517","212","2022-09-22 08:21:49","45.80","5.00","2022-09-22 00:00:00","2026-04-27 19:22:25"
"4518","127","2026-03-23 18:51:54","200.64","0.00","2026-03-23 00:00:00","2026-04-27 19:22:25"
"4519","207","2024-07-28 08:49:15","252.26","0.00","2024-07-28 00:00:00","2026-04-27 19:22:25"
"4520","75","2026-02-03 07:16:02","8.29","10.00","2026-02-03 00:00:00","2026-04-27 19:22:25"
"4521","161","2022-11-29 19:18:50","87.85","0.00","2022-11-29 00:00:00","2026-04-27 19:22:25"
"4522","80","2023-11-12 19:43:49","121.60","0.00","2023-11-12 00:00:00","2026-04-27 19:22:25"
"4523","198","2026-02-11 08:06:56","51.92","5.00","2026-02-11 00:00:00","2026-04-27 19:22:25"
"4524","218","2024-07-29 12:59:11","48.86","10.00","2024-07-29 00:00:00","2026-04-27 19:22:25"
"4525","213","2024-04-17 07:09:33","50.02","0.00","2024-04-17 00:00:00","2026-04-27 19:22:25"
"4526","133","2024-12-21 17:06:10","42.80","10.00","2024-12-21 00:00:00","2026-04-27 19:22:25"
"4527","45","2021-12-10 11:14:40","249.53","0.00","2021-12-10 00:00:00","2026-04-27 19:22:25"
"4528","53","2025-05-05 09:33:37","127.75","0.00","2025-05-05 00:00:00","2026-04-27 19:22:25"
"4529","232","2026-03-20 13:25:03","87.15","0.00","2026-03-20 00:00:00","2026-04-27 19:22:25"
"4530","256","2023-05-23 10:56:38","70.49","5.00","2023-05-23 00:00:00","2026-04-27 19:22:25"
"4531","287","2022-09-09 11:38:37","159.50","0.00","2022-09-09 00:00:00","2026-04-27 19:22:25"
"4532","54","2025-11-06 12:34:07","139.40","0.00","2025-11-06 00:00:00","2026-04-27 19:22:25"
"4533","40","2025-10-15 09:24:51","74.20","0.00","2025-10-15 00:00:00","2026-04-27 19:22:25"
"4534","234","2025-05-14 17:31:25","64.16","5.00","2025-05-14 00:00:00","2026-04-27 19:22:25"
"4535","260","2021-08-27 14:24:49","63.12","0.00","2021-08-27 00:00:00","2026-04-27 19:22:25"
"4536","259","2026-03-14 07:36:59","302.26","0.00","2026-03-14 00:00:00","2026-04-27 19:22:25"
"4537","243","2024-11-04 15:31:56","82.63","0.00","2024-11-04 00:00:00","2026-04-27 19:22:25"
"4538","13","2023-10-21 17:17:15","32.78","10.00","2023-10-21 00:00:00","2026-04-27 19:22:25"
"4539","233","2025-03-20 13:19:40","0.00","0.00","2025-03-20 00:00:00","2026-04-27 19:22:25"
"4540","208","2023-02-18 10:59:49","59.36","5.00","2023-02-18 00:00:00","2026-04-27 19:22:25"
"4541","275","2023-09-16 11:31:03","61.85","5.00","2023-09-16 00:00:00","2026-04-27 19:22:25"
"4542","102","2026-01-05 09:12:37","89.86","0.00","2026-01-05 00:00:00","2026-04-27 19:22:25"
"4543","161","2025-08-11 14:02:44","30.35","5.00","2025-08-11 00:00:00","2026-04-27 19:22:25"
"4544","79","2025-12-09 16:42:28","110.79","0.00","2025-12-09 00:00:00","2026-04-27 19:22:25"
"4545","168","2025-10-11 18:32:08","37.93","5.00","2025-10-11 00:00:00","2026-04-27 19:22:25"
"4546","148","2022-07-03 18:15:36","37.10","10.00","2022-07-03 00:00:00","2026-04-27 19:22:25"
"4547","142","2025-03-17 14:28:02","43.89","5.00","2025-03-17 00:00:00","2026-04-27 19:22:25"
"4548","9","2024-12-27 08:10:22","263.02","0.00","2024-12-27 00:00:00","2026-04-27 19:22:25"
"4549","51","2025-12-03 16:22:48","30.87","5.00","2025-12-03 00:00:00","2026-04-27 19:22:25"
"4550","190","2026-02-02 08:02:58","71.00","5.00","2026-02-02 00:00:00","2026-04-27 19:22:25"
"4551","8","2025-11-05 08:01:46","26.86","10.00","2025-11-05 00:00:00","2026-04-27 19:22:25"
"4552","135","2026-03-26 08:18:55","70.48","0.00","2026-03-26 00:00:00","2026-04-27 19:22:25"
"4553","60","2025-06-03 08:52:29","190.24","0.00","2025-06-03 00:00:00","2026-04-27 19:22:25"
"4554","293","2023-07-17 08:30:13","139.02","0.00","2023-07-17 00:00:00","2026-04-27 19:22:25"
"4555","179","2026-02-27 11:03:50","83.60","0.00","2026-02-27 00:00:00","2026-04-27 19:22:25"
"4556","60","2025-05-14 15:33:14","168.00","0.00","2025-05-14 00:00:00","2026-04-27 19:22:25"
"4557","88","2026-02-02 18:52:44","62.90","0.00","2026-02-02 00:00:00","2026-04-27 19:22:25"
"4558","37","2024-10-05 12:47:19","156.22","0.00","2024-10-05 00:00:00","2026-04-27 19:22:25"
"4559","294","2025-04-02 11:57:27","168.06","0.00","2025-04-02 00:00:00","2026-04-27 19:22:25"
"4560","109","2024-02-15 16:10:51","121.27","0.00","2024-02-15 00:00:00","2026-04-27 19:22:25"
"4561","6","2025-06-13 09:32:56","19.68","10.00","2025-06-13 00:00:00","2026-04-27 19:22:25"
"4562","122","2026-02-28 16:57:49","8.22","25.00","2026-02-28 00:00:00","2026-04-27 19:22:25"
"4563","29","2026-04-13 17:02:58","57.13","0.00","2026-04-13 00:00:00","2026-04-27 19:22:25"
"4564","199","2025-02-27 07:25:55","138.95","0.00","2025-02-27 00:00:00","2026-04-27 19:22:25"
"4565","66","2024-11-04 18:28:40","3.85","25.00","2024-11-04 00:00:00","2026-04-27 19:22:25"
"4566","1","2025-05-20 09:37:07","115.32","0.00","2025-05-20 00:00:00","2026-04-27 19:22:25"
"4567","12","2026-04-03 09:57:26","28.27","5.00","2026-04-03 00:00:00","2026-04-27 19:22:25"
"4568","59","2024-12-28 12:24:14","130.24","0.00","2024-12-28 00:00:00","2026-04-27 19:22:25"
"4569","134","2022-09-28 12:18:43","156.07","0.00","2022-09-28 00:00:00","2026-04-27 19:22:25"
"4570","184","2026-04-04 07:05:12","73.50","0.00","2026-04-04 00:00:00","2026-04-27 19:22:25"
"4571","65","2025-08-16 09:26:44","252.13","0.00","2025-08-16 00:00:00","2026-04-27 19:22:25"
"4572","183","2024-09-04 15:52:37","75.80","0.00","2024-09-04 00:00:00","2026-04-27 19:22:25"
"4573","174","2025-06-09 16:39:22","370.16","0.00","2025-06-09 00:00:00","2026-04-27 19:22:25"
"4574","204","2023-10-31 07:41:00","196.16","0.00","2023-10-31 00:00:00","2026-04-27 19:22:25"
"4575","245","2025-07-22 09:59:26","197.89","0.00","2025-07-22 00:00:00","2026-04-27 19:22:25"
"4576","169","2025-06-26 17:55:31","231.40","0.00","2025-06-26 00:00:00","2026-04-27 19:22:25"
"4577","11","2026-03-01 07:42:45","102.55","0.00","2026-03-01 00:00:00","2026-04-27 19:22:25"
"4578","38","2023-09-30 08:09:18","125.15","0.00","2023-09-30 00:00:00","2026-04-27 19:22:25"
"4579","193","2025-11-15 14:04:58","274.25","0.00","2025-11-15 00:00:00","2026-04-27 19:22:25"
"4580","81","2023-03-15 07:49:05","275.68","0.00","2023-03-15 00:00:00","2026-04-27 19:22:25"
"4581","272","2023-11-10 18:01:41","246.57","0.00","2023-11-10 00:00:00","2026-04-27 19:22:25"
"4582","198","2025-04-04 17:33:35","224.15","0.00","2025-04-04 00:00:00","2026-04-27 19:22:25"
"4583","127","2026-04-03 16:15:24","59.02","0.00","2026-04-03 00:00:00","2026-04-27 19:22:25"
"4584","191","2026-03-29 13:49:03","148.98","0.00","2026-03-29 00:00:00","2026-04-27 19:22:25"
"4585","149","2026-04-05 06:10:57","168.68","0.00","2026-04-05 00:00:00","2026-04-27 19:22:25"
"4586","58","2021-10-02 15:49:33","248.94","0.00","2021-10-02 00:00:00","2026-04-27 19:22:25"
"4587","19","2025-10-25 18:11:29","114.64","0.00","2025-10-25 00:00:00","2026-04-27 19:22:25"
"4588","95","2025-08-31 00:33:35","34.71","10.00","2025-08-31 00:00:00","2026-04-27 19:22:25"
"4589","177","2026-03-31 14:25:51","181.51","0.00","2026-03-31 00:00:00","2026-04-27 19:22:25"
"4590","150","2026-02-14 14:14:51","157.98","0.00","2026-02-14 00:00:00","2026-04-27 19:22:25"
"4591","146","2025-06-15 12:38:23","242.82","0.00","2025-06-15 00:00:00","2026-04-27 19:22:25"
"4592","130","2025-01-18 18:22:12","16.62","10.00","2025-01-18 00:00:00","2026-04-27 19:22:25"
"4593","178","2023-03-25 08:16:54","130.08","0.00","2023-03-25 00:00:00","2026-04-27 19:22:25"
"4594","171","2024-08-28 02:05:20","60.24","0.00","2024-08-28 00:00:00","2026-04-27 19:22:25"
"4595","264","2025-09-14 12:42:52","265.09","0.00","2025-09-14 00:00:00","2026-04-27 19:22:25"
"4596","240","2025-05-11 18:22:20","33.75","5.00","2025-05-11 00:00:00","2026-04-27 19:22:25"
"4597","92","2025-10-23 18:22:26","49.54","10.00","2025-10-23 00:00:00","2026-04-27 19:22:25"
"4598","255","2022-09-08 19:32:51","58.93","0.00","2022-09-08 00:00:00","2026-04-27 19:22:25"
"4599","247","2023-02-17 04:22:55","98.89","0.00","2023-02-17 00:00:00","2026-04-27 19:22:25"
"4600","15","2025-10-01 18:39:43","15.68","10.00","2025-10-01 00:00:00","2026-04-27 19:22:25"
"4601","130","2025-11-02 09:58:50","306.76","0.00","2025-11-02 00:00:00","2026-04-27 19:22:25"
"4602","129","2025-09-13 19:00:06","49.86","5.00","2025-09-13 00:00:00","2026-04-27 19:22:25"
"4603","280","2024-06-03 10:52:10","54.65","5.00","2024-06-03 00:00:00","2026-04-27 19:22:25"
"4604","210","2026-02-18 17:49:57","63.00","5.00","2026-02-18 00:00:00","2026-04-27 19:22:25"
"4605","15","2026-03-15 19:25:27","66.76","0.00","2026-03-15 00:00:00","2026-04-27 19:22:25"
"4606","282","2025-07-08 08:16:45","156.78","0.00","2025-07-08 00:00:00","2026-04-27 19:22:25"
"4607","6","2025-01-17 07:07:49","159.39","0.00","2025-01-17 00:00:00","2026-04-27 19:22:25"
"4608","132","2022-01-25 07:38:42","146.26","0.00","2022-01-25 00:00:00","2026-04-27 19:22:25"
"4609","69","2025-11-13 05:27:43","79.56","0.00","2025-11-13 00:00:00","2026-04-27 19:22:25"
"4610","9","2025-12-15 12:11:20","95.46","0.00","2025-12-15 00:00:00","2026-04-27 19:22:25"
"4611","191","2026-03-11 16:52:23","15.68","10.00","2026-03-11 00:00:00","2026-04-27 19:22:25"
"4612","247","2022-06-05 16:57:56","4.63","10.00","2022-06-05 00:00:00","2026-04-27 19:22:25"
"4613","215","2024-07-23 08:52:09","74.46","5.00","2024-07-23 00:00:00","2026-04-27 19:22:25"
"4614","89","2022-05-21 13:23:47","104.36","0.00","2022-05-21 00:00:00","2026-04-27 19:22:25"
"4615","78","2026-02-11 07:24:31","148.72","0.00","2026-02-11 00:00:00","2026-04-27 19:22:25"
"4616","150","2026-03-04 14:51:05","41.83","10.00","2026-03-04 00:00:00","2026-04-27 19:22:25"
"4617","103","2023-08-19 08:52:33","159.51","0.00","2023-08-19 00:00:00","2026-04-27 19:22:25"
"4618","32","2022-02-06 13:04:21","60.72","5.00","2022-02-06 00:00:00","2026-04-27 19:22:25"
"4619","35","2025-10-06 16:47:53","142.90","0.00","2025-10-06 00:00:00","2026-04-27 19:22:25"
"4620","224","2025-11-25 16:53:36","9.64","25.00","2025-11-25 00:00:00","2026-04-27 19:22:25"
"4621","173","2026-04-04 12:52:42","29.40","5.00","2026-04-04 00:00:00","2026-04-27 19:22:25"
"4622","187","2022-09-09 08:37:16","187.89","0.00","2022-09-09 00:00:00","2026-04-27 19:22:25"
"4623","141","2026-02-12 17:04:11","167.26","0.00","2026-02-12 00:00:00","2026-04-27 19:22:25"
"4624","272","2026-02-07 07:35:28","221.75","0.00","2026-02-07 00:00:00","2026-04-27 19:22:25"
"4625","28","2023-01-06 15:54:56","160.98","0.00","2023-01-06 00:00:00","2026-04-27 19:22:25"
"4626","258","2025-09-17 12:01:29","51.92","0.00","2025-09-17 00:00:00","2026-04-27 19:22:25"
"4627","262","2024-05-05 12:25:15","95.75","0.00","2024-05-05 00:00:00","2026-04-27 19:22:25"
"4628","35","2025-04-21 09:53:49","73.96","5.00","2025-04-21 00:00:00","2026-04-27 19:22:25"
"4629","219","2022-10-26 17:30:15","187.98","0.00","2022-10-26 00:00:00","2026-04-27 19:22:25"
"4630","145","2024-12-17 03:52:45","110.66","0.00","2024-12-17 00:00:00","2026-04-27 19:22:25"
"4631","192","2026-03-05 13:17:26","9.04","25.00","2026-03-05 00:00:00","2026-04-27 19:22:25"
"4632","254","2023-10-25 15:41:43","193.56","0.00","2023-10-25 00:00:00","2026-04-27 19:22:25"
"4633","237","2026-03-24 17:58:38","31.52","5.00","2026-03-24 00:00:00","2026-04-27 19:22:25"
"4634","54","2024-05-27 13:07:27","208.87","0.00","2024-05-27 00:00:00","2026-04-27 19:22:25"
"4635","238","2025-09-12 09:55:18","36.40","5.00","2025-09-12 00:00:00","2026-04-27 19:22:25"
"4636","277","2024-06-21 02:41:34","255.15","0.00","2024-06-21 00:00:00","2026-04-27 19:22:25"
"4637","45","2023-09-19 08:27:28","243.37","0.00","2023-09-19 00:00:00","2026-04-27 19:22:25"
"4638","135","2026-03-17 16:14:12","71.32","0.00","2026-03-17 00:00:00","2026-04-27 19:22:25"
"4639","182","2022-02-21 10:16:14","14.48","10.00","2022-02-21 00:00:00","2026-04-27 19:22:25"
"4640","205","2024-07-11 19:55:40","204.18","0.00","2024-07-11 00:00:00","2026-04-27 19:22:25"
"4641","272","2026-04-12 18:30:01","10.56","25.00","2026-04-12 00:00:00","2026-04-27 19:22:25"
"4642","236","2025-11-17 18:39:38","94.17","0.00","2025-11-17 00:00:00","2026-04-27 19:22:25"
"4643","161","2023-07-26 13:54:33","290.63","0.00","2023-07-26 00:00:00","2026-04-27 19:22:25"
"4644","212","2023-01-11 15:43:52","26.59","5.00","2023-01-11 00:00:00","2026-04-27 19:22:25"
"4645","299","2026-01-25 14:47:30","166.77","0.00","2026-01-25 00:00:00","2026-04-27 19:22:25"
"4646","189","2025-06-27 12:48:17","80.30","0.00","2025-06-27 00:00:00","2026-04-27 19:22:25"
"4647","272","2026-03-28 13:36:00","276.09","0.00","2026-03-28 00:00:00","2026-04-27 19:22:25"
"4648","85","2026-02-13 19:20:44","113.77","0.00","2026-02-13 00:00:00","2026-04-27 19:22:25"
"4649","106","2024-10-28 07:04:38","108.32","0.00","2024-10-28 00:00:00","2026-04-27 19:22:25"
"4650","6","2025-12-01 11:32:20","83.69","0.00","2025-12-01 00:00:00","2026-04-27 19:22:25"
"4651","116","2026-03-30 14:03:53","44.36","10.00","2026-03-30 00:00:00","2026-04-27 19:22:25"
"4652","272","2026-02-25 16:16:31","151.69","0.00","2026-02-25 00:00:00","2026-04-27 19:22:25"
"4653","152","2023-12-25 08:39:47","281.30","0.00","2023-12-25 00:00:00","2026-04-27 19:22:25"
"4654","262","2024-08-03 07:15:17","281.70","0.00","2024-08-03 00:00:00","2026-04-27 19:22:25"
"4655","177","2025-04-10 09:46:34","192.97","0.00","2025-04-10 00:00:00","2026-04-27 19:22:25"
"4656","33","2026-04-09 08:39:48","83.76","0.00","2026-04-09 00:00:00","2026-04-27 19:22:25"
"4657","195","2025-05-13 19:32:51","78.75","0.00","2025-05-13 00:00:00","2026-04-27 19:22:25"
"4658","63","2024-09-26 08:19:12","213.02","0.00","2024-09-26 00:00:00","2026-04-27 19:22:25"
"4659","38","2024-01-19 16:56:51","97.13","0.00","2024-01-19 00:00:00","2026-04-27 19:22:25"
"4660","282","2024-03-02 18:44:11","0.00","0.00","2024-03-02 00:00:00","2026-04-27 19:22:25"
"4661","156","2024-01-03 09:27:47","193.19","0.00","2024-01-03 00:00:00","2026-04-27 19:22:25"
"4662","99","2025-03-09 15:52:47","230.05","0.00","2025-03-09 00:00:00","2026-04-27 19:22:25"
"4663","18","2023-10-01 13:52:13","24.84","10.00","2023-10-01 00:00:00","2026-04-27 19:22:25"
"4664","271","2022-06-11 18:42:59","66.80","0.00","2022-06-11 00:00:00","2026-04-27 19:22:25"
"4665","235","2024-04-17 07:19:26","166.12","0.00","2024-04-17 00:00:00","2026-04-27 19:22:25"
"4666","111","2024-11-30 16:50:10","292.18","0.00","2024-11-30 00:00:00","2026-04-27 19:22:25"
"4667","284","2024-06-19 11:49:38","106.45","0.00","2024-06-19 00:00:00","2026-04-27 19:22:25"
"4668","274","2023-04-01 09:02:11","17.22","10.00","2023-04-01 00:00:00","2026-04-27 19:22:25"
"4669","206","2026-03-11 08:41:59","159.64","0.00","2026-03-11 00:00:00","2026-04-27 19:22:25"
"4670","124","2026-02-23 09:52:10","165.53","0.00","2026-02-23 00:00:00","2026-04-27 19:22:25"
"4671","219","2022-07-03 18:29:53","59.12","5.00","2022-07-03 00:00:00","2026-04-27 19:22:25"
"4672","52","2026-02-25 09:24:02","141.97","0.00","2026-02-25 00:00:00","2026-04-27 19:22:25"
"4673","57","2025-06-29 07:30:58","129.05","0.00","2025-06-29 00:00:00","2026-04-27 19:22:25"
"4674","41","2022-09-29 15:51:40","101.59","0.00","2022-09-29 00:00:00","2026-04-27 19:22:25"
"4675","236","2024-01-13 09:50:50","88.49","0.00","2024-01-13 00:00:00","2026-04-27 19:22:25"
"4676","30","2025-12-01 09:34:33","118.80","0.00","2025-12-01 00:00:00","2026-04-27 19:22:25"
"4677","169","2024-12-30 18:08:00","33.90","10.00","2024-12-30 00:00:00","2026-04-27 19:22:25"
"4678","258","2025-11-02 08:19:05","126.31","0.00","2025-11-02 00:00:00","2026-04-27 19:22:25"
"4679","158","2025-07-31 12:51:28","47.16","5.00","2025-07-31 00:00:00","2026-04-27 19:22:25"
"4680","146","2023-08-07 09:30:37","83.94","0.00","2023-08-07 00:00:00","2026-04-27 19:22:25"
"4681","223","2023-12-09 10:34:40","9.10","10.00","2023-12-09 00:00:00","2026-04-27 19:22:25"
"4682","169","2025-04-22 09:54:56","96.54","0.00","2025-04-22 00:00:00","2026-04-27 19:22:25"
"4683","23","2026-01-24 08:48:06","10.64","25.00","2026-01-24 00:00:00","2026-04-27 19:22:25"
"4684","260","2021-10-25 12:53:43","145.55","0.00","2021-10-25 00:00:00","2026-04-27 19:22:25"
"4685","89","2025-02-15 08:27:35","147.78","0.00","2025-02-15 00:00:00","2026-04-27 19:22:25"
"4686","188","2026-01-07 19:05:38","294.16","0.00","2026-01-07 00:00:00","2026-04-27 19:22:25"
"4687","226","2025-06-05 07:23:28","200.16","0.00","2025-06-05 00:00:00","2026-04-27 19:22:25"
"4688","146","2023-06-30 14:52:56","54.36","5.00","2023-06-30 00:00:00","2026-04-27 19:22:25"
"4689","13","2023-11-22 14:58:36","100.04","0.00","2023-11-22 00:00:00","2026-04-27 19:22:25"
"4690","132","2023-01-04 17:21:35","361.94","0.00","2023-01-04 00:00:00","2026-04-27 19:22:25"
"4691","239","2022-01-28 08:44:07","19.36","10.00","2022-01-28 00:00:00","2026-04-27 19:22:25"
"4692","208","2025-07-10 17:15:09","13.78","25.00","2025-07-10 00:00:00","2026-04-27 19:22:25"
"4693","6","2024-04-24 18:58:21","0.00","0.00","2024-04-24 00:00:00","2026-04-27 19:22:25"
"4694","209","2026-01-14 09:57:51","113.09","0.00","2026-01-14 00:00:00","2026-04-27 19:22:25"
"4695","190","2025-08-20 12:21:53","100.89","0.00","2025-08-20 00:00:00","2026-04-27 19:22:25"
"4696","171","2024-06-30 12:12:13","131.43","0.00","2024-06-30 00:00:00","2026-04-27 19:22:25"
"4697","62","2025-06-22 17:18:17","164.51","0.00","2025-06-22 00:00:00","2026-04-27 19:22:25"
"4698","62","2025-03-20 18:38:37","11.08","25.00","2025-03-20 00:00:00","2026-04-27 19:22:25"
"4699","216","2023-08-29 12:45:55","72.86","0.00","2023-08-29 00:00:00","2026-04-27 19:22:25"
"4700","118","2021-06-01 18:22:15","91.97","0.00","2021-06-01 00:00:00","2026-04-27 19:22:25"
"4701","68","2026-03-30 11:13:38","186.50","0.00","2026-03-30 00:00:00","2026-04-27 19:22:25"
"4702","296","2024-11-21 17:56:36","30.88","5.00","2024-11-21 00:00:00","2026-04-27 19:22:25"
"4703","114","2023-01-12 11:19:06","178.86","0.00","2023-01-12 00:00:00","2026-04-27 19:22:25"
"4704","57","2022-08-19 12:44:58","14.35","10.00","2022-08-19 00:00:00","2026-04-27 19:22:25"
"4705","95","2025-06-20 07:56:25","307.37","0.00","2025-06-20 00:00:00","2026-04-27 19:22:25"
"4706","191","2026-04-02 10:34:38","58.05","0.00","2026-04-02 00:00:00","2026-04-27 19:22:25"
"4707","138","2020-07-06 15:24:16","93.69","0.00","2020-07-06 00:00:00","2026-04-27 19:22:25"
"4708","276","2025-10-23 10:53:09","144.55","0.00","2025-10-23 00:00:00","2026-04-27 19:22:25"
"4709","168","2025-11-26 13:10:50","152.22","0.00","2025-11-26 00:00:00","2026-04-27 19:22:25"
"4710","11","2024-09-14 04:16:32","116.23","0.00","2024-09-14 00:00:00","2026-04-27 19:22:25"
"4711","221","2025-11-14 08:49:43","24.88","10.00","2025-11-14 00:00:00","2026-04-27 19:22:25"
"4712","110","2025-08-27 15:25:24","141.22","0.00","2025-08-27 00:00:00","2026-04-27 19:22:25"
"4713","142","2026-04-11 08:30:34","18.34","10.00","2026-04-11 00:00:00","2026-04-27 19:22:25"
"4714","174","2024-08-17 19:33:06","232.82","0.00","2024-08-17 00:00:00","2026-04-27 19:22:25"
"4715","278","2026-04-05 06:51:35","190.37","0.00","2026-04-05 00:00:00","2026-04-27 19:22:25"
"4716","14","2023-06-03 12:54:53","51.76","5.00","2023-06-03 00:00:00","2026-04-27 19:22:25"
"4717","161","2022-08-26 04:01:24","33.74","5.00","2022-08-26 00:00:00","2026-04-27 19:22:25"
"4718","100","2023-07-25 08:33:38","101.75","0.00","2023-07-25 00:00:00","2026-04-27 19:22:25"
"4719","118","2023-07-20 19:12:05","182.78","0.00","2023-07-20 00:00:00","2026-04-27 19:22:25"
"4720","166","2021-12-18 09:55:34","53.77","0.00","2021-12-18 00:00:00","2026-04-27 19:22:25"
"4721","292","2023-06-21 17:18:24","69.86","0.00","2023-06-21 00:00:00","2026-04-27 19:22:25"
"4722","104","2023-12-24 12:53:47","36.99","5.00","2023-12-24 00:00:00","2026-04-27 19:22:25"
"4723","177","2025-04-13 19:05:30","153.37","0.00","2025-04-13 00:00:00","2026-04-27 19:22:25"
"4724","280","2023-03-04 18:36:19","52.76","5.00","2023-03-04 00:00:00","2026-04-27 19:22:25"
"4725","223","2022-08-10 09:44:37","6.09","10.00","2022-08-10 00:00:00","2026-04-27 19:22:25"
"4726","243","2025-05-13 07:46:56","44.66","10.00","2025-05-13 00:00:00","2026-04-27 19:22:25"
"4727","181","2025-11-04 18:28:39","107.82","0.00","2025-11-04 00:00:00","2026-04-27 19:22:25"
"4728","10","2025-07-21 07:46:36","141.55","0.00","2025-07-21 00:00:00","2026-04-27 19:22:25"
"4729","87","2026-03-10 09:54:42","187.73","0.00","2026-03-10 00:00:00","2026-04-27 19:22:25"
"4730","274","2022-09-09 07:13:45","32.20","5.00","2022-09-09 00:00:00","2026-04-27 19:22:25"
"4731","142","2026-02-02 13:30:23","208.28","0.00","2026-02-02 00:00:00","2026-04-27 19:22:25"
"4732","185","2025-12-23 18:15:34","75.59","0.00","2025-12-23 00:00:00","2026-04-27 19:22:25"
"4733","286","2024-12-18 19:13:20","371.85","0.00","2024-12-18 00:00:00","2026-04-27 19:22:25"
"4734","111","2023-10-17 10:10:45","238.70","0.00","2023-10-17 00:00:00","2026-04-27 19:22:25"
"4735","19","2025-07-07 11:43:16","1.69","10.00","2025-07-07 00:00:00","2026-04-27 19:22:25"
"4736","191","2025-12-30 10:47:45","61.03","0.00","2025-12-30 00:00:00","2026-04-27 19:22:25"
"4737","286","2023-11-10 18:56:10","45.90","5.00","2023-11-10 00:00:00","2026-04-27 19:22:25"
"4738","183","2024-02-24 16:15:16","18.84","10.00","2024-02-24 00:00:00","2026-04-27 19:22:25"
"4739","85","2026-03-20 07:11:27","143.36","0.00","2026-03-20 00:00:00","2026-04-27 19:22:25"
"4740","239","2024-04-03 08:25:40","130.86","0.00","2024-04-03 00:00:00","2026-04-27 19:22:25"
"4741","27","2024-03-01 13:31:33","73.03","5.00","2024-03-01 00:00:00","2026-04-27 19:22:25"
"4742","269","2024-05-27 13:13:03","28.48","10.00","2024-05-27 00:00:00","2026-04-27 19:22:25"
"4743","170","2022-05-14 17:52:14","208.75","0.00","2022-05-14 00:00:00","2026-04-27 19:22:25"
"4744","80","2026-04-05 11:49:48","143.92","0.00","2026-04-05 00:00:00","2026-04-27 19:22:25"
"4745","138","2021-05-03 13:58:56","142.02","0.00","2021-05-03 00:00:00","2026-04-27 19:22:25"
"4746","31","2021-10-27 01:15:47","260.76","0.00","2021-10-27 00:00:00","2026-04-27 19:22:25"
"4747","10","2025-07-22 12:56:57","339.54","0.00","2025-07-22 00:00:00","2026-04-27 19:22:25"
"4748","56","2025-12-02 09:42:14","154.16","0.00","2025-12-02 00:00:00","2026-04-27 19:22:25"
"4749","295","2025-07-07 16:52:30","119.69","0.00","2025-07-07 00:00:00","2026-04-27 19:22:25"
"4750","22","2023-10-09 07:46:41","4.76","10.00","2023-10-09 00:00:00","2026-04-27 19:22:25"
"4751","227","2026-03-25 14:54:11","90.45","0.00","2026-03-25 00:00:00","2026-04-27 19:22:25"
"4752","178","2022-07-30 15:12:16","236.34","0.00","2022-07-30 00:00:00","2026-04-27 19:22:25"
"4753","161","2025-05-03 08:44:22","163.19","0.00","2025-05-03 00:00:00","2026-04-27 19:22:25"
"4754","153","2021-10-20 00:14:04","89.84","0.00","2021-10-20 00:00:00","2026-04-27 19:22:25"
"4755","52","2025-07-07 08:53:27","264.58","0.00","2025-07-07 00:00:00","2026-04-27 19:22:25"
"4756","170","2021-12-02 16:24:05","154.22","0.00","2021-12-02 00:00:00","2026-04-27 19:22:25"
"4757","62","2024-09-15 18:35:24","56.13","5.00","2024-09-15 00:00:00","2026-04-27 19:22:25"
"4758","49","2021-10-29 10:32:32","117.48","0.00","2021-10-29 00:00:00","2026-04-27 19:22:25"
"4759","88","2026-03-13 17:22:45","194.14","0.00","2026-03-13 00:00:00","2026-04-27 19:22:25"
"4760","238","2021-01-02 00:04:18","16.27","10.00","2021-01-02 00:00:00","2026-04-27 19:22:25"
"4761","102","2022-10-27 16:22:53","160.33","0.00","2022-10-27 00:00:00","2026-04-27 19:22:25"
"4762","202","2025-09-09 18:26:33","122.90","0.00","2025-09-09 00:00:00","2026-04-27 19:22:25"
"4763","300","2025-06-27 18:33:20","180.45","0.00","2025-06-27 00:00:00","2026-04-27 19:22:25"
"4764","287","2022-09-28 11:38:45","24.90","25.00","2022-09-28 00:00:00","2026-04-27 19:22:25"
"4765","10","2026-02-01 08:30:12","41.65","5.00","2026-02-01 00:00:00","2026-04-27 19:22:25"
"4766","132","2022-11-20 19:15:25","23.98","10.00","2022-11-20 00:00:00","2026-04-27 19:22:25"
"4767","91","2024-12-19 14:10:35","195.71","0.00","2024-12-19 00:00:00","2026-04-27 19:22:25"
"4768","258","2025-05-24 11:26:51","291.33","0.00","2025-05-24 00:00:00","2026-04-27 19:22:25"
"4769","198","2026-01-08 09:38:02","75.62","0.00","2026-01-08 00:00:00","2026-04-27 19:22:25"
"4770","15","2024-09-07 13:41:30","52.14","0.00","2024-09-07 00:00:00","2026-04-27 19:22:25"
"4771","102","2024-02-26 17:15:08","123.65","0.00","2024-02-26 00:00:00","2026-04-27 19:22:25"
"4772","41","2023-04-30 09:59:32","451.27","0.00","2023-04-30 00:00:00","2026-04-27 19:22:25"
"4773","88","2026-02-27 09:05:15","164.31","0.00","2026-02-27 00:00:00","2026-04-27 19:22:25"
"4774","132","2022-02-10 07:25:08","195.31","0.00","2022-02-10 00:00:00","2026-04-27 19:22:25"
"4775","116","2025-10-07 17:33:28","107.77","0.00","2025-10-07 00:00:00","2026-04-27 19:22:25"
"4776","42","2024-10-19 07:12:54","19.40","25.00","2024-10-19 00:00:00","2026-04-27 19:22:25"
"4777","199","2023-09-20 08:11:45","52.62","0.00","2023-09-20 00:00:00","2026-04-27 19:22:25"
"4778","210","2025-09-23 18:21:25","133.08","0.00","2025-09-23 00:00:00","2026-04-27 19:22:25"
"4779","187","2022-09-16 17:53:07","35.85","10.00","2022-09-16 00:00:00","2026-04-27 19:22:25"
"4780","297","2025-08-25 07:51:38","26.80","10.00","2025-08-25 00:00:00","2026-04-27 19:22:25"
"4781","179","2023-12-11 09:40:58","141.99","0.00","2023-12-11 00:00:00","2026-04-27 19:22:25"
"4782","37","2025-05-18 09:42:36","66.31","5.00","2025-05-18 00:00:00","2026-04-27 19:22:25"
"4783","36","2025-11-03 07:12:42","188.24","0.00","2025-11-03 00:00:00","2026-04-27 19:22:25"
"4784","253","2025-02-08 07:57:07","215.95","0.00","2025-02-08 00:00:00","2026-04-27 19:22:25"
"4785","244","2026-03-11 07:25:33","122.99","0.00","2026-03-11 00:00:00","2026-04-27 19:22:25"
"4786","231","2025-10-28 17:26:50","163.34","0.00","2025-10-28 00:00:00","2026-04-27 19:22:25"
"4787","214","2022-09-29 08:40:18","7.44","10.00","2022-09-29 00:00:00","2026-04-27 19:22:25"
"4788","238","2024-06-14 19:54:43","45.05","5.00","2024-06-14 00:00:00","2026-04-27 19:22:25"
"4789","233","2025-06-03 09:49:25","83.89","0.00","2025-06-03 00:00:00","2026-04-27 19:22:25"
"4790","39","2022-12-05 07:34:28","37.20","5.00","2022-12-05 00:00:00","2026-04-27 19:22:25"
"4791","135","2026-04-01 04:16:34","248.81","0.00","2026-04-01 00:00:00","2026-04-27 19:22:25"
"4792","135","2026-03-25 13:45:42","74.98","0.00","2026-03-25 00:00:00","2026-04-27 19:22:25"
"4793","12","2026-04-11 13:48:02","150.42","0.00","2026-04-11 00:00:00","2026-04-27 19:22:25"
"4794","64","2025-08-21 09:22:34","217.71","0.00","2025-08-21 00:00:00","2026-04-27 19:22:25"
"4795","117","2024-01-13 04:21:49","126.07","0.00","2024-01-13 00:00:00","2026-04-27 19:22:25"
"4796","202","2025-07-06 18:00:31","67.96","0.00","2025-07-06 00:00:00","2026-04-27 19:22:25"
"4797","162","2023-11-14 14:14:01","14.66","25.00","2023-11-14 00:00:00","2026-04-27 19:22:25"
"4798","150","2026-02-14 18:53:03","114.62","0.00","2026-02-14 00:00:00","2026-04-27 19:22:25"
"4799","268","2021-03-28 17:54:23","185.81","0.00","2021-03-28 00:00:00","2026-04-27 19:22:25"
"4800","57","2024-02-14 19:01:17","167.06","0.00","2024-02-14 00:00:00","2026-04-27 19:22:25"
"4801","263","2020-01-09 12:45:08","83.19","0.00","2020-01-09 00:00:00","2026-04-27 19:22:25"
"4802","213","2025-05-30 10:34:49","92.70","0.00","2025-05-30 00:00:00","2026-04-27 19:22:25"
"4803","59","2025-12-17 15:43:52","49.91","10.00","2025-12-17 00:00:00","2026-04-27 19:22:25"
"4804","65","2025-08-16 13:07:37","300.18","0.00","2025-08-16 00:00:00","2026-04-27 19:22:25"
"4805","207","2024-11-09 07:36:44","69.35","0.00","2024-11-09 00:00:00","2026-04-27 19:22:25"
"4806","72","2024-04-05 09:38:07","131.15","0.00","2024-04-05 00:00:00","2026-04-27 19:22:25"
"4807","151","2023-11-16 05:47:46","80.38","0.00","2023-11-16 00:00:00","2026-04-27 19:22:25"
"4808","48","2025-08-05 12:36:22","176.35","0.00","2025-08-05 00:00:00","2026-04-27 19:22:25"
"4809","84","2025-04-30 12:47:23","103.75","0.00","2025-04-30 00:00:00","2026-04-27 19:22:25"
"4810","46","2026-04-04 16:26:20","225.73","0.00","2026-04-04 00:00:00","2026-04-27 19:22:25"
"4811","276","2025-08-05 17:39:05","116.44","0.00","2025-08-05 00:00:00","2026-04-27 19:22:25"
"4812","270","2025-08-18 10:02:56","120.91","0.00","2025-08-18 00:00:00","2026-04-27 19:22:25"
"4813","257","2026-03-31 19:17:28","326.48","0.00","2026-03-31 00:00:00","2026-04-27 19:22:25"
"4814","75","2026-04-10 19:23:04","138.31","0.00","2026-04-10 00:00:00","2026-04-27 19:22:25"
"4815","214","2025-06-16 18:26:46","323.99","0.00","2025-06-16 00:00:00","2026-04-27 19:22:25"
"4816","65","2025-09-20 15:49:34","140.83","0.00","2025-09-20 00:00:00","2026-04-27 19:22:25"
"4817","23","2024-11-15 14:51:59","54.02","5.00","2024-11-15 00:00:00","2026-04-27 19:22:25"
"4818","47","2023-10-14 10:11:43","23.25","25.00","2023-10-14 00:00:00","2026-04-27 19:22:25"
"4819","253","2023-10-27 07:14:45","99.03","0.00","2023-10-27 00:00:00","2026-04-27 19:22:25"
"4820","281","2024-11-15 11:40:47","148.49","0.00","2024-11-15 00:00:00","2026-04-27 19:22:25"
"4821","297","2025-05-28 08:02:11","177.93","0.00","2025-05-28 00:00:00","2026-04-27 19:22:25"
"4822","142","2025-12-26 09:27:34","191.35","0.00","2025-12-26 00:00:00","2026-04-27 19:22:25"
"4823","36","2025-05-23 16:40:31","36.46","5.00","2025-05-23 00:00:00","2026-04-27 19:22:25"
"4824","99","2025-10-18 09:58:04","78.02","0.00","2025-10-18 00:00:00","2026-04-27 19:22:25"
"4825","24","2022-07-09 18:10:13","109.35","0.00","2022-07-09 00:00:00","2026-04-27 19:22:25"
"4826","7","2025-10-30 07:55:55","89.46","0.00","2025-10-30 00:00:00","2026-04-27 19:22:25"
"4827","243","2025-04-30 09:52:46","314.46","0.00","2025-04-30 00:00:00","2026-04-27 19:22:25"
"4828","159","2025-02-25 19:55:46","220.41","0.00","2025-02-25 00:00:00","2026-04-27 19:22:25"
"4829","223","2023-03-12 14:49:44","135.28","0.00","2023-03-12 00:00:00","2026-04-27 19:22:25"
"4830","61","2026-01-01 10:29:16","225.68","0.00","2026-01-01 00:00:00","2026-04-27 19:22:25"
"4831","99","2025-07-06 03:44:18","49.20","10.00","2025-07-06 00:00:00","2026-04-27 19:22:25"
"4832","192","2024-08-24 17:55:12","19.08","25.00","2024-08-24 00:00:00","2026-04-27 19:22:25"
"4833","276","2025-08-13 19:42:43","26.65","10.00","2025-08-13 00:00:00","2026-04-27 19:22:25"
"4834","267","2023-07-22 15:53:57","361.98","0.00","2023-07-22 00:00:00","2026-04-27 19:22:25"
"4835","14","2022-08-05 17:10:47","165.31","0.00","2022-08-05 00:00:00","2026-04-27 19:22:25"
"4836","188","2026-03-08 16:54:42","106.95","0.00","2026-03-08 00:00:00","2026-04-27 19:22:25"
"4837","12","2023-10-27 08:01:44","269.71","0.00","2023-10-27 00:00:00","2026-04-27 19:22:25"
"4838","49","2023-10-02 08:41:35","172.44","0.00","2023-10-02 00:00:00","2026-04-27 19:22:25"
"4839","267","2023-03-05 07:01:15","60.20","0.00","2023-03-05 00:00:00","2026-04-27 19:22:25"
"4840","56","2024-12-01 12:47:04","180.42","0.00","2024-12-01 00:00:00","2026-04-27 19:22:25"
"4841","152","2023-07-24 18:02:48","65.52","0.00","2023-07-24 00:00:00","2026-04-27 19:22:25"
"4842","62","2025-12-16 08:09:26","196.57","0.00","2025-12-16 00:00:00","2026-04-27 19:22:25"
"4843","4","2024-09-14 07:51:07","191.74","0.00","2024-09-14 00:00:00","2026-04-27 19:22:25"
"4844","78","2026-03-29 19:22:10","144.06","0.00","2026-03-29 00:00:00","2026-04-27 19:22:25"
"4845","189","2025-12-05 07:20:38","249.68","0.00","2025-12-05 00:00:00","2026-04-27 19:22:25"
"4846","205","2022-06-05 19:02:29","17.20","10.00","2022-06-05 00:00:00","2026-04-27 19:22:25"
"4847","189","2026-01-31 12:05:47","75.00","0.00","2026-01-31 00:00:00","2026-04-27 19:22:25"
"4848","222","2023-09-19 07:44:11","220.33","0.00","2023-09-19 00:00:00","2026-04-27 19:22:25"
"4849","210","2025-10-18 09:42:40","25.67","10.00","2025-10-18 00:00:00","2026-04-27 19:22:25"
"4850","98","2022-06-07 11:57:25","236.65","0.00","2022-06-07 00:00:00","2026-04-27 19:22:25"
"4851","41","2025-08-23 17:17:05","133.61","0.00","2025-08-23 00:00:00","2026-04-27 19:22:25"
"4852","55","2026-01-30 16:41:23","74.92","5.00","2026-01-30 00:00:00","2026-04-27 19:22:25"
"4853","126","2023-05-29 09:51:52","142.95","0.00","2023-05-29 00:00:00","2026-04-27 19:22:25"
"4854","227","2026-03-28 08:05:55","22.99","10.00","2026-03-28 00:00:00","2026-04-27 19:22:25"
"4855","259","2026-03-01 19:40:31","185.82","0.00","2026-03-01 00:00:00","2026-04-27 19:22:25"
"4856","250","2022-09-16 09:17:09","179.20","0.00","2022-09-16 00:00:00","2026-04-27 19:22:25"
"4857","1","2025-12-17 09:36:40","93.70","0.00","2025-12-17 00:00:00","2026-04-27 19:22:25"
"4858","196","2025-11-11 15:24:15","37.29","5.00","2025-11-11 00:00:00","2026-04-27 19:22:25"
"4859","96","2025-05-25 15:28:46","50.85","0.00","2025-05-25 00:00:00","2026-04-27 19:22:25"
"4860","183","2023-07-25 19:20:54","217.10","0.00","2023-07-25 00:00:00","2026-04-27 19:22:25"
"4861","77","2024-11-19 16:55:34","316.68","0.00","2024-11-19 00:00:00","2026-04-27 19:22:25"
"4862","139","2024-07-11 10:44:34","103.61","0.00","2024-07-11 00:00:00","2026-04-27 19:22:25"
"4863","40","2025-12-26 08:01:39","132.78","0.00","2025-12-26 00:00:00","2026-04-27 19:22:25"
"4864","162","2023-01-30 19:14:20","99.68","0.00","2023-01-30 00:00:00","2026-04-27 19:22:25"
"4865","280","2025-02-26 03:44:16","4.42","25.00","2025-02-26 00:00:00","2026-04-27 19:22:25"
"4866","109","2024-08-31 19:22:56","162.25","0.00","2024-08-31 00:00:00","2026-04-27 19:22:25"
"4867","255","2022-06-29 07:29:47","48.22","5.00","2022-06-29 00:00:00","2026-04-27 19:22:25"
"4868","167","2025-01-22 11:03:59","130.71","0.00","2025-01-22 00:00:00","2026-04-27 19:22:25"
"4869","229","2026-04-13 07:50:44","92.73","0.00","2026-04-13 00:00:00","2026-04-27 19:22:25"
"4870","54","2024-10-06 14:40:07","67.00","5.00","2024-10-06 00:00:00","2026-04-27 19:22:25"
"4871","282","2025-10-10 07:55:26","271.26","0.00","2025-10-10 00:00:00","2026-04-27 19:22:25"
"4872","198","2026-04-11 17:35:40","18.69","25.00","2026-04-11 00:00:00","2026-04-27 19:22:25"
"4873","267","2024-05-04 19:52:36","14.60","10.00","2024-05-04 00:00:00","2026-04-27 19:22:25"
"4874","17","2023-08-19 11:36:35","61.60","5.00","2023-08-19 00:00:00","2026-04-27 19:22:25"
"4875","226","2025-11-17 18:55:01","74.28","0.00","2025-11-17 00:00:00","2026-04-27 19:22:25"
"4876","237","2026-02-13 16:17:28","29.44","5.00","2026-02-13 00:00:00","2026-04-27 19:22:25"
"4877","34","2025-05-30 10:35:55","91.17","0.00","2025-05-30 00:00:00","2026-04-27 19:22:25"
"4878","92","2025-03-13 08:56:40","140.84","0.00","2025-03-13 00:00:00","2026-04-27 19:22:25"
"4879","12","2023-03-24 16:30:43","52.14","0.00","2023-03-24 00:00:00","2026-04-27 19:22:25"
"4880","43","2025-08-24 12:52:44","16.16","25.00","2025-08-24 00:00:00","2026-04-27 19:22:25"
"4881","286","2025-04-04 10:59:52","144.78","0.00","2025-04-04 00:00:00","2026-04-27 19:22:25"
"4882","53","2025-04-08 13:42:23","143.12","0.00","2025-04-08 00:00:00","2026-04-27 19:22:25"
"4883","213","2026-01-30 01:20:02","125.52","0.00","2026-01-30 00:00:00","2026-04-27 19:22:25"
"4884","62","2025-04-29 15:26:32","347.41","0.00","2025-04-29 00:00:00","2026-04-27 19:22:25"
"4885","209","2026-03-30 19:02:11","50.63","5.00","2026-03-30 00:00:00","2026-04-27 19:22:25"
"4886","44","2026-03-19 08:58:12","67.65","0.00","2026-03-19 00:00:00","2026-04-27 19:22:25"
"4887","213","2024-09-11 18:52:51","246.24","0.00","2024-09-11 00:00:00","2026-04-27 19:22:25"
"4888","40","2026-03-08 03:47:23","132.45","0.00","2026-03-08 00:00:00","2026-04-27 19:22:25"
"4889","214","2024-12-12 17:54:22","80.70","0.00","2024-12-12 00:00:00","2026-04-27 19:22:25"
"4890","289","2025-10-16 15:24:22","20.48","10.00","2025-10-16 00:00:00","2026-04-27 19:22:25"
"4891","265","2025-06-30 08:14:40","156.87","0.00","2025-06-30 00:00:00","2026-04-27 19:22:25"
"4892","23","2025-12-23 08:21:26","285.50","0.00","2025-12-23 00:00:00","2026-04-27 19:22:25"
"4893","208","2025-02-15 15:02:40","48.27","10.00","2025-02-15 00:00:00","2026-04-27 19:22:25"
"4894","281","2025-10-23 11:54:11","71.26","0.00","2025-10-23 00:00:00","2026-04-27 19:22:25"
"4895","196","2026-01-11 17:48:54","45.31","5.00","2026-01-11 00:00:00","2026-04-27 19:22:25"
"4896","4","2022-11-29 16:01:10","141.98","0.00","2022-11-29 00:00:00","2026-04-27 19:22:25"
"4897","117","2025-06-23 09:40:00","32.40","5.00","2025-06-23 00:00:00","2026-04-27 19:22:25"
"4898","31","2023-08-25 10:15:04","54.20","5.00","2023-08-25 00:00:00","2026-04-27 19:22:25"
"4899","92","2025-07-11 17:57:33","3.52","25.00","2025-07-11 00:00:00","2026-04-27 19:22:25"
"4900","189","2025-01-01 04:25:20","180.88","0.00","2025-01-01 00:00:00","2026-04-27 19:22:25"
"4901","216","2025-01-02 10:04:10","13.95","10.00","2025-01-02 00:00:00","2026-04-27 19:22:25"
"4902","171","2025-09-28 01:42:46","122.62","0.00","2025-09-28 00:00:00","2026-04-27 19:22:25"
"4903","285","2024-02-12 08:14:53","237.57","0.00","2024-02-12 00:00:00","2026-04-27 19:22:25"
"4904","181","2022-10-22 03:35:33","61.17","0.00","2022-10-22 00:00:00","2026-04-27 19:22:25"
"4905","206","2024-02-12 08:58:08","289.10","0.00","2024-02-12 00:00:00","2026-04-27 19:22:25"
"4906","183","2024-09-03 07:40:23","28.02","5.00","2024-09-03 00:00:00","2026-04-27 19:22:25"
"4907","299","2024-02-06 07:11:21","7.27","10.00","2024-02-06 00:00:00","2026-04-27 19:22:25"
"4908","131","2024-07-02 19:11:02","299.07","0.00","2024-07-02 00:00:00","2026-04-27 19:22:25"
"4909","284","2025-04-28 08:21:14","73.01","0.00","2025-04-28 00:00:00","2026-04-27 19:22:25"
"4910","9","2024-09-18 18:42:06","194.24","0.00","2024-09-18 00:00:00","2026-04-27 19:22:25"
"4911","98","2025-08-15 18:54:02","84.44","0.00","2025-08-15 00:00:00","2026-04-27 19:22:25"
"4912","85","2025-05-15 12:40:43","209.85","0.00","2025-05-15 00:00:00","2026-04-27 19:22:25"
"4913","274","2023-01-09 05:16:57","17.52","10.00","2023-01-09 00:00:00","2026-04-27 19:22:25"
"4914","228","2025-01-05 09:42:14","137.45","0.00","2025-01-05 00:00:00","2026-04-27 19:22:25"
"4915","286","2025-01-30 18:51:44","9.74","10.00","2025-01-30 00:00:00","2026-04-27 19:22:25"
"4916","285","2023-06-26 16:33:55","104.20","0.00","2023-06-26 00:00:00","2026-04-27 19:22:25"
"4917","165","2025-04-20 08:08:16","69.89","0.00","2025-04-20 00:00:00","2026-04-27 19:22:25"
"4918","75","2026-03-28 05:21:16","42.10","5.00","2026-03-28 00:00:00","2026-04-27 19:22:25"
"4919","183","2024-11-20 16:12:10","144.28","0.00","2024-11-20 00:00:00","2026-04-27 19:22:25"
"4920","109","2025-01-10 19:41:42","50.28","5.00","2025-01-10 00:00:00","2026-04-27 19:22:25"
"4921","144","2020-07-01 11:26:44","139.95","0.00","2020-07-01 00:00:00","2026-04-27 19:22:25"
"4922","255","2024-05-29 15:47:16","347.06","0.00","2024-05-29 00:00:00","2026-04-27 19:22:25"
"4923","46","2025-12-12 07:42:04","149.72","0.00","2025-12-12 00:00:00","2026-04-27 19:22:25"
"4924","157","2021-09-08 10:25:02","25.95","5.00","2021-09-08 00:00:00","2026-04-27 19:22:25"
"4925","147","2022-01-01 08:00:40","63.52","0.00","2022-01-01 00:00:00","2026-04-27 19:22:25"
"4926","234","2024-07-01 15:42:59","119.84","0.00","2024-07-01 00:00:00","2026-04-27 19:22:25"
"4927","54","2024-10-30 08:31:23","65.44","5.00","2024-10-30 00:00:00","2026-04-27 19:22:25"
"4928","172","2025-07-14 15:52:35","230.75","0.00","2025-07-14 00:00:00","2026-04-27 19:22:25"
"4929","96","2026-02-13 11:36:34","156.18","0.00","2026-02-13 00:00:00","2026-04-27 19:22:25"
"4930","37","2023-12-30 14:16:54","41.85","10.00","2023-12-30 00:00:00","2026-04-27 19:22:25"
"4931","173","2025-07-11 09:05:58","170.55","0.00","2025-07-11 00:00:00","2026-04-27 19:22:25"
"4932","233","2025-06-28 19:13:06","113.18","0.00","2025-06-28 00:00:00","2026-04-27 19:22:25"
"4933","11","2026-03-16 08:53:53","25.16","5.00","2026-03-16 00:00:00","2026-04-27 19:22:25"
"4934","174","2025-07-31 09:14:40","31.56","5.00","2025-07-31 00:00:00","2026-04-27 19:22:25"
"4935","256","2025-07-06 07:00:27","133.35","0.00","2025-07-06 00:00:00","2026-04-27 19:22:25"
"4936","157","2020-09-18 18:22:26","104.88","0.00","2020-09-18 00:00:00","2026-04-27 19:22:25"
"4937","131","2024-12-20 19:42:34","33.03","10.00","2024-12-20 00:00:00","2026-04-27 19:22:25"
"4938","11","2025-10-25 09:57:35","130.50","0.00","2025-10-25 00:00:00","2026-04-27 19:22:25"
"4939","19","2025-11-01 17:14:07","53.24","0.00","2025-11-01 00:00:00","2026-04-27 19:22:25"
"4940","223","2025-01-10 01:56:14","148.72","0.00","2025-01-10 00:00:00","2026-04-27 19:22:25"
"4941","178","2022-11-27 12:59:14","113.46","0.00","2022-11-27 00:00:00","2026-04-27 19:22:25"
"4942","297","2025-08-07 14:34:32","138.36","0.00","2025-08-07 00:00:00","2026-04-27 19:22:25"
"4943","242","2023-03-03 08:01:07","11.01","10.00","2023-03-03 00:00:00","2026-04-27 19:22:25"
"4944","116","2026-02-20 15:59:20","23.12","25.00","2026-02-20 00:00:00","2026-04-27 19:22:25"
"4945","168","2026-03-28 09:33:37","117.61","0.00","2026-03-28 00:00:00","2026-04-27 19:22:25"
"4946","14","2024-09-05 12:11:03","127.02","0.00","2024-09-05 00:00:00","2026-04-27 19:22:25"
"4947","123","2025-05-17 08:44:16","147.82","0.00","2025-05-17 00:00:00","2026-04-27 19:22:25"
"4948","224","2021-05-04 10:49:54","104.86","0.00","2021-05-04 00:00:00","2026-04-27 19:22:25"
"4949","12","2025-04-06 15:33:10","71.30","0.00","2025-04-06 00:00:00","2026-04-27 19:22:25"
"4950","49","2023-08-03 14:34:34","78.21","0.00","2023-08-03 00:00:00","2026-04-27 19:22:25"
"4951","231","2024-04-07 11:12:37","203.13","0.00","2024-04-07 00:00:00","2026-04-27 19:22:25"
"4952","190","2026-04-13 15:12:25","20.28","25.00","2026-04-13 00:00:00","2026-04-27 19:22:25"
"4953","57","2024-07-15 14:38:50","107.84","0.00","2024-07-15 00:00:00","2026-04-27 19:22:25"
"4954","107","2025-05-27 18:16:56","55.99","0.00","2025-05-27 00:00:00","2026-04-27 19:22:25"
"4955","80","2024-07-07 09:25:02","181.71","0.00","2024-07-07 00:00:00","2026-04-27 19:22:25"
"4956","12","2025-07-22 07:31:27","177.40","0.00","2025-07-22 00:00:00","2026-04-27 19:22:25"
"4957","197","2024-07-06 09:16:07","232.68","0.00","2024-07-06 00:00:00","2026-04-27 19:22:25"
"4958","162","2021-03-22 07:51:06","186.66","0.00","2021-03-22 00:00:00","2026-04-27 19:22:25"
"4959","182","2025-08-05 09:07:22","130.38","0.00","2025-08-05 00:00:00","2026-04-27 19:22:25"
"4960","261","2023-04-02 15:02:38","61.95","0.00","2023-04-02 00:00:00","2026-04-27 19:22:25"
"4961","69","2025-04-04 15:31:55","231.03","0.00","2025-04-04 00:00:00","2026-04-27 19:22:25"
"4962","83","2025-10-05 14:57:31","17.82","10.00","2025-10-05 00:00:00","2026-04-27 19:22:25"
"4963","234","2024-07-27 08:24:32","160.54","0.00","2024-07-27 00:00:00","2026-04-27 19:22:25"
"4964","294","2024-05-10 15:29:45","267.37","0.00","2024-05-10 00:00:00","2026-04-27 19:22:25"
"4965","77","2024-11-22 14:15:55","111.45","0.00","2024-11-22 00:00:00","2026-04-27 19:22:25"
"4966","113","2026-04-04 08:46:42","9.00","25.00","2026-04-04 00:00:00","2026-04-27 19:22:25"
"4967","64","2025-07-20 11:05:55","349.92","0.00","2025-07-20 00:00:00","2026-04-27 19:22:25"
"4968","163","2025-11-23 19:30:52","83.61","0.00","2025-11-23 00:00:00","2026-04-27 19:22:25"
"4969","39","2023-01-13 09:45:17","269.60","0.00","2023-01-13 00:00:00","2026-04-27 19:22:25"
"4970","149","2026-02-09 11:06:07","91.07","0.00","2026-02-09 00:00:00","2026-04-27 19:22:25"
"4971","78","2026-04-01 10:16:20","120.43","0.00","2026-04-01 00:00:00","2026-04-27 19:22:25"
"4972","92","2026-02-05 09:50:03","212.92","0.00","2026-02-05 00:00:00","2026-04-27 19:22:25"
"4973","19","2026-02-15 07:56:04","136.92","0.00","2026-02-15 00:00:00","2026-04-27 19:22:25"
"4974","7","2025-10-18 14:48:33","123.12","0.00","2025-10-18 00:00:00","2026-04-27 19:22:25"
"4975","44","2026-03-16 13:35:52","118.58","0.00","2026-03-16 00:00:00","2026-04-27 19:22:25"
"4976","19","2026-01-04 12:31:54","168.42","0.00","2026-01-04 00:00:00","2026-04-27 19:22:25"
"4977","34","2025-11-10 07:10:06","23.32","10.00","2025-11-10 00:00:00","2026-04-27 19:22:25"
"4978","300","2022-09-12 18:13:32","138.03","0.00","2022-09-12 00:00:00","2026-04-27 19:22:25"
"4979","266","2026-03-08 15:42:48","244.70","0.00","2026-03-08 00:00:00","2026-04-27 19:22:25"
"4980","64","2025-05-16 08:17:31","156.15","0.00","2025-05-16 00:00:00","2026-04-27 19:22:25"
"4981","54","2025-09-21 08:49:16","310.47","0.00","2025-09-21 00:00:00","2026-04-27 19:22:25"
"4982","144","2020-05-29 08:18:28","222.20","0.00","2020-05-29 00:00:00","2026-04-27 19:22:25"
"4983","269","2025-04-12 18:03:35","104.05","0.00","2025-04-12 00:00:00","2026-04-27 19:22:25"
"4984","129","2022-03-11 08:45:28","108.83","0.00","2022-03-11 00:00:00","2026-04-27 19:22:25"
"4985","154","2024-11-04 19:24:15","71.07","0.00","2024-11-04 00:00:00","2026-04-27 19:22:25"
"4986","127","2026-02-06 17:15:08","92.14","0.00","2026-02-06 00:00:00","2026-04-27 19:22:25"
"4987","4","2025-09-08 07:38:38","99.92","0.00","2025-09-08 00:00:00","2026-04-27 19:22:25"
"4988","32","2022-05-18 14:29:06","24.15","25.00","2022-05-18 00:00:00","2026-04-27 19:22:25"
"4989","27","2023-11-27 18:03:48","233.05","0.00","2023-11-27 00:00:00","2026-04-27 19:22:25"
"4990","50","2024-04-17 00:48:37","18.52","10.00","2024-04-17 00:00:00","2026-04-27 19:22:25"
"4991","237","2026-03-09 07:29:29","150.99","0.00","2026-03-09 00:00:00","2026-04-27 19:22:25"
"4992","90","2025-11-01 07:49:25","137.11","0.00","2025-11-01 00:00:00","2026-04-27 19:22:25"
"4993","13","2025-09-08 09:09:55","55.36","5.00","2025-09-08 00:00:00","2026-04-27 19:22:25"
"4994","281","2025-11-27 18:58:14","322.10","0.00","2025-11-27 00:00:00","2026-04-27 19:22:25"
"4995","258","2024-12-02 18:06:07","349.77","0.00","2024-12-02 00:00:00","2026-04-27 19:22:25"
"4996","17","2025-01-20 10:29:14","74.36","5.00","2025-01-20 00:00:00","2026-04-27 19:22:25"
"4997","253","2024-08-21 03:32:20","132.74","0.00","2024-08-21 00:00:00","2026-04-27 19:22:25"
"4998","119","2025-01-28 12:53:49","230.56","0.00","2025-01-28 00:00:00","2026-04-27 19:22:25"
"4999","201","2026-01-12 19:19:46","180.49","0.00","2026-01-12 00:00:00","2026-04-27 19:22:25"
"5000","263","2019-12-30 08:58:59","175.39","0.00","2019-12-30 00:00:00","2026-04-27 19:22:25"
"5001","152","2023-10-25 13:28:23","29.64","5.00","2023-10-25 00:00:00","2026-04-27 19:22:25"
"5002","297","2025-05-23 14:49:40","229.49","0.00","2025-05-23 00:00:00","2026-04-27 19:22:25"
"5003","255","2024-09-17 09:44:07","43.41","5.00","2024-09-17 00:00:00","2026-04-27 19:22:25"
"5004","162","2023-06-11 17:25:54","29.56","10.00","2023-06-11 00:00:00","2026-04-27 19:22:25"
"5005","123","2024-08-22 14:40:57","70.71","5.00","2024-08-22 00:00:00","2026-04-27 19:22:25"
"5006","249","2024-07-18 03:51:36","19.42","10.00","2024-07-18 00:00:00","2026-04-27 19:22:25"
"5007","124","2026-03-04 16:35:08","167.36","0.00","2026-03-04 00:00:00","2026-04-27 19:22:25"
"5008","38","2022-05-27 09:41:03","76.45","0.00","2022-05-27 00:00:00","2026-04-27 19:22:25"
"5009","284","2023-11-28 10:31:27","184.36","0.00","2023-11-28 00:00:00","2026-04-27 19:22:25"
"5010","145","2025-04-06 07:37:11","124.35","0.00","2025-04-06 00:00:00","2026-04-27 19:22:25"
"5011","279","2026-03-31 17:36:45","158.40","0.00","2026-03-31 00:00:00","2026-04-27 19:22:25"
"5012","175","2024-06-05 08:13:46","113.10","0.00","2024-06-05 00:00:00","2026-04-27 19:22:25"
"5013","212","2022-09-24 15:26:24","50.75","0.00","2022-09-24 00:00:00","2026-04-27 19:22:25"
"5014","43","2024-02-16 09:26:03","320.69","0.00","2024-02-16 00:00:00","2026-04-27 19:22:25"
"5015","140","2026-03-31 09:13:22","272.47","0.00","2026-03-31 00:00:00","2026-04-27 19:22:25"
"5016","87","2026-03-02 19:53:45","132.34","0.00","2026-03-02 00:00:00","2026-04-27 19:22:25"
"5017","87","2026-01-25 13:14:16","108.48","0.00","2026-01-25 00:00:00","2026-04-27 19:22:25"
"5018","179","2023-03-31 07:01:18","270.39","0.00","2023-03-31 00:00:00","2026-04-27 19:22:25"
"5019","65","2025-07-03 13:14:15","77.05","0.00","2025-07-03 00:00:00","2026-04-27 19:22:25"
"5020","283","2022-01-18 19:04:33","92.03","0.00","2022-01-18 00:00:00","2026-04-27 19:22:25"
"5021","299","2023-12-07 12:25:23","309.40","0.00","2023-12-07 00:00:00","2026-04-27 19:22:25"
"5022","75","2025-12-22 07:47:57","194.83","0.00","2025-12-22 00:00:00","2026-04-27 19:22:25"
"5023","196","2025-12-21 12:01:20","91.94","0.00","2025-12-21 00:00:00","2026-04-27 19:22:25"
"5024","86","2025-04-07 08:26:35","327.97","0.00","2025-04-07 00:00:00","2026-04-27 19:22:25"
"5025","79","2026-02-05 09:03:05","173.43","0.00","2026-02-05 00:00:00","2026-04-27 19:22:25"
"5026","210","2026-04-06 10:38:55","33.06","10.00","2026-04-06 00:00:00","2026-04-27 19:22:25"
"5027","267","2024-09-06 09:56:54","50.36","0.00","2024-09-06 00:00:00","2026-04-27 19:22:25"
"5028","154","2024-04-25 08:14:47","21.58","10.00","2024-04-25 00:00:00","2026-04-27 19:22:25"
"5029","267","2023-07-19 19:54:43","83.18","0.00","2023-07-19 00:00:00","2026-04-27 19:22:25"
"5030","168","2026-03-09 07:43:07","8.44","10.00","2026-03-09 00:00:00","2026-04-27 19:22:25"
"5031","31","2022-02-14 18:54:00","205.25","0.00","2022-02-14 00:00:00","2026-04-27 19:22:25"
"5032","32","2024-05-16 15:57:00","114.08","0.00","2024-05-16 00:00:00","2026-04-27 19:22:25"
"5033","127","2026-02-21 18:42:01","107.38","0.00","2026-02-21 00:00:00","2026-04-27 19:22:25"
"5034","264","2025-09-25 19:51:20","204.25","0.00","2025-09-25 00:00:00","2026-04-27 19:22:25"
"5035","151","2023-09-03 16:45:54","240.46","0.00","2023-09-03 00:00:00","2026-04-27 19:22:25"
"5036","32","2024-02-09 17:45:38","221.65","0.00","2024-02-09 00:00:00","2026-04-27 19:22:25"
"5037","233","2025-04-17 09:10:00","71.93","5.00","2025-04-17 00:00:00","2026-04-27 19:22:25"
"5038","57","2023-03-08 17:05:10","27.12","5.00","2023-03-08 00:00:00","2026-04-27 19:22:25"
"5039","268","2024-07-16 07:33:34","84.44","0.00","2024-07-16 00:00:00","2026-04-27 19:22:25"
"5040","74","2023-11-11 13:05:26","170.61","0.00","2023-11-11 00:00:00","2026-04-27 19:22:25"
"5041","31","2023-02-20 09:08:13","147.92","0.00","2023-02-20 00:00:00","2026-04-27 19:22:25"
"5042","205","2019-11-02 03:24:42","56.14","0.00","2019-11-02 00:00:00","2026-04-27 19:22:25"
"5043","64","2025-08-27 16:15:16","292.96","0.00","2025-08-27 00:00:00","2026-04-27 19:22:25"
"5044","84","2025-02-25 10:44:25","128.07","0.00","2025-02-25 00:00:00","2026-04-27 19:22:25"
"5045","296","2025-05-18 09:32:41","193.15","0.00","2025-05-18 00:00:00","2026-04-27 19:22:25"
"5046","102","2022-02-10 02:41:31","107.96","0.00","2022-02-10 00:00:00","2026-04-27 19:22:25"
"5047","73","2025-07-16 12:31:53","31.65","5.00","2025-07-16 00:00:00","2026-04-27 19:22:25"
"5048","189","2026-04-01 08:23:52","49.10","10.00","2026-04-01 00:00:00","2026-04-27 19:22:25"
"5049","109","2026-01-17 13:14:06","287.39","0.00","2026-01-17 00:00:00","2026-04-27 19:22:25"
"5050","179","2025-09-30 09:57:28","0.00","0.00","2025-09-30 00:00:00","2026-04-27 19:22:25"
"5051","253","2024-07-20 12:40:35","78.68","0.00","2024-07-20 00:00:00","2026-04-27 19:22:25"
"5052","73","2026-01-17 03:13:27","138.27","0.00","2026-01-17 00:00:00","2026-04-27 19:22:25"
"5053","250","2022-11-20 14:38:47","6.32","25.00","2022-11-20 00:00:00","2026-04-27 19:22:25"
"5054","210","2025-12-10 17:40:09","128.32","0.00","2025-12-10 00:00:00","2026-04-27 19:22:25"
"5055","65","2025-09-11 09:08:48","91.23","0.00","2025-09-11 00:00:00","2026-04-27 19:22:25"
"5056","299","2025-04-28 08:30:01","109.15","0.00","2025-04-28 00:00:00","2026-04-27 19:22:25"
"5057","29","2025-04-28 17:10:32","123.23","0.00","2025-04-28 00:00:00","2026-04-27 19:22:25"
"5058","29","2025-09-18 14:26:56","113.67","0.00","2025-09-18 00:00:00","2026-04-27 19:22:25"
"5059","71","2025-05-02 12:51:37","78.47","0.00","2025-05-02 00:00:00","2026-04-27 19:22:25"
"5060","100","2025-11-16 10:30:22","41.56","5.00","2025-11-16 00:00:00","2026-04-27 19:22:25"
"5061","102","2022-09-01 15:51:33","56.92","5.00","2022-09-01 00:00:00","2026-04-27 19:22:25"
"5062","238","2024-08-05 15:10:07","205.45","0.00","2024-08-05 00:00:00","2026-04-27 19:22:25"
"5063","251","2026-03-24 11:26:42","233.76","0.00","2026-03-24 00:00:00","2026-04-27 19:22:25"
"5064","280","2024-11-15 11:06:59","26.05","10.00","2024-11-15 00:00:00","2026-04-27 19:22:25"
"5065","228","2025-10-03 09:08:58","290.98","0.00","2025-10-03 00:00:00","2026-04-27 19:22:25"
"5066","283","2021-07-02 11:24:40","116.98","0.00","2021-07-02 00:00:00","2026-04-27 19:22:25"
"5067","166","2023-09-16 16:46:59","164.05","0.00","2023-09-16 00:00:00","2026-04-27 19:22:25"
"5068","18","2025-11-13 10:23:50","40.72","5.00","2025-11-13 00:00:00","2026-04-27 19:22:25"
"5069","290","2022-06-17 15:51:32","11.24","10.00","2022-06-17 00:00:00","2026-04-27 19:22:25"
"5070","124","2022-06-26 18:10:09","77.76","0.00","2022-06-26 00:00:00","2026-04-27 19:22:25"
"5071","286","2024-08-22 10:09:46","8.95","10.00","2024-08-22 00:00:00","2026-04-27 19:22:25"
"5072","112","2025-11-27 16:51:27","255.10","0.00","2025-11-27 00:00:00","2026-04-27 19:22:25"
"5073","162","2026-02-10 09:46:26","36.21","10.00","2026-02-10 00:00:00","2026-04-27 19:22:25"
"5074","24","2022-07-18 08:07:34","87.12","0.00","2022-07-18 00:00:00","2026-04-27 19:22:25"
"5075","166","2025-07-03 17:08:33","109.89","0.00","2025-07-03 00:00:00","2026-04-27 19:22:25"
"5076","296","2024-02-13 12:05:42","290.96","0.00","2024-02-13 00:00:00","2026-04-27 19:22:25"
"5077","145","2025-04-04 13:40:25","42.24","10.00","2025-04-04 00:00:00","2026-04-27 19:22:25"
"5078","114","2023-06-17 12:04:32","116.64","0.00","2023-06-17 00:00:00","2026-04-27 19:22:25"
"5079","40","2026-01-30 17:21:32","191.91","0.00","2026-01-30 00:00:00","2026-04-27 19:22:25"
"5080","132","2022-05-10 08:43:23","160.13","0.00","2022-05-10 00:00:00","2026-04-27 19:22:25"
"5081","80","2025-02-08 09:00:02","132.19","0.00","2025-02-08 00:00:00","2026-04-27 19:22:25"
"5082","144","2020-06-21 16:58:48","158.45","0.00","2020-06-21 00:00:00","2026-04-27 19:22:25"
"5083","37","2024-02-23 12:41:48","74.35","5.00","2024-02-23 00:00:00","2026-04-27 19:22:25"
"5084","44","2026-03-31 08:01:36","172.10","0.00","2026-03-31 00:00:00","2026-04-27 19:22:25"
"5085","244","2025-05-19 11:51:45","25.04","5.00","2025-05-19 00:00:00","2026-04-27 19:22:25"
"5086","61","2025-11-11 17:17:04","50.02","0.00","2025-11-11 00:00:00","2026-04-27 19:22:25"
"5087","64","2025-08-23 13:02:16","192.00","0.00","2025-08-23 00:00:00","2026-04-27 19:22:25"
"5088","158","2026-01-17 14:35:32","163.79","0.00","2026-01-17 00:00:00","2026-04-27 19:22:25"
"5089","146","2025-06-26 09:38:46","201.62","0.00","2025-06-26 00:00:00","2026-04-27 19:22:25"
"5090","75","2026-02-13 09:28:41","157.13","0.00","2026-02-13 00:00:00","2026-04-27 19:22:25"
"5091","15","2023-01-26 10:22:35","292.18","0.00","2023-01-26 00:00:00","2026-04-27 19:22:25"
"5092","68","2026-03-13 09:25:50","177.07","0.00","2026-03-13 00:00:00","2026-04-27 19:22:25"
"5093","110","2025-09-03 09:56:05","206.85","0.00","2025-09-03 00:00:00","2026-04-27 19:22:25"
"5094","5","2026-01-23 07:07:51","171.22","0.00","2026-01-23 00:00:00","2026-04-27 19:22:25"
"5095","73","2023-12-22 08:39:16","173.57","0.00","2023-12-22 00:00:00","2026-04-27 19:22:25"
"5096","294","2023-09-06 12:00:14","150.28","0.00","2023-09-06 00:00:00","2026-04-27 19:22:25"
"5097","139","2025-08-18 14:31:15","73.03","0.00","2025-08-18 00:00:00","2026-04-27 19:22:25"
"5098","72","2024-10-17 03:26:50","27.36","5.00","2024-10-17 00:00:00","2026-04-27 19:22:25"
"5099","250","2022-01-29 08:35:16","295.21","0.00","2022-01-29 00:00:00","2026-04-27 19:22:25"
"5100","265","2024-01-31 09:03:48","38.08","5.00","2024-01-31 00:00:00","2026-04-27 19:22:25"
"5101","189","2024-05-20 01:27:26","111.62","0.00","2024-05-20 00:00:00","2026-04-27 19:22:25"
"5102","261","2025-11-10 07:49:29","144.61","0.00","2025-11-10 00:00:00","2026-04-27 19:22:25"
"5103","274","2022-01-20 16:57:58","62.25","0.00","2022-01-20 00:00:00","2026-04-27 19:22:25"
"5104","212","2022-11-05 07:20:31","30.02","5.00","2022-11-05 00:00:00","2026-04-27 19:22:25"
"5105","129","2024-03-14 14:14:58","30.95","5.00","2024-03-14 00:00:00","2026-04-27 19:22:25"
"5106","253","2024-09-21 17:11:49","163.17","0.00","2024-09-21 00:00:00","2026-04-27 19:22:25"
"5107","107","2025-02-24 12:38:26","186.65","0.00","2025-02-24 00:00:00","2026-04-27 19:22:25"
"5108","128","2023-03-31 12:09:08","233.46","0.00","2023-03-31 00:00:00","2026-04-27 19:22:25"
"5109","293","2025-06-25 17:04:04","1.99","10.00","2025-06-25 00:00:00","2026-04-27 19:22:25"
"5110","225","2025-10-28 15:11:23","38.87","5.00","2025-10-28 00:00:00","2026-04-27 19:22:25"
"5111","41","2023-11-25 17:28:11","380.45","0.00","2023-11-25 00:00:00","2026-04-27 19:22:25"
"5112","113","2025-11-23 12:20:05","100.62","0.00","2025-11-23 00:00:00","2026-04-27 19:22:25"
"5113","31","2023-03-08 18:56:09","362.87","0.00","2023-03-08 00:00:00","2026-04-27 19:22:25"
"5114","272","2025-04-01 07:26:46","129.84","0.00","2025-04-01 00:00:00","2026-04-27 19:22:25"
"5115","57","2025-07-10 08:36:27","133.75","0.00","2025-07-10 00:00:00","2026-04-27 19:22:25"
"5116","170","2023-01-25 10:55:24","105.63","0.00","2023-01-25 00:00:00","2026-04-27 19:22:25"
"5117","2","2023-10-16 10:17:28","119.17","0.00","2023-10-16 00:00:00","2026-04-27 19:22:25"
"5118","69","2025-03-20 18:59:21","153.36","0.00","2025-03-20 00:00:00","2026-04-27 19:22:25"
"5119","238","2025-10-08 09:50:35","56.94","0.00","2025-10-08 00:00:00","2026-04-27 19:22:25"
"5120","186","2026-03-08 12:08:53","40.75","5.00","2026-03-08 00:00:00","2026-04-27 19:22:25"
"5121","223","2023-11-09 13:51:09","149.71","0.00","2023-11-09 00:00:00","2026-04-27 19:22:25"
"5122","209","2023-09-01 15:18:46","169.57","0.00","2023-09-01 00:00:00","2026-04-27 19:22:25"
"5123","127","2025-12-04 08:43:20","70.46","0.00","2025-12-04 00:00:00","2026-04-27 19:22:25"
"5124","197","2025-05-16 18:36:27","52.08","5.00","2025-05-16 00:00:00","2026-04-27 19:22:25"
"5125","180","2024-06-06 17:36:41","139.64","0.00","2024-06-06 00:00:00","2026-04-27 19:22:25"
"5126","2","2021-04-21 08:20:10","172.45","0.00","2021-04-21 00:00:00","2026-04-27 19:22:25"
"5127","83","2024-01-19 07:11:00","218.40","0.00","2024-01-19 00:00:00","2026-04-27 19:22:25"
"5128","172","2025-05-04 14:53:59","110.89","0.00","2025-05-04 00:00:00","2026-04-27 19:22:25"
"5129","166","2023-11-06 15:43:03","59.57","0.00","2023-11-06 00:00:00","2026-04-27 19:22:25"
"5130","224","2026-04-10 13:26:10","148.38","0.00","2026-04-10 00:00:00","2026-04-27 19:22:25"
"5131","36","2025-08-03 12:29:47","161.64","0.00","2025-08-03 00:00:00","2026-04-27 19:22:25"
"5132","217","2025-03-09 19:21:54","173.55","0.00","2025-03-09 00:00:00","2026-04-27 19:22:25"
"5133","202","2025-05-18 17:18:14","132.88","0.00","2025-05-18 00:00:00","2026-04-27 19:22:25"
"5134","101","2024-12-09 17:47:45","202.43","0.00","2024-12-09 00:00:00","2026-04-27 19:22:25"
"5135","73","2020-11-04 19:18:46","37.23","5.00","2020-11-04 00:00:00","2026-04-27 19:22:25"
"5136","76","2024-07-26 07:02:26","140.95","0.00","2024-07-26 00:00:00","2026-04-27 19:22:25"
"5137","160","2025-05-24 11:15:56","13.02","25.00","2025-05-24 00:00:00","2026-04-27 19:22:25"
"5138","164","2025-06-28 08:28:43","8.24","10.00","2025-06-28 00:00:00","2026-04-27 19:22:25"
"5139","204","2023-10-07 16:52:19","78.47","0.00","2023-10-07 00:00:00","2026-04-27 19:22:25"
"5140","182","2021-12-11 11:49:35","171.23","0.00","2021-12-11 00:00:00","2026-04-27 19:22:25"
"5141","116","2025-09-09 16:00:54","160.20","0.00","2025-09-09 00:00:00","2026-04-27 19:22:25"
"5142","289","2025-08-22 18:46:18","0.00","0.00","2025-08-22 00:00:00","2026-04-27 19:22:25"
"5143","287","2022-08-30 12:24:21","199.52","0.00","2022-08-30 00:00:00","2026-04-27 19:22:25"
"5144","150","2026-01-20 18:21:20","29.04","10.00","2026-01-20 00:00:00","2026-04-27 19:22:25"
"5145","42","2025-05-24 07:06:51","159.20","0.00","2025-05-24 00:00:00","2026-04-27 19:22:25"
"5146","67","2024-11-01 08:13:55","47.30","10.00","2024-11-01 00:00:00","2026-04-27 19:22:25"
"5147","259","2025-10-01 00:11:54","94.81","0.00","2025-10-01 00:00:00","2026-04-27 19:22:25"
"5148","183","2024-11-07 09:41:56","216.54","0.00","2024-11-07 00:00:00","2026-04-27 19:22:25"
"5149","289","2024-07-03 08:49:43","73.34","0.00","2024-07-03 00:00:00","2026-04-27 19:22:25"
"5150","181","2023-07-11 15:26:28","74.68","0.00","2023-07-11 00:00:00","2026-04-27 19:22:25"
"5151","265","2025-04-12 17:48:39","49.15","5.00","2025-04-12 00:00:00","2026-04-27 19:22:25"
"5152","223","2024-02-08 07:14:37","35.29","5.00","2024-02-08 00:00:00","2026-04-27 19:22:25"
"5153","298","2025-08-04 10:57:44","59.48","5.00","2025-08-04 00:00:00","2026-04-27 19:22:25"
"5154","15","2022-06-17 06:18:31","197.15","0.00","2022-06-17 00:00:00","2026-04-27 19:22:25"
"5155","180","2025-04-20 05:51:00","11.84","10.00","2025-04-20 00:00:00","2026-04-27 19:22:25"
"5156","119","2024-04-21 12:02:21","52.00","5.00","2024-04-21 00:00:00","2026-04-27 19:22:25"
"5157","20","2021-10-11 07:29:23","176.93","0.00","2021-10-11 00:00:00","2026-04-27 19:22:25"
"5158","101","2023-02-26 12:37:31","6.96","10.00","2023-02-26 00:00:00","2026-04-27 19:22:25"
"5159","172","2024-12-30 05:43:27","20.79","10.00","2024-12-30 00:00:00","2026-04-27 19:22:25"
"5160","49","2023-06-30 11:38:38","171.87","0.00","2023-06-30 00:00:00","2026-04-27 19:22:25"
"5161","275","2023-02-22 14:32:15","26.45","10.00","2023-02-22 00:00:00","2026-04-27 19:22:25"
"5162","30","2024-12-21 08:29:37","19.65","25.00","2024-12-21 00:00:00","2026-04-27 19:22:25"
"5163","65","2025-10-03 09:30:46","148.11","0.00","2025-10-03 00:00:00","2026-04-27 19:22:25"
"5164","258","2024-09-14 14:14:49","218.27","0.00","2024-09-14 00:00:00","2026-04-27 19:22:25"
"5165","38","2023-12-02 15:32:04","179.60","0.00","2023-12-02 00:00:00","2026-04-27 19:22:25"
"5166","97","2025-05-08 09:18:48","173.05","0.00","2025-05-08 00:00:00","2026-04-27 19:22:25"
"5167","264","2023-05-29 12:51:29","14.89","25.00","2023-05-29 00:00:00","2026-04-27 19:22:25"
"5168","151","2023-09-09 08:04:06","119.22","0.00","2023-09-09 00:00:00","2026-04-27 19:22:25"
"5169","253","2024-04-22 11:47:33","122.70","0.00","2024-04-22 00:00:00","2026-04-27 19:22:25"
"5170","263","2020-04-14 15:18:57","19.02","10.00","2020-04-14 00:00:00","2026-04-27 19:22:25"
"5171","116","2025-12-25 07:30:45","217.51","0.00","2025-12-25 00:00:00","2026-04-27 19:22:25"
"5172","14","2022-07-03 10:37:50","193.62","0.00","2022-07-03 00:00:00","2026-04-27 19:22:25"
"5173","54","2025-08-19 10:23:44","172.62","0.00","2025-08-19 00:00:00","2026-04-27 19:22:25"
"5174","268","2025-05-03 15:02:35","52.28","5.00","2025-05-03 00:00:00","2026-04-27 19:22:25"
"5175","195","2024-03-30 07:22:41","36.12","10.00","2024-03-30 00:00:00","2026-04-27 19:22:25"
"5176","1","2023-05-14 16:19:34","131.33","0.00","2023-05-14 00:00:00","2026-04-27 19:22:25"
"5177","107","2024-10-14 06:05:26","55.12","0.00","2024-10-14 00:00:00","2026-04-27 19:22:25"
"5178","204","2024-04-10 07:37:38","107.75","0.00","2024-04-10 00:00:00","2026-04-27 19:22:25"
"5179","79","2025-04-28 17:34:45","67.99","0.00","2025-04-28 00:00:00","2026-04-27 19:22:25"
"5180","141","2024-07-11 10:52:22","134.30","0.00","2024-07-11 00:00:00","2026-04-27 19:22:25"
"5181","119","2026-02-14 11:48:44","258.34","0.00","2026-02-14 00:00:00","2026-04-27 19:22:25"
"5182","81","2020-07-16 19:09:50","356.48","0.00","2020-07-16 00:00:00","2026-04-27 19:22:25"
"5183","126","2022-03-29 09:58:45","67.53","0.00","2022-03-29 00:00:00","2026-04-27 19:22:25"
"5184","137","2026-01-26 07:43:30","161.68","0.00","2026-01-26 00:00:00","2026-04-27 19:22:25"
"5185","16","2026-04-14 15:23:22","59.04","5.00","2026-04-14 00:00:00","2026-04-27 19:22:25"
"5186","40","2025-06-20 07:19:58","313.99","0.00","2025-06-20 00:00:00","2026-04-27 19:22:25"
"5187","216","2025-07-13 08:35:26","170.99","0.00","2025-07-13 00:00:00","2026-04-27 19:22:25"
"5188","277","2026-02-09 17:30:16","175.08","0.00","2026-02-09 00:00:00","2026-04-27 19:22:25"
"5189","181","2025-05-15 09:40:56","73.79","0.00","2025-05-15 00:00:00","2026-04-27 19:22:25"
"5190","239","2024-02-15 09:49:48","50.58","0.00","2024-02-15 00:00:00","2026-04-27 19:22:25"
"5191","137","2026-03-30 14:42:02","161.65","0.00","2026-03-30 00:00:00","2026-04-27 19:22:25"
"5192","191","2026-04-09 14:42:19","145.84","0.00","2026-04-09 00:00:00","2026-04-27 19:22:25"
"5193","270","2024-06-04 13:31:26","97.99","0.00","2024-06-04 00:00:00","2026-04-27 19:22:25"
"5194","84","2025-10-08 07:12:12","19.80","10.00","2025-10-08 00:00:00","2026-04-27 19:22:25"
"5195","158","2024-12-19 13:23:01","310.63","0.00","2024-12-19 00:00:00","2026-04-27 19:22:25"
"5196","54","2025-09-30 08:04:11","132.85","0.00","2025-09-30 00:00:00","2026-04-27 19:22:25"
"5197","23","2025-11-10 02:04:20","146.08","0.00","2025-11-10 00:00:00","2026-04-27 19:22:25"
"5198","120","2024-08-31 15:08:05","172.56","0.00","2024-08-31 00:00:00","2026-04-27 19:22:25"
"5199","206","2026-02-13 17:57:23","24.30","25.00","2026-02-13 00:00:00","2026-04-27 19:22:25"
"5200","113","2026-01-14 12:00:16","80.90","0.00","2026-01-14 00:00:00","2026-04-27 19:22:25"
"5201","212","2023-01-17 19:34:07","156.78","0.00","2023-01-17 00:00:00","2026-04-27 19:22:25"
"5202","212","2023-02-21 09:05:47","15.96","10.00","2023-02-21 00:00:00","2026-04-27 19:22:25"
"5203","174","2025-09-26 05:13:40","30.26","5.00","2025-09-26 00:00:00","2026-04-27 19:22:25"
"5204","133","2025-11-21 07:53:40","248.36","0.00","2025-11-21 00:00:00","2026-04-27 19:22:25"
"5205","20","2021-02-13 07:32:11","151.30","0.00","2021-02-13 00:00:00","2026-04-27 19:22:25"
"5206","172","2025-03-31 19:55:43","65.52","0.00","2025-03-31 00:00:00","2026-04-27 19:22:25"
"5207","25","2024-11-16 07:18:05","139.82","0.00","2024-11-16 00:00:00","2026-04-27 19:22:25"
"5208","12","2022-10-19 14:23:46","62.18","0.00","2022-10-19 00:00:00","2026-04-27 19:22:25"
"5209","73","2022-05-11 08:13:36","220.41","0.00","2022-05-11 00:00:00","2026-04-27 19:22:25"
"5210","289","2024-10-22 17:01:42","56.62","0.00","2024-10-22 00:00:00","2026-04-27 19:22:25"
"5211","37","2023-12-30 11:36:25","0.00","0.00","2023-12-30 00:00:00","2026-04-27 19:22:25"
"5212","15","2022-01-17 14:05:12","6.62","10.00","2022-01-17 00:00:00","2026-04-27 19:22:25"
"5213","89","2025-01-31 07:41:53","210.47","0.00","2025-01-31 00:00:00","2026-04-27 19:22:25"
"5214","97","2024-08-24 11:38:47","192.48","0.00","2024-08-24 00:00:00","2026-04-27 19:22:25"
"5215","81","2024-01-12 17:41:10","108.96","0.00","2024-01-12 00:00:00","2026-04-27 19:22:25"
"5216","47","2023-08-10 08:44:09","226.31","0.00","2023-08-10 00:00:00","2026-04-27 19:22:25"
"5217","264","2024-11-18 07:06:57","126.33","0.00","2024-11-18 00:00:00","2026-04-27 19:22:25"
"5218","217","2025-09-02 15:22:08","53.46","0.00","2025-09-02 00:00:00","2026-04-27 19:22:25"
"5219","165","2025-05-02 09:33:34","141.68","0.00","2025-05-02 00:00:00","2026-04-27 19:22:25"
"5220","71","2024-04-10 11:05:05","411.02","0.00","2024-04-10 00:00:00","2026-04-27 19:22:25"
"5221","281","2026-01-21 16:30:41","130.42","0.00","2026-01-21 00:00:00","2026-04-27 19:22:25"
"5222","4","2024-09-25 08:40:43","0.00","0.00","2024-09-25 00:00:00","2026-04-27 19:22:25"
"5223","145","2025-04-27 04:43:34","81.42","0.00","2025-04-27 00:00:00","2026-04-27 19:22:25"
"5224","62","2024-07-11 09:27:47","135.42","0.00","2024-07-11 00:00:00","2026-04-27 19:22:25"
"5225","150","2026-01-06 14:47:25","69.84","5.00","2026-01-06 00:00:00","2026-04-27 19:22:25"
"5226","196","2026-03-28 07:39:35","188.91","0.00","2026-03-28 00:00:00","2026-04-27 19:22:25"
"5227","248","2024-06-11 13:34:52","7.44","10.00","2024-06-11 00:00:00","2026-04-27 19:22:25"
"5228","76","2022-10-28 09:16:04","71.82","0.00","2022-10-28 00:00:00","2026-04-27 19:22:25"
"5229","281","2025-07-25 14:36:44","74.90","0.00","2025-07-25 00:00:00","2026-04-27 19:22:25"
"5230","297","2026-01-12 09:07:57","67.21","5.00","2026-01-12 00:00:00","2026-04-27 19:22:25"
"5231","91","2025-07-29 11:32:14","65.41","0.00","2025-07-29 00:00:00","2026-04-27 19:22:25"
"5232","147","2021-11-21 11:10:18","98.70","0.00","2021-11-21 00:00:00","2026-04-27 19:22:25"
"5233","213","2025-12-11 11:32:21","109.86","0.00","2025-12-11 00:00:00","2026-04-27 19:22:25"
"5234","149","2026-04-15 18:44:08","55.24","0.00","2026-04-15 00:00:00","2026-04-27 19:22:25"
"5235","266","2026-03-11 18:44:17","267.45","0.00","2026-03-11 00:00:00","2026-04-27 19:22:25"
"5236","43","2022-07-10 10:48:47","146.11","0.00","2022-07-10 00:00:00","2026-04-27 19:22:25"
"5237","276","2024-11-29 15:47:25","92.48","0.00","2024-11-29 00:00:00","2026-04-27 19:22:25"
"5238","127","2026-03-06 07:50:05","122.93","0.00","2026-03-06 00:00:00","2026-04-27 19:22:25"
"5239","231","2024-12-10 07:10:58","46.46","5.00","2024-12-10 00:00:00","2026-04-27 19:22:25"
"5240","96","2025-05-29 19:34:03","125.72","0.00","2025-05-29 00:00:00","2026-04-27 19:22:25"
"5241","23","2024-11-12 15:11:14","123.06","0.00","2024-11-12 00:00:00","2026-04-27 19:22:25"
"5242","176","2024-10-30 08:36:08","35.96","10.00","2024-10-30 00:00:00","2026-04-27 19:22:25"
"5243","189","2026-03-10 00:16:19","134.52","0.00","2026-03-10 00:00:00","2026-04-27 19:22:25"
"5244","187","2022-10-02 09:19:54","68.81","5.00","2022-10-02 00:00:00","2026-04-27 19:22:25"
"5245","40","2026-03-22 19:22:52","80.80","0.00","2026-03-22 00:00:00","2026-04-27 19:22:25"
"5246","55","2025-07-05 17:50:01","39.82","10.00","2025-07-05 00:00:00","2026-04-27 19:22:25"
"5247","185","2023-11-16 19:43:54","150.59","0.00","2023-11-16 00:00:00","2026-04-27 19:22:25"
"5248","166","2025-09-23 12:04:36","4.36","10.00","2025-09-23 00:00:00","2026-04-27 19:22:25"
"5249","44","2026-04-02 07:13:19","30.52","5.00","2026-04-02 00:00:00","2026-04-27 19:22:25"
"5250","203","2026-03-17 03:36:43","225.11","0.00","2026-03-17 00:00:00","2026-04-27 19:22:25"
"5251","118","2023-02-10 07:03:14","8.35","10.00","2023-02-10 00:00:00","2026-04-27 19:22:25"
"5252","209","2024-12-14 15:36:23","235.01","0.00","2024-12-14 00:00:00","2026-04-27 19:22:25"
"5253","271","2021-11-20 14:48:43","53.94","0.00","2021-11-20 00:00:00","2026-04-27 19:22:25"
"5254","226","2026-02-09 19:03:26","274.72","0.00","2026-02-09 00:00:00","2026-04-27 19:22:25"
"5255","118","2023-09-03 19:46:53","223.57","0.00","2023-09-03 00:00:00","2026-04-27 19:22:25"
"5256","227","2026-03-22 10:54:18","6.60","10.00","2026-03-22 00:00:00","2026-04-27 19:22:25"
"5257","5","2025-08-24 09:55:43","79.88","0.00","2025-08-24 00:00:00","2026-04-27 19:22:25"
"5258","91","2025-07-23 07:45:02","151.90","0.00","2025-07-23 00:00:00","2026-04-27 19:22:25"
"5259","201","2026-02-16 08:37:58","8.86","25.00","2026-02-16 00:00:00","2026-04-27 19:22:25"
"5260","85","2026-02-15 10:27:01","268.23","0.00","2026-02-15 00:00:00","2026-04-27 19:22:25"
"5261","229","2026-04-13 08:46:29","48.16","5.00","2026-04-13 00:00:00","2026-04-27 19:22:25"
"5262","47","2023-10-04 11:31:04","173.37","0.00","2023-10-04 00:00:00","2026-04-27 19:22:25"
"5263","252","2024-09-16 08:30:46","38.56","5.00","2024-09-16 00:00:00","2026-04-27 19:22:25"
"5264","1","2024-05-07 15:25:37","80.07","0.00","2024-05-07 00:00:00","2026-04-27 19:22:25"
"5265","149","2026-03-10 07:55:02","76.95","0.00","2026-03-10 00:00:00","2026-04-27 19:22:25"
"5266","155","2026-01-10 10:45:46","286.60","0.00","2026-01-10 00:00:00","2026-04-27 19:22:25"
"5267","246","2024-06-17 07:48:58","148.56","0.00","2024-06-17 00:00:00","2026-04-27 19:22:25"
"5268","259","2025-12-13 13:10:55","94.60","0.00","2025-12-13 00:00:00","2026-04-27 19:22:25"
"5269","176","2025-04-14 19:30:33","162.10","0.00","2025-04-14 00:00:00","2026-04-27 19:22:25"
"5270","141","2026-04-09 16:19:43","12.11","10.00","2026-04-09 00:00:00","2026-04-27 19:22:25"
"5271","245","2025-06-08 08:19:16","6.66","10.00","2025-06-08 00:00:00","2026-04-27 19:22:25"
"5272","270","2024-10-28 11:44:06","42.89","5.00","2024-10-28 00:00:00","2026-04-27 19:22:25"
"5273","163","2025-12-17 13:41:27","3.05","10.00","2025-12-17 00:00:00","2026-04-27 19:22:25"
"5274","27","2026-02-11 18:19:10","196.97","0.00","2026-02-11 00:00:00","2026-04-27 19:22:25"
"5275","195","2025-10-31 01:00:30","43.52","10.00","2025-10-31 00:00:00","2026-04-27 19:22:25"
"5276","244","2026-04-05 10:29:26","124.90","0.00","2026-04-05 00:00:00","2026-04-27 19:22:25"
"5277","122","2025-08-17 08:49:04","164.03","0.00","2025-08-17 00:00:00","2026-04-27 19:22:25"
"5278","118","2023-05-18 08:54:58","15.71","10.00","2023-05-18 00:00:00","2026-04-27 19:22:25"
"5279","108","2026-04-12 17:21:31","83.09","0.00","2026-04-12 00:00:00","2026-04-27 19:22:25"
"5280","278","2026-02-25 11:08:16","37.17","10.00","2026-02-25 00:00:00","2026-04-27 19:22:25"
"5281","163","2025-10-31 04:15:32","14.64","10.00","2025-10-31 00:00:00","2026-04-27 19:22:25"
"5282","44","2026-03-17 08:44:53","151.76","0.00","2026-03-17 00:00:00","2026-04-27 19:22:25"
"5283","112","2025-03-24 16:16:32","110.77","0.00","2025-03-24 00:00:00","2026-04-27 19:22:25"
"5284","300","2023-05-16 07:21:26","80.26","0.00","2023-05-16 00:00:00","2026-04-27 19:22:25"
"5285","253","2024-02-13 13:27:10","166.97","0.00","2024-02-13 00:00:00","2026-04-27 19:22:25"
"5286","158","2024-02-11 19:16:32","66.25","0.00","2024-02-11 00:00:00","2026-04-27 19:22:25"
"5287","177","2025-08-03 09:28:35","167.70","0.00","2025-08-03 00:00:00","2026-04-27 19:22:25"
"5288","167","2025-02-25 11:01:38","107.65","0.00","2025-02-25 00:00:00","2026-04-27 19:22:25"
"5289","194","2024-03-13 16:07:32","116.03","0.00","2024-03-13 00:00:00","2026-04-27 19:22:25"
"5290","114","2026-01-06 10:02:10","274.85","0.00","2026-01-06 00:00:00","2026-04-27 19:22:25"
"5291","176","2026-03-20 09:17:07","142.47","0.00","2026-03-20 00:00:00","2026-04-27 19:22:25"
"5292","82","2025-04-30 08:03:05","87.71","0.00","2025-04-30 00:00:00","2026-04-27 19:22:25"
"5293","73","2023-11-17 10:40:03","34.24","5.00","2023-11-17 00:00:00","2026-04-27 19:22:25"
"5294","219","2022-05-04 12:16:44","124.54","0.00","2022-05-04 00:00:00","2026-04-27 19:22:25"
"5295","122","2026-02-24 02:34:02","128.04","0.00","2026-02-24 00:00:00","2026-04-27 19:22:25"
"5296","289","2025-02-23 11:26:42","32.91","5.00","2025-02-23 00:00:00","2026-04-27 19:22:25"
"5297","37","2025-05-08 10:35:46","102.25","0.00","2025-05-08 00:00:00","2026-04-27 19:22:25"
"5298","249","2025-06-19 11:22:30","263.51","0.00","2025-06-19 00:00:00","2026-04-27 19:22:25"
"5299","269","2025-08-31 14:04:01","108.39","0.00","2025-08-31 00:00:00","2026-04-27 19:22:25"
"5300","205","2021-08-19 08:18:58","110.45","0.00","2021-08-19 00:00:00","2026-04-27 19:22:25"
"5301","234","2022-08-19 07:04:23","64.66","5.00","2022-08-19 00:00:00","2026-04-27 19:22:25"
"5302","82","2025-02-26 09:51:25","119.22","0.00","2025-02-26 00:00:00","2026-04-27 19:22:25"
"5303","43","2024-05-25 12:42:48","66.96","5.00","2024-05-25 00:00:00","2026-04-27 19:22:25"
"5304","139","2026-02-15 09:33:28","232.41","0.00","2026-02-15 00:00:00","2026-04-27 19:22:25"
"5305","201","2026-03-29 07:56:00","242.77","0.00","2026-03-29 00:00:00","2026-04-27 19:22:25"
"5306","288","2023-04-22 10:36:51","60.10","0.00","2023-04-22 00:00:00","2026-04-27 19:22:25"
"5307","189","2024-05-22 10:31:33","266.90","0.00","2024-05-22 00:00:00","2026-04-27 19:22:25"
"5308","84","2025-10-07 14:46:22","202.93","0.00","2025-10-07 00:00:00","2026-04-27 19:22:25"
"5309","194","2025-04-14 18:15:54","112.58","0.00","2025-04-14 00:00:00","2026-04-27 19:22:25"
"5310","151","2023-07-26 01:28:44","147.35","0.00","2023-07-26 00:00:00","2026-04-27 19:22:25"
"5311","90","2025-10-16 19:14:15","280.52","0.00","2025-10-16 00:00:00","2026-04-27 19:22:25"
"5312","90","2025-06-24 19:17:28","152.54","0.00","2025-06-24 00:00:00","2026-04-27 19:22:25"
"5313","89","2024-04-23 10:38:09","31.58","10.00","2024-04-23 00:00:00","2026-04-27 19:22:25"
"5314","55","2023-12-31 06:45:05","315.42","0.00","2023-12-31 00:00:00","2026-04-27 19:22:25"
"5315","285","2025-05-01 15:14:34","169.08","0.00","2025-05-01 00:00:00","2026-04-27 19:22:25"
"5316","104","2023-05-10 19:28:26","158.60","0.00","2023-05-10 00:00:00","2026-04-27 19:22:25"
"5317","157","2021-08-18 07:11:35","108.76","0.00","2021-08-18 00:00:00","2026-04-27 19:22:25"
"5318","11","2025-02-09 12:51:38","49.28","5.00","2025-02-09 00:00:00","2026-04-27 19:22:25"
"5319","207","2025-08-17 08:12:52","207.48","0.00","2025-08-17 00:00:00","2026-04-27 19:22:25"
"5320","256","2025-11-23 07:06:40","54.94","5.00","2025-11-23 00:00:00","2026-04-27 19:22:25"
"5321","198","2025-09-16 13:28:21","149.84","0.00","2025-09-16 00:00:00","2026-04-27 19:22:25"
"5322","97","2025-05-16 17:45:28","122.56","0.00","2025-05-16 00:00:00","2026-04-27 19:22:25"
"5323","135","2026-03-26 11:25:37","146.71","0.00","2026-03-26 00:00:00","2026-04-27 19:22:25"
"5324","83","2024-11-18 09:05:39","204.27","0.00","2024-11-18 00:00:00","2026-04-27 19:22:25"
"5325","288","2022-10-24 11:37:44","158.82","0.00","2022-10-24 00:00:00","2026-04-27 19:22:25"
"5326","140","2026-04-01 01:19:53","87.60","0.00","2026-04-01 00:00:00","2026-04-27 19:22:25"
"5327","280","2026-03-04 17:20:27","11.88","25.00","2026-03-04 00:00:00","2026-04-27 19:22:25"
"5328","291","2024-08-09 18:40:44","176.98","0.00","2024-08-09 00:00:00","2026-04-27 19:22:25"
"5329","142","2025-10-02 08:49:55","329.11","0.00","2025-10-02 00:00:00","2026-04-27 19:22:25"
"5330","101","2025-12-04 18:39:54","65.68","0.00","2025-12-04 00:00:00","2026-04-27 19:22:25"
"5331","273","2024-08-13 10:29:22","57.28","5.00","2024-08-13 00:00:00","2026-04-27 19:22:25"
"5332","106","2023-05-09 17:45:26","27.74","10.00","2023-05-09 00:00:00","2026-04-27 19:22:25"
"5333","22","2024-04-10 09:37:19","131.78","0.00","2024-04-10 00:00:00","2026-04-27 19:22:25"
"5334","3","2024-09-24 08:53:13","174.06","0.00","2024-09-24 00:00:00","2026-04-27 19:22:25"
"5335","83","2026-01-22 14:55:17","129.06","0.00","2026-01-22 00:00:00","2026-04-27 19:22:25"
"5336","9","2024-05-15 07:27:05","63.85","0.00","2024-05-15 00:00:00","2026-04-27 19:22:25"
"5337","190","2025-10-26 10:04:14","114.56","0.00","2025-10-26 00:00:00","2026-04-27 19:22:25"
"5338","98","2024-12-09 08:15:48","108.14","0.00","2024-12-09 00:00:00","2026-04-27 19:22:25"
"5339","131","2024-06-23 17:16:57","209.37","0.00","2024-06-23 00:00:00","2026-04-27 19:22:25"
"5340","60","2025-11-20 08:17:53","42.20","5.00","2025-11-20 00:00:00","2026-04-27 19:22:25"
"5341","214","2025-01-29 11:07:06","222.66","0.00","2025-01-29 00:00:00","2026-04-27 19:22:25"
"5342","75","2026-03-31 15:04:47","165.56","0.00","2026-03-31 00:00:00","2026-04-27 19:22:25"
"5343","2","2020-09-29 08:28:04","86.08","0.00","2020-09-29 00:00:00","2026-04-27 19:22:25"
"5344","190","2026-04-06 07:20:56","40.62","10.00","2026-04-06 00:00:00","2026-04-27 19:22:25"
"5345","239","2024-04-04 09:29:53","160.37","0.00","2024-04-04 00:00:00","2026-04-27 19:22:25"
"5346","63","2025-05-23 14:58:40","38.34","5.00","2025-05-23 00:00:00","2026-04-27 19:22:25"
"5347","206","2024-03-04 10:11:41","7.90","25.00","2024-03-04 00:00:00","2026-04-27 19:22:25"
"5348","1","2025-03-03 08:33:00","82.31","0.00","2025-03-03 00:00:00","2026-04-27 19:22:25"
"5349","190","2025-08-30 19:41:32","13.15","25.00","2025-08-30 00:00:00","2026-04-27 19:22:25"
"5350","161","2024-11-23 13:04:16","17.02","10.00","2024-11-23 00:00:00","2026-04-27 19:22:25"
"5351","152","2026-03-08 19:06:49","133.49","0.00","2026-03-08 00:00:00","2026-04-27 19:22:25"
"5352","87","2025-11-13 09:31:22","21.04","10.00","2025-11-13 00:00:00","2026-04-27 19:22:25"
"5353","274","2022-04-20 13:54:26","201.34","0.00","2022-04-20 00:00:00","2026-04-27 19:22:25"
"5354","101","2021-04-01 10:01:48","214.83","0.00","2021-04-01 00:00:00","2026-04-27 19:22:25"
"5355","96","2025-02-25 16:00:11","103.95","0.00","2025-02-25 00:00:00","2026-04-27 19:22:25"
"5356","108","2026-03-14 07:41:36","8.58","10.00","2026-03-14 00:00:00","2026-04-27 19:22:25"
"5357","54","2025-06-20 06:43:50","333.79","0.00","2025-06-20 00:00:00","2026-04-27 19:22:25"
"5358","199","2025-04-11 17:43:16","143.92","0.00","2025-04-11 00:00:00","2026-04-27 19:22:25"
"5359","285","2025-10-06 12:37:22","166.75","0.00","2025-10-06 00:00:00","2026-04-27 19:22:25"
"5360","191","2026-02-08 18:21:12","109.37","0.00","2026-02-08 00:00:00","2026-04-27 19:22:25"
"5361","3","2025-02-06 08:28:45","197.88","0.00","2025-02-06 00:00:00","2026-04-27 19:22:25"
"5362","115","2024-09-25 14:21:22","225.80","0.00","2024-09-25 00:00:00","2026-04-27 19:22:25"
"5363","294","2022-10-26 08:44:49","148.18","0.00","2022-10-26 00:00:00","2026-04-27 19:22:25"
"5364","81","2024-11-23 09:25:10","132.79","0.00","2024-11-23 00:00:00","2026-04-27 19:22:25"
"5365","90","2025-11-08 07:26:04","12.70","10.00","2025-11-08 00:00:00","2026-04-27 19:22:25"
"5366","13","2025-10-20 10:07:27","64.19","5.00","2025-10-20 00:00:00","2026-04-27 19:22:25"
"5367","58","2024-12-31 07:37:06","47.66","10.00","2024-12-31 00:00:00","2026-04-27 19:22:25"
"5368","61","2022-09-25 07:55:44","2.91","10.00","2022-09-25 00:00:00","2026-04-27 19:22:25"
"5369","155","2025-08-21 07:53:03","79.98","0.00","2025-08-21 00:00:00","2026-04-27 19:22:25"
"5370","294","2026-03-21 17:48:55","95.96","0.00","2026-03-21 00:00:00","2026-04-27 19:22:25"
"5371","24","2022-09-16 10:58:35","35.15","5.00","2022-09-16 00:00:00","2026-04-27 19:22:25"
"5372","193","2025-09-18 14:58:36","211.42","0.00","2025-09-18 00:00:00","2026-04-27 19:22:25"
"5373","217","2025-09-05 17:29:08","85.41","0.00","2025-09-05 00:00:00","2026-04-27 19:22:25"
"5374","61","2023-05-11 17:12:41","254.84","0.00","2023-05-11 00:00:00","2026-04-27 19:22:25"
"5375","166","2025-10-06 09:15:34","48.55","5.00","2025-10-06 00:00:00","2026-04-27 19:22:25"
"5376","262","2024-05-02 18:58:18","191.23","0.00","2024-05-02 00:00:00","2026-04-27 19:22:25"
"5377","55","2026-03-20 19:14:11","141.96","0.00","2026-03-20 00:00:00","2026-04-27 19:22:25"
"5378","278","2026-02-01 15:10:08","149.39","0.00","2026-02-01 00:00:00","2026-04-27 19:22:25"
"5379","126","2023-01-21 16:47:52","156.64","0.00","2023-01-21 00:00:00","2026-04-27 19:22:25"
"5380","202","2026-03-08 09:50:50","8.24","10.00","2026-03-08 00:00:00","2026-04-27 19:22:25"
"5381","72","2026-03-27 07:38:42","188.79","0.00","2026-03-27 00:00:00","2026-04-27 19:22:25"
"5382","63","2026-01-03 08:33:46","80.58","0.00","2026-01-03 00:00:00","2026-04-27 19:22:25"
"5383","146","2025-04-19 17:01:56","103.61","0.00","2025-04-19 00:00:00","2026-04-27 19:22:25"
"5384","263","2020-03-24 11:52:59","20.17","10.00","2020-03-24 00:00:00","2026-04-27 19:22:25"
"5385","234","2024-06-11 15:52:42","108.40","0.00","2024-06-11 00:00:00","2026-04-27 19:22:25"
"5386","164","2025-09-22 09:30:51","0.00","0.00","2025-09-22 00:00:00","2026-04-27 19:22:25"
"5387","149","2026-04-15 09:40:46","130.53","0.00","2026-04-15 00:00:00","2026-04-27 19:22:25"
"5388","69","2022-07-19 09:01:01","237.16","0.00","2022-07-19 00:00:00","2026-04-27 19:22:25"
"5389","175","2025-01-04 10:21:32","7.20","25.00","2025-01-04 00:00:00","2026-04-27 19:22:25"
"5390","74","2023-12-26 09:57:59","52.74","0.00","2023-12-26 00:00:00","2026-04-27 19:22:25"
"5391","69","2026-02-27 13:26:12","134.17","0.00","2026-02-27 00:00:00","2026-04-27 19:22:25"
"5392","219","2022-01-20 08:51:56","0.00","0.00","2022-01-20 00:00:00","2026-04-27 19:22:25"
"5393","108","2026-04-11 16:54:39","116.40","0.00","2026-04-11 00:00:00","2026-04-27 19:22:25"
"5394","246","2023-09-20 19:46:09","130.59","0.00","2023-09-20 00:00:00","2026-04-27 19:22:25"
"5395","191","2026-04-15 17:26:56","152.49","0.00","2026-04-15 00:00:00","2026-04-27 19:22:25"
"5396","229","2026-04-12 12:02:26","212.45","0.00","2026-04-12 00:00:00","2026-04-27 19:22:25"
"5397","165","2026-01-11 19:43:39","206.23","0.00","2026-01-11 00:00:00","2026-04-27 19:22:25"
"5398","21","2024-11-20 16:05:20","54.05","5.00","2024-11-20 00:00:00","2026-04-27 19:22:25"
"5399","257","2026-02-28 11:39:39","36.66","10.00","2026-02-28 00:00:00","2026-04-27 19:22:25"
"5400","237","2026-03-30 17:53:05","49.64","5.00","2026-03-30 00:00:00","2026-04-27 19:22:25"
"5401","12","2023-07-26 07:28:00","107.72","0.00","2023-07-26 00:00:00","2026-04-27 19:22:25"
"5402","203","2025-11-28 07:21:09","75.84","0.00","2025-11-28 00:00:00","2026-04-27 19:22:25"
"5403","259","2026-02-14 08:07:08","63.69","0.00","2026-02-14 00:00:00","2026-04-27 19:22:25"
"5404","143","2024-10-18 10:12:01","310.13","0.00","2024-10-18 00:00:00","2026-04-27 19:22:25"
"5405","167","2025-03-15 12:04:29","157.38","0.00","2025-03-15 00:00:00","2026-04-27 19:22:25"
"5406","16","2026-04-13 17:13:41","175.30","0.00","2026-04-13 00:00:00","2026-04-27 19:22:25"
"5407","35","2024-11-27 06:16:28","142.39","0.00","2024-11-27 00:00:00","2026-04-27 19:22:25"
"5408","133","2025-03-17 12:26:37","117.47","0.00","2025-03-17 00:00:00","2026-04-27 19:22:25"
"5409","108","2026-03-24 02:07:30","24.90","10.00","2026-03-24 00:00:00","2026-04-27 19:22:25"
"5410","170","2025-07-30 11:17:04","293.81","0.00","2025-07-30 00:00:00","2026-04-27 19:22:25"
"5411","149","2026-03-24 11:20:13","14.37","10.00","2026-03-24 00:00:00","2026-04-27 19:22:25"
"5412","288","2022-11-01 17:33:28","136.72","0.00","2022-11-01 00:00:00","2026-04-27 19:22:25"
"5413","218","2026-04-15 09:08:50","191.06","0.00","2026-04-15 00:00:00","2026-04-27 19:22:25"
"5414","50","2024-08-12 08:16:43","84.35","0.00","2024-08-12 00:00:00","2026-04-27 19:22:25"
"5415","31","2023-06-06 09:01:02","249.10","0.00","2023-06-06 00:00:00","2026-04-27 19:22:25"
"5416","162","2024-03-26 16:44:45","36.04","10.00","2024-03-26 00:00:00","2026-04-27 19:22:25"
"5417","132","2022-12-02 15:14:26","74.28","0.00","2022-12-02 00:00:00","2026-04-27 19:22:25"
"5418","55","2022-08-05 12:30:53","22.68","25.00","2022-08-05 00:00:00","2026-04-27 19:22:25"
"5419","65","2025-08-18 08:07:13","58.18","5.00","2025-08-18 00:00:00","2026-04-27 19:22:25"
"5420","56","2025-06-02 05:55:17","38.11","10.00","2025-06-02 00:00:00","2026-04-27 19:22:25"
"5421","157","2021-04-13 08:09:09","11.96","10.00","2021-04-13 00:00:00","2026-04-27 19:22:25"
"5422","126","2021-04-09 12:08:58","37.42","5.00","2021-04-09 00:00:00","2026-04-27 19:22:25"
"5423","163","2025-06-16 14:37:56","29.86","5.00","2025-06-16 00:00:00","2026-04-27 19:22:25"
"5424","149","2026-03-27 07:02:31","71.70","0.00","2026-03-27 00:00:00","2026-04-27 19:22:25"
"5425","175","2025-05-29 10:52:06","191.70","0.00","2025-05-29 00:00:00","2026-04-27 19:22:25"
"5426","218","2026-02-26 08:57:08","233.94","0.00","2026-02-26 00:00:00","2026-04-27 19:22:25"
"5427","273","2025-08-03 08:17:49","18.88","25.00","2025-08-03 00:00:00","2026-04-27 19:22:25"
"5428","163","2025-10-25 17:50:02","127.04","0.00","2025-10-25 00:00:00","2026-04-27 19:22:25"
"5429","76","2024-09-21 07:52:33","192.37","0.00","2024-09-21 00:00:00","2026-04-27 19:22:25"
"5430","87","2026-03-11 12:42:48","140.91","0.00","2026-03-11 00:00:00","2026-04-27 19:22:25"
"5431","287","2022-01-21 08:55:43","27.32","10.00","2022-01-21 00:00:00","2026-04-27 19:22:25"
"5432","4","2023-11-24 07:19:07","399.33","0.00","2023-11-24 00:00:00","2026-04-27 19:22:25"
"5433","209","2025-09-29 08:16:46","14.88","25.00","2025-09-29 00:00:00","2026-04-27 19:22:25"
"5434","69","2024-02-12 10:05:16","150.06","0.00","2024-02-12 00:00:00","2026-04-27 19:22:25"
"5435","47","2023-09-07 15:20:13","113.68","0.00","2023-09-07 00:00:00","2026-04-27 19:22:25"
"5436","289","2025-07-29 16:01:10","37.28","5.00","2025-07-29 00:00:00","2026-04-27 19:22:25"
"5437","199","2025-02-28 07:04:02","363.81","0.00","2025-02-28 00:00:00","2026-04-27 19:22:25"
"5438","64","2025-07-20 07:12:26","218.67","0.00","2025-07-20 00:00:00","2026-04-27 19:22:25"
"5439","53","2024-01-22 14:33:26","25.88","10.00","2024-01-22 00:00:00","2026-04-27 19:22:25"
"5440","261","2024-09-02 15:57:10","10.36","10.00","2024-09-02 00:00:00","2026-04-27 19:22:25"
"5441","97","2026-01-12 09:21:08","83.23","0.00","2026-01-12 00:00:00","2026-04-27 19:22:25"
"5442","4","2025-09-26 07:26:39","78.23","0.00","2025-09-26 00:00:00","2026-04-27 19:22:25"
"5443","113","2025-08-30 09:49:41","45.80","10.00","2025-08-30 00:00:00","2026-04-27 19:22:25"
"5444","123","2024-08-13 11:30:11","127.68","0.00","2024-08-13 00:00:00","2026-04-27 19:22:25"
"5445","15","2025-05-31 13:33:46","268.91","0.00","2025-05-31 00:00:00","2026-04-27 19:22:25"
"5446","278","2025-11-01 15:12:22","283.85","0.00","2025-11-01 00:00:00","2026-04-27 19:22:25"
"5447","249","2024-10-21 13:52:19","18.87","10.00","2024-10-21 00:00:00","2026-04-27 19:22:25"
"5448","235","2026-01-03 04:35:56","196.58","0.00","2026-01-03 00:00:00","2026-04-27 19:22:25"
"5449","41","2021-12-04 00:08:38","339.14","0.00","2021-12-04 00:00:00","2026-04-27 19:22:25"
"5450","298","2025-02-20 02:57:44","18.58","25.00","2025-02-20 00:00:00","2026-04-27 19:22:25"
"5451","263","2020-01-21 08:29:55","115.00","0.00","2020-01-21 00:00:00","2026-04-27 19:22:25"
"5452","137","2026-04-11 19:20:51","151.51","0.00","2026-04-11 00:00:00","2026-04-27 19:22:25"
"5453","3","2024-01-16 16:39:16","308.84","0.00","2024-01-16 00:00:00","2026-04-27 19:22:25"
"5454","230","2023-02-23 12:46:17","84.12","0.00","2023-02-23 00:00:00","2026-04-27 19:22:25"
"5455","198","2025-04-16 15:40:36","133.36","0.00","2025-04-16 00:00:00","2026-04-27 19:22:25"
"5456","275","2023-06-02 12:12:18","240.09","0.00","2023-06-02 00:00:00","2026-04-27 19:22:25"
"5457","136","2025-03-06 09:17:45","39.50","10.00","2025-03-06 00:00:00","2026-04-27 19:22:25"
"5458","119","2024-09-22 08:01:26","166.17","0.00","2024-09-22 00:00:00","2026-04-27 19:22:25"
"5459","61","2025-11-16 14:55:08","77.45","0.00","2025-11-16 00:00:00","2026-04-27 19:22:25"
"5460","52","2025-06-17 09:51:17","17.97","10.00","2025-06-17 00:00:00","2026-04-27 19:22:25"
"5461","177","2026-03-18 08:50:31","48.69","5.00","2026-03-18 00:00:00","2026-04-27 19:22:25"
"5462","164","2025-07-29 17:46:30","128.58","0.00","2025-07-29 00:00:00","2026-04-27 19:22:25"
"5463","54","2025-08-17 15:13:23","69.09","5.00","2025-08-17 00:00:00","2026-04-27 19:22:25"
"5464","261","2025-07-20 11:57:20","15.04","10.00","2025-07-20 00:00:00","2026-04-27 19:22:25"
"5465","63","2024-01-18 07:52:18","101.42","0.00","2024-01-18 00:00:00","2026-04-27 19:22:25"
"5466","300","2026-04-01 08:12:33","98.12","0.00","2026-04-01 00:00:00","2026-04-27 19:22:25"
"5467","108","2026-04-12 11:10:28","5.08","10.00","2026-04-12 00:00:00","2026-04-27 19:22:25"
"5468","184","2026-04-04 08:35:47","239.33","0.00","2026-04-04 00:00:00","2026-04-27 19:22:25"
"5469","38","2023-04-27 15:13:29","118.05","0.00","2023-04-27 00:00:00","2026-04-27 19:22:25"
"5470","261","2025-12-10 07:31:25","51.58","0.00","2025-12-10 00:00:00","2026-04-27 19:22:25"
"5471","163","2026-01-25 14:29:13","85.92","0.00","2026-01-25 00:00:00","2026-04-27 19:22:25"
"5472","244","2025-05-17 07:18:35","59.01","0.00","2025-05-17 00:00:00","2026-04-27 19:22:25"
"5473","192","2024-05-13 12:14:28","235.94","0.00","2024-05-13 00:00:00","2026-04-27 19:22:25"
"5474","40","2025-03-20 07:37:12","197.64","0.00","2025-03-20 00:00:00","2026-04-27 19:22:25"
"5475","203","2022-12-13 13:05:28","67.40","5.00","2022-12-13 00:00:00","2026-04-27 19:22:25"
"5476","89","2025-08-07 10:49:02","63.53","5.00","2025-08-07 00:00:00","2026-04-27 19:22:25"
"5477","293","2025-07-03 07:21:33","313.57","0.00","2025-07-03 00:00:00","2026-04-27 19:22:25"
"5478","145","2024-11-07 07:09:34","244.09","0.00","2024-11-07 00:00:00","2026-04-27 19:22:25"
"5479","36","2025-11-08 12:55:57","146.43","0.00","2025-11-08 00:00:00","2026-04-27 19:22:25"
"5480","290","2021-04-17 11:50:41","160.74","0.00","2021-04-17 00:00:00","2026-04-27 19:22:25"
"5481","208","2025-12-14 07:42:33","158.26","0.00","2025-12-14 00:00:00","2026-04-27 19:22:25"
"5482","38","2023-11-01 08:36:23","200.38","0.00","2023-11-01 00:00:00","2026-04-27 19:22:25"
"5483","67","2024-01-15 13:29:21","110.57","0.00","2024-01-15 00:00:00","2026-04-27 19:22:25"
"5484","171","2023-02-04 16:18:32","45.37","5.00","2023-02-04 00:00:00","2026-04-27 19:22:25"
"5485","283","2022-02-01 09:52:33","29.80","5.00","2022-02-01 00:00:00","2026-04-27 19:22:25"
"5486","7","2025-12-19 13:17:17","209.67","0.00","2025-12-19 00:00:00","2026-04-27 19:22:25"
"5487","156","2025-06-09 10:42:14","4.74","10.00","2025-06-09 00:00:00","2026-04-27 19:22:25"
"5488","125","2024-08-02 16:49:19","65.95","0.00","2024-08-02 00:00:00","2026-04-27 19:22:25"
"5489","95","2026-01-24 18:44:07","73.91","5.00","2026-01-24 00:00:00","2026-04-27 19:22:25"
"5490","87","2026-01-23 18:58:18","83.73","0.00","2026-01-23 00:00:00","2026-04-27 19:22:25"
"5491","122","2026-03-19 19:57:01","121.52","0.00","2026-03-19 00:00:00","2026-04-27 19:22:25"
"5492","89","2024-02-22 10:22:50","139.35","0.00","2024-02-22 00:00:00","2026-04-27 19:22:25"
"5493","229","2026-04-13 10:53:19","142.00","0.00","2026-04-13 00:00:00","2026-04-27 19:22:25"
"5494","6","2023-10-27 09:47:35","153.05","0.00","2023-10-27 00:00:00","2026-04-27 19:22:25"
"5495","30","2024-08-08 10:25:04","75.46","0.00","2024-08-08 00:00:00","2026-04-27 19:22:25"
"5496","146","2023-07-08 12:57:02","28.55","10.00","2023-07-08 00:00:00","2026-04-27 19:22:25"
"5497","47","2023-09-15 15:43:57","174.60","0.00","2023-09-15 00:00:00","2026-04-27 19:22:25"
"5498","191","2026-01-23 08:21:47","143.39","0.00","2026-01-23 00:00:00","2026-04-27 19:22:25"
"5499","13","2025-03-24 02:45:45","69.11","5.00","2025-03-24 00:00:00","2026-04-27 19:22:25"
"5500","127","2025-10-07 14:28:04","45.77","5.00","2025-10-07 00:00:00","2026-04-27 19:22:25"
"5501","140","2026-04-12 08:04:27","181.82","0.00","2026-04-12 00:00:00","2026-04-27 19:22:25"
"5502","104","2022-01-07 18:05:55","19.00","10.00","2022-01-07 00:00:00","2026-04-27 19:22:25"
"5503","300","2023-06-25 19:39:27","144.10","0.00","2023-06-25 00:00:00","2026-04-27 19:22:25"
"5504","10","2025-04-03 12:22:03","161.21","0.00","2025-04-03 00:00:00","2026-04-27 19:22:25"
"5505","204","2024-06-19 15:15:40","40.67","5.00","2024-06-19 00:00:00","2026-04-27 19:22:25"
"5506","166","2023-01-26 00:41:05","134.12","0.00","2023-01-26 00:00:00","2026-04-27 19:22:25"
"5507","124","2024-01-14 15:26:42","133.01","0.00","2024-01-14 00:00:00","2026-04-27 19:22:25"
"5508","72","2025-10-01 18:42:58","86.58","0.00","2025-10-01 00:00:00","2026-04-27 19:22:25"
"5509","12","2025-12-06 03:19:18","95.40","0.00","2025-12-06 00:00:00","2026-04-27 19:22:25"
"5510","92","2025-04-07 19:04:27","99.65","0.00","2025-04-07 00:00:00","2026-04-27 19:22:25"
"5511","293","2022-06-28 11:20:17","33.40","5.00","2022-06-28 00:00:00","2026-04-27 19:22:25"
"5512","193","2025-01-15 14:39:06","53.34","0.00","2025-01-15 00:00:00","2026-04-27 19:22:25"
"5513","247","2025-06-17 13:17:18","47.55","5.00","2025-06-17 00:00:00","2026-04-27 19:22:25"
"5514","81","2024-08-08 08:57:06","168.00","0.00","2024-08-08 00:00:00","2026-04-27 19:22:25"
"5515","293","2024-07-30 04:34:50","189.11","0.00","2024-07-30 00:00:00","2026-04-27 19:22:25"
"5516","120","2025-08-17 10:52:08","0.00","0.00","2025-08-17 00:00:00","2026-04-27 19:22:25"
"5517","271","2022-04-28 17:38:57","7.55","10.00","2022-04-28 00:00:00","2026-04-27 19:22:25"
"5518","295","2025-12-06 08:33:05","112.16","0.00","2025-12-06 00:00:00","2026-04-27 19:22:25"
"5519","104","2024-12-07 09:29:48","41.03","5.00","2024-12-07 00:00:00","2026-04-27 19:22:25"
"5520","146","2024-09-25 14:28:03","9.35","25.00","2024-09-25 00:00:00","2026-04-27 19:22:25"
"5521","4","2021-10-02 03:21:21","28.93","5.00","2021-10-02 00:00:00","2026-04-27 19:22:25"
"5522","75","2026-03-18 07:01:27","97.30","0.00","2026-03-18 00:00:00","2026-04-27 19:22:25"
"5523","223","2022-07-10 17:04:08","92.26","0.00","2022-07-10 00:00:00","2026-04-27 19:22:25"
"5524","250","2022-08-05 19:23:01","101.90","0.00","2022-08-05 00:00:00","2026-04-27 19:22:25"
"5525","234","2023-08-15 07:18:04","77.98","0.00","2023-08-15 00:00:00","2026-04-27 19:22:25"
"5526","279","2023-12-15 11:17:00","41.63","10.00","2023-12-15 00:00:00","2026-04-27 19:22:25"
"5527","285","2026-03-27 17:16:10","147.72","0.00","2026-03-27 00:00:00","2026-04-27 19:22:25"
"5528","153","2021-10-20 16:56:55","224.80","0.00","2021-10-20 00:00:00","2026-04-27 19:22:25"
"5529","103","2024-03-07 07:54:47","154.42","0.00","2024-03-07 00:00:00","2026-04-27 19:22:25"
"5530","235","2026-03-19 17:00:49","34.50","5.00","2026-03-19 00:00:00","2026-04-27 19:22:25"
"5531","83","2024-06-24 11:31:04","36.82","5.00","2024-06-24 00:00:00","2026-04-27 19:22:25"
"5532","148","2024-07-08 08:03:49","74.32","5.00","2024-07-08 00:00:00","2026-04-27 19:22:25"
"5533","183","2024-05-26 07:56:40","378.12","0.00","2024-05-26 00:00:00","2026-04-27 19:22:25"
"5534","291","2025-02-15 17:58:42","8.57","10.00","2025-02-15 00:00:00","2026-04-27 19:22:25"
"5535","17","2025-04-03 05:57:33","265.12","0.00","2025-04-03 00:00:00","2026-04-27 19:22:25"
"5536","212","2023-01-04 08:34:09","114.38","0.00","2023-01-04 00:00:00","2026-04-27 19:22:25"
"5537","172","2024-11-07 10:54:24","58.80","0.00","2024-11-07 00:00:00","2026-04-27 19:22:25"
"5538","283","2021-08-05 13:46:52","66.83","0.00","2021-08-05 00:00:00","2026-04-27 19:22:25"
"5539","35","2025-07-02 09:36:10","42.78","10.00","2025-07-02 00:00:00","2026-04-27 19:22:25"
"5540","131","2023-10-18 16:03:24","71.61","5.00","2023-10-18 00:00:00","2026-04-27 19:22:25"
"5541","193","2024-11-27 09:53:00","41.26","5.00","2024-11-27 00:00:00","2026-04-27 19:22:25"
"5542","261","2025-11-25 16:17:26","57.60","0.00","2025-11-25 00:00:00","2026-04-27 19:22:25"
"5543","156","2023-12-04 16:52:30","134.92","0.00","2023-12-04 00:00:00","2026-04-27 19:22:25"
"5544","223","2023-05-12 08:22:34","110.34","0.00","2023-05-12 00:00:00","2026-04-27 19:22:25"
"5545","73","2021-11-24 02:00:02","167.53","0.00","2021-11-24 00:00:00","2026-04-27 19:22:25"
"5546","52","2025-11-18 18:39:44","202.69","0.00","2025-11-18 00:00:00","2026-04-27 19:22:25"
"5547","60","2025-07-17 08:02:34","181.05","0.00","2025-07-17 00:00:00","2026-04-27 19:22:25"
"5548","118","2022-08-28 07:44:03","373.41","0.00","2022-08-28 00:00:00","2026-04-27 19:22:25"
"5549","65","2025-10-02 11:39:46","195.60","0.00","2025-10-02 00:00:00","2026-04-27 19:22:25"
"5550","16","2026-04-12 09:48:36","39.75","10.00","2026-04-12 00:00:00","2026-04-27 19:22:25"
"5551","98","2023-05-07 09:53:07","72.24","0.00","2023-05-07 00:00:00","2026-04-27 19:22:25"
"5552","143","2024-04-05 07:56:40","226.84","0.00","2024-04-05 00:00:00","2026-04-27 19:22:25"
"5553","118","2022-12-04 15:16:42","132.60","0.00","2022-12-04 00:00:00","2026-04-27 19:22:25"
"5554","163","2026-01-24 07:35:21","144.54","0.00","2026-01-24 00:00:00","2026-04-27 19:22:25"
"5555","11","2025-05-27 10:57:46","152.50","0.00","2025-05-27 00:00:00","2026-04-27 19:22:25"
"5556","74","2023-10-08 18:04:50","156.02","0.00","2023-10-08 00:00:00","2026-04-27 19:22:25"
"5557","88","2025-10-31 07:48:19","184.92","0.00","2025-10-31 00:00:00","2026-04-27 19:22:25"
"5558","11","2023-12-02 12:34:05","122.64","0.00","2023-12-02 00:00:00","2026-04-27 19:22:25"
"5559","33","2026-03-20 07:39:24","50.16","0.00","2026-03-20 00:00:00","2026-04-27 19:22:25"
"5560","283","2021-08-02 19:32:57","47.50","5.00","2021-08-02 00:00:00","2026-04-27 19:22:25"
"5561","257","2025-02-11 18:58:14","83.98","0.00","2025-02-11 00:00:00","2026-04-27 19:22:25"
"5562","300","2024-12-18 15:02:33","100.79","0.00","2024-12-18 00:00:00","2026-04-27 19:22:25"
"5563","5","2026-01-11 08:24:18","149.68","0.00","2026-01-11 00:00:00","2026-04-27 19:22:25"
"5564","166","2022-05-05 16:10:01","39.24","5.00","2022-05-05 00:00:00","2026-04-27 19:22:25"
"5565","71","2025-05-18 17:17:01","47.05","10.00","2025-05-18 00:00:00","2026-04-27 19:22:25"
"5566","269","2025-01-03 11:57:24","115.36","0.00","2025-01-03 00:00:00","2026-04-27 19:22:25"
"5567","29","2026-04-11 16:43:41","195.59","0.00","2026-04-11 00:00:00","2026-04-27 19:22:25"
"5568","101","2026-02-24 12:36:11","113.03","0.00","2026-02-24 00:00:00","2026-04-27 19:22:25"
"5569","253","2025-02-07 11:30:57","34.80","5.00","2025-02-07 00:00:00","2026-04-27 19:22:25"
"5570","116","2025-07-10 12:45:53","110.84","0.00","2025-07-10 00:00:00","2026-04-27 19:22:25"
"5571","179","2022-11-17 14:30:16","252.72","0.00","2022-11-17 00:00:00","2026-04-27 19:22:25"
"5572","138","2021-07-13 07:05:33","61.28","0.00","2021-07-13 00:00:00","2026-04-27 19:22:25"
"5573","193","2023-10-04 10:42:17","60.88","0.00","2023-10-04 00:00:00","2026-04-27 19:22:25"
"5574","182","2022-12-10 18:11:24","260.44","0.00","2022-12-10 00:00:00","2026-04-27 19:22:25"
"5575","170","2023-03-27 11:14:51","7.26","10.00","2023-03-27 00:00:00","2026-04-27 19:22:25"
"5576","174","2025-07-12 10:35:52","107.65","0.00","2025-07-12 00:00:00","2026-04-27 19:22:25"
"5577","276","2025-08-25 09:50:08","148.58","0.00","2025-08-25 00:00:00","2026-04-27 19:22:25"
"5578","216","2025-01-29 16:25:16","102.72","0.00","2025-01-29 00:00:00","2026-04-27 19:22:25"
"5579","30","2025-01-18 17:20:29","112.02","0.00","2025-01-18 00:00:00","2026-04-27 19:22:25"
"5580","231","2024-07-04 18:52:50","15.45","10.00","2024-07-04 00:00:00","2026-04-27 19:22:25"
"5581","223","2025-02-28 11:03:54","211.31","0.00","2025-02-28 00:00:00","2026-04-27 19:22:25"
"5582","151","2023-10-31 12:51:41","218.41","0.00","2023-10-31 00:00:00","2026-04-27 19:22:25"
"5583","2","2025-03-19 07:07:31","45.62","10.00","2025-03-19 00:00:00","2026-04-27 19:22:25"
"5584","213","2024-12-15 18:12:37","73.48","0.00","2024-12-15 00:00:00","2026-04-27 19:22:25"
"5585","37","2025-05-14 14:02:44","120.08","0.00","2025-05-14 00:00:00","2026-04-27 19:22:25"
"5586","265","2025-11-25 15:12:20","232.03","0.00","2025-11-25 00:00:00","2026-04-27 19:22:25"
"5587","211","2024-11-07 12:59:16","198.84","0.00","2024-11-07 00:00:00","2026-04-27 19:22:25"
"5588","142","2025-03-26 11:34:26","95.01","0.00","2025-03-26 00:00:00","2026-04-27 19:22:25"
"5589","194","2023-01-25 19:33:47","83.50","0.00","2023-01-25 00:00:00","2026-04-27 19:22:25"
"5590","78","2026-04-07 12:24:13","23.16","10.00","2026-04-07 00:00:00","2026-04-27 19:22:25"
"5591","263","2020-02-11 09:36:13","127.47","0.00","2020-02-11 00:00:00","2026-04-27 19:22:25"
"5592","271","2022-11-02 15:01:29","78.06","0.00","2022-11-02 00:00:00","2026-04-27 19:22:25"
"5593","90","2025-09-02 14:54:17","38.45","5.00","2025-09-02 00:00:00","2026-04-27 19:22:25"
"5594","89","2024-07-09 09:02:11","107.98","0.00","2024-07-09 00:00:00","2026-04-27 19:22:25"
"5595","179","2024-01-22 08:00:19","141.88","0.00","2024-01-22 00:00:00","2026-04-27 19:22:25"
"5596","272","2024-12-19 09:04:37","166.42","0.00","2024-12-19 00:00:00","2026-04-27 19:22:25"
"5597","131","2024-07-20 07:51:31","291.17","0.00","2024-07-20 00:00:00","2026-04-27 19:22:25"
"5598","263","2020-03-14 16:05:31","168.13","0.00","2020-03-14 00:00:00","2026-04-27 19:22:25"
"5599","159","2024-09-15 12:08:56","58.53","0.00","2024-09-15 00:00:00","2026-04-27 19:22:25"
"5600","294","2025-05-31 17:45:36","49.29","5.00","2025-05-31 00:00:00","2026-04-27 19:22:25"
"5601","278","2026-04-08 08:51:24","13.50","25.00","2026-04-08 00:00:00","2026-04-27 19:22:25"
"5602","93","2025-02-25 11:16:56","150.03","0.00","2025-02-25 00:00:00","2026-04-27 19:22:25"
"5603","189","2025-11-05 09:27:11","211.94","0.00","2025-11-05 00:00:00","2026-04-27 19:22:25"
"5604","185","2026-01-28 13:10:41","82.04","0.00","2026-01-28 00:00:00","2026-04-27 19:22:25"
"5605","173","2025-09-07 07:57:22","164.00","0.00","2025-09-07 00:00:00","2026-04-27 19:22:25"
"5606","41","2025-02-17 07:26:40","51.10","5.00","2025-02-17 00:00:00","2026-04-27 19:22:25"
"5607","90","2025-11-20 10:24:47","111.94","0.00","2025-11-20 00:00:00","2026-04-27 19:22:25"
"5608","131","2022-10-25 08:37:58","207.52","0.00","2022-10-25 00:00:00","2026-04-27 19:22:25"
"5609","204","2025-12-25 11:30:12","17.97","10.00","2025-12-25 00:00:00","2026-04-27 19:22:25"
"5610","157","2021-07-19 19:01:22","70.65","0.00","2021-07-19 00:00:00","2026-04-27 19:22:25"
"5611","278","2026-04-05 08:44:01","82.23","0.00","2026-04-05 00:00:00","2026-04-27 19:22:25"
"5612","18","2024-01-29 08:46:41","37.86","5.00","2024-01-29 00:00:00","2026-04-27 19:22:25"
"5613","69","2025-11-28 14:03:49","195.97","0.00","2025-11-28 00:00:00","2026-04-27 19:22:25"
"5614","277","2025-04-17 07:16:23","19.52","25.00","2025-04-17 00:00:00","2026-04-27 19:22:25"
"5615","147","2025-11-07 13:29:23","73.25","0.00","2025-11-07 00:00:00","2026-04-27 19:22:25"
"5616","221","2025-08-27 12:50:24","93.77","0.00","2025-08-27 00:00:00","2026-04-27 19:22:25"
"5617","21","2025-12-06 12:51:29","136.12","0.00","2025-12-06 00:00:00","2026-04-27 19:22:25"
"5618","28","2023-04-12 05:22:27","318.48","0.00","2023-04-12 00:00:00","2026-04-27 19:22:25"
"5619","278","2026-03-07 15:06:58","27.45","10.00","2026-03-07 00:00:00","2026-04-27 19:22:25"
"5620","248","2022-02-28 17:05:16","174.28","0.00","2022-02-28 00:00:00","2026-04-27 19:22:25"
"5621","152","2025-04-16 14:03:56","22.54","10.00","2025-04-16 00:00:00","2026-04-27 19:22:25"
"5622","269","2024-06-01 18:32:14","178.23","0.00","2024-06-01 00:00:00","2026-04-27 19:22:25"
"5623","295","2026-04-12 12:16:43","61.67","0.00","2026-04-12 00:00:00","2026-04-27 19:22:25"
"5624","134","2024-10-19 02:37:14","159.82","0.00","2024-10-19 00:00:00","2026-04-27 19:22:25"
"5625","285","2024-12-14 18:31:54","61.19","0.00","2024-12-14 00:00:00","2026-04-27 19:22:25"
"5626","72","2024-09-09 08:19:05","212.97","0.00","2024-09-09 00:00:00","2026-04-27 19:22:25"
"5627","267","2026-01-26 11:09:27","169.97","0.00","2026-01-26 00:00:00","2026-04-27 19:22:25"
"5628","11","2025-11-01 07:37:24","135.85","0.00","2025-11-01 00:00:00","2026-04-27 19:22:25"
"5629","211","2024-11-11 16:43:40","45.79","10.00","2024-11-11 00:00:00","2026-04-27 19:22:25"
"5630","211","2025-02-10 18:53:50","244.51","0.00","2025-02-10 00:00:00","2026-04-27 19:22:25"
"5631","265","2025-04-16 18:51:44","118.88","0.00","2025-04-16 00:00:00","2026-04-27 19:22:25"
"5632","88","2025-04-22 13:23:55","16.05","10.00","2025-04-22 00:00:00","2026-04-27 19:22:25"
"5633","133","2025-12-28 15:25:23","143.85","0.00","2025-12-28 00:00:00","2026-04-27 19:22:25"
"5634","219","2022-08-30 08:15:17","42.85","10.00","2022-08-30 00:00:00","2026-04-27 19:22:25"
"5635","143","2025-11-30 07:12:46","67.32","5.00","2025-11-30 00:00:00","2026-04-27 19:22:25"
"5636","32","2024-03-27 10:35:40","41.38","10.00","2024-03-27 00:00:00","2026-04-27 19:22:25"
"5637","290","2022-10-08 08:18:00","263.47","0.00","2022-10-08 00:00:00","2026-04-27 19:22:25"
"5638","146","2023-03-07 14:00:41","30.14","10.00","2023-03-07 00:00:00","2026-04-27 19:22:25"
"5639","176","2025-07-21 19:34:58","195.60","0.00","2025-07-21 00:00:00","2026-04-27 19:22:25"
"5640","180","2025-10-03 18:57:08","130.72","0.00","2025-10-03 00:00:00","2026-04-27 19:22:25"
"5641","55","2021-09-02 08:25:53","282.17","0.00","2021-09-02 00:00:00","2026-04-27 19:22:25"
"5642","266","2026-03-30 11:20:11","99.33","0.00","2026-03-30 00:00:00","2026-04-27 19:22:25"
"5643","219","2022-01-31 01:57:17","19.72","25.00","2022-01-31 00:00:00","2026-04-27 19:22:25"
"5644","292","2025-03-18 18:25:43","66.44","0.00","2025-03-18 00:00:00","2026-04-27 19:22:25"
"5645","111","2024-08-23 16:13:07","91.19","0.00","2024-08-23 00:00:00","2026-04-27 19:22:25"
"5646","141","2024-05-06 07:45:11","8.46","10.00","2024-05-06 00:00:00","2026-04-27 19:22:25"
"5647","113","2025-08-28 02:25:48","43.45","10.00","2025-08-28 00:00:00","2026-04-27 19:22:25"
"5648","198","2025-05-12 07:10:30","77.88","0.00","2025-05-12 00:00:00","2026-04-27 19:22:25"
"5649","215","2025-11-05 14:24:34","169.85","0.00","2025-11-05 00:00:00","2026-04-27 19:22:25"
"5650","129","2025-11-05 07:08:48","85.17","0.00","2025-11-05 00:00:00","2026-04-27 19:22:25"
"5651","287","2022-08-07 03:58:13","141.05","0.00","2022-08-07 00:00:00","2026-04-27 19:22:25"
"5652","15","2022-09-20 14:44:13","44.72","5.00","2022-09-20 00:00:00","2026-04-27 19:22:25"
"5653","19","2025-12-23 00:37:45","40.96","5.00","2025-12-23 00:00:00","2026-04-27 19:22:25"
"5654","132","2021-08-19 08:07:07","150.32","0.00","2021-08-19 00:00:00","2026-04-27 19:22:25"
"5655","268","2025-11-29 18:31:04","142.59","0.00","2025-11-29 00:00:00","2026-04-27 19:22:25"
"5656","269","2025-08-24 09:15:02","288.18","0.00","2025-08-24 00:00:00","2026-04-27 19:22:25"
"5657","108","2026-04-07 19:18:47","132.26","0.00","2026-04-07 00:00:00","2026-04-27 19:22:25"
"5658","269","2025-03-30 10:03:03","22.40","25.00","2025-03-30 00:00:00","2026-04-27 19:22:25"
"5659","218","2025-05-20 15:30:44","68.88","5.00","2025-05-20 00:00:00","2026-04-27 19:22:25"
"5660","145","2026-01-18 17:59:47","35.54","10.00","2026-01-18 00:00:00","2026-04-27 19:22:25"
"5661","270","2021-01-10 17:30:22","57.71","0.00","2021-01-10 00:00:00","2026-04-27 19:22:25"
"5662","109","2025-09-17 18:57:19","179.18","0.00","2025-09-17 00:00:00","2026-04-27 19:22:25"
"5663","278","2025-10-24 08:38:28","34.60","10.00","2025-10-24 00:00:00","2026-04-27 19:22:25"
"5664","36","2026-03-29 16:56:47","83.54","0.00","2026-03-29 00:00:00","2026-04-27 19:22:25"
"5665","133","2022-12-06 14:33:36","84.15","0.00","2022-12-06 00:00:00","2026-04-27 19:22:25"
"5666","268","2026-02-27 18:10:23","230.55","0.00","2026-02-27 00:00:00","2026-04-27 19:22:25"
"5667","129","2025-08-17 10:41:29","123.22","0.00","2025-08-17 00:00:00","2026-04-27 19:22:25"
"5668","152","2023-11-11 11:52:53","103.54","0.00","2023-11-11 00:00:00","2026-04-27 19:22:25"
"5669","94","2024-11-29 07:42:23","82.29","0.00","2024-11-29 00:00:00","2026-04-27 19:22:25"
"5670","79","2025-06-07 09:40:48","147.39","0.00","2025-06-07 00:00:00","2026-04-27 19:22:25"
"5671","173","2026-02-24 18:55:10","207.22","0.00","2026-02-24 00:00:00","2026-04-27 19:22:25"
"5672","92","2025-07-10 19:25:18","40.64","10.00","2025-07-10 00:00:00","2026-04-27 19:22:25"
"5673","24","2022-11-16 13:02:05","80.06","0.00","2022-11-16 00:00:00","2026-04-27 19:22:25"
"5674","13","2023-08-24 14:16:57","271.82","0.00","2023-08-24 00:00:00","2026-04-27 19:22:25"
"5675","252","2024-03-19 11:39:51","134.23","0.00","2024-03-19 00:00:00","2026-04-27 19:22:25"
"5676","158","2024-08-08 11:41:00","44.22","5.00","2024-08-08 00:00:00","2026-04-27 19:22:25"
"5677","293","2025-05-02 19:57:46","104.71","0.00","2025-05-02 00:00:00","2026-04-27 19:22:25"
"5678","67","2023-05-14 07:17:42","251.59","0.00","2023-05-14 00:00:00","2026-04-27 19:22:25"
"5679","88","2026-03-27 08:01:57","214.39","0.00","2026-03-27 00:00:00","2026-04-27 19:22:25"
"5680","27","2025-08-01 03:52:43","222.51","0.00","2025-08-01 00:00:00","2026-04-27 19:22:25"
"5681","78","2025-08-06 09:36:44","80.08","0.00","2025-08-06 00:00:00","2026-04-27 19:22:25"
"5682","115","2024-02-15 08:48:19","60.55","5.00","2024-02-15 00:00:00","2026-04-27 19:22:25"
"5683","285","2025-06-14 19:22:54","183.58","0.00","2025-06-14 00:00:00","2026-04-27 19:22:25"
"5684","119","2024-08-28 11:51:40","68.32","5.00","2024-08-28 00:00:00","2026-04-27 19:22:25"
"5685","13","2026-04-12 07:18:09","65.04","5.00","2026-04-12 00:00:00","2026-04-27 19:22:25"
"5686","63","2024-10-19 07:11:44","345.28","0.00","2024-10-19 00:00:00","2026-04-27 19:22:25"
"5687","217","2025-07-12 13:30:27","102.10","0.00","2025-07-12 00:00:00","2026-04-27 19:22:25"
"5688","21","2026-03-07 09:57:01","201.34","0.00","2026-03-07 00:00:00","2026-04-27 19:22:25"
"5689","51","2025-08-13 12:37:15","167.91","0.00","2025-08-13 00:00:00","2026-04-27 19:22:25"
"5690","238","2022-10-13 12:09:55","276.99","0.00","2022-10-13 00:00:00","2026-04-27 19:22:25"
"5691","85","2025-11-06 12:28:42","188.07","0.00","2025-11-06 00:00:00","2026-04-27 19:22:25"
"5692","71","2025-10-17 15:20:03","200.70","0.00","2025-10-17 00:00:00","2026-04-27 19:22:25"
"5693","32","2022-08-28 10:33:38","9.42","25.00","2022-08-28 00:00:00","2026-04-27 19:22:25"
"5694","251","2026-03-16 17:55:31","34.31","5.00","2026-03-16 00:00:00","2026-04-27 19:22:25"
"5695","63","2025-11-24 09:10:20","28.43","5.00","2025-11-24 00:00:00","2026-04-27 19:22:25"
"5696","27","2026-03-07 19:20:43","250.14","0.00","2026-03-07 00:00:00","2026-04-27 19:22:25"
"5697","131","2023-09-23 18:19:10","80.52","0.00","2023-09-23 00:00:00","2026-04-27 19:22:25"
"5698","220","2025-07-01 05:21:23","75.40","0.00","2025-07-01 00:00:00","2026-04-27 19:22:25"
"5699","75","2026-02-22 08:18:24","239.50","0.00","2026-02-22 00:00:00","2026-04-27 19:22:25"
"5700","232","2025-10-01 14:38:59","110.87","0.00","2025-10-01 00:00:00","2026-04-27 19:22:25"
"5701","188","2026-02-21 11:40:54","138.84","0.00","2026-02-21 00:00:00","2026-04-27 19:22:25"
"5702","12","2024-12-21 19:11:04","130.83","0.00","2024-12-21 00:00:00","2026-04-27 19:22:25"
"5703","103","2024-01-09 06:56:56","57.22","0.00","2024-01-09 00:00:00","2026-04-27 19:22:25"
"5704","286","2022-06-13 08:46:16","32.36","5.00","2022-06-13 00:00:00","2026-04-27 19:22:25"
"5705","253","2025-02-14 12:14:25","78.66","0.00","2025-02-14 00:00:00","2026-04-27 19:22:25"
"5706","166","2024-03-03 17:35:40","29.20","5.00","2024-03-03 00:00:00","2026-04-27 19:22:25"
"5707","168","2024-03-29 19:54:43","105.84","0.00","2024-03-29 00:00:00","2026-04-27 19:22:25"
"5708","243","2024-07-03 09:24:26","114.60","0.00","2024-07-03 00:00:00","2026-04-27 19:22:25"
"5709","110","2025-12-24 08:23:54","154.11","0.00","2025-12-24 00:00:00","2026-04-27 19:22:25"
"5710","247","2026-04-12 12:52:43","251.05","0.00","2026-04-12 00:00:00","2026-04-27 19:22:25"
"5711","157","2022-03-17 07:26:37","63.93","0.00","2022-03-17 00:00:00","2026-04-27 19:22:25"
"5712","247","2024-05-24 09:29:39","261.33","0.00","2024-05-24 00:00:00","2026-04-27 19:22:25"
"5713","179","2024-06-16 09:52:57","109.59","0.00","2024-06-16 00:00:00","2026-04-27 19:22:25"
"5714","29","2026-04-13 10:36:57","198.53","0.00","2026-04-13 00:00:00","2026-04-27 19:22:25"
"5715","197","2024-04-19 04:22:02","97.94","0.00","2024-04-19 00:00:00","2026-04-27 19:22:25"
"5716","198","2026-02-22 11:41:57","240.81","0.00","2026-02-22 00:00:00","2026-04-27 19:22:25"
"5717","134","2024-03-24 09:34:16","45.96","5.00","2024-03-24 00:00:00","2026-04-27 19:22:25"
"5718","263","2020-03-13 08:08:53","79.10","0.00","2020-03-13 00:00:00","2026-04-27 19:22:25"
"5719","151","2023-08-08 15:47:11","166.84","0.00","2023-08-08 00:00:00","2026-04-27 19:22:25"
"5720","222","2025-08-09 13:57:46","224.64","0.00","2025-08-09 00:00:00","2026-04-27 19:22:25"
"5721","224","2023-09-11 08:26:28","9.36","25.00","2023-09-11 00:00:00","2026-04-27 19:22:25"
"5722","156","2026-01-08 16:17:29","31.29","5.00","2026-01-08 00:00:00","2026-04-27 19:22:25"
"5723","152","2024-12-03 12:46:00","96.70","0.00","2024-12-03 00:00:00","2026-04-27 19:22:25"
"5724","233","2025-03-20 08:37:49","62.98","5.00","2025-03-20 00:00:00","2026-04-27 19:22:25"
"5725","295","2026-03-08 17:50:03","120.48","0.00","2026-03-08 00:00:00","2026-04-27 19:22:25"
"5726","18","2023-07-27 08:46:37","6.30","10.00","2023-07-27 00:00:00","2026-04-27 19:22:25"
"5727","249","2024-06-03 08:30:19","151.69","0.00","2024-06-03 00:00:00","2026-04-27 19:22:25"
"5728","239","2024-12-14 14:59:37","90.08","0.00","2024-12-14 00:00:00","2026-04-27 19:22:25"
"5729","297","2026-04-07 19:06:46","158.32","0.00","2026-04-07 00:00:00","2026-04-27 19:22:25"
"5730","265","2026-04-01 15:02:33","197.48","0.00","2026-04-01 00:00:00","2026-04-27 19:22:25"
"5731","159","2025-04-06 08:11:35","22.04","10.00","2025-04-06 00:00:00","2026-04-27 19:22:25"
"5732","285","2025-09-10 10:07:31","197.78","0.00","2025-09-10 00:00:00","2026-04-27 19:22:25"
"5733","56","2025-11-19 16:17:40","12.20","25.00","2025-11-19 00:00:00","2026-04-27 19:22:25"
"5734","175","2025-07-28 13:25:59","4.25","25.00","2025-07-28 00:00:00","2026-04-27 19:22:25"
"5735","58","2021-06-24 09:12:28","118.82","0.00","2021-06-24 00:00:00","2026-04-27 19:22:25"
"5736","64","2025-05-29 08:10:35","5.27","10.00","2025-05-29 00:00:00","2026-04-27 19:22:25"
"5737","227","2026-02-24 11:34:28","101.84","0.00","2026-02-24 00:00:00","2026-04-27 19:22:25"
"5738","27","2025-06-13 09:40:01","123.06","0.00","2025-06-13 00:00:00","2026-04-27 19:22:25"
"5739","176","2026-03-15 16:45:50","102.22","0.00","2026-03-15 00:00:00","2026-04-27 19:22:25"
"5740","250","2022-01-07 08:20:46","21.36","25.00","2022-01-07 00:00:00","2026-04-27 19:22:25"
"5741","199","2023-11-22 08:24:02","97.14","0.00","2023-11-22 00:00:00","2026-04-27 19:22:25"
"5742","23","2025-08-16 08:47:55","104.85","0.00","2025-08-16 00:00:00","2026-04-27 19:22:25"
"5743","124","2025-10-30 14:29:06","0.00","0.00","2025-10-30 00:00:00","2026-04-27 19:22:25"
"5744","195","2025-08-19 10:03:08","92.76","0.00","2025-08-19 00:00:00","2026-04-27 19:22:25"
"5745","247","2026-02-03 10:53:11","183.96","0.00","2026-02-03 00:00:00","2026-04-27 19:22:25"
"5746","66","2022-06-13 10:25:53","47.05","10.00","2022-06-13 00:00:00","2026-04-27 19:22:25"
"5747","122","2025-11-26 11:19:08","163.59","0.00","2025-11-26 00:00:00","2026-04-27 19:22:25"
"5748","94","2025-02-09 08:38:00","42.58","10.00","2025-02-09 00:00:00","2026-04-27 19:22:25"
"5749","121","2024-03-06 18:36:32","111.27","0.00","2024-03-06 00:00:00","2026-04-27 19:22:25"
"5750","11","2022-11-30 00:42:08","163.60","0.00","2022-11-30 00:00:00","2026-04-27 19:22:25"
"5751","136","2025-12-22 13:14:01","17.30","25.00","2025-12-22 00:00:00","2026-04-27 19:22:25"
"5752","77","2024-11-26 11:31:07","10.12","10.00","2024-11-26 00:00:00","2026-04-27 19:22:25"
"5753","98","2024-01-11 17:42:15","105.65","0.00","2024-01-11 00:00:00","2026-04-27 19:22:25"
"5754","103","2024-03-26 19:29:29","8.70","10.00","2024-03-26 00:00:00","2026-04-27 19:22:25"
"5755","151","2023-12-03 09:59:31","160.02","0.00","2023-12-03 00:00:00","2026-04-27 19:22:25"
"5756","62","2025-06-17 02:21:32","0.00","0.00","2025-06-17 00:00:00","2026-04-27 19:22:25"
"5757","224","2022-11-30 09:46:13","227.18","0.00","2022-11-30 00:00:00","2026-04-27 19:22:25"
"5758","199","2023-02-09 07:32:45","249.01","0.00","2023-02-09 00:00:00","2026-04-27 19:22:25"
"5759","192","2023-09-11 14:46:31","283.69","0.00","2023-09-11 00:00:00","2026-04-27 19:22:25"
"5760","297","2025-11-16 11:38:46","91.85","0.00","2025-11-16 00:00:00","2026-04-27 19:22:25"
"5761","10","2024-05-26 07:12:49","82.83","0.00","2024-05-26 00:00:00","2026-04-27 19:22:25"
"5762","101","2023-08-11 11:05:03","133.07","0.00","2023-08-11 00:00:00","2026-04-27 19:22:25"
"5763","109","2024-02-10 10:00:58","279.50","0.00","2024-02-10 00:00:00","2026-04-27 19:22:25"
"5764","244","2026-01-04 08:30:34","311.32","0.00","2026-01-04 00:00:00","2026-04-27 19:22:25"
"5765","87","2026-03-14 18:10:23","24.50","10.00","2026-03-14 00:00:00","2026-04-27 19:22:25"
"5766","110","2025-09-11 11:26:42","287.26","0.00","2025-09-11 00:00:00","2026-04-27 19:22:25"
"5767","29","2025-06-30 19:05:36","80.18","0.00","2025-06-30 00:00:00","2026-04-27 19:22:25"
"5768","128","2023-04-24 02:53:27","119.47","0.00","2023-04-24 00:00:00","2026-04-27 19:22:25"
"5769","179","2025-04-07 03:34:32","24.70","10.00","2025-04-07 00:00:00","2026-04-27 19:22:25"
"5770","299","2025-06-11 08:31:10","75.79","0.00","2025-06-11 00:00:00","2026-04-27 19:22:25"
"5771","283","2021-10-08 11:49:36","119.26","0.00","2021-10-08 00:00:00","2026-04-27 19:22:25"
"5772","46","2025-10-25 19:12:08","80.29","0.00","2025-10-25 00:00:00","2026-04-27 19:22:25"
"5773","128","2022-12-13 19:23:09","225.01","0.00","2022-12-13 00:00:00","2026-04-27 19:22:25"
"5774","57","2022-06-25 02:12:54","111.41","0.00","2022-06-25 00:00:00","2026-04-27 19:22:25"
"5775","62","2025-03-08 08:07:13","128.53","0.00","2025-03-08 00:00:00","2026-04-27 19:22:25"
"5776","159","2026-03-04 09:46:48","51.32","0.00","2026-03-04 00:00:00","2026-04-27 19:22:25"
"5777","177","2026-04-13 08:12:43","55.92","0.00","2026-04-13 00:00:00","2026-04-27 19:22:25"
"5778","263","2020-04-04 08:32:08","226.25","0.00","2020-04-04 00:00:00","2026-04-27 19:22:25"
"5779","13","2022-11-19 11:14:51","0.00","0.00","2022-11-19 00:00:00","2026-04-27 19:22:25"
"5780","268","2024-10-21 12:33:04","61.66","5.00","2024-10-21 00:00:00","2026-04-27 19:22:25"
"5781","243","2026-03-09 07:41:00","143.41","0.00","2026-03-09 00:00:00","2026-04-27 19:22:25"
"5782","165","2025-11-23 09:16:19","53.72","0.00","2025-11-23 00:00:00","2026-04-27 19:22:25"
"5783","119","2026-02-11 07:03:23","74.84","5.00","2026-02-11 00:00:00","2026-04-27 19:22:25"
"5784","210","2025-11-25 08:04:44","85.66","0.00","2025-11-25 00:00:00","2026-04-27 19:22:25"
"5785","223","2025-03-14 12:36:22","183.34","0.00","2025-03-14 00:00:00","2026-04-27 19:22:25"
"5786","104","2021-05-09 10:11:45","23.80","10.00","2021-05-09 00:00:00","2026-04-27 19:22:25"
"5787","300","2025-02-17 19:52:38","96.48","0.00","2025-02-17 00:00:00","2026-04-27 19:22:25"
"5788","28","2024-02-12 18:38:35","126.95","0.00","2024-02-12 00:00:00","2026-04-27 19:22:25"
"5789","105","2023-05-15 15:34:10","322.97","0.00","2023-05-15 00:00:00","2026-04-27 19:22:25"
"5790","178","2024-11-17 13:25:53","138.50","0.00","2024-11-17 00:00:00","2026-04-27 19:22:25"
"5791","144","2020-06-24 15:56:06","150.13","0.00","2020-06-24 00:00:00","2026-04-27 19:22:25"
"5792","183","2022-05-29 09:47:20","272.97","0.00","2022-05-29 00:00:00","2026-04-27 19:22:25"
"5793","208","2025-11-11 15:40:51","88.64","0.00","2025-11-11 00:00:00","2026-04-27 19:22:25"
"5794","237","2026-04-02 15:58:17","78.81","0.00","2026-04-02 00:00:00","2026-04-27 19:22:25"
"5795","246","2024-08-18 17:07:26","105.39","0.00","2024-08-18 00:00:00","2026-04-27 19:22:25"
"5796","266","2026-02-26 07:02:27","19.56","25.00","2026-02-26 00:00:00","2026-04-27 19:22:25"
"5797","32","2024-05-22 15:03:44","81.76","0.00","2024-05-22 00:00:00","2026-04-27 19:22:25"
"5798","117","2023-12-10 13:05:28","76.47","0.00","2023-12-10 00:00:00","2026-04-27 19:22:25"
"5799","102","2022-04-14 12:40:43","195.58","0.00","2022-04-14 00:00:00","2026-04-27 19:22:25"
"5800","136","2026-03-28 18:15:51","201.91","0.00","2026-03-28 00:00:00","2026-04-27 19:22:25"
"5801","229","2026-04-15 11:00:37","141.95","0.00","2026-04-15 00:00:00","2026-04-27 19:22:25"
"5802","133","2023-01-19 17:12:56","0.00","0.00","2023-01-19 00:00:00","2026-04-27 19:22:25"
"5803","252","2025-11-03 14:03:59","23.77","10.00","2025-11-03 00:00:00","2026-04-27 19:22:25"
"5804","183","2024-08-14 09:10:01","93.62","0.00","2024-08-14 00:00:00","2026-04-27 19:22:25"
"5805","211","2024-09-23 06:40:40","96.97","0.00","2024-09-23 00:00:00","2026-04-27 19:22:25"
"5806","156","2024-04-25 16:26:07","1.79","10.00","2024-04-25 00:00:00","2026-04-27 19:22:25"
"5807","46","2026-04-14 12:07:58","7.47","25.00","2026-04-14 00:00:00","2026-04-27 19:22:25"
"5808","282","2025-10-12 16:30:42","23.85","10.00","2025-10-12 00:00:00","2026-04-27 19:22:25"
"5809","240","2024-06-09 10:58:52","41.22","5.00","2024-06-09 00:00:00","2026-04-27 19:22:25"
"5810","290","2021-12-05 14:12:35","85.34","0.00","2021-12-05 00:00:00","2026-04-27 19:22:25"
"5811","211","2025-02-07 16:12:14","75.61","0.00","2025-02-07 00:00:00","2026-04-27 19:22:25"
"5812","71","2026-03-29 11:11:22","196.96","0.00","2026-03-29 00:00:00","2026-04-27 19:22:25"
"5813","297","2025-06-15 13:00:54","71.70","5.00","2025-06-15 00:00:00","2026-04-27 19:22:25"
"5814","95","2025-08-31 18:52:40","41.55","10.00","2025-08-31 00:00:00","2026-04-27 19:22:25"
"5815","86","2026-01-22 01:29:39","8.54","25.00","2026-01-22 00:00:00","2026-04-27 19:22:25"
"5816","85","2025-10-03 07:38:48","57.19","0.00","2025-10-03 00:00:00","2026-04-27 19:22:25"
"5817","258","2025-04-29 10:07:22","85.31","0.00","2025-04-29 00:00:00","2026-04-27 19:22:25"
"5818","100","2023-03-03 12:58:02","58.55","0.00","2023-03-03 00:00:00","2026-04-27 19:22:25"
"5819","214","2024-07-18 13:41:31","9.05","10.00","2024-07-18 00:00:00","2026-04-27 19:22:25"
"5820","39","2021-07-03 12:32:57","165.83","0.00","2021-07-03 00:00:00","2026-04-27 19:22:25"
"5821","200","2024-11-20 19:09:00","238.40","0.00","2024-11-20 00:00:00","2026-04-27 19:22:25"
"5822","270","2022-05-11 18:27:47","36.29","5.00","2022-05-11 00:00:00","2026-04-27 19:22:25"
"5823","55","2023-09-06 15:06:50","124.66","0.00","2023-09-06 00:00:00","2026-04-27 19:22:25"
"5824","77","2024-10-15 09:54:11","168.82","0.00","2024-10-15 00:00:00","2026-04-27 19:22:25"
"5825","167","2023-10-17 15:06:51","78.04","0.00","2023-10-17 00:00:00","2026-04-27 19:22:25"
"5826","128","2022-11-10 14:05:10","98.15","0.00","2022-11-10 00:00:00","2026-04-27 19:22:25"
"5827","41","2024-08-05 14:23:39","32.50","10.00","2024-08-05 00:00:00","2026-04-27 19:22:25"
"5828","181","2021-10-10 16:52:24","158.53","0.00","2021-10-10 00:00:00","2026-04-27 19:22:25"
"5829","219","2022-09-24 18:12:22","125.12","0.00","2022-09-24 00:00:00","2026-04-27 19:22:25"
"5830","296","2023-07-17 11:07:04","114.03","0.00","2023-07-17 00:00:00","2026-04-27 19:22:25"
"5831","247","2021-10-29 09:21:38","88.88","0.00","2021-10-29 00:00:00","2026-04-27 19:22:25"
"5832","295","2025-09-17 17:33:22","27.96","5.00","2025-09-17 00:00:00","2026-04-27 19:22:25"
"5833","127","2026-04-03 19:09:52","115.84","0.00","2026-04-03 00:00:00","2026-04-27 19:22:25"
"5834","211","2024-06-06 06:55:45","4.46","25.00","2024-06-06 00:00:00","2026-04-27 19:22:25"
"5835","8","2025-07-22 19:48:03","0.00","0.00","2025-07-22 00:00:00","2026-04-27 19:22:25"
"5836","13","2025-04-06 08:18:23","63.68","5.00","2025-04-06 00:00:00","2026-04-27 19:22:25"
"5837","182","2025-04-18 19:52:22","41.97","5.00","2025-04-18 00:00:00","2026-04-27 19:22:25"
"5838","135","2026-04-01 10:41:12","81.88","0.00","2026-04-01 00:00:00","2026-04-27 19:22:25"
"5839","291","2024-10-17 08:59:00","305.81","0.00","2024-10-17 00:00:00","2026-04-27 19:22:25"
"5840","131","2025-04-20 13:26:10","132.59","0.00","2025-04-20 00:00:00","2026-04-27 19:22:25"
"5841","87","2026-03-27 13:01:02","227.52","0.00","2026-03-27 00:00:00","2026-04-27 19:22:25"
"5842","197","2025-01-14 17:17:09","189.25","0.00","2025-01-14 00:00:00","2026-04-27 19:22:25"
"5843","153","2021-10-20 07:36:59","206.01","0.00","2021-10-20 00:00:00","2026-04-27 19:22:25"
"5844","268","2022-06-17 17:22:33","176.67","0.00","2022-06-17 00:00:00","2026-04-27 19:22:25"
"5845","208","2025-02-15 01:32:59","102.75","0.00","2025-02-15 00:00:00","2026-04-27 19:22:25"
"5846","9","2025-10-17 18:13:30","349.58","0.00","2025-10-17 00:00:00","2026-04-27 19:22:25"
"5847","108","2026-03-27 08:40:06","219.35","0.00","2026-03-27 00:00:00","2026-04-27 19:22:25"
"5848","182","2024-10-10 14:30:15","17.30","10.00","2024-10-10 00:00:00","2026-04-27 19:22:25"
"5849","271","2022-06-23 03:22:32","188.24","0.00","2022-06-23 00:00:00","2026-04-27 19:22:25"
"5850","91","2025-12-06 13:05:18","87.44","0.00","2025-12-06 00:00:00","2026-04-27 19:22:25"
"5851","10","2024-10-30 15:39:47","144.39","0.00","2024-10-30 00:00:00","2026-04-27 19:22:25"
"5852","12","2025-05-04 08:02:40","162.76","0.00","2025-05-04 00:00:00","2026-04-27 19:22:25"
"5853","135","2026-03-10 14:26:48","102.94","0.00","2026-03-10 00:00:00","2026-04-27 19:22:25"
"5854","112","2025-11-05 07:36:50","135.31","0.00","2025-11-05 00:00:00","2026-04-27 19:22:25"
"5855","279","2025-12-14 11:43:13","83.46","0.00","2025-12-14 00:00:00","2026-04-27 19:22:25"
"5856","65","2025-09-15 08:48:40","191.19","0.00","2025-09-15 00:00:00","2026-04-27 19:22:25"
"5857","174","2025-11-06 07:24:00","108.31","0.00","2025-11-06 00:00:00","2026-04-27 19:22:25"
"5858","53","2025-01-20 09:30:20","82.59","0.00","2025-01-20 00:00:00","2026-04-27 19:22:25"
"5859","120","2025-06-29 11:03:51","9.66","10.00","2025-06-29 00:00:00","2026-04-27 19:22:25"
"5860","138","2020-06-09 17:40:04","297.67","0.00","2020-06-09 00:00:00","2026-04-27 19:22:25"
"5861","237","2026-03-13 13:45:48","305.51","0.00","2026-03-13 00:00:00","2026-04-27 19:22:25"
"5862","205","2024-07-05 09:27:52","45.90","5.00","2024-07-05 00:00:00","2026-04-27 19:22:25"
"5863","57","2023-02-09 14:08:25","168.47","0.00","2023-02-09 00:00:00","2026-04-27 19:22:25"
"5864","126","2022-09-20 08:50:13","33.12","5.00","2022-09-20 00:00:00","2026-04-27 19:22:25"
"5865","153","2021-10-19 09:43:43","39.70","10.00","2021-10-19 00:00:00","2026-04-27 19:22:25"
"5866","103","2023-01-17 10:06:15","265.93","0.00","2023-01-17 00:00:00","2026-04-27 19:22:25"
"5867","273","2026-02-15 12:08:59","185.82","0.00","2026-02-15 00:00:00","2026-04-27 19:22:25"
"5868","291","2025-07-25 17:13:48","395.77","0.00","2025-07-25 00:00:00","2026-04-27 19:22:25"
"5869","3","2025-07-07 12:25:13","158.34","0.00","2025-07-07 00:00:00","2026-04-27 19:22:25"
"5870","229","2026-04-09 09:27:31","172.81","0.00","2026-04-09 00:00:00","2026-04-27 19:22:25"
"5871","167","2025-10-25 16:36:01","69.45","0.00","2025-10-25 00:00:00","2026-04-27 19:22:25"
"5872","231","2023-12-10 14:24:39","24.05","10.00","2023-12-10 00:00:00","2026-04-27 19:22:25"
"5873","22","2024-07-11 13:36:55","179.70","0.00","2024-07-11 00:00:00","2026-04-27 19:22:25"
"5874","282","2026-01-21 09:54:41","194.47","0.00","2026-01-21 00:00:00","2026-04-27 19:22:25"
"5875","253","2024-12-26 08:17:23","112.82","0.00","2024-12-26 00:00:00","2026-04-27 19:22:25"
"5876","180","2026-01-08 11:22:32","125.42","0.00","2026-01-08 00:00:00","2026-04-27 19:22:25"
"5877","201","2026-02-01 07:34:24","176.21","0.00","2026-02-01 00:00:00","2026-04-27 19:22:25"
"5878","274","2023-03-13 15:38:35","109.10","0.00","2023-03-13 00:00:00","2026-04-27 19:22:25"
"5879","145","2025-09-01 13:42:28","96.18","0.00","2025-09-01 00:00:00","2026-04-27 19:22:25"
"5880","20","2021-04-18 17:03:01","119.76","0.00","2021-04-18 00:00:00","2026-04-27 19:22:25"
"5881","278","2025-11-27 07:50:02","151.14","0.00","2025-11-27 00:00:00","2026-04-27 19:22:25"
"5882","71","2026-01-07 07:59:03","127.72","0.00","2026-01-07 00:00:00","2026-04-27 19:22:25"
"5883","232","2025-08-27 14:23:30","53.72","5.00","2025-08-27 00:00:00","2026-04-27 19:22:25"
"5884","263","2019-12-13 13:25:11","111.69","0.00","2019-12-13 00:00:00","2026-04-27 19:22:25"
"5885","161","2025-10-22 01:36:20","140.83","0.00","2025-10-22 00:00:00","2026-04-27 19:22:25"
"5886","179","2025-01-23 08:47:01","5.97","10.00","2025-01-23 00:00:00","2026-04-27 19:22:25"
"5887","282","2025-02-05 09:14:00","83.42","0.00","2025-02-05 00:00:00","2026-04-27 19:22:25"
"5888","296","2025-08-11 14:24:41","131.74","0.00","2025-08-11 00:00:00","2026-04-27 19:22:25"
"5889","97","2026-01-03 19:18:35","64.99","0.00","2026-01-03 00:00:00","2026-04-27 19:22:25"
"5890","132","2020-07-07 14:01:48","104.78","0.00","2020-07-07 00:00:00","2026-04-27 19:22:25"
"5891","275","2021-10-24 08:57:21","142.10","0.00","2021-10-24 00:00:00","2026-04-27 19:22:25"
"5892","154","2024-05-12 09:38:41","125.03","0.00","2024-05-12 00:00:00","2026-04-27 19:22:25"
"5893","277","2025-06-23 16:46:50","98.45","0.00","2025-06-23 00:00:00","2026-04-27 19:22:25"
"5894","52","2025-07-14 07:44:08","94.60","0.00","2025-07-14 00:00:00","2026-04-27 19:22:25"
"5895","216","2023-08-14 17:28:08","169.54","0.00","2023-08-14 00:00:00","2026-04-27 19:22:25"
"5896","280","2022-12-31 19:00:09","221.00","0.00","2022-12-31 00:00:00","2026-04-27 19:22:25"
"5897","264","2024-12-14 08:01:51","91.65","0.00","2024-12-14 00:00:00","2026-04-27 19:22:25"
"5898","293","2025-05-11 17:00:45","12.18","10.00","2025-05-11 00:00:00","2026-04-27 19:22:25"
"5899","257","2025-04-13 08:26:15","17.13","25.00","2025-04-13 00:00:00","2026-04-27 19:22:25"
"5900","186","2026-03-09 09:25:48","221.02","0.00","2026-03-09 00:00:00","2026-04-27 19:22:25"
"5901","44","2026-03-15 07:47:35","64.45","0.00","2026-03-15 00:00:00","2026-04-27 19:22:25"
"5902","296","2024-12-12 08:24:02","249.71","0.00","2024-12-12 00:00:00","2026-04-27 19:22:25"
"5903","288","2025-07-07 08:39:41","29.56","5.00","2025-07-07 00:00:00","2026-04-27 19:22:25"
"5904","263","2020-02-12 14:30:19","254.12","0.00","2020-02-12 00:00:00","2026-04-27 19:22:25"
"5905","59","2023-06-16 15:39:27","14.35","25.00","2023-06-16 00:00:00","2026-04-27 19:22:25"
"5906","184","2026-03-28 12:19:49","235.39","0.00","2026-03-28 00:00:00","2026-04-27 19:22:25"
"5907","116","2026-02-28 12:56:53","76.70","0.00","2026-02-28 00:00:00","2026-04-27 19:22:25"
"5908","65","2025-06-18 07:35:30","338.04","0.00","2025-06-18 00:00:00","2026-04-27 19:22:25"
"5909","224","2021-04-01 09:07:25","132.59","0.00","2021-04-01 00:00:00","2026-04-27 19:22:25"
"5910","263","2020-02-18 08:41:51","125.67","0.00","2020-02-18 00:00:00","2026-04-27 19:22:25"
"5911","251","2026-04-10 13:12:57","34.82","5.00","2026-04-10 00:00:00","2026-04-27 19:22:25"
"5912","62","2024-08-30 11:55:17","115.63","0.00","2024-08-30 00:00:00","2026-04-27 19:22:25"
"5913","30","2023-05-29 08:05:04","142.25","0.00","2023-05-29 00:00:00","2026-04-27 19:22:25"
"5914","194","2022-02-24 15:04:51","222.74","0.00","2022-02-24 00:00:00","2026-04-27 19:22:25"
"5915","287","2022-04-07 18:10:11","9.96","25.00","2022-04-07 00:00:00","2026-04-27 19:22:25"
"5916","20","2022-04-26 15:24:27","303.63","0.00","2022-04-26 00:00:00","2026-04-27 19:22:25"
"5917","270","2023-09-25 19:25:22","135.44","0.00","2023-09-25 00:00:00","2026-04-27 19:22:25"
"5918","73","2023-10-04 18:28:50","207.36","0.00","2023-10-04 00:00:00","2026-04-27 19:22:25"
"5919","247","2024-12-21 09:14:54","131.28","0.00","2024-12-21 00:00:00","2026-04-27 19:22:25"
"5920","56","2025-02-06 08:43:51","216.11","0.00","2025-02-06 00:00:00","2026-04-27 19:22:25"
"5921","252","2025-07-29 17:45:23","247.63","0.00","2025-07-29 00:00:00","2026-04-27 19:22:25"
"5922","171","2024-09-05 09:47:33","35.78","5.00","2024-09-05 00:00:00","2026-04-27 19:22:25"
"5923","140","2026-04-14 13:41:19","74.22","0.00","2026-04-14 00:00:00","2026-04-27 19:22:25"
"5924","186","2026-04-10 16:50:07","88.06","0.00","2026-04-10 00:00:00","2026-04-27 19:22:25"
"5925","128","2023-07-22 12:52:39","77.85","0.00","2023-07-22 00:00:00","2026-04-27 19:22:25"
"5926","237","2026-04-01 08:44:56","9.81","10.00","2026-04-01 00:00:00","2026-04-27 19:22:25"
"5927","243","2025-03-12 15:28:38","28.10","10.00","2025-03-12 00:00:00","2026-04-27 19:22:25"
"5928","132","2021-08-25 09:10:46","163.46","0.00","2021-08-25 00:00:00","2026-04-27 19:22:25"
"5929","201","2026-02-06 14:07:17","284.13","0.00","2026-02-06 00:00:00","2026-04-27 19:22:25"
"5930","85","2026-03-06 15:24:28","5.09","10.00","2026-03-06 00:00:00","2026-04-27 19:22:25"
"5931","69","2026-02-10 11:31:06","248.48","0.00","2026-02-10 00:00:00","2026-04-27 19:22:25"
"5932","32","2024-03-14 07:08:52","49.44","10.00","2024-03-14 00:00:00","2026-04-27 19:22:25"
"5933","250","2022-11-14 07:11:13","83.46","0.00","2022-11-14 00:00:00","2026-04-27 19:22:25"
"5934","141","2025-09-15 11:09:17","66.70","0.00","2025-09-15 00:00:00","2026-04-27 19:22:25"
"5935","11","2024-07-09 03:37:50","131.45","0.00","2024-07-09 00:00:00","2026-04-27 19:22:25"
"5936","92","2025-12-24 19:39:36","170.29","0.00","2025-12-24 00:00:00","2026-04-27 19:22:25"
"5937","238","2024-06-29 15:37:25","83.78","0.00","2024-06-29 00:00:00","2026-04-27 19:22:25"
"5938","202","2025-04-15 10:14:10","92.78","0.00","2025-04-15 00:00:00","2026-04-27 19:22:25"
"5939","207","2024-12-01 11:22:23","126.09","0.00","2024-12-01 00:00:00","2026-04-27 19:22:25"
"5940","98","2023-04-28 09:14:13","70.74","0.00","2023-04-28 00:00:00","2026-04-27 19:22:25"
"5941","173","2025-05-06 11:29:07","178.40","0.00","2025-05-06 00:00:00","2026-04-27 19:22:25"
"5942","272","2023-07-01 13:08:47","1.73","25.00","2023-07-01 00:00:00","2026-04-27 19:22:25"
"5943","220","2025-10-01 13:15:06","171.47","0.00","2025-10-01 00:00:00","2026-04-27 19:22:25"
"5944","242","2023-05-03 08:16:13","144.45","0.00","2023-05-03 00:00:00","2026-04-27 19:22:25"
"5945","129","2025-11-30 19:34:10","0.00","0.00","2025-11-30 00:00:00","2026-04-27 19:22:25"
"5946","68","2026-04-09 11:14:51","0.00","0.00","2026-04-09 00:00:00","2026-04-27 19:22:25"
"5947","162","2024-02-06 10:36:57","99.36","0.00","2024-02-06 00:00:00","2026-04-27 19:22:25"
"5948","185","2025-09-29 08:36:56","12.66","25.00","2025-09-29 00:00:00","2026-04-27 19:22:25"
"5949","217","2024-12-05 07:47:43","187.20","0.00","2024-12-05 00:00:00","2026-04-27 19:22:25"
"5950","215","2025-02-02 11:05:56","48.73","10.00","2025-02-02 00:00:00","2026-04-27 19:22:25"
"5951","269","2026-04-13 11:38:42","67.03","5.00","2026-04-13 00:00:00","2026-04-27 19:22:25"
"5952","199","2025-06-24 18:36:24","96.41","0.00","2025-06-24 00:00:00","2026-04-27 19:22:25"
"5953","99","2026-03-27 19:03:26","95.92","0.00","2026-03-27 00:00:00","2026-04-27 19:22:25"
"5954","221","2024-10-13 18:09:15","275.81","0.00","2024-10-13 00:00:00","2026-04-27 19:22:25"
"5955","151","2023-08-16 09:43:43","114.87","0.00","2023-08-16 00:00:00","2026-04-27 19:22:25"
"5956","97","2025-12-17 10:53:17","91.60","0.00","2025-12-17 00:00:00","2026-04-27 19:22:25"
"5957","178","2025-10-13 09:26:38","187.50","0.00","2025-10-13 00:00:00","2026-04-27 19:22:25"
"5958","17","2022-05-24 08:00:55","140.43","0.00","2022-05-24 00:00:00","2026-04-27 19:22:25"
"5959","219","2022-07-19 11:11:24","106.97","0.00","2022-07-19 00:00:00","2026-04-27 19:22:25"
"5960","73","2023-08-07 18:11:15","197.72","0.00","2023-08-07 00:00:00","2026-04-27 19:22:25"
"5961","185","2022-03-08 09:38:59","153.52","0.00","2022-03-08 00:00:00","2026-04-27 19:22:25"
"5962","40","2025-11-02 12:17:34","86.82","0.00","2025-11-02 00:00:00","2026-04-27 19:22:25"
"5963","1","2025-08-28 13:30:37","157.94","0.00","2025-08-28 00:00:00","2026-04-27 19:22:25"
"5964","205","2024-06-18 10:22:48","186.47","0.00","2024-06-18 00:00:00","2026-04-27 19:22:25"
"5965","109","2023-11-25 08:34:13","230.40","0.00","2023-11-25 00:00:00","2026-04-27 19:22:25"
"5966","202","2024-05-01 13:43:26","180.35","0.00","2024-05-01 00:00:00","2026-04-27 19:22:25"
"5967","232","2025-11-14 18:17:46","95.95","0.00","2025-11-14 00:00:00","2026-04-27 19:22:25"
"5968","124","2021-08-14 19:25:23","17.91","10.00","2021-08-14 00:00:00","2026-04-27 19:22:25"
"5969","187","2022-09-22 08:41:36","160.88","0.00","2022-09-22 00:00:00","2026-04-27 19:22:25"
"5970","81","2023-11-22 07:07:51","124.90","0.00","2023-11-22 00:00:00","2026-04-27 19:22:25"
"5971","100","2023-06-08 07:21:09","185.40","0.00","2023-06-08 00:00:00","2026-04-27 19:22:25"
"5972","229","2026-04-05 07:51:41","278.52","0.00","2026-04-05 00:00:00","2026-04-27 19:22:25"
"5973","207","2026-03-19 09:44:51","10.30","10.00","2026-03-19 00:00:00","2026-04-27 19:22:25"
"5974","82","2023-04-30 19:25:14","0.00","0.00","2023-04-30 00:00:00","2026-04-27 19:22:25"
"5975","20","2021-11-28 08:47:03","167.73","0.00","2021-11-28 00:00:00","2026-04-27 19:22:25"
"5976","55","2023-09-22 09:12:07","193.72","0.00","2023-09-22 00:00:00","2026-04-27 19:22:25"
"5977","135","2026-03-15 07:15:21","238.90","0.00","2026-03-15 00:00:00","2026-04-27 19:22:25"
"5978","71","2025-08-07 19:39:31","0.00","0.00","2025-08-07 00:00:00","2026-04-27 19:22:25"
"5979","239","2024-12-15 07:06:57","166.50","0.00","2024-12-15 00:00:00","2026-04-27 19:22:25"
"5980","257","2025-06-08 13:16:26","86.01","0.00","2025-06-08 00:00:00","2026-04-27 19:22:25"
"5981","199","2023-09-27 14:59:44","262.89","0.00","2023-09-27 00:00:00","2026-04-27 19:22:25"
"5982","263","2020-02-10 08:27:22","166.81","0.00","2020-02-10 00:00:00","2026-04-27 19:22:25"
"5983","100","2022-12-30 13:05:32","141.53","0.00","2022-12-30 00:00:00","2026-04-27 19:22:25"
"5984","116","2025-09-23 16:41:37","166.37","0.00","2025-09-23 00:00:00","2026-04-27 19:22:25"
"5985","251","2026-03-20 14:03:56","47.58","5.00","2026-03-20 00:00:00","2026-04-27 19:22:25"
"5986","174","2026-04-10 18:46:12","136.31","0.00","2026-04-10 00:00:00","2026-04-27 19:22:25"
"5987","124","2022-10-09 08:09:13","0.00","0.00","2022-10-09 00:00:00","2026-04-27 19:22:25"
"5988","154","2023-06-24 08:46:35","70.39","0.00","2023-06-24 00:00:00","2026-04-27 19:22:25"
"5989","140","2026-03-19 07:52:39","197.71","0.00","2026-03-19 00:00:00","2026-04-27 19:22:25"
"5990","69","2025-02-19 09:30:43","190.10","0.00","2025-02-19 00:00:00","2026-04-27 19:22:25"
"5991","39","2021-01-20 12:56:01","138.61","0.00","2021-01-20 00:00:00","2026-04-27 19:22:25"
"5992","299","2024-11-29 13:49:05","270.75","0.00","2024-11-29 00:00:00","2026-04-27 19:22:25"
"5993","243","2024-08-16 17:53:06","122.40","0.00","2024-08-16 00:00:00","2026-04-27 19:22:25"
"5994","46","2026-03-26 08:15:53","114.64","0.00","2026-03-26 00:00:00","2026-04-27 19:22:25"
"5995","214","2025-12-03 01:15:47","102.17","0.00","2025-12-03 00:00:00","2026-04-27 19:22:25"
"5996","82","2025-07-21 16:46:51","158.41","0.00","2025-07-21 00:00:00","2026-04-27 19:22:25"
"5997","37","2025-10-31 08:43:52","61.77","5.00","2025-10-31 00:00:00","2026-04-27 19:22:25"
"5998","263","2020-03-04 11:20:12","120.14","0.00","2020-03-04 00:00:00","2026-04-27 19:22:25"
"5999","47","2023-08-30 16:56:51","62.31","5.00","2023-08-30 00:00:00","2026-04-27 19:22:25"
"6000","268","2026-02-27 16:54:35","30.54","10.00","2026-02-27 00:00:00","2026-04-27 19:22:25"
"6001","149","2026-01-25 14:30:10","377.36","0.00","2026-01-25 00:00:00","2026-04-27 19:22:25"
"6002","134","2023-10-11 14:59:38","62.92","0.00","2023-10-11 00:00:00","2026-04-27 19:22:25"
"6003","112","2023-06-05 13:01:03","32.36","5.00","2023-06-05 00:00:00","2026-04-27 19:22:25"
"6004","21","2024-12-13 17:10:39","253.61","0.00","2024-12-13 00:00:00","2026-04-27 19:22:25"
"6005","202","2025-09-06 09:59:59","66.83","0.00","2025-09-06 00:00:00","2026-04-27 19:22:25"
"6006","84","2025-07-08 08:52:39","137.55","0.00","2025-07-08 00:00:00","2026-04-27 19:22:25"
"6007","68","2026-01-13 07:50:57","85.91","0.00","2026-01-13 00:00:00","2026-04-27 19:22:25"
"6008","221","2024-03-26 15:46:17","91.13","0.00","2024-03-26 00:00:00","2026-04-27 19:22:25"
"6009","192","2025-07-15 19:02:28","34.79","10.00","2025-07-15 00:00:00","2026-04-27 19:22:25"
"6010","16","2026-04-13 18:17:01","109.04","0.00","2026-04-13 00:00:00","2026-04-27 19:22:25"
"6011","176","2025-12-24 11:59:31","306.05","0.00","2025-12-24 00:00:00","2026-04-27 19:22:25"
"6012","116","2025-11-26 09:56:10","288.18","0.00","2025-11-26 00:00:00","2026-04-27 19:22:25"
"6013","2","2024-05-02 16:10:54","152.98","0.00","2024-05-02 00:00:00","2026-04-27 19:22:25"
"6014","245","2025-10-03 14:05:08","79.96","0.00","2025-10-03 00:00:00","2026-04-27 19:22:25"
"6015","7","2023-02-28 17:18:25","29.85","5.00","2023-02-28 00:00:00","2026-04-27 19:22:25"
"6016","27","2021-07-18 15:06:58","65.12","5.00","2021-07-18 00:00:00","2026-04-27 19:22:25"
"6017","172","2024-07-02 18:27:48","284.78","0.00","2024-07-02 00:00:00","2026-04-27 19:22:25"
"6018","184","2026-04-02 06:27:39","5.15","10.00","2026-04-02 00:00:00","2026-04-27 19:22:25"
"6019","111","2025-12-17 09:03:11","67.53","5.00","2025-12-17 00:00:00","2026-04-27 19:22:25"
"6020","128","2023-08-20 07:35:59","103.47","0.00","2023-08-20 00:00:00","2026-04-27 19:22:25"
"6021","261","2024-08-15 18:46:19","20.46","10.00","2024-08-15 00:00:00","2026-04-27 19:22:25"
"6022","142","2025-08-06 14:27:53","142.91","0.00","2025-08-06 00:00:00","2026-04-27 19:22:25"
"6023","101","2023-03-05 18:01:32","127.09","0.00","2023-03-05 00:00:00","2026-04-27 19:22:25"
"6024","128","2023-07-15 13:51:19","185.30","0.00","2023-07-15 00:00:00","2026-04-27 19:22:25"
"6025","28","2022-12-13 12:14:20","22.16","10.00","2022-12-13 00:00:00","2026-04-27 19:22:25"
"6026","83","2023-12-19 05:52:09","122.90","0.00","2023-12-19 00:00:00","2026-04-27 19:22:25"
"6027","39","2022-09-11 14:39:59","74.80","0.00","2022-09-11 00:00:00","2026-04-27 19:22:25"
"6028","47","2023-10-06 02:32:23","85.35","0.00","2023-10-06 00:00:00","2026-04-27 19:22:25"
"6029","74","2023-03-07 15:52:38","194.82","0.00","2023-03-07 00:00:00","2026-04-27 19:22:25"
"6030","22","2024-08-12 18:36:28","38.60","5.00","2024-08-12 00:00:00","2026-04-27 19:22:25"
"6031","13","2025-08-08 11:26:34","98.86","0.00","2025-08-08 00:00:00","2026-04-27 19:22:25"
"6032","39","2022-11-30 12:14:38","66.93","0.00","2022-11-30 00:00:00","2026-04-27 19:22:25"
"6033","49","2024-08-25 13:17:28","162.18","0.00","2024-08-25 00:00:00","2026-04-27 19:22:25"
"6034","145","2025-05-29 19:20:49","61.48","5.00","2025-05-29 00:00:00","2026-04-27 19:22:25"
"6035","272","2024-01-07 11:12:40","35.78","10.00","2024-01-07 00:00:00","2026-04-27 19:22:25"
"6036","264","2025-08-10 00:34:46","93.53","0.00","2025-08-10 00:00:00","2026-04-27 19:22:25"
"6037","46","2025-11-22 14:34:41","263.39","0.00","2025-11-22 00:00:00","2026-04-27 19:22:25"
"6038","156","2024-11-18 08:11:56","33.12","5.00","2024-11-18 00:00:00","2026-04-27 19:22:25"
"6039","236","2023-11-24 18:57:11","238.25","0.00","2023-11-24 00:00:00","2026-04-27 19:22:25"
"6040","17","2022-12-17 17:25:56","69.40","5.00","2022-12-17 00:00:00","2026-04-27 19:22:25"
"6041","1","2025-04-03 15:10:18","145.73","0.00","2025-04-03 00:00:00","2026-04-27 19:22:25"
"6042","195","2024-10-27 12:09:02","203.04","0.00","2024-10-27 00:00:00","2026-04-27 19:22:25"
"6043","296","2024-11-24 08:34:54","49.05","5.00","2024-11-24 00:00:00","2026-04-27 19:22:25"
"6044","111","2025-04-28 08:59:41","99.00","0.00","2025-04-28 00:00:00","2026-04-27 19:22:25"
"6045","115","2024-04-10 13:22:44","171.04","0.00","2024-04-10 00:00:00","2026-04-27 19:22:25"
"6046","69","2024-10-31 17:52:13","238.06","0.00","2024-10-31 00:00:00","2026-04-27 19:22:25"
"6047","201","2026-04-02 17:05:19","104.70","0.00","2026-04-02 00:00:00","2026-04-27 19:22:25"
"6048","239","2021-12-09 17:42:16","72.35","0.00","2021-12-09 00:00:00","2026-04-27 19:22:25"
"6049","64","2025-07-25 15:44:12","107.19","0.00","2025-07-25 00:00:00","2026-04-27 19:22:25"
"6050","295","2025-02-28 09:09:49","177.48","0.00","2025-02-28 00:00:00","2026-04-27 19:22:25"
"6051","37","2024-10-22 07:00:45","140.25","0.00","2024-10-22 00:00:00","2026-04-27 19:22:25"
"6052","177","2025-11-15 08:24:51","214.73","0.00","2025-11-15 00:00:00","2026-04-27 19:22:25"
"6053","267","2022-01-02 17:34:35","17.64","10.00","2022-01-02 00:00:00","2026-04-27 19:22:25"
"6054","24","2022-09-14 14:35:31","61.31","0.00","2022-09-14 00:00:00","2026-04-27 19:22:25"
"6055","244","2025-05-12 07:46:15","276.26","0.00","2025-05-12 00:00:00","2026-04-27 19:22:25"
"6056","92","2026-03-23 05:06:13","0.00","0.00","2026-03-23 00:00:00","2026-04-27 19:22:25"
"6057","196","2026-02-01 08:12:36","80.36","0.00","2026-02-01 00:00:00","2026-04-27 19:22:25"
"6058","243","2025-04-25 13:18:36","52.97","5.00","2025-04-25 00:00:00","2026-04-27 19:22:25"
"6059","140","2026-04-01 17:35:35","101.50","0.00","2026-04-01 00:00:00","2026-04-27 19:22:25"
"6060","151","2023-09-22 11:21:12","14.65","10.00","2023-09-22 00:00:00","2026-04-27 19:22:25"
"6061","115","2024-04-12 08:33:19","40.55","10.00","2024-04-12 00:00:00","2026-04-27 19:22:25"
"6062","297","2026-02-08 07:04:04","4.56","25.00","2026-02-08 00:00:00","2026-04-27 19:22:25"
"6063","162","2026-03-08 17:11:40","105.85","0.00","2026-03-08 00:00:00","2026-04-27 19:22:25"
"6064","211","2025-03-21 09:14:31","261.66","0.00","2025-03-21 00:00:00","2026-04-27 19:22:25"
"6065","171","2024-09-08 08:15:37","131.63","0.00","2024-09-08 00:00:00","2026-04-27 19:22:25"
"6066","148","2022-04-15 19:28:39","122.07","0.00","2022-04-15 00:00:00","2026-04-27 19:22:25"
"6067","244","2026-03-03 08:24:22","16.96","10.00","2026-03-03 00:00:00","2026-04-27 19:22:25"
"6068","263","2019-12-28 09:10:00","110.76","0.00","2019-12-28 00:00:00","2026-04-27 19:22:25"
"6069","39","2023-01-22 16:27:28","40.80","5.00","2023-01-22 00:00:00","2026-04-27 19:22:25"
"6070","184","2026-04-04 08:58:26","176.67","0.00","2026-04-04 00:00:00","2026-04-27 19:22:25"
"6071","189","2025-05-16 19:00:09","61.30","5.00","2025-05-16 00:00:00","2026-04-27 19:22:25"
"6072","216","2025-04-26 08:19:25","148.93","0.00","2025-04-26 00:00:00","2026-04-27 19:22:25"
"6073","99","2025-09-10 13:18:33","181.35","0.00","2025-09-10 00:00:00","2026-04-27 19:22:25"
"6074","159","2024-08-28 07:49:07","231.14","0.00","2024-08-28 00:00:00","2026-04-27 19:22:25"
"6075","99","2025-07-05 12:49:23","148.51","0.00","2025-07-05 00:00:00","2026-04-27 19:22:25"
"6076","207","2024-10-11 11:32:08","73.91","0.00","2024-10-11 00:00:00","2026-04-27 19:22:25"
"6077","66","2026-03-18 19:44:42","57.69","5.00","2026-03-18 00:00:00","2026-04-27 19:22:25"
"6078","106","2022-11-06 13:48:03","82.24","0.00","2022-11-06 00:00:00","2026-04-27 19:22:25"
"6079","121","2025-11-05 07:45:01","28.16","10.00","2025-11-05 00:00:00","2026-04-27 19:22:25"
"6080","239","2025-09-01 07:26:42","113.87","0.00","2025-09-01 00:00:00","2026-04-27 19:22:25"
"6081","82","2025-11-13 19:09:52","148.32","0.00","2025-11-13 00:00:00","2026-04-27 19:22:25"
"6082","5","2026-01-06 06:51:30","24.00","25.00","2026-01-06 00:00:00","2026-04-27 19:22:25"
"6083","259","2026-01-10 09:25:25","30.04","5.00","2026-01-10 00:00:00","2026-04-27 19:22:25"
"6084","170","2023-06-09 00:23:53","90.50","0.00","2023-06-09 00:00:00","2026-04-27 19:22:25"
"6085","233","2025-01-29 18:26:34","193.23","0.00","2025-01-29 00:00:00","2026-04-27 19:22:25"
"6086","124","2024-02-29 10:38:00","320.85","0.00","2024-02-29 00:00:00","2026-04-27 19:22:25"
"6087","273","2025-07-16 15:35:08","21.06","25.00","2025-07-16 00:00:00","2026-04-27 19:22:25"
"6088","267","2021-10-25 08:33:56","19.96","10.00","2021-10-25 00:00:00","2026-04-27 19:22:25"
"6089","268","2026-03-28 13:34:54","92.54","0.00","2026-03-28 00:00:00","2026-04-27 19:22:25"
"6090","8","2026-03-20 07:16:04","180.16","0.00","2026-03-20 00:00:00","2026-04-27 19:22:25"
"6091","264","2025-11-17 13:25:56","218.66","0.00","2025-11-17 00:00:00","2026-04-27 19:22:25"
"6092","53","2025-07-17 12:52:42","17.64","25.00","2025-07-17 00:00:00","2026-04-27 19:22:25"
"6093","11","2022-10-25 09:32:15","51.48","0.00","2022-10-25 00:00:00","2026-04-27 19:22:25"
"6094","186","2026-02-11 08:40:06","35.11","5.00","2026-02-11 00:00:00","2026-04-27 19:22:25"
"6095","102","2023-11-11 14:22:40","175.89","0.00","2023-11-11 00:00:00","2026-04-27 19:22:25"
"6096","61","2026-01-19 12:40:28","236.63","0.00","2026-01-19 00:00:00","2026-04-27 19:22:25"
"6097","227","2026-04-08 12:11:13","70.50","0.00","2026-04-08 00:00:00","2026-04-27 19:22:25"
"6098","215","2022-11-22 11:54:11","37.36","10.00","2022-11-22 00:00:00","2026-04-27 19:22:25"
"6099","57","2021-07-25 16:40:16","158.38","0.00","2021-07-25 00:00:00","2026-04-27 19:22:25"
"6100","136","2025-11-24 11:32:15","152.84","0.00","2025-11-24 00:00:00","2026-04-27 19:22:25"
"6101","266","2026-01-16 08:55:12","110.70","0.00","2026-01-16 00:00:00","2026-04-27 19:22:25"
"6102","173","2026-01-04 16:38:10","164.93","0.00","2026-01-04 00:00:00","2026-04-27 19:22:25"
"6103","235","2024-05-18 08:58:39","169.94","0.00","2024-05-18 00:00:00","2026-04-27 19:22:25"
"6104","275","2022-12-03 17:46:33","64.43","5.00","2022-12-03 00:00:00","2026-04-27 19:22:25"
"6105","236","2025-07-05 17:07:29","134.20","0.00","2025-07-05 00:00:00","2026-04-27 19:22:25"
"6106","256","2022-12-02 18:56:15","187.16","0.00","2022-12-02 00:00:00","2026-04-27 19:22:25"
"6107","156","2025-12-18 15:32:56","116.39","0.00","2025-12-18 00:00:00","2026-04-27 19:22:25"
"6108","60","2025-09-24 16:58:53","116.69","0.00","2025-09-24 00:00:00","2026-04-27 19:22:25"
"6109","149","2026-02-20 19:10:01","20.80","10.00","2026-02-20 00:00:00","2026-04-27 19:22:25"
"6110","39","2023-01-04 06:39:36","191.64","0.00","2023-01-04 00:00:00","2026-04-27 19:22:25"
"6111","137","2026-03-21 15:22:17","156.94","0.00","2026-03-21 00:00:00","2026-04-27 19:22:25"
"6112","116","2025-10-08 19:49:11","0.00","0.00","2025-10-08 00:00:00","2026-04-27 19:22:25"
"6113","200","2025-09-15 16:53:32","269.32","0.00","2025-09-15 00:00:00","2026-04-27 19:22:25"
"6114","292","2023-07-01 09:50:53","260.48","0.00","2023-07-01 00:00:00","2026-04-27 19:22:25"
"6115","119","2024-07-12 05:02:58","41.77","10.00","2024-07-12 00:00:00","2026-04-27 19:22:25"
"6116","114","2026-03-19 08:42:28","9.95","10.00","2026-03-19 00:00:00","2026-04-27 19:22:25"
"6117","53","2026-02-20 15:17:42","26.46","10.00","2026-02-20 00:00:00","2026-04-27 19:22:25"
"6118","131","2023-10-07 07:14:37","14.39","25.00","2023-10-07 00:00:00","2026-04-27 19:22:25"
"6119","67","2021-05-24 19:49:12","46.80","10.00","2021-05-24 00:00:00","2026-04-27 19:22:25"
"6120","24","2022-11-25 19:11:07","138.65","0.00","2022-11-25 00:00:00","2026-04-27 19:22:25"
"6121","161","2025-01-02 17:51:55","140.65","0.00","2025-01-02 00:00:00","2026-04-27 19:22:25"
"6122","52","2026-01-04 13:42:29","54.96","0.00","2026-01-04 00:00:00","2026-04-27 19:22:25"
"6123","276","2024-08-23 12:08:58","313.95","0.00","2024-08-23 00:00:00","2026-04-27 19:22:25"
"6124","205","2023-07-14 14:42:18","134.99","0.00","2023-07-14 00:00:00","2026-04-27 19:22:25"
"6125","71","2025-09-15 19:40:30","41.25","10.00","2025-09-15 00:00:00","2026-04-27 19:22:25"
"6126","90","2025-11-18 19:18:39","147.72","0.00","2025-11-18 00:00:00","2026-04-27 19:22:25"
"6127","144","2020-07-11 18:13:30","69.70","0.00","2020-07-11 00:00:00","2026-04-27 19:22:25"
"6128","155","2025-11-19 08:05:54","24.48","25.00","2025-11-19 00:00:00","2026-04-27 19:22:25"
"6129","27","2025-08-25 15:50:41","45.07","10.00","2025-08-25 00:00:00","2026-04-27 19:22:25"
"6130","49","2023-11-06 09:15:22","26.59","5.00","2023-11-06 00:00:00","2026-04-27 19:22:25"
"6131","28","2023-07-28 12:00:17","115.19","0.00","2023-07-28 00:00:00","2026-04-27 19:22:25"
"6132","208","2025-12-28 13:27:12","3.29","25.00","2025-12-28 00:00:00","2026-04-27 19:22:25"
"6133","16","2026-04-15 07:36:01","105.89","0.00","2026-04-15 00:00:00","2026-04-27 19:22:25"
"6134","48","2026-01-10 12:23:16","82.75","0.00","2026-01-10 00:00:00","2026-04-27 19:22:25"
"6135","30","2025-05-28 10:40:16","239.91","0.00","2025-05-28 00:00:00","2026-04-27 19:22:25"
"6136","173","2025-11-29 17:57:27","8.32","10.00","2025-11-29 00:00:00","2026-04-27 19:22:25"
"6137","47","2023-10-07 17:40:57","116.10","0.00","2023-10-07 00:00:00","2026-04-27 19:22:25"
"6138","39","2021-04-18 07:49:23","71.87","0.00","2021-04-18 00:00:00","2026-04-27 19:22:25"
"6139","144","2020-06-25 12:45:04","4.50","10.00","2020-06-25 00:00:00","2026-04-27 19:22:25"
"6140","229","2026-04-08 10:18:16","262.81","0.00","2026-04-08 00:00:00","2026-04-27 19:22:25"
"6141","167","2025-08-28 12:47:23","172.43","0.00","2025-08-28 00:00:00","2026-04-27 19:22:25"
"6142","247","2023-07-20 16:37:08","64.11","0.00","2023-07-20 00:00:00","2026-04-27 19:22:25"
"6143","295","2026-04-07 07:21:28","136.16","0.00","2026-04-07 00:00:00","2026-04-27 19:22:25"
"6144","199","2023-06-04 12:03:38","79.50","0.00","2023-06-04 00:00:00","2026-04-27 19:22:25"
"6145","264","2025-04-30 12:04:41","101.48","0.00","2025-04-30 00:00:00","2026-04-27 19:22:25"
"6146","250","2022-01-26 19:11:04","197.45","0.00","2022-01-26 00:00:00","2026-04-27 19:22:25"
"6147","255","2024-07-03 09:58:47","31.75","5.00","2024-07-03 00:00:00","2026-04-27 19:22:25"
"6148","12","2026-02-17 19:39:21","34.21","5.00","2026-02-17 00:00:00","2026-04-27 19:22:25"
"6149","226","2025-05-21 07:55:44","152.20","0.00","2025-05-21 00:00:00","2026-04-27 19:22:25"
"6150","122","2025-12-21 09:00:56","241.78","0.00","2025-12-21 00:00:00","2026-04-27 19:22:25"
"6151","299","2025-03-30 07:33:30","38.49","5.00","2025-03-30 00:00:00","2026-04-27 19:22:25"
"6152","145","2025-04-06 08:14:34","23.75","25.00","2025-04-06 00:00:00","2026-04-27 19:22:25"
"6153","116","2025-12-24 19:31:37","78.24","0.00","2025-12-24 00:00:00","2026-04-27 19:22:25"
"6154","278","2026-02-19 19:57:00","123.78","0.00","2026-02-19 00:00:00","2026-04-27 19:22:25"
"6155","192","2023-11-29 18:32:15","154.35","0.00","2023-11-29 00:00:00","2026-04-27 19:22:25"
"6156","236","2023-06-29 07:00:26","86.79","0.00","2023-06-29 00:00:00","2026-04-27 19:22:25"
"6157","212","2022-10-09 16:41:28","45.20","5.00","2022-10-09 00:00:00","2026-04-27 19:22:25"
"6158","84","2026-04-07 12:07:57","163.04","0.00","2026-04-07 00:00:00","2026-04-27 19:22:25"
"6159","174","2024-02-19 10:01:04","44.25","5.00","2024-02-19 00:00:00","2026-04-27 19:22:25"
"6160","196","2026-03-13 10:18:29","50.89","0.00","2026-03-13 00:00:00","2026-04-27 19:22:25"
"6161","155","2026-02-20 11:12:35","60.80","5.00","2026-02-20 00:00:00","2026-04-27 19:22:25"
"6162","35","2024-12-22 18:14:41","377.23","0.00","2024-12-22 00:00:00","2026-04-27 19:22:25"
"6163","47","2023-09-06 09:18:02","139.45","0.00","2023-09-06 00:00:00","2026-04-27 19:22:25"
"6164","182","2025-11-25 14:18:12","106.41","0.00","2025-11-25 00:00:00","2026-04-27 19:22:25"
"6165","148","2023-11-19 18:03:39","17.49","25.00","2023-11-19 00:00:00","2026-04-27 19:22:25"
"6166","143","2023-11-10 17:06:27","120.55","0.00","2023-11-10 00:00:00","2026-04-27 19:22:25"
"6167","130","2025-04-28 08:28:32","140.57","0.00","2025-04-28 00:00:00","2026-04-27 19:22:25"
"6168","184","2026-04-03 18:28:45","26.25","5.00","2026-04-03 00:00:00","2026-04-27 19:22:25"
"6169","9","2023-08-30 16:58:59","221.64","0.00","2023-08-30 00:00:00","2026-04-27 19:22:25"
"6170","12","2023-05-08 11:44:11","99.66","0.00","2023-05-08 00:00:00","2026-04-27 19:22:25"
"6171","191","2026-04-11 09:19:13","123.58","0.00","2026-04-11 00:00:00","2026-04-27 19:22:25"
"6172","144","2020-06-14 12:40:36","236.95","0.00","2020-06-14 00:00:00","2026-04-27 19:22:25"
"6173","15","2024-08-16 12:23:06","173.98","0.00","2024-08-16 00:00:00","2026-04-27 19:22:25"
"6174","36","2025-09-26 14:00:47","117.82","0.00","2025-09-26 00:00:00","2026-04-27 19:22:25"
"6175","19","2025-10-06 08:14:22","50.39","0.00","2025-10-06 00:00:00","2026-04-27 19:22:25"
"6176","136","2025-03-21 15:22:13","87.68","0.00","2025-03-21 00:00:00","2026-04-27 19:22:25"
"6177","63","2025-03-14 08:18:14","71.08","0.00","2025-03-14 00:00:00","2026-04-27 19:22:25"
"6178","35","2025-02-03 16:18:39","69.34","5.00","2025-02-03 00:00:00","2026-04-27 19:22:25"
"6179","91","2023-03-23 10:08:30","163.63","0.00","2023-03-23 00:00:00","2026-04-27 19:22:25"
"6180","194","2025-02-25 17:47:33","48.60","5.00","2025-02-25 00:00:00","2026-04-27 19:22:25"
"6181","13","2026-01-12 14:02:49","238.42","0.00","2026-01-12 00:00:00","2026-04-27 19:22:25"
"6182","6","2026-01-17 08:51:51","65.34","0.00","2026-01-17 00:00:00","2026-04-27 19:22:25"
"6183","185","2024-09-18 09:06:18","30.03","10.00","2024-09-18 00:00:00","2026-04-27 19:22:25"
"6184","169","2024-07-22 12:29:45","237.44","0.00","2024-07-22 00:00:00","2026-04-27 19:22:25"
"6185","283","2021-07-05 12:12:21","176.46","0.00","2021-07-05 00:00:00","2026-04-27 19:22:25"
"6186","206","2026-01-08 19:54:51","26.19","10.00","2026-01-08 00:00:00","2026-04-27 19:22:25"
"6187","262","2023-01-15 13:55:37","44.03","5.00","2023-01-15 00:00:00","2026-04-27 19:22:25"
"6188","181","2023-02-02 19:37:19","33.28","5.00","2023-02-02 00:00:00","2026-04-27 19:22:25"
"6189","28","2023-10-09 08:33:34","70.95","0.00","2023-10-09 00:00:00","2026-04-27 19:22:25"
"6190","167","2025-04-13 11:07:16","51.75","0.00","2025-04-13 00:00:00","2026-04-27 19:22:25"
"6191","46","2026-03-17 07:03:34","94.36","0.00","2026-03-17 00:00:00","2026-04-27 19:22:25"
"6192","263","2020-03-31 09:23:14","88.22","0.00","2020-03-31 00:00:00","2026-04-27 19:22:25"
"6193","135","2026-04-04 14:14:45","14.60","10.00","2026-04-04 00:00:00","2026-04-27 19:22:25"
"6194","120","2025-09-06 12:57:00","278.06","0.00","2025-09-06 00:00:00","2026-04-27 19:22:25"
"6195","136","2026-01-12 18:31:12","144.55","0.00","2026-01-12 00:00:00","2026-04-27 19:22:25"
"6196","78","2025-11-24 17:21:30","283.76","0.00","2025-11-24 00:00:00","2026-04-27 19:22:25"
"6197","56","2025-11-27 18:48:30","118.12","0.00","2025-11-27 00:00:00","2026-04-27 19:22:25"
"6198","231","2023-07-15 11:30:59","162.11","0.00","2023-07-15 00:00:00","2026-04-27 19:22:25"
"6199","187","2022-09-28 10:50:13","156.36","0.00","2022-09-28 00:00:00","2026-04-27 19:22:25"
"6200","61","2026-02-27 11:13:33","0.00","0.00","2026-02-27 00:00:00","2026-04-27 19:22:25"
"6201","41","2024-06-10 10:35:58","82.54","0.00","2024-06-10 00:00:00","2026-04-27 19:22:25"
"6202","30","2024-02-17 14:49:53","179.93","0.00","2024-02-17 00:00:00","2026-04-27 19:22:25"
"6203","206","2024-07-10 14:03:00","150.75","0.00","2024-07-10 00:00:00","2026-04-27 19:22:25"
"6204","5","2025-12-07 09:51:23","25.38","10.00","2025-12-07 00:00:00","2026-04-27 19:22:25"
"6205","17","2024-10-02 19:25:18","168.48","0.00","2024-10-02 00:00:00","2026-04-27 19:22:25"
"6206","248","2023-10-27 14:32:14","37.35","5.00","2023-10-27 00:00:00","2026-04-27 19:22:25"
"6207","221","2024-11-29 07:58:48","52.31","0.00","2024-11-29 00:00:00","2026-04-27 19:22:25"
"6208","284","2022-04-25 11:18:11","35.51","5.00","2022-04-25 00:00:00","2026-04-27 19:22:25"
"6209","148","2025-10-19 09:44:44","13.59","25.00","2025-10-19 00:00:00","2026-04-27 19:22:25"
"6210","202","2025-06-08 11:17:01","115.16","0.00","2025-06-08 00:00:00","2026-04-27 19:22:25"
"6211","174","2024-10-07 11:53:04","91.78","0.00","2024-10-07 00:00:00","2026-04-27 19:22:25"
"6212","150","2025-12-13 08:19:14","29.36","10.00","2025-12-13 00:00:00","2026-04-27 19:22:25"
"6213","55","2026-04-15 15:52:49","105.12","0.00","2026-04-15 00:00:00","2026-04-27 19:22:25"
"6214","286","2023-03-14 19:20:48","77.09","0.00","2023-03-14 00:00:00","2026-04-27 19:22:25"
"6215","93","2023-11-10 16:11:59","155.45","0.00","2023-11-10 00:00:00","2026-04-27 19:22:25"
"6216","206","2023-11-20 19:38:19","32.91","10.00","2023-11-20 00:00:00","2026-04-27 19:22:25"
"6217","255","2023-06-01 09:32:06","228.24","0.00","2023-06-01 00:00:00","2026-04-27 19:22:25"
"6218","89","2024-08-05 07:48:52","120.83","0.00","2024-08-05 00:00:00","2026-04-27 19:22:25"
"6219","132","2022-12-28 08:00:02","107.28","0.00","2022-12-28 00:00:00","2026-04-27 19:22:25"
"6220","72","2025-07-13 19:06:39","138.27","0.00","2025-07-13 00:00:00","2026-04-27 19:22:25"
"6221","123","2023-03-18 10:20:27","43.85","10.00","2023-03-18 00:00:00","2026-04-27 19:22:25"
"6222","284","2024-01-09 10:26:00","65.70","0.00","2024-01-09 00:00:00","2026-04-27 19:22:25"
"6223","246","2022-05-03 07:50:28","220.21","0.00","2022-05-03 00:00:00","2026-04-27 19:22:25"
"6224","59","2025-06-29 05:27:49","146.18","0.00","2025-06-29 00:00:00","2026-04-27 19:22:25"
"6225","209","2025-11-18 07:37:11","95.10","0.00","2025-11-18 00:00:00","2026-04-27 19:22:25"
"6226","184","2026-04-04 17:38:52","39.73","5.00","2026-04-04 00:00:00","2026-04-27 19:22:25"
"6227","259","2026-02-03 16:59:57","26.10","5.00","2026-02-03 00:00:00","2026-04-27 19:22:25"
"6228","147","2023-09-15 09:04:52","106.22","0.00","2023-09-15 00:00:00","2026-04-27 19:22:25"
"6229","62","2024-01-31 11:16:56","95.97","0.00","2024-01-31 00:00:00","2026-04-27 19:22:25"
"6230","39","2020-11-08 07:09:16","316.22","0.00","2020-11-08 00:00:00","2026-04-27 19:22:25"
"6231","157","2021-02-01 07:48:59","41.75","5.00","2021-02-01 00:00:00","2026-04-27 19:22:25"
"6232","66","2024-10-31 16:33:53","29.62","10.00","2024-10-31 00:00:00","2026-04-27 19:22:25"
"6233","249","2025-02-21 08:02:12","65.77","0.00","2025-02-21 00:00:00","2026-04-27 19:22:25"
"6234","214","2025-05-12 08:32:04","75.25","0.00","2025-05-12 00:00:00","2026-04-27 19:22:25"
"6235","248","2025-04-08 08:34:20","287.86","0.00","2025-04-08 00:00:00","2026-04-27 19:22:25"
"6236","272","2024-05-02 19:50:18","36.31","10.00","2024-05-02 00:00:00","2026-04-27 19:22:25"
"6237","205","2023-07-26 07:49:35","1.70","10.00","2023-07-26 00:00:00","2026-04-27 19:22:25"
"6238","174","2023-10-08 14:55:14","172.50","0.00","2023-10-08 00:00:00","2026-04-27 19:22:25"
"6239","277","2025-10-01 15:35:09","334.40","0.00","2025-10-01 00:00:00","2026-04-27 19:22:25"
"6240","145","2024-07-29 17:45:26","29.64","10.00","2024-07-29 00:00:00","2026-04-27 19:22:25"
"6241","245","2025-09-17 07:30:06","102.00","0.00","2025-09-17 00:00:00","2026-04-27 19:22:25"
"6242","21","2024-11-17 19:27:29","107.95","0.00","2024-11-17 00:00:00","2026-04-27 19:22:25"
"6243","286","2025-07-26 11:17:04","152.86","0.00","2025-07-26 00:00:00","2026-04-27 19:22:25"
"6244","277","2024-03-19 11:23:26","80.85","0.00","2024-03-19 00:00:00","2026-04-27 19:22:25"
"6245","165","2025-09-24 18:17:48","215.62","0.00","2025-09-24 00:00:00","2026-04-27 19:22:25"
"6246","100","2025-12-09 15:07:59","162.14","0.00","2025-12-09 00:00:00","2026-04-27 19:22:25"
"6247","157","2021-09-28 07:33:47","4.70","10.00","2021-09-28 00:00:00","2026-04-27 19:22:25"
"6248","177","2025-09-24 11:39:59","167.01","0.00","2025-09-24 00:00:00","2026-04-27 19:22:25"
"6249","158","2025-05-05 07:51:09","126.07","0.00","2025-05-05 00:00:00","2026-04-27 19:22:25"
"6250","85","2025-08-26 15:20:56","169.17","0.00","2025-08-26 00:00:00","2026-04-27 19:22:25"
"6251","189","2025-03-16 07:44:04","38.86","10.00","2025-03-16 00:00:00","2026-04-27 19:22:25"
"6252","97","2024-11-12 15:12:27","159.16","0.00","2024-11-12 00:00:00","2026-04-27 19:22:25"
"6253","268","2026-04-10 07:51:11","173.78","0.00","2026-04-10 00:00:00","2026-04-27 19:22:25"
"6254","291","2025-10-04 12:02:34","199.49","0.00","2025-10-04 00:00:00","2026-04-27 19:22:25"
"6255","233","2025-06-27 09:26:59","102.80","0.00","2025-06-27 00:00:00","2026-04-27 19:22:25"
"6256","287","2022-05-01 10:20:37","188.68","0.00","2022-05-01 00:00:00","2026-04-27 19:22:25"
"6257","28","2023-02-27 15:37:21","57.98","0.00","2023-02-27 00:00:00","2026-04-27 19:22:25"
"6258","99","2025-11-25 08:46:12","189.49","0.00","2025-11-25 00:00:00","2026-04-27 19:22:25"
"6259","94","2024-12-26 08:31:01","161.81","0.00","2024-12-26 00:00:00","2026-04-27 19:22:25"
"6260","198","2025-02-19 16:30:38","31.32","10.00","2025-02-19 00:00:00","2026-04-27 19:22:25"
"6261","100","2021-08-22 09:05:10","62.29","0.00","2021-08-22 00:00:00","2026-04-27 19:22:25"
"6262","269","2026-03-12 07:55:11","45.94","10.00","2026-03-12 00:00:00","2026-04-27 19:22:25"
"6263","32","2022-10-18 13:05:29","168.16","0.00","2022-10-18 00:00:00","2026-04-27 19:22:25"
"6264","136","2025-10-16 12:48:18","120.54","0.00","2025-10-16 00:00:00","2026-04-27 19:22:25"
"6265","27","2023-07-01 15:25:29","351.26","0.00","2023-07-01 00:00:00","2026-04-27 19:22:25"
"6266","285","2025-10-16 14:29:15","151.74","0.00","2025-10-16 00:00:00","2026-04-27 19:22:25"
"6267","99","2025-10-29 08:45:28","160.71","0.00","2025-10-29 00:00:00","2026-04-27 19:22:25"
"6268","247","2025-11-10 19:24:16","6.89","10.00","2025-11-10 00:00:00","2026-04-27 19:22:25"
"6269","169","2025-09-04 19:18:38","283.52","0.00","2025-09-04 00:00:00","2026-04-27 19:22:25"
"6270","64","2025-08-11 17:33:38","48.25","5.00","2025-08-11 00:00:00","2026-04-27 19:22:25"
"6271","268","2026-01-11 17:05:16","45.77","10.00","2026-01-11 00:00:00","2026-04-27 19:22:25"
"6272","44","2026-03-26 15:36:19","112.56","0.00","2026-03-26 00:00:00","2026-04-27 19:22:25"
"6273","120","2023-04-28 03:53:43","41.39","5.00","2023-04-28 00:00:00","2026-04-27 19:22:25"
"6274","37","2022-07-12 07:31:29","63.26","5.00","2022-07-12 00:00:00","2026-04-27 19:22:25"
"6275","110","2025-06-17 08:18:53","202.53","0.00","2025-06-17 00:00:00","2026-04-27 19:22:25"
"6276","281","2025-12-09 18:42:59","133.63","0.00","2025-12-09 00:00:00","2026-04-27 19:22:25"
"6277","210","2026-02-07 09:31:58","187.70","0.00","2026-02-07 00:00:00","2026-04-27 19:22:25"
"6278","119","2025-12-26 15:56:59","166.30","0.00","2025-12-26 00:00:00","2026-04-27 19:22:25"
"6279","285","2025-04-10 17:07:28","16.21","10.00","2025-04-10 00:00:00","2026-04-27 19:22:25"
"6280","272","2024-02-04 16:09:53","19.38","25.00","2024-02-04 00:00:00","2026-04-27 19:22:25"
"6281","78","2026-03-22 07:24:23","162.90","0.00","2026-03-22 00:00:00","2026-04-27 19:22:25"
"6282","60","2025-10-29 08:20:33","64.64","0.00","2025-10-29 00:00:00","2026-04-27 19:22:25"
"6283","274","2023-07-24 09:37:30","304.21","0.00","2023-07-24 00:00:00","2026-04-27 19:22:25"
"6284","43","2022-08-23 08:07:41","30.74","10.00","2022-08-23 00:00:00","2026-04-27 19:22:25"
"6285","41","2020-08-11 11:42:00","108.07","0.00","2020-08-11 00:00:00","2026-04-27 19:22:25"
"6286","281","2025-07-27 09:17:24","214.84","0.00","2025-07-27 00:00:00","2026-04-27 19:22:25"
"6287","292","2025-10-09 15:07:05","33.44","5.00","2025-10-09 00:00:00","2026-04-27 19:22:25"
"6288","296","2025-02-28 10:09:33","53.72","0.00","2025-02-28 00:00:00","2026-04-27 19:22:25"
"6289","84","2024-07-22 18:32:03","28.75","5.00","2024-07-22 00:00:00","2026-04-27 19:22:25"
"6290","282","2026-04-14 06:54:37","160.86","0.00","2026-04-14 00:00:00","2026-04-27 19:22:25"
"6291","136","2024-11-26 12:56:57","70.36","5.00","2024-11-26 00:00:00","2026-04-27 19:22:25"
"6292","161","2023-04-24 07:57:09","324.08","0.00","2023-04-24 00:00:00","2026-04-27 19:22:25"
"6293","5","2026-03-06 09:21:54","56.79","5.00","2026-03-06 00:00:00","2026-04-27 19:22:25"
"6294","262","2024-07-28 14:07:09","124.79","0.00","2024-07-28 00:00:00","2026-04-27 19:22:25"
"6295","220","2024-12-07 16:09:44","101.41","0.00","2024-12-07 00:00:00","2026-04-27 19:22:25"
"6296","183","2023-09-13 18:34:22","295.63","0.00","2023-09-13 00:00:00","2026-04-27 19:22:25"
"6297","10","2025-03-08 14:03:49","47.63","5.00","2025-03-08 00:00:00","2026-04-27 19:22:25"
"6298","163","2026-03-07 08:03:12","15.33","10.00","2026-03-07 00:00:00","2026-04-27 19:22:25"
"6299","187","2022-08-28 06:07:38","0.00","0.00","2022-08-28 00:00:00","2026-04-27 19:22:25"
"6300","271","2022-12-05 07:11:51","106.93","0.00","2022-12-05 00:00:00","2026-04-27 19:22:25"
"6301","102","2024-12-21 03:55:01","66.77","5.00","2024-12-21 00:00:00","2026-04-27 19:22:25"
"6302","273","2021-03-26 15:45:09","189.36","0.00","2021-03-26 00:00:00","2026-04-27 19:22:25"
"6303","235","2024-10-08 12:31:53","27.08","5.00","2024-10-08 00:00:00","2026-04-27 19:22:25"
"6304","115","2024-02-13 07:14:25","142.58","0.00","2024-02-13 00:00:00","2026-04-27 19:22:25"
"6305","124","2026-03-08 17:23:49","113.58","0.00","2026-03-08 00:00:00","2026-04-27 19:22:25"
"6306","10","2025-07-09 09:05:44","118.75","0.00","2025-07-09 00:00:00","2026-04-27 19:22:25"
"6307","37","2024-09-19 19:28:30","110.73","0.00","2024-09-19 00:00:00","2026-04-27 19:22:25"
"6308","145","2026-03-19 12:33:11","52.02","5.00","2026-03-19 00:00:00","2026-04-27 19:22:25"
"6309","220","2024-08-15 19:52:30","6.21","10.00","2024-08-15 00:00:00","2026-04-27 19:22:25"
"6310","201","2026-02-16 05:19:15","52.08","5.00","2026-02-16 00:00:00","2026-04-27 19:22:25"
"6311","165","2025-08-18 15:05:43","109.51","0.00","2025-08-18 00:00:00","2026-04-27 19:22:25"
"6312","253","2022-05-04 15:40:47","128.97","0.00","2022-05-04 00:00:00","2026-04-27 19:22:25"
"6313","91","2025-03-08 09:21:56","50.72","0.00","2025-03-08 00:00:00","2026-04-27 19:22:25"
"6314","245","2025-12-09 09:39:25","104.23","0.00","2025-12-09 00:00:00","2026-04-27 19:22:25"
"6315","70","2025-05-06 15:26:27","0.00","0.00","2025-05-06 00:00:00","2026-04-27 19:22:25"
"6316","293","2025-08-27 09:48:46","126.91","0.00","2025-08-27 00:00:00","2026-04-27 19:22:25"
"6317","246","2023-08-08 19:23:08","144.02","0.00","2023-08-08 00:00:00","2026-04-27 19:22:25"
"6318","224","2023-07-05 10:56:24","31.65","10.00","2023-07-05 00:00:00","2026-04-27 19:22:25"
"6319","4","2024-10-18 10:39:03","245.40","0.00","2024-10-18 00:00:00","2026-04-27 19:22:25"
"6320","114","2025-11-25 11:48:43","12.04","10.00","2025-11-25 00:00:00","2026-04-27 19:22:25"
"6321","161","2024-06-05 18:46:14","142.82","0.00","2024-06-05 00:00:00","2026-04-27 19:22:25"
"6322","47","2023-09-03 07:40:15","193.12","0.00","2023-09-03 00:00:00","2026-04-27 19:22:25"
"6323","171","2024-08-15 14:21:31","76.41","0.00","2024-08-15 00:00:00","2026-04-27 19:22:25"
"6324","170","2025-01-20 13:50:13","0.00","0.00","2025-01-20 00:00:00","2026-04-27 19:22:25"
"6325","214","2025-03-30 08:02:43","209.01","0.00","2025-03-30 00:00:00","2026-04-27 19:22:25"
"6326","146","2022-04-23 12:48:18","142.39","0.00","2022-04-23 00:00:00","2026-04-27 19:22:25"
"6327","62","2025-06-22 17:11:47","126.88","0.00","2025-06-22 00:00:00","2026-04-27 19:22:25"
"6328","51","2026-01-13 17:18:22","19.38","10.00","2026-01-13 00:00:00","2026-04-27 19:22:25"
"6329","65","2025-09-15 09:54:03","178.01","0.00","2025-09-15 00:00:00","2026-04-27 19:22:25"
"6330","59","2025-03-14 17:58:37","151.04","0.00","2025-03-14 00:00:00","2026-04-27 19:22:25"
"6331","207","2025-09-03 11:55:18","44.40","5.00","2025-09-03 00:00:00","2026-04-27 19:22:25"
"6332","20","2020-10-19 07:02:02","7.79","25.00","2020-10-19 00:00:00","2026-04-27 19:22:25"
"6333","55","2024-11-01 11:24:44","79.70","0.00","2024-11-01 00:00:00","2026-04-27 19:22:25"
"6334","81","2025-04-01 11:25:38","94.19","0.00","2025-04-01 00:00:00","2026-04-27 19:22:25"
"6335","166","2024-05-08 08:57:46","21.96","10.00","2024-05-08 00:00:00","2026-04-27 19:22:25"
"6336","6","2025-09-18 07:46:30","156.73","0.00","2025-09-18 00:00:00","2026-04-27 19:22:25"
"6337","155","2025-07-13 14:39:55","230.49","0.00","2025-07-13 00:00:00","2026-04-27 19:22:25"
"6338","87","2026-02-07 08:00:32","28.62","5.00","2026-02-07 00:00:00","2026-04-27 19:22:25"
"6339","143","2023-09-23 02:03:15","72.25","5.00","2023-09-23 00:00:00","2026-04-27 19:22:25"
"6340","242","2022-07-21 18:39:55","127.89","0.00","2022-07-21 00:00:00","2026-04-27 19:22:25"
"6341","158","2025-08-18 08:41:59","32.87","5.00","2025-08-18 00:00:00","2026-04-27 19:22:25"
"6342","271","2022-12-28 07:26:57","129.56","0.00","2022-12-28 00:00:00","2026-04-27 19:22:25"
"6343","36","2024-12-21 13:14:18","302.98","0.00","2024-12-21 00:00:00","2026-04-27 19:22:25"
"6344","235","2025-07-24 07:35:20","46.50","5.00","2025-07-24 00:00:00","2026-04-27 19:22:25"
"6345","181","2023-05-14 07:27:44","36.45","5.00","2023-05-14 00:00:00","2026-04-27 19:22:25"
"6346","97","2025-01-17 14:10:33","112.74","0.00","2025-01-17 00:00:00","2026-04-27 19:22:25"
"6347","128","2023-06-02 17:51:03","63.61","0.00","2023-06-02 00:00:00","2026-04-27 19:22:25"
"6348","37","2022-10-14 07:54:41","214.44","0.00","2022-10-14 00:00:00","2026-04-27 19:22:25"
"6349","142","2025-02-27 07:55:47","168.21","0.00","2025-02-27 00:00:00","2026-04-27 19:22:25"
"6350","56","2023-10-17 14:46:32","0.00","0.00","2023-10-17 00:00:00","2026-04-27 19:22:25"
"6351","177","2026-01-25 10:20:30","190.35","0.00","2026-01-25 00:00:00","2026-04-27 19:22:25"
"6352","103","2023-07-23 10:38:04","66.01","0.00","2023-07-23 00:00:00","2026-04-27 19:22:25"
"6353","58","2025-09-14 12:35:20","35.29","10.00","2025-09-14 00:00:00","2026-04-27 19:22:25"
"6354","244","2025-09-29 09:32:16","83.42","0.00","2025-09-29 00:00:00","2026-04-27 19:22:25"
"6355","25","2024-05-23 02:13:53","75.93","0.00","2024-05-23 00:00:00","2026-04-27 19:22:25"
"6356","205","2020-10-25 08:40:26","96.95","0.00","2020-10-25 00:00:00","2026-04-27 19:22:25"
"6357","267","2025-01-18 16:36:05","30.30","5.00","2025-01-18 00:00:00","2026-04-27 19:22:25"
"6358","188","2025-10-22 08:47:42","227.59","0.00","2025-10-22 00:00:00","2026-04-27 19:22:25"
"6359","29","2025-01-19 18:30:06","146.16","0.00","2025-01-19 00:00:00","2026-04-27 19:22:25"
"6360","92","2026-03-07 17:52:59","31.84","10.00","2026-03-07 00:00:00","2026-04-27 19:22:25"
"6361","158","2025-11-03 16:23:53","197.16","0.00","2025-11-03 00:00:00","2026-04-27 19:22:25"
"6362","16","2026-04-14 10:00:03","229.49","0.00","2026-04-14 00:00:00","2026-04-27 19:22:25"
"6363","209","2024-07-31 10:27:12","155.92","0.00","2024-07-31 00:00:00","2026-04-27 19:22:25"
"6364","222","2023-06-18 08:55:16","54.55","0.00","2023-06-18 00:00:00","2026-04-27 19:22:25"
"6365","234","2026-04-09 11:49:46","112.63","0.00","2026-04-09 00:00:00","2026-04-27 19:22:25"
"6366","129","2022-11-15 16:16:16","31.11","5.00","2022-11-15 00:00:00","2026-04-27 19:22:25"
"6367","190","2025-11-30 10:23:51","86.13","0.00","2025-11-30 00:00:00","2026-04-27 19:22:25"
"6368","155","2025-06-07 12:36:22","10.36","25.00","2025-06-07 00:00:00","2026-04-27 19:22:25"
"6369","105","2025-03-04 12:08:51","90.76","0.00","2025-03-04 00:00:00","2026-04-27 19:22:25"
"6370","73","2023-01-10 09:53:08","207.75","0.00","2023-01-10 00:00:00","2026-04-27 19:22:25"
"6371","145","2026-01-10 09:00:09","22.50","25.00","2026-01-10 00:00:00","2026-04-27 19:22:25"
"6372","50","2021-05-05 08:08:35","389.69","0.00","2021-05-05 00:00:00","2026-04-27 19:22:25"
"6373","287","2022-10-21 18:33:21","49.59","10.00","2022-10-21 00:00:00","2026-04-27 19:22:25"
"6374","23","2025-11-05 13:27:14","346.74","0.00","2025-11-05 00:00:00","2026-04-27 19:22:25"
"6375","138","2021-09-26 07:52:22","252.75","0.00","2021-09-26 00:00:00","2026-04-27 19:22:25"
"6376","54","2023-12-20 11:53:06","24.18","25.00","2023-12-20 00:00:00","2026-04-27 19:22:25"
"6377","49","2022-04-16 02:31:46","155.32","0.00","2022-04-16 00:00:00","2026-04-27 19:22:25"
"6378","1","2026-03-01 12:13:26","121.71","0.00","2026-03-01 00:00:00","2026-04-27 19:22:25"
"6379","22","2024-02-09 12:32:06","148.67","0.00","2024-02-09 00:00:00","2026-04-27 19:22:25"
"6380","298","2025-06-04 09:18:45","8.96","25.00","2025-06-04 00:00:00","2026-04-27 19:22:25"
"6381","141","2025-08-26 08:32:07","107.51","0.00","2025-08-26 00:00:00","2026-04-27 19:22:25"
"6382","48","2026-01-28 18:01:35","185.40","0.00","2026-01-28 00:00:00","2026-04-27 19:22:25"
"6383","271","2022-09-29 03:02:38","156.77","0.00","2022-09-29 00:00:00","2026-04-27 19:22:25"
"6384","291","2026-04-14 14:14:41","290.38","0.00","2026-04-14 00:00:00","2026-04-27 19:22:25"
"6385","101","2023-08-31 07:10:05","316.62","0.00","2023-08-31 00:00:00","2026-04-27 19:22:25"
"6386","37","2022-10-31 08:24:18","198.87","0.00","2022-10-31 00:00:00","2026-04-27 19:22:25"
"6387","137","2026-01-11 15:50:34","247.54","0.00","2026-01-11 00:00:00","2026-04-27 19:22:25"
"6388","104","2022-08-17 19:46:02","169.06","0.00","2022-08-17 00:00:00","2026-04-27 19:22:25"
"6389","215","2020-12-30 09:02:52","155.01","0.00","2020-12-30 00:00:00","2026-04-27 19:22:25"
"6390","86","2026-02-18 15:50:42","32.80","10.00","2026-02-18 00:00:00","2026-04-27 19:22:25"
"6391","148","2024-06-02 10:13:55","279.19","0.00","2024-06-02 00:00:00","2026-04-27 19:22:25"
"6392","241","2025-09-03 08:32:29","188.38","0.00","2025-09-03 00:00:00","2026-04-27 19:22:25"
"6393","97","2025-11-11 08:34:29","255.72","0.00","2025-11-11 00:00:00","2026-04-27 19:22:25"
"6394","110","2026-02-02 07:40:23","237.71","0.00","2026-02-02 00:00:00","2026-04-27 19:22:25"
"6395","112","2021-12-26 08:05:58","21.28","10.00","2021-12-26 00:00:00","2026-04-27 19:22:25"
"6396","239","2024-01-29 19:08:46","179.52","0.00","2024-01-29 00:00:00","2026-04-27 19:22:25"
"6397","4","2025-08-21 18:09:04","162.86","0.00","2025-08-21 00:00:00","2026-04-27 19:22:25"
"6398","214","2025-01-18 08:46:55","173.02","0.00","2025-01-18 00:00:00","2026-04-27 19:22:25"
"6399","131","2024-07-07 16:26:12","150.96","0.00","2024-07-07 00:00:00","2026-04-27 19:22:25"
"6400","209","2025-11-15 08:47:39","32.92","10.00","2025-11-15 00:00:00","2026-04-27 19:22:25"
"6401","295","2025-01-23 09:13:12","87.85","0.00","2025-01-23 00:00:00","2026-04-27 19:22:25"
"6402","123","2025-12-16 14:46:42","106.08","0.00","2025-12-16 00:00:00","2026-04-27 19:22:25"
"6403","286","2023-04-11 16:58:49","207.66","0.00","2023-04-11 00:00:00","2026-04-27 19:22:25"
"6404","124","2022-07-24 14:35:41","41.34","5.00","2022-07-24 00:00:00","2026-04-27 19:22:25"
"6405","150","2026-03-16 07:30:45","123.64","0.00","2026-03-16 00:00:00","2026-04-27 19:22:25"
"6406","194","2024-12-13 12:08:04","64.35","0.00","2024-12-13 00:00:00","2026-04-27 19:22:25"
"6407","248","2026-01-15 09:25:44","18.74","10.00","2026-01-15 00:00:00","2026-04-27 19:22:25"
"6408","37","2023-06-21 17:35:43","40.64","10.00","2023-06-21 00:00:00","2026-04-27 19:22:25"
"6409","38","2024-03-21 05:43:03","155.67","0.00","2024-03-21 00:00:00","2026-04-27 19:22:25"
"6410","141","2026-04-15 15:19:55","13.04","10.00","2026-04-15 00:00:00","2026-04-27 19:22:25"
"6411","246","2023-03-16 09:58:41","164.08","0.00","2023-03-16 00:00:00","2026-04-27 19:22:25"
"6412","141","2023-04-09 16:48:57","143.11","0.00","2023-04-09 00:00:00","2026-04-27 19:22:25"
"6413","132","2021-11-05 19:44:47","15.60","10.00","2021-11-05 00:00:00","2026-04-27 19:22:25"
"6414","78","2026-01-04 09:56:59","48.09","5.00","2026-01-04 00:00:00","2026-04-27 19:22:25"
"6415","73","2022-09-09 14:10:23","46.36","5.00","2022-09-09 00:00:00","2026-04-27 19:22:25"
"6416","17","2025-02-03 10:49:02","184.04","0.00","2025-02-03 00:00:00","2026-04-27 19:22:25"
"6417","176","2025-09-17 09:45:57","106.10","0.00","2025-09-17 00:00:00","2026-04-27 19:22:25"
"6418","149","2026-03-22 17:12:47","49.75","5.00","2026-03-22 00:00:00","2026-04-27 19:22:25"
"6419","78","2026-01-24 13:37:05","80.34","0.00","2026-01-24 00:00:00","2026-04-27 19:22:25"
"6420","145","2025-09-23 02:26:59","236.11","0.00","2025-09-23 00:00:00","2026-04-27 19:22:25"
"6421","239","2025-08-22 09:22:36","91.63","0.00","2025-08-22 00:00:00","2026-04-27 19:22:25"
"6422","62","2022-11-22 04:30:37","43.05","10.00","2022-11-22 00:00:00","2026-04-27 19:22:25"
"6423","61","2025-10-08 10:19:35","120.35","0.00","2025-10-08 00:00:00","2026-04-27 19:22:25"
"6424","243","2026-01-23 08:47:49","32.10","10.00","2026-01-23 00:00:00","2026-04-27 19:22:25"
"6425","287","2021-11-17 09:43:45","61.98","5.00","2021-11-17 00:00:00","2026-04-27 19:22:25"
"6426","97","2025-09-05 03:47:30","67.07","0.00","2025-09-05 00:00:00","2026-04-27 19:22:25"
"6427","58","2026-03-07 13:08:44","160.60","0.00","2026-03-07 00:00:00","2026-04-27 19:22:25"
"6428","133","2024-10-05 19:13:10","72.68","5.00","2024-10-05 00:00:00","2026-04-27 19:22:25"
"6429","209","2026-02-10 13:14:09","86.43","0.00","2026-02-10 00:00:00","2026-04-27 19:22:25"
"6430","198","2025-10-16 19:26:25","169.32","0.00","2025-10-16 00:00:00","2026-04-27 19:22:25"
"6431","69","2024-09-17 07:58:57","52.43","0.00","2024-09-17 00:00:00","2026-04-27 19:22:25"
"6432","175","2024-06-10 08:26:36","158.04","0.00","2024-06-10 00:00:00","2026-04-27 19:22:25"
"6433","260","2021-09-16 07:10:49","94.71","0.00","2021-09-16 00:00:00","2026-04-27 19:22:25"
"6434","204","2024-02-01 07:17:01","84.36","0.00","2024-02-01 00:00:00","2026-04-27 19:22:25"
"6435","239","2023-10-18 19:00:16","174.16","0.00","2023-10-18 00:00:00","2026-04-27 19:22:25"
"6436","47","2023-09-06 18:22:14","117.10","0.00","2023-09-06 00:00:00","2026-04-27 19:22:25"
"6437","69","2025-12-31 17:21:37","131.87","0.00","2025-12-31 00:00:00","2026-04-27 19:22:25"
"6438","45","2022-03-25 14:03:53","125.97","0.00","2022-03-25 00:00:00","2026-04-27 19:22:25"
"6439","101","2025-02-14 19:58:52","146.39","0.00","2025-02-14 00:00:00","2026-04-27 19:22:25"
"6440","180","2025-12-03 14:12:32","115.62","0.00","2025-12-03 00:00:00","2026-04-27 19:22:25"
"6441","76","2023-05-02 19:17:38","123.03","0.00","2023-05-02 00:00:00","2026-04-27 19:22:25"
"6442","31","2022-11-22 19:48:02","193.61","0.00","2022-11-22 00:00:00","2026-04-27 19:22:25"
"6443","59","2026-03-03 08:01:46","49.06","10.00","2026-03-03 00:00:00","2026-04-27 19:22:25"
"6444","286","2021-11-10 07:44:38","151.85","0.00","2021-11-10 00:00:00","2026-04-27 19:22:25"
"6445","267","2022-10-30 03:56:08","146.38","0.00","2022-10-30 00:00:00","2026-04-27 19:22:25"
"6446","249","2024-09-24 09:47:29","18.94","10.00","2024-09-24 00:00:00","2026-04-27 19:22:25"
"6447","173","2026-04-02 19:17:43","273.01","0.00","2026-04-02 00:00:00","2026-04-27 19:22:25"
"6448","108","2026-03-23 08:43:26","138.94","0.00","2026-03-23 00:00:00","2026-04-27 19:22:25"
"6449","221","2026-03-31 18:03:49","196.21","0.00","2026-03-31 00:00:00","2026-04-27 19:22:25"
"6450","221","2023-05-05 07:44:34","109.52","0.00","2023-05-05 00:00:00","2026-04-27 19:22:25"
"6451","219","2021-08-06 07:12:00","142.33","0.00","2021-08-06 00:00:00","2026-04-27 19:22:25"
"6452","191","2026-03-15 11:19:13","34.16","5.00","2026-03-15 00:00:00","2026-04-27 19:22:25"
"6453","26","2025-06-10 12:29:52","103.72","0.00","2025-06-10 00:00:00","2026-04-27 19:22:25"
"6454","226","2025-02-12 09:42:39","340.46","0.00","2025-02-12 00:00:00","2026-04-27 19:22:25"
"6455","59","2023-06-03 18:42:59","182.82","0.00","2023-06-03 00:00:00","2026-04-27 19:22:25"
"6456","199","2024-07-31 09:56:28","27.86","5.00","2024-07-31 00:00:00","2026-04-27 19:22:25"
"6457","65","2025-09-04 12:39:34","90.72","0.00","2025-09-04 00:00:00","2026-04-27 19:22:25"
"6458","198","2026-01-07 07:35:51","81.60","0.00","2026-01-07 00:00:00","2026-04-27 19:22:25"
"6459","22","2024-07-17 10:53:08","61.89","0.00","2024-07-17 00:00:00","2026-04-27 19:22:25"
"6460","123","2024-04-30 17:46:33","7.62","25.00","2024-04-30 00:00:00","2026-04-27 19:22:25"
"6461","150","2026-01-31 16:39:29","142.77","0.00","2026-01-31 00:00:00","2026-04-27 19:22:25"
"6462","218","2023-09-02 19:14:21","92.26","0.00","2023-09-02 00:00:00","2026-04-27 19:22:25"
"6463","157","2020-11-06 13:21:49","101.17","0.00","2020-11-06 00:00:00","2026-04-27 19:22:25"
"6464","55","2023-09-04 18:09:09","74.65","5.00","2023-09-04 00:00:00","2026-04-27 19:22:25"
"6465","198","2025-10-18 10:23:46","294.49","0.00","2025-10-18 00:00:00","2026-04-27 19:22:25"
"6466","142","2023-08-28 07:31:27","113.86","0.00","2023-08-28 00:00:00","2026-04-27 19:22:25"
"6467","215","2025-05-08 09:26:49","17.75","25.00","2025-05-08 00:00:00","2026-04-27 19:22:25"
"6468","17","2024-11-14 09:46:27","199.89","0.00","2024-11-14 00:00:00","2026-04-27 19:22:25"
"6469","21","2024-02-22 09:29:46","247.27","0.00","2024-02-22 00:00:00","2026-04-27 19:22:25"
"6470","90","2025-10-13 14:04:05","190.31","0.00","2025-10-13 00:00:00","2026-04-27 19:22:25"
"6471","95","2024-10-23 19:51:34","100.72","0.00","2024-10-23 00:00:00","2026-04-27 19:22:25"
"6472","243","2025-10-27 17:56:25","220.61","0.00","2025-10-27 00:00:00","2026-04-27 19:22:25"
"6473","68","2026-04-11 11:51:53","90.27","0.00","2026-04-11 00:00:00","2026-04-27 19:22:25"
"6474","114","2021-12-03 08:03:10","146.59","0.00","2021-12-03 00:00:00","2026-04-27 19:22:25"
"6475","204","2023-07-29 09:10:35","144.52","0.00","2023-07-29 00:00:00","2026-04-27 19:22:25"
"6476","14","2024-09-12 16:33:00","83.88","0.00","2024-09-12 00:00:00","2026-04-27 19:22:25"
"6477","255","2023-10-23 17:48:44","312.07","0.00","2023-10-23 00:00:00","2026-04-27 19:22:25"
"6478","289","2025-11-23 10:35:42","29.48","5.00","2025-11-23 00:00:00","2026-04-27 19:22:25"
"6479","101","2024-08-04 01:16:43","247.35","0.00","2024-08-04 00:00:00","2026-04-27 19:22:25"
"6480","103","2024-03-16 08:06:07","186.43","0.00","2024-03-16 00:00:00","2026-04-27 19:22:25"
"6481","93","2026-03-31 19:53:38","134.40","0.00","2026-03-31 00:00:00","2026-04-27 19:22:25"
"6482","272","2025-07-06 18:28:52","126.33","0.00","2025-07-06 00:00:00","2026-04-27 19:22:25"
"6483","142","2024-10-13 09:36:38","35.24","5.00","2024-10-13 00:00:00","2026-04-27 19:22:25"
"6484","108","2026-03-11 11:29:01","175.51","0.00","2026-03-11 00:00:00","2026-04-27 19:22:25"
"6485","199","2023-02-22 07:14:23","6.57","10.00","2023-02-22 00:00:00","2026-04-27 19:22:25"
"6486","261","2024-01-23 11:50:51","52.73","0.00","2024-01-23 00:00:00","2026-04-27 19:22:25"
"6487","179","2022-09-15 07:01:35","232.63","0.00","2022-09-15 00:00:00","2026-04-27 19:22:25"
"6488","271","2022-04-04 08:54:39","131.06","0.00","2022-04-04 00:00:00","2026-04-27 19:22:25"
"6489","222","2025-01-02 16:53:21","53.91","0.00","2025-01-02 00:00:00","2026-04-27 19:22:25"
"6490","113","2026-03-05 15:18:57","95.66","0.00","2026-03-05 00:00:00","2026-04-27 19:22:25"
"6491","129","2024-07-28 09:04:38","205.55","0.00","2024-07-28 00:00:00","2026-04-27 19:22:25"
"6492","177","2025-12-23 08:10:50","2.21","10.00","2025-12-23 00:00:00","2026-04-27 19:22:25"
"6493","249","2025-06-23 07:48:53","154.87","0.00","2025-06-23 00:00:00","2026-04-27 19:22:25"
"6494","140","2026-04-08 16:51:29","99.06","0.00","2026-04-08 00:00:00","2026-04-27 19:22:25"
"6495","68","2026-04-15 08:52:14","21.93","25.00","2026-04-15 00:00:00","2026-04-27 19:22:25"
"6496","126","2023-04-23 10:24:02","86.31","0.00","2023-04-23 00:00:00","2026-04-27 19:22:25"
"6497","157","2022-04-15 08:07:20","93.08","0.00","2022-04-15 00:00:00","2026-04-27 19:22:25"
"6498","47","2023-09-10 17:30:23","146.65","0.00","2023-09-10 00:00:00","2026-04-27 19:22:25"
"6499","84","2026-01-12 11:27:43","128.29","0.00","2026-01-12 00:00:00","2026-04-27 19:22:25"
"6500","14","2024-07-18 12:33:54","109.07","0.00","2024-07-18 00:00:00","2026-04-27 19:22:25"
"6501","262","2024-03-14 07:48:21","44.42","5.00","2024-03-14 00:00:00","2026-04-27 19:22:25"
"6502","189","2026-02-18 16:21:45","176.67","0.00","2026-02-18 00:00:00","2026-04-27 19:22:25"
"6503","124","2025-08-22 08:50:29","40.28","5.00","2025-08-22 00:00:00","2026-04-27 19:22:25"
"6504","288","2026-03-24 08:09:27","18.51","10.00","2026-03-24 00:00:00","2026-04-27 19:22:25"
"6505","260","2021-09-18 08:47:25","168.43","0.00","2021-09-18 00:00:00","2026-04-27 19:22:25"
"6506","58","2025-02-09 07:25:48","133.86","0.00","2025-02-09 00:00:00","2026-04-27 19:22:25"
"6507","61","2024-10-30 09:20:35","238.90","0.00","2024-10-30 00:00:00","2026-04-27 19:22:25"
"6508","42","2024-12-26 06:00:07","66.48","5.00","2024-12-26 00:00:00","2026-04-27 19:22:25"
"6509","141","2026-02-16 13:14:04","64.03","0.00","2026-02-16 00:00:00","2026-04-27 19:22:25"
"6510","206","2023-08-23 09:49:30","273.62","0.00","2023-08-23 00:00:00","2026-04-27 19:22:25"
"6511","177","2024-12-15 18:08:05","220.07","0.00","2024-12-15 00:00:00","2026-04-27 19:22:25"
"6512","155","2025-12-03 19:35:07","34.17","10.00","2025-12-03 00:00:00","2026-04-27 19:22:25"
"6513","140","2026-04-13 08:30:25","136.89","0.00","2026-04-13 00:00:00","2026-04-27 19:22:25"
"6514","106","2024-08-01 04:13:22","39.14","10.00","2024-08-01 00:00:00","2026-04-27 19:22:25"
"6515","100","2023-04-29 19:06:40","102.28","0.00","2023-04-29 00:00:00","2026-04-27 19:22:25"
"6516","113","2026-02-26 13:18:37","153.48","0.00","2026-02-26 00:00:00","2026-04-27 19:22:25"
"6517","162","2025-09-06 11:11:26","38.69","10.00","2025-09-06 00:00:00","2026-04-27 19:22:25"
"6518","28","2024-02-08 07:41:44","140.17","0.00","2024-02-08 00:00:00","2026-04-27 19:22:25"
"6519","146","2024-02-28 05:12:36","0.00","0.00","2024-02-28 00:00:00","2026-04-27 19:22:25"
"6520","42","2025-07-28 14:46:35","16.40","25.00","2025-07-28 00:00:00","2026-04-27 19:22:25"
"6521","26","2026-03-16 08:17:31","237.00","0.00","2026-03-16 00:00:00","2026-04-27 19:22:25"
"6522","98","2025-05-01 08:55:25","189.15","0.00","2025-05-01 00:00:00","2026-04-27 19:22:25"
"6523","190","2026-01-30 13:00:49","182.16","0.00","2026-01-30 00:00:00","2026-04-27 19:22:25"
"6524","206","2025-05-23 10:46:50","120.84","0.00","2025-05-23 00:00:00","2026-04-27 19:22:25"
"6525","201","2026-03-08 07:04:32","75.42","0.00","2026-03-08 00:00:00","2026-04-27 19:22:25"
"6526","276","2025-12-13 18:48:27","367.96","0.00","2025-12-13 00:00:00","2026-04-27 19:22:25"
"6527","280","2025-05-13 02:42:30","72.55","5.00","2025-05-13 00:00:00","2026-04-27 19:22:25"
"6528","160","2024-07-23 15:27:39","131.30","0.00","2024-07-23 00:00:00","2026-04-27 19:22:25"
"6529","157","2021-08-17 09:19:39","192.66","0.00","2021-08-17 00:00:00","2026-04-27 19:22:25"
"6530","167","2025-12-21 16:11:05","167.06","0.00","2025-12-21 00:00:00","2026-04-27 19:22:25"
"6531","282","2025-05-31 01:05:56","13.00","10.00","2025-05-31 00:00:00","2026-04-27 19:22:25"
"6532","209","2024-09-19 12:52:41","9.36","25.00","2024-09-19 00:00:00","2026-04-27 19:22:25"
"6533","151","2023-12-04 09:16:20","139.18","0.00","2023-12-04 00:00:00","2026-04-27 19:22:25"
"6534","160","2023-10-31 08:39:30","259.04","0.00","2023-10-31 00:00:00","2026-04-27 19:22:25"
"6535","214","2026-04-08 10:42:21","202.07","0.00","2026-04-08 00:00:00","2026-04-27 19:22:25"
"6536","62","2023-03-16 07:48:19","52.77","5.00","2023-03-16 00:00:00","2026-04-27 19:22:25"
"6537","27","2024-09-11 10:39:05","113.40","0.00","2024-09-11 00:00:00","2026-04-27 19:22:25"
"6538","287","2022-11-13 11:17:01","194.56","0.00","2022-11-13 00:00:00","2026-04-27 19:22:25"
"6539","191","2026-04-02 19:21:46","48.18","5.00","2026-04-02 00:00:00","2026-04-27 19:22:25"
"6540","132","2021-06-14 07:09:57","26.73","5.00","2021-06-14 00:00:00","2026-04-27 19:22:25"
"6541","145","2025-11-05 18:06:02","112.24","0.00","2025-11-05 00:00:00","2026-04-27 19:22:25"
"6542","180","2025-07-21 09:44:36","23.20","10.00","2025-07-21 00:00:00","2026-04-27 19:22:25"
"6543","250","2022-07-09 09:17:48","160.19","0.00","2022-07-09 00:00:00","2026-04-27 19:22:25"
"6544","242","2022-05-26 15:02:36","188.32","0.00","2022-05-26 00:00:00","2026-04-27 19:22:25"
"6545","180","2025-10-06 00:17:18","61.38","0.00","2025-10-06 00:00:00","2026-04-27 19:22:25"
"6546","256","2022-11-08 07:54:26","23.05","25.00","2022-11-08 00:00:00","2026-04-27 19:22:25"
"6547","218","2026-02-23 10:44:37","4.78","25.00","2026-02-23 00:00:00","2026-04-27 19:22:25"
"6548","227","2026-04-10 09:26:07","283.57","0.00","2026-04-10 00:00:00","2026-04-27 19:22:25"
"6549","229","2026-04-04 19:47:15","218.44","0.00","2026-04-04 00:00:00","2026-04-27 19:22:25"
"6550","138","2021-02-19 07:47:03","260.04","0.00","2021-02-19 00:00:00","2026-04-27 19:22:25"
"6551","247","2024-08-07 07:57:07","184.39","0.00","2024-08-07 00:00:00","2026-04-27 19:22:25"
"6552","182","2023-10-20 08:00:07","9.94","10.00","2023-10-20 00:00:00","2026-04-27 19:22:25"
"6553","251","2026-04-03 09:44:21","280.95","0.00","2026-04-03 00:00:00","2026-04-27 19:22:25"
"6554","299","2024-01-27 16:42:32","13.88","10.00","2024-01-27 00:00:00","2026-04-27 19:22:25"
"6555","259","2026-04-08 13:58:48","45.12","5.00","2026-04-08 00:00:00","2026-04-27 19:22:25"
"6556","177","2024-09-25 11:16:00","183.56","0.00","2024-09-25 00:00:00","2026-04-27 19:22:25"
"6557","61","2026-02-07 12:24:20","37.39","5.00","2026-02-07 00:00:00","2026-04-27 19:22:25"
"6558","59","2024-08-23 13:09:49","15.60","25.00","2024-08-23 00:00:00","2026-04-27 19:22:25"
"6559","121","2022-10-18 02:05:26","180.33","0.00","2022-10-18 00:00:00","2026-04-27 19:22:25"
"6560","288","2025-08-23 08:08:55","34.38","5.00","2025-08-23 00:00:00","2026-04-27 19:22:25"
"6561","59","2024-11-09 13:01:06","244.94","0.00","2024-11-09 00:00:00","2026-04-27 19:22:25"
"6562","246","2024-06-12 19:19:48","144.87","0.00","2024-06-12 00:00:00","2026-04-27 19:22:25"
"6563","142","2025-07-20 18:08:07","70.83","0.00","2025-07-20 00:00:00","2026-04-27 19:22:25"
"6564","259","2025-12-28 15:20:58","36.97","5.00","2025-12-28 00:00:00","2026-04-27 19:22:25"
"6565","287","2023-01-09 08:54:16","112.37","0.00","2023-01-09 00:00:00","2026-04-27 19:22:25"
"6566","48","2026-03-13 08:09:39","381.45","0.00","2026-03-13 00:00:00","2026-04-27 19:22:25"
"6567","40","2026-03-01 08:22:04","144.61","0.00","2026-03-01 00:00:00","2026-04-27 19:22:25"
"6568","225","2025-08-26 18:38:38","153.23","0.00","2025-08-26 00:00:00","2026-04-27 19:22:25"
"6569","276","2024-11-30 15:47:19","198.43","0.00","2024-11-30 00:00:00","2026-04-27 19:22:25"
"6570","29","2025-10-04 15:43:03","112.72","0.00","2025-10-04 00:00:00","2026-04-27 19:22:25"
"6571","161","2025-09-30 13:20:44","36.46","5.00","2025-09-30 00:00:00","2026-04-27 19:22:25"
"6572","177","2024-08-16 09:10:58","75.96","0.00","2024-08-16 00:00:00","2026-04-27 19:22:25"
"6573","236","2026-02-10 18:10:20","189.31","0.00","2026-02-10 00:00:00","2026-04-27 19:22:25"
"6574","230","2024-08-15 17:13:54","191.43","0.00","2024-08-15 00:00:00","2026-04-27 19:22:25"
"6575","82","2026-01-06 07:08:47","176.14","0.00","2026-01-06 00:00:00","2026-04-27 19:22:25"
"6576","135","2026-04-08 13:57:50","214.53","0.00","2026-04-08 00:00:00","2026-04-27 19:22:25"
"6577","16","2026-04-15 10:06:33","61.35","5.00","2026-04-15 00:00:00","2026-04-27 19:22:25"
"6578","93","2025-12-27 17:06:26","191.52","0.00","2025-12-27 00:00:00","2026-04-27 19:22:25"
"6579","12","2026-03-01 01:57:17","47.31","5.00","2026-03-01 00:00:00","2026-04-27 19:22:25"
"6580","197","2026-03-23 07:04:57","237.03","0.00","2026-03-23 00:00:00","2026-04-27 19:22:25"
"6581","72","2024-11-08 19:07:43","190.43","0.00","2024-11-08 00:00:00","2026-04-27 19:22:25"
"6582","91","2024-10-07 19:18:30","104.25","0.00","2024-10-07 00:00:00","2026-04-27 19:22:25"
"6583","244","2025-08-23 08:27:46","321.16","0.00","2025-08-23 00:00:00","2026-04-27 19:22:25"
"6584","84","2024-08-02 13:56:47","7.02","10.00","2024-08-02 00:00:00","2026-04-27 19:22:25"
"6585","128","2023-06-16 13:20:38","149.77","0.00","2023-06-16 00:00:00","2026-04-27 19:22:25"
"6586","226","2026-03-06 10:40:14","138.33","0.00","2026-03-06 00:00:00","2026-04-27 19:22:25"
"6587","35","2021-07-09 11:07:15","137.12","0.00","2021-07-09 00:00:00","2026-04-27 19:22:25"
"6588","68","2026-03-07 04:28:30","142.66","0.00","2026-03-07 00:00:00","2026-04-27 19:22:25"
"6589","124","2026-02-24 11:15:55","132.85","0.00","2026-02-24 00:00:00","2026-04-27 19:22:25"
"6590","174","2024-07-29 07:24:11","17.20","10.00","2024-07-29 00:00:00","2026-04-27 19:22:25"
"6591","243","2024-10-23 05:57:24","117.77","0.00","2024-10-23 00:00:00","2026-04-27 19:22:25"
"6592","133","2023-09-16 17:18:11","184.44","0.00","2023-09-16 00:00:00","2026-04-27 19:22:25"
"6593","8","2025-08-09 16:54:44","63.74","5.00","2025-08-09 00:00:00","2026-04-27 19:22:25"
"6594","69","2024-09-10 08:02:57","232.63","0.00","2024-09-10 00:00:00","2026-04-27 19:22:25"
"6595","187","2022-10-12 09:49:07","74.01","5.00","2022-10-12 00:00:00","2026-04-27 19:22:25"
"6596","150","2026-03-17 12:51:34","234.68","0.00","2026-03-17 00:00:00","2026-04-27 19:22:25"
"6597","67","2025-10-19 16:31:36","43.80","10.00","2025-10-19 00:00:00","2026-04-27 19:22:25"
"6598","264","2024-07-29 16:47:00","149.94","0.00","2024-07-29 00:00:00","2026-04-27 19:22:25"
"6599","282","2025-11-15 07:14:39","68.19","0.00","2025-11-15 00:00:00","2026-04-27 19:22:25"
"6600","222","2022-10-02 17:59:46","156.94","0.00","2022-10-02 00:00:00","2026-04-27 19:22:25"
"6601","80","2025-07-30 09:00:40","100.97","0.00","2025-07-30 00:00:00","2026-04-27 19:22:25"
"6602","60","2025-09-27 15:49:28","211.22","0.00","2025-09-27 00:00:00","2026-04-27 19:22:25"
"6603","255","2021-08-11 07:27:40","35.75","5.00","2021-08-11 00:00:00","2026-04-27 19:22:25"
"6604","208","2022-08-26 07:38:33","30.55","10.00","2022-08-26 00:00:00","2026-04-27 19:22:25"
"6605","23","2025-02-16 08:15:04","75.92","0.00","2025-02-16 00:00:00","2026-04-27 19:22:25"
"6606","232","2025-08-04 04:13:20","246.15","0.00","2025-08-04 00:00:00","2026-04-27 19:22:25"
"6607","247","2026-01-28 14:48:48","76.94","0.00","2026-01-28 00:00:00","2026-04-27 19:22:25"
"6608","81","2025-05-31 15:53:50","57.88","0.00","2025-05-31 00:00:00","2026-04-27 19:22:25"
"6609","72","2025-07-19 13:57:47","54.05","0.00","2025-07-19 00:00:00","2026-04-27 19:22:25"
"6610","155","2026-03-11 10:07:23","130.96","0.00","2026-03-11 00:00:00","2026-04-27 19:22:25"
"6611","63","2025-12-01 15:18:45","174.59","0.00","2025-12-01 00:00:00","2026-04-27 19:22:25"
"6612","154","2025-04-25 09:10:12","185.37","0.00","2025-04-25 00:00:00","2026-04-27 19:22:25"
"6613","185","2022-05-13 17:29:07","130.78","0.00","2022-05-13 00:00:00","2026-04-27 19:22:25"
"6614","158","2024-11-21 14:40:03","308.17","0.00","2024-11-21 00:00:00","2026-04-27 19:22:25"
"6615","274","2021-02-18 10:33:38","138.89","0.00","2021-02-18 00:00:00","2026-04-27 19:22:25"
"6616","94","2025-01-28 17:03:07","191.89","0.00","2025-01-28 00:00:00","2026-04-27 19:22:25"
"6617","139","2025-10-12 18:49:38","113.84","0.00","2025-10-12 00:00:00","2026-04-27 19:22:25"
"6618","234","2024-09-30 09:13:46","142.62","0.00","2024-09-30 00:00:00","2026-04-27 19:22:25"
"6619","72","2024-09-08 16:44:40","85.37","0.00","2024-09-08 00:00:00","2026-04-27 19:22:25"
"6620","271","2022-09-27 19:00:17","20.48","10.00","2022-09-27 00:00:00","2026-04-27 19:22:25"
"6621","90","2025-08-15 12:09:53","219.74","0.00","2025-08-15 00:00:00","2026-04-27 19:22:25"
"6622","144","2020-07-12 14:59:41","147.38","0.00","2020-07-12 00:00:00","2026-04-27 19:22:25"
"6623","131","2024-04-06 14:56:12","171.12","0.00","2024-04-06 00:00:00","2026-04-27 19:22:25"
"6624","289","2024-08-10 16:22:59","149.70","0.00","2024-08-10 00:00:00","2026-04-27 19:22:25"
"6625","225","2025-07-20 08:16:35","248.84","0.00","2025-07-20 00:00:00","2026-04-27 19:22:25"
"6626","233","2025-04-09 10:48:50","63.70","5.00","2025-04-09 00:00:00","2026-04-27 19:22:25"
"6627","181","2023-08-13 09:26:16","108.63","0.00","2023-08-13 00:00:00","2026-04-27 19:22:25"
"6628","151","2023-10-07 14:11:32","94.61","0.00","2023-10-07 00:00:00","2026-04-27 19:22:25"
"6629","96","2024-07-29 19:24:13","52.33","0.00","2024-07-29 00:00:00","2026-04-27 19:22:25"
"6630","31","2021-02-15 07:08:45","44.55","10.00","2021-02-15 00:00:00","2026-04-27 19:22:25"
"6631","103","2022-12-05 17:23:47","200.69","0.00","2022-12-05 00:00:00","2026-04-27 19:22:25"
"6632","217","2024-03-10 09:21:10","222.18","0.00","2024-03-10 00:00:00","2026-04-27 19:22:25"
"6633","11","2025-07-03 08:26:52","248.78","0.00","2025-07-03 00:00:00","2026-04-27 19:22:25"
"6634","55","2024-07-19 18:52:54","114.52","0.00","2024-07-19 00:00:00","2026-04-27 19:22:25"
"6635","31","2021-02-11 08:25:00","115.66","0.00","2021-02-11 00:00:00","2026-04-27 19:22:25"
"6636","4","2026-01-13 07:55:01","142.75","0.00","2026-01-13 00:00:00","2026-04-27 19:22:25"
"6637","176","2025-10-21 16:19:34","31.98","10.00","2025-10-21 00:00:00","2026-04-27 19:22:25"
"6638","129","2024-12-20 01:43:12","177.09","0.00","2024-12-20 00:00:00","2026-04-27 19:22:25"
"6639","110","2026-03-10 07:09:22","85.91","0.00","2026-03-10 00:00:00","2026-04-27 19:22:25"
"6640","99","2025-01-18 18:11:19","113.59","0.00","2025-01-18 00:00:00","2026-04-27 19:22:25"
"6641","160","2024-07-26 13:23:59","42.41","10.00","2024-07-26 00:00:00","2026-04-27 19:22:25"
"6642","189","2025-11-04 09:10:16","196.45","0.00","2025-11-04 00:00:00","2026-04-27 19:22:25"
"6643","5","2025-07-03 07:26:18","104.66","0.00","2025-07-03 00:00:00","2026-04-27 19:22:25"
"6644","101","2024-11-20 11:57:25","118.88","0.00","2024-11-20 00:00:00","2026-04-27 19:22:25"
"6645","87","2026-02-12 19:00:12","116.81","0.00","2026-02-12 00:00:00","2026-04-27 19:22:25"
"6646","151","2023-07-25 14:06:14","35.28","5.00","2023-07-25 00:00:00","2026-04-27 19:22:25"
"6647","210","2026-04-03 04:20:56","248.28","0.00","2026-04-03 00:00:00","2026-04-27 19:22:25"
"6648","1","2024-10-27 07:58:16","14.64","10.00","2024-10-27 00:00:00","2026-04-27 19:22:25"
"6649","81","2022-11-05 14:05:56","191.78","0.00","2022-11-05 00:00:00","2026-04-27 19:22:25"
"6650","297","2025-07-05 13:18:33","76.37","0.00","2025-07-05 00:00:00","2026-04-27 19:22:25"
"6651","297","2025-09-06 05:28:47","154.58","0.00","2025-09-06 00:00:00","2026-04-27 19:22:25"
"6652","59","2023-07-23 14:40:54","25.68","10.00","2023-07-23 00:00:00","2026-04-27 19:22:25"
"6653","263","2020-03-23 19:09:54","18.25","10.00","2020-03-23 00:00:00","2026-04-27 19:22:25"
"6654","300","2024-08-01 18:44:14","211.53","0.00","2024-08-01 00:00:00","2026-04-27 19:22:25"
"6655","201","2026-04-10 09:16:10","69.64","5.00","2026-04-10 00:00:00","2026-04-27 19:22:25"
"6656","108","2026-04-10 17:32:28","131.02","0.00","2026-04-10 00:00:00","2026-04-27 19:22:25"
"6657","223","2024-09-20 09:25:55","41.00","5.00","2024-09-20 00:00:00","2026-04-27 19:22:25"
"6658","93","2024-10-22 10:11:46","206.03","0.00","2024-10-22 00:00:00","2026-04-27 19:22:25"
"6659","49","2022-04-07 12:23:07","147.10","0.00","2022-04-07 00:00:00","2026-04-27 19:22:25"
"6660","161","2021-11-04 18:50:41","114.94","0.00","2021-11-04 00:00:00","2026-04-27 19:22:25"
"6661","147","2023-11-12 09:36:02","10.05","10.00","2023-11-12 00:00:00","2026-04-27 19:22:25"
"6662","104","2022-02-20 19:27:29","12.79","10.00","2022-02-20 00:00:00","2026-04-27 19:22:25"
"6663","2","2024-02-29 17:48:40","133.68","0.00","2024-02-29 00:00:00","2026-04-27 19:22:25"
"6664","60","2025-12-05 09:33:51","411.28","0.00","2025-12-05 00:00:00","2026-04-27 19:22:25"
"6665","14","2022-06-14 09:45:06","78.78","0.00","2022-06-14 00:00:00","2026-04-27 19:22:25"
"6666","103","2023-03-30 12:21:01","207.20","0.00","2023-03-30 00:00:00","2026-04-27 19:22:25"
"6667","98","2022-11-17 11:37:39","107.85","0.00","2022-11-17 00:00:00","2026-04-27 19:22:25"
"6668","2","2024-08-22 11:33:16","41.75","10.00","2024-08-22 00:00:00","2026-04-27 19:22:25"
"6669","76","2022-04-20 09:59:03","11.88","10.00","2022-04-20 00:00:00","2026-04-27 19:22:25"
"6670","300","2025-04-09 15:49:22","53.85","0.00","2025-04-09 00:00:00","2026-04-27 19:22:25"
"6671","8","2026-03-20 19:41:29","152.81","0.00","2026-03-20 00:00:00","2026-04-27 19:22:25"
"6672","197","2025-10-20 15:29:48","37.16","10.00","2025-10-20 00:00:00","2026-04-27 19:22:25"
"6673","297","2026-01-02 14:31:16","76.75","0.00","2026-01-02 00:00:00","2026-04-27 19:22:25"
"6674","139","2022-09-07 07:50:09","250.13","0.00","2022-09-07 00:00:00","2026-04-27 19:22:25"
"6675","39","2023-03-02 19:59:01","251.45","0.00","2023-03-02 00:00:00","2026-04-27 19:22:25"
"6676","135","2026-03-30 18:47:18","203.66","0.00","2026-03-30 00:00:00","2026-04-27 19:22:25"
"6677","271","2021-11-03 18:49:34","487.98","0.00","2021-11-03 00:00:00","2026-04-27 19:22:25"
"6678","40","2026-03-25 12:13:15","111.70","0.00","2026-03-25 00:00:00","2026-04-27 19:22:25"
"6679","249","2025-02-02 11:04:50","338.45","0.00","2025-02-02 00:00:00","2026-04-27 19:22:25"
"6680","195","2025-08-07 15:52:37","253.58","0.00","2025-08-07 00:00:00","2026-04-27 19:22:25"
"6681","216","2024-07-02 14:50:54","199.54","0.00","2024-07-02 00:00:00","2026-04-27 19:22:25"
"6682","113","2025-08-25 07:42:39","33.93","10.00","2025-08-25 00:00:00","2026-04-27 19:22:25"
"6683","207","2025-01-08 19:04:36","4.35","10.00","2025-01-08 00:00:00","2026-04-27 19:22:25"
"6684","275","2022-07-09 09:53:35","74.09","5.00","2022-07-09 00:00:00","2026-04-27 19:22:25"
"6685","164","2025-12-14 17:58:31","45.98","5.00","2025-12-14 00:00:00","2026-04-27 19:22:25"
"6686","129","2023-09-14 05:14:38","57.79","0.00","2023-09-14 00:00:00","2026-04-27 19:22:25"
"6687","231","2022-03-30 16:33:56","69.74","0.00","2022-03-30 00:00:00","2026-04-27 19:22:25"
"6688","88","2026-04-02 12:06:53","2.39","10.00","2026-04-02 00:00:00","2026-04-27 19:22:25"
"6689","103","2024-03-16 17:29:13","6.93","10.00","2024-03-16 00:00:00","2026-04-27 19:22:25"
"6690","285","2025-07-21 08:12:27","143.54","0.00","2025-07-21 00:00:00","2026-04-27 19:22:25"
"6691","140","2026-03-28 06:41:39","155.92","0.00","2026-03-28 00:00:00","2026-04-27 19:22:25"
"6692","260","2021-10-17 12:24:23","99.29","0.00","2021-10-17 00:00:00","2026-04-27 19:22:25"
"6693","298","2025-07-26 08:00:54","18.54","25.00","2025-07-26 00:00:00","2026-04-27 19:22:25"
"6694","139","2025-03-25 18:54:52","333.98","0.00","2025-03-25 00:00:00","2026-04-27 19:22:25"
"6695","293","2024-08-23 09:41:49","52.14","0.00","2024-08-23 00:00:00","2026-04-27 19:22:25"
"6696","286","2025-01-15 17:44:24","18.02","10.00","2025-01-15 00:00:00","2026-04-27 19:22:25"
"6697","99","2025-04-28 09:20:08","108.96","0.00","2025-04-28 00:00:00","2026-04-27 19:22:25"
"6698","107","2026-04-05 09:18:12","292.35","0.00","2026-04-05 00:00:00","2026-04-27 19:22:25"
"6699","241","2024-12-19 19:20:52","191.58","0.00","2024-12-19 00:00:00","2026-04-27 19:22:25"
"6700","265","2026-03-18 11:51:43","116.14","0.00","2026-03-18 00:00:00","2026-04-27 19:22:25"
"6701","57","2023-07-07 19:43:45","74.80","0.00","2023-07-07 00:00:00","2026-04-27 19:22:25"
"6702","206","2024-11-03 07:48:58","121.15","0.00","2024-11-03 00:00:00","2026-04-27 19:22:25"
"6703","82","2024-06-18 11:43:00","141.42","0.00","2024-06-18 00:00:00","2026-04-27 19:22:25"
"6704","240","2023-02-23 09:39:48","9.00","10.00","2023-02-23 00:00:00","2026-04-27 19:22:25"
"6705","197","2024-12-12 16:16:24","266.70","0.00","2024-12-12 00:00:00","2026-04-27 19:22:25"
"6706","58","2025-05-18 18:41:49","77.77","0.00","2025-05-18 00:00:00","2026-04-27 19:22:25"
"6707","49","2022-02-25 18:00:29","54.36","0.00","2022-02-25 00:00:00","2026-04-27 19:22:25"
"6708","153","2021-10-17 19:16:32","50.23","5.00","2021-10-17 00:00:00","2026-04-27 19:22:25"
"6709","178","2024-01-09 07:01:00","240.29","0.00","2024-01-09 00:00:00","2026-04-27 19:22:25"
"6710","201","2026-03-15 09:03:44","79.41","0.00","2026-03-15 00:00:00","2026-04-27 19:22:25"
"6711","215","2024-08-14 13:06:33","233.36","0.00","2024-08-14 00:00:00","2026-04-27 19:22:25"
"6712","45","2023-03-29 17:18:17","11.20","10.00","2023-03-29 00:00:00","2026-04-27 19:22:25"
"6713","240","2026-01-04 18:42:53","175.52","0.00","2026-01-04 00:00:00","2026-04-27 19:22:25"
"6714","114","2025-02-27 11:30:12","117.66","0.00","2025-02-27 00:00:00","2026-04-27 19:22:25"
"6715","5","2025-09-06 19:24:04","106.45","0.00","2025-09-06 00:00:00","2026-04-27 19:22:25"
"6716","216","2026-01-04 13:20:41","78.22","0.00","2026-01-04 00:00:00","2026-04-27 19:22:25"
"6717","163","2025-09-20 11:25:40","37.11","5.00","2025-09-20 00:00:00","2026-04-27 19:22:25"
"6718","61","2023-04-21 13:21:53","130.78","0.00","2023-04-21 00:00:00","2026-04-27 19:22:25"
"6719","58","2025-01-21 11:50:36","123.85","0.00","2025-01-21 00:00:00","2026-04-27 19:22:25"
"6720","47","2023-09-20 19:51:35","32.53","10.00","2023-09-20 00:00:00","2026-04-27 19:22:25"
"6721","86","2024-06-19 12:12:10","140.73","0.00","2024-06-19 00:00:00","2026-04-27 19:22:25"
"6722","220","2026-03-23 17:50:04","146.84","0.00","2026-03-23 00:00:00","2026-04-27 19:22:25"
"6723","106","2025-01-31 00:38:59","108.43","0.00","2025-01-31 00:00:00","2026-04-27 19:22:25"
"6724","117","2025-04-14 12:04:37","41.15","5.00","2025-04-14 00:00:00","2026-04-27 19:22:25"
"6725","104","2025-07-23 09:37:52","138.18","0.00","2025-07-23 00:00:00","2026-04-27 19:22:25"
"6726","224","2025-02-07 10:42:20","9.82","25.00","2025-02-07 00:00:00","2026-04-27 19:22:25"
"6727","66","2024-06-02 19:54:43","103.11","0.00","2024-06-02 00:00:00","2026-04-27 19:22:25"
"6728","258","2026-04-13 08:27:16","16.12","10.00","2026-04-13 00:00:00","2026-04-27 19:22:25"
"6729","163","2025-11-05 07:59:18","61.72","0.00","2025-11-05 00:00:00","2026-04-27 19:22:25"
"6730","7","2022-09-22 10:17:24","185.66","0.00","2022-09-22 00:00:00","2026-04-27 19:22:25"
"6731","59","2025-07-16 16:54:27","332.57","0.00","2025-07-16 00:00:00","2026-04-27 19:22:25"
"6732","29","2025-09-21 15:49:36","90.89","0.00","2025-09-21 00:00:00","2026-04-27 19:22:25"
"6733","28","2023-06-16 19:13:10","289.35","0.00","2023-06-16 00:00:00","2026-04-27 19:22:25"
"6734","184","2026-03-30 14:33:33","125.41","0.00","2026-03-30 00:00:00","2026-04-27 19:22:25"
"6735","109","2024-12-19 16:54:43","112.76","0.00","2024-12-19 00:00:00","2026-04-27 19:22:25"
"6736","245","2025-11-14 08:01:26","68.45","0.00","2025-11-14 00:00:00","2026-04-27 19:22:25"
"6737","186","2026-03-09 15:12:26","42.05","5.00","2026-03-09 00:00:00","2026-04-27 19:22:25"
"6738","124","2021-06-27 12:54:40","101.97","0.00","2021-06-27 00:00:00","2026-04-27 19:22:25"
"6739","37","2026-02-20 07:41:35","192.06","0.00","2026-02-20 00:00:00","2026-04-27 19:22:25"
"6740","169","2024-06-01 07:54:28","258.02","0.00","2024-06-01 00:00:00","2026-04-27 19:22:25"
"6741","222","2024-11-15 15:03:35","199.65","0.00","2024-11-15 00:00:00","2026-04-27 19:22:25"
"6742","279","2026-01-22 09:19:10","125.19","0.00","2026-01-22 00:00:00","2026-04-27 19:22:25"
"6743","88","2026-04-09 09:16:15","108.32","0.00","2026-04-09 00:00:00","2026-04-27 19:22:25"
"6744","167","2026-02-18 13:26:13","126.92","0.00","2026-02-18 00:00:00","2026-04-27 19:22:25"
"6745","45","2022-05-01 08:25:04","8.13","10.00","2022-05-01 00:00:00","2026-04-27 19:22:25"
"6746","10","2026-02-10 10:05:20","117.94","0.00","2026-02-10 00:00:00","2026-04-27 19:22:25"
"6747","19","2026-03-21 10:12:46","85.40","0.00","2026-03-21 00:00:00","2026-04-27 19:22:25"
"6748","143","2023-04-12 19:50:27","116.85","0.00","2023-04-12 00:00:00","2026-04-27 19:22:25"
"6749","132","2020-05-20 08:17:05","62.08","0.00","2020-05-20 00:00:00","2026-04-27 19:22:25"
"6750","125","2021-12-29 14:44:16","126.25","0.00","2021-12-29 00:00:00","2026-04-27 19:22:25"
"6751","83","2024-02-03 19:24:06","126.95","0.00","2024-02-03 00:00:00","2026-04-27 19:22:25"
"6752","9","2025-01-02 12:16:40","154.45","0.00","2025-01-02 00:00:00","2026-04-27 19:22:25"
"6753","94","2025-01-09 15:03:46","129.67","0.00","2025-01-09 00:00:00","2026-04-27 19:22:25"
"6754","32","2023-10-22 09:16:23","58.98","5.00","2023-10-22 00:00:00","2026-04-27 19:22:25"
"6755","138","2021-04-16 16:43:40","143.93","0.00","2021-04-16 00:00:00","2026-04-27 19:22:25"
"6756","63","2024-03-07 19:08:54","44.44","5.00","2024-03-07 00:00:00","2026-04-27 19:22:25"
"6757","151","2023-09-23 18:55:03","0.00","0.00","2023-09-23 00:00:00","2026-04-27 19:22:25"
"6758","257","2025-12-20 15:54:01","283.36","0.00","2025-12-20 00:00:00","2026-04-27 19:22:25"
"6759","275","2021-04-01 10:55:30","72.63","5.00","2021-04-01 00:00:00","2026-04-27 19:22:25"
"6760","1","2024-09-03 08:36:08","123.06","0.00","2024-09-03 00:00:00","2026-04-27 19:22:25"
"6761","27","2024-01-31 07:34:07","9.50","25.00","2024-01-31 00:00:00","2026-04-27 19:22:25"
"6762","273","2024-02-28 09:26:31","12.87","25.00","2024-02-28 00:00:00","2026-04-27 19:22:25"
"6763","62","2024-09-23 17:05:07","15.84","25.00","2024-09-23 00:00:00","2026-04-27 19:22:25"
"6764","280","2025-05-31 13:51:09","365.06","0.00","2025-05-31 00:00:00","2026-04-27 19:22:25"
"6765","257","2025-10-28 14:41:08","86.41","0.00","2025-10-28 00:00:00","2026-04-27 19:22:25"
"6766","134","2024-05-24 15:01:24","85.11","0.00","2024-05-24 00:00:00","2026-04-27 19:22:25"
"6767","183","2024-09-08 08:00:07","177.06","0.00","2024-09-08 00:00:00","2026-04-27 19:22:25"
"6768","46","2026-03-29 08:53:41","131.13","0.00","2026-03-29 00:00:00","2026-04-27 19:22:25"
"6769","37","2025-07-24 09:03:10","241.42","0.00","2025-07-24 00:00:00","2026-04-27 19:22:25"
"6770","265","2025-09-21 08:35:04","5.64","10.00","2025-09-21 00:00:00","2026-04-27 19:22:25"
"6771","198","2025-09-18 04:16:37","0.00","0.00","2025-09-18 00:00:00","2026-04-27 19:22:25"
"6772","204","2024-12-16 16:20:43","10.92","10.00","2024-12-16 00:00:00","2026-04-27 19:22:25"
"6773","271","2022-07-18 05:53:17","151.68","0.00","2022-07-18 00:00:00","2026-04-27 19:22:25"
"6774","299","2025-08-23 00:59:36","200.82","0.00","2025-08-23 00:00:00","2026-04-27 19:22:25"
"6775","88","2026-01-04 14:57:30","172.27","0.00","2026-01-04 00:00:00","2026-04-27 19:22:25"
"6776","144","2020-07-08 04:38:05","81.90","0.00","2020-07-08 00:00:00","2026-04-27 19:22:25"
"6777","43","2025-03-14 13:10:50","167.44","0.00","2025-03-14 00:00:00","2026-04-27 19:22:25"
"6778","149","2026-03-26 02:25:49","58.00","0.00","2026-03-26 00:00:00","2026-04-27 19:22:25"
"6779","215","2023-12-19 08:42:30","88.22","0.00","2023-12-19 00:00:00","2026-04-27 19:22:25"
"6780","222","2021-11-14 14:02:51","152.17","0.00","2021-11-14 00:00:00","2026-04-27 19:22:25"
"6781","229","2026-04-13 13:10:50","163.20","0.00","2026-04-13 00:00:00","2026-04-27 19:22:25"
"6782","255","2022-06-21 04:17:35","144.05","0.00","2022-06-21 00:00:00","2026-04-27 19:22:25"
"6783","134","2024-02-22 17:27:00","78.85","0.00","2024-02-22 00:00:00","2026-04-27 19:22:25"
"6784","291","2023-09-25 07:13:35","64.42","0.00","2023-09-25 00:00:00","2026-04-27 19:22:25"
"6785","146","2022-06-26 17:49:51","90.26","0.00","2022-06-26 00:00:00","2026-04-27 19:22:25"
"6786","156","2025-08-17 09:25:26","150.29","0.00","2025-08-17 00:00:00","2026-04-27 19:22:25"
"6787","294","2026-03-25 08:23:41","218.46","0.00","2026-03-25 00:00:00","2026-04-27 19:22:25"
"6788","185","2025-05-10 15:38:38","124.83","0.00","2025-05-10 00:00:00","2026-04-27 19:22:25"
"6789","294","2022-11-13 14:25:45","348.39","0.00","2022-11-13 00:00:00","2026-04-27 19:22:25"
"6790","147","2022-02-10 14:35:37","105.56","0.00","2022-02-10 00:00:00","2026-04-27 19:22:25"
"6791","30","2024-04-16 17:40:10","118.59","0.00","2024-04-16 00:00:00","2026-04-27 19:22:25"
"6792","297","2024-12-17 00:21:38","140.87","0.00","2024-12-17 00:00:00","2026-04-27 19:22:25"
"6793","38","2023-06-08 19:00:21","76.65","0.00","2023-06-08 00:00:00","2026-04-27 19:22:25"
"6794","237","2026-01-28 07:07:51","75.92","0.00","2026-01-28 00:00:00","2026-04-27 19:22:25"
"6795","210","2024-11-21 09:06:48","231.84","0.00","2024-11-21 00:00:00","2026-04-27 19:22:25"
"6796","50","2023-11-30 07:47:35","139.85","0.00","2023-11-30 00:00:00","2026-04-27 19:22:25"
"6797","282","2025-07-21 11:00:35","175.82","0.00","2025-07-21 00:00:00","2026-04-27 19:22:25"
"6798","171","2025-01-04 07:05:32","250.54","0.00","2025-01-04 00:00:00","2026-04-27 19:22:25"
"6799","58","2022-11-06 14:55:21","148.00","0.00","2022-11-06 00:00:00","2026-04-27 19:22:25"
"6800","26","2024-04-10 10:57:46","221.67","0.00","2024-04-10 00:00:00","2026-04-27 19:22:25"
"6801","144","2020-05-28 07:13:28","161.80","0.00","2020-05-28 00:00:00","2026-04-27 19:22:25"
"6802","203","2025-02-23 03:01:28","245.12","0.00","2025-02-23 00:00:00","2026-04-27 19:22:25"
"6803","245","2024-11-30 10:21:40","39.06","5.00","2024-11-30 00:00:00","2026-04-27 19:22:25"
"6804","18","2025-10-20 15:36:32","19.64","10.00","2025-10-20 00:00:00","2026-04-27 19:22:25"
"6805","207","2026-02-25 07:03:26","222.01","0.00","2026-02-25 00:00:00","2026-04-27 19:22:25"
"6806","204","2025-10-29 19:21:05","174.16","0.00","2025-10-29 00:00:00","2026-04-27 19:22:25"
"6807","88","2025-11-25 17:42:08","22.86","10.00","2025-11-25 00:00:00","2026-04-27 19:22:25"
"6808","292","2024-06-06 14:24:47","45.21","5.00","2024-06-06 00:00:00","2026-04-27 19:22:25"
"6809","272","2024-09-10 09:21:39","49.57","10.00","2024-09-10 00:00:00","2026-04-27 19:22:25"
"6810","215","2022-05-21 12:22:13","40.43","10.00","2022-05-21 00:00:00","2026-04-27 19:22:25"
"6811","242","2023-04-10 09:02:30","113.15","0.00","2023-04-10 00:00:00","2026-04-27 19:22:25"
"6812","119","2025-10-12 14:11:29","51.29","5.00","2025-10-12 00:00:00","2026-04-27 19:22:25"
"6813","90","2025-10-24 09:41:01","70.62","0.00","2025-10-24 00:00:00","2026-04-27 19:22:25"
"6814","8","2026-04-13 13:28:19","21.60","25.00","2026-04-13 00:00:00","2026-04-27 19:22:25"
"6815","110","2026-03-28 19:03:31","203.19","0.00","2026-03-28 00:00:00","2026-04-27 19:22:25"
"6816","102","2024-01-31 16:57:47","101.23","0.00","2024-01-31 00:00:00","2026-04-27 19:22:25"
"6817","82","2024-12-28 10:53:24","208.80","0.00","2024-12-28 00:00:00","2026-04-27 19:22:25"
"6818","102","2021-09-21 16:59:03","77.34","0.00","2021-09-21 00:00:00","2026-04-27 19:22:25"
"6819","168","2026-04-01 15:35:24","82.57","0.00","2026-04-01 00:00:00","2026-04-27 19:22:25"
"6820","297","2025-11-02 19:15:18","259.29","0.00","2025-11-02 00:00:00","2026-04-27 19:22:25"
"6821","68","2026-01-28 09:43:20","86.97","0.00","2026-01-28 00:00:00","2026-04-27 19:22:25"
"6822","37","2025-10-15 16:37:10","303.87","0.00","2025-10-15 00:00:00","2026-04-27 19:22:25"
"6823","143","2025-08-08 15:44:02","6.34","25.00","2025-08-08 00:00:00","2026-04-27 19:22:25"
"6824","149","2026-04-06 18:22:15","76.43","0.00","2026-04-06 00:00:00","2026-04-27 19:22:25"
"6825","239","2024-11-21 10:54:16","145.67","0.00","2024-11-21 00:00:00","2026-04-27 19:22:25"
"6826","150","2026-02-24 09:08:26","314.82","0.00","2026-02-24 00:00:00","2026-04-27 19:22:25"
"6827","137","2026-03-02 08:16:34","113.57","0.00","2026-03-02 00:00:00","2026-04-27 19:22:25"
"6828","128","2023-10-11 08:00:56","151.23","0.00","2023-10-11 00:00:00","2026-04-27 19:22:25"
"6829","40","2026-02-20 08:12:22","78.78","0.00","2026-02-20 00:00:00","2026-04-27 19:22:25"
"6830","3","2023-05-10 13:40:26","213.91","0.00","2023-05-10 00:00:00","2026-04-27 19:22:25"
"6831","161","2021-08-16 17:03:02","88.69","0.00","2021-08-16 00:00:00","2026-04-27 19:22:25"
"6832","272","2025-02-28 19:54:35","149.85","0.00","2025-02-28 00:00:00","2026-04-27 19:22:25"
"6833","252","2025-09-23 13:04:20","87.79","0.00","2025-09-23 00:00:00","2026-04-27 19:22:25"
"6834","76","2025-07-31 14:49:42","84.25","0.00","2025-07-31 00:00:00","2026-04-27 19:22:25"
"6835","181","2026-03-04 11:48:26","231.75","0.00","2026-03-04 00:00:00","2026-04-27 19:22:25"
"6836","255","2021-11-12 09:14:42","71.52","0.00","2021-11-12 00:00:00","2026-04-27 19:22:25"
"6837","277","2026-03-04 09:55:38","69.41","5.00","2026-03-04 00:00:00","2026-04-27 19:22:25"
"6838","202","2026-02-28 12:59:11","251.75","0.00","2026-02-28 00:00:00","2026-04-27 19:22:25"
"6839","261","2024-01-13 09:52:03","206.53","0.00","2024-01-13 00:00:00","2026-04-27 19:22:25"
"6840","155","2026-03-03 07:31:17","144.62","0.00","2026-03-03 00:00:00","2026-04-27 19:22:25"
"6841","154","2026-02-09 09:10:01","115.64","0.00","2026-02-09 00:00:00","2026-04-27 19:22:25"
"6842","98","2023-09-24 07:25:12","73.76","0.00","2023-09-24 00:00:00","2026-04-27 19:22:25"
"6843","120","2025-08-21 07:29:13","165.66","0.00","2025-08-21 00:00:00","2026-04-27 19:22:25"
"6844","94","2024-11-02 08:47:09","1.75","25.00","2024-11-02 00:00:00","2026-04-27 19:22:25"
"6845","214","2025-03-07 16:01:08","188.31","0.00","2025-03-07 00:00:00","2026-04-27 19:22:25"
"6846","207","2026-01-29 02:05:24","69.20","0.00","2026-01-29 00:00:00","2026-04-27 19:22:25"
"6847","207","2026-02-22 09:03:09","78.16","0.00","2026-02-22 00:00:00","2026-04-27 19:22:25"
"6848","129","2023-03-17 08:53:19","172.91","0.00","2023-03-17 00:00:00","2026-04-27 19:22:25"
"6849","242","2020-10-18 03:54:59","154.86","0.00","2020-10-18 00:00:00","2026-04-27 19:22:25"
"6850","62","2025-02-26 11:02:49","28.44","10.00","2025-02-26 00:00:00","2026-04-27 19:22:25"
"6851","50","2023-12-26 08:10:04","231.63","0.00","2023-12-26 00:00:00","2026-04-27 19:22:25"
"6852","68","2026-03-31 09:17:08","115.73","0.00","2026-03-31 00:00:00","2026-04-27 19:22:25"
"6853","262","2024-07-12 01:24:12","102.63","0.00","2024-07-12 00:00:00","2026-04-27 19:22:25"
"6854","282","2024-10-26 09:12:56","13.86","10.00","2024-10-26 00:00:00","2026-04-27 19:22:25"
"6855","207","2026-04-13 16:49:17","108.63","0.00","2026-04-13 00:00:00","2026-04-27 19:22:25"
"6856","139","2023-10-06 03:49:41","237.81","0.00","2023-10-06 00:00:00","2026-04-27 19:22:25"
"6857","273","2023-11-25 09:42:11","23.33","25.00","2023-11-25 00:00:00","2026-04-27 19:22:25"
"6858","176","2026-03-26 08:18:19","85.75","0.00","2026-03-26 00:00:00","2026-04-27 19:22:25"
"6859","75","2026-02-01 07:32:11","6.70","10.00","2026-02-01 00:00:00","2026-04-27 19:22:25"
"6860","274","2022-12-11 10:17:16","95.24","0.00","2022-12-11 00:00:00","2026-04-27 19:22:25"
"6861","216","2025-06-08 17:16:06","133.45","0.00","2025-06-08 00:00:00","2026-04-27 19:22:25"
"6862","240","2025-01-06 07:23:41","232.30","0.00","2025-01-06 00:00:00","2026-04-27 19:22:25"
"6863","172","2024-02-07 13:58:44","163.69","0.00","2024-02-07 00:00:00","2026-04-27 19:22:25"
"6864","294","2024-11-14 07:48:27","16.94","10.00","2024-11-14 00:00:00","2026-04-27 19:22:25"
"6865","9","2023-02-02 00:30:21","345.44","0.00","2023-02-02 00:00:00","2026-04-27 19:22:25"
"6866","217","2025-04-13 13:58:45","206.84","0.00","2025-04-13 00:00:00","2026-04-27 19:22:25"
"6867","54","2025-08-09 08:41:49","105.36","0.00","2025-08-09 00:00:00","2026-04-27 19:22:25"
"6868","34","2025-10-09 17:26:05","167.89","0.00","2025-10-09 00:00:00","2026-04-27 19:22:25"
"6869","154","2025-12-06 13:29:20","103.08","0.00","2025-12-06 00:00:00","2026-04-27 19:22:25"
"6870","29","2024-07-10 10:43:23","186.33","0.00","2024-07-10 00:00:00","2026-04-27 19:22:25"
"6871","37","2024-09-30 09:39:31","107.35","0.00","2024-09-30 00:00:00","2026-04-27 19:22:25"
"6872","88","2026-04-15 07:39:20","164.35","0.00","2026-04-15 00:00:00","2026-04-27 19:22:25"
"6873","125","2023-07-28 08:01:35","113.29","0.00","2023-07-28 00:00:00","2026-04-27 19:22:25"
"6874","129","2024-11-01 08:13:41","17.16","10.00","2024-11-01 00:00:00","2026-04-27 19:22:25"
"6875","181","2025-12-02 07:49:37","245.08","0.00","2025-12-02 00:00:00","2026-04-27 19:22:25"
"6876","135","2026-03-22 09:36:12","254.11","0.00","2026-03-22 00:00:00","2026-04-27 19:22:25"
"6877","122","2026-01-28 13:08:41","18.80","25.00","2026-01-28 00:00:00","2026-04-27 19:22:25"
"6878","105","2022-10-07 04:32:43","91.17","0.00","2022-10-07 00:00:00","2026-04-27 19:22:25"
"6879","144","2020-06-29 07:43:31","85.87","0.00","2020-06-29 00:00:00","2026-04-27 19:22:25"
"6880","84","2025-11-14 16:52:29","33.42","5.00","2025-11-14 00:00:00","2026-04-27 19:22:25"
"6881","140","2026-04-07 07:56:27","65.88","0.00","2026-04-07 00:00:00","2026-04-27 19:22:25"
"6882","184","2026-04-01 19:28:27","29.04","5.00","2026-04-01 00:00:00","2026-04-27 19:22:25"
"6883","152","2024-05-08 08:23:56","34.06","5.00","2024-05-08 00:00:00","2026-04-27 19:22:25"
"6884","279","2023-12-08 19:10:59","62.08","5.00","2023-12-08 00:00:00","2026-04-27 19:22:25"
"6885","172","2025-02-14 10:11:42","190.46","0.00","2025-02-14 00:00:00","2026-04-27 19:22:25"
"6886","155","2025-11-25 07:48:42","29.32","10.00","2025-11-25 00:00:00","2026-04-27 19:22:25"
"6887","66","2021-11-28 15:29:43","32.32","10.00","2021-11-28 00:00:00","2026-04-27 19:22:25"
"6888","268","2024-02-03 14:59:31","3.79","25.00","2024-02-03 00:00:00","2026-04-27 19:22:25"
"6889","282","2025-10-07 07:04:03","152.72","0.00","2025-10-07 00:00:00","2026-04-27 19:22:25"
"6890","139","2024-01-18 11:23:38","83.26","0.00","2024-01-18 00:00:00","2026-04-27 19:22:25"
"6891","262","2024-09-18 07:45:16","95.37","0.00","2024-09-18 00:00:00","2026-04-27 19:22:25"
"6892","42","2025-03-31 16:59:59","9.24","25.00","2025-03-31 00:00:00","2026-04-27 19:22:25"
"6893","186","2026-01-25 05:12:34","185.41","0.00","2026-01-25 00:00:00","2026-04-27 19:22:25"
"6894","2","2022-09-12 15:06:47","167.25","0.00","2022-09-12 00:00:00","2026-04-27 19:22:25"
"6895","151","2023-07-10 04:40:18","268.52","0.00","2023-07-10 00:00:00","2026-04-27 19:22:25"
"6896","234","2024-11-15 16:51:12","41.25","10.00","2024-11-15 00:00:00","2026-04-27 19:22:25"
"6897","136","2026-03-23 17:13:56","213.01","0.00","2026-03-23 00:00:00","2026-04-27 19:22:25"
"6898","21","2025-08-13 13:29:33","161.27","0.00","2025-08-13 00:00:00","2026-04-27 19:22:25"
"6899","82","2025-01-30 16:17:37","107.71","0.00","2025-01-30 00:00:00","2026-04-27 19:22:25"
"6900","257","2025-11-11 14:25:46","31.83","10.00","2025-11-11 00:00:00","2026-04-27 19:22:25"
"6901","274","2023-06-06 09:44:21","81.40","0.00","2023-06-06 00:00:00","2026-04-27 19:22:25"
"6902","44","2026-03-30 17:57:35","285.41","0.00","2026-03-30 00:00:00","2026-04-27 19:22:25"
"6903","152","2024-01-12 16:06:29","135.82","0.00","2024-01-12 00:00:00","2026-04-27 19:22:25"
"6904","19","2026-01-19 11:28:51","158.82","0.00","2026-01-19 00:00:00","2026-04-27 19:22:25"
"6905","152","2025-03-10 07:01:17","189.68","0.00","2025-03-10 00:00:00","2026-04-27 19:22:25"
"6906","165","2025-05-07 12:51:35","204.30","0.00","2025-05-07 00:00:00","2026-04-27 19:22:25"
"6907","35","2026-01-23 11:24:44","208.51","0.00","2026-01-23 00:00:00","2026-04-27 19:22:25"
"6908","18","2025-11-27 11:11:37","80.41","0.00","2025-11-27 00:00:00","2026-04-27 19:22:25"
"6909","146","2025-10-29 18:49:25","78.15","0.00","2025-10-29 00:00:00","2026-04-27 19:22:25"
"6910","99","2025-09-06 03:00:24","112.19","0.00","2025-09-06 00:00:00","2026-04-27 19:22:25"
"6911","122","2026-01-29 10:05:18","123.32","0.00","2026-01-29 00:00:00","2026-04-27 19:22:25"
"6912","42","2024-09-03 14:14:56","48.80","10.00","2024-09-03 00:00:00","2026-04-27 19:22:25"
"6913","75","2026-03-15 13:25:13","108.57","0.00","2026-03-15 00:00:00","2026-04-27 19:22:25"
"6914","297","2024-11-27 08:18:16","165.09","0.00","2024-11-27 00:00:00","2026-04-27 19:22:25"
"6915","89","2023-06-30 13:23:55","105.33","0.00","2023-06-30 00:00:00","2026-04-27 19:22:25"
"6916","187","2022-10-01 15:26:30","102.15","0.00","2022-10-01 00:00:00","2026-04-27 19:22:25"
"6917","46","2026-02-21 16:25:12","104.57","0.00","2026-02-21 00:00:00","2026-04-27 19:22:25"
"6918","251","2026-03-19 09:12:16","78.61","0.00","2026-03-19 00:00:00","2026-04-27 19:22:25"
"6919","129","2024-12-05 08:37:24","255.05","0.00","2024-12-05 00:00:00","2026-04-27 19:22:25"
"6920","257","2025-08-19 16:34:01","267.11","0.00","2025-08-19 00:00:00","2026-04-27 19:22:25"
"6921","153","2021-10-18 10:03:02","107.23","0.00","2021-10-18 00:00:00","2026-04-27 19:22:25"
"6922","127","2026-02-24 13:16:26","155.89","0.00","2026-02-24 00:00:00","2026-04-27 19:22:25"
"6923","86","2025-08-24 17:26:01","217.03","0.00","2025-08-24 00:00:00","2026-04-27 19:22:25"
"6924","196","2025-12-10 06:03:30","43.93","5.00","2025-12-10 00:00:00","2026-04-27 19:22:25"
"6925","110","2025-05-22 13:32:44","103.42","0.00","2025-05-22 00:00:00","2026-04-27 19:22:25"
"6926","51","2026-03-02 10:52:23","197.99","0.00","2026-03-02 00:00:00","2026-04-27 19:22:25"
"6927","296","2023-09-11 14:22:28","31.40","5.00","2023-09-11 00:00:00","2026-04-27 19:22:25"
"6928","119","2025-03-29 16:31:43","87.65","0.00","2025-03-29 00:00:00","2026-04-27 19:22:25"
"6929","90","2025-07-29 12:56:00","14.70","10.00","2025-07-29 00:00:00","2026-04-27 19:22:25"
"6930","208","2024-07-18 18:53:49","242.49","0.00","2024-07-18 00:00:00","2026-04-27 19:22:25"
"6931","120","2025-01-21 15:38:29","177.58","0.00","2025-01-21 00:00:00","2026-04-27 19:22:25"
"6932","196","2026-03-04 12:32:02","24.45","10.00","2026-03-04 00:00:00","2026-04-27 19:22:25"
"6933","17","2026-03-21 15:02:36","227.83","0.00","2026-03-21 00:00:00","2026-04-27 19:22:25"
"6934","149","2026-02-03 00:25:52","185.21","0.00","2026-02-03 00:00:00","2026-04-27 19:22:25"
"6935","111","2026-04-12 17:25:56","99.09","0.00","2026-04-12 00:00:00","2026-04-27 19:22:25"
"6936","233","2025-01-17 12:04:36","115.46","0.00","2025-01-17 00:00:00","2026-04-27 19:22:25"
"6937","135","2026-02-14 07:36:30","40.52","5.00","2026-02-14 00:00:00","2026-04-27 19:22:25"
"6938","69","2026-01-31 01:39:32","241.77","0.00","2026-01-31 00:00:00","2026-04-27 19:22:25"
"6939","134","2026-03-17 05:01:43","198.99","0.00","2026-03-17 00:00:00","2026-04-27 19:22:25"
"6940","61","2023-05-31 16:24:12","114.02","0.00","2023-05-31 00:00:00","2026-04-27 19:22:25"
"6941","36","2023-09-08 09:24:50","79.56","0.00","2023-09-08 00:00:00","2026-04-27 19:22:25"
"6942","4","2024-02-29 07:53:10","287.28","0.00","2024-02-29 00:00:00","2026-04-27 19:22:25"
"6943","45","2023-04-30 15:55:06","238.07","0.00","2023-04-30 00:00:00","2026-04-27 19:22:25"
"6944","99","2026-03-29 08:14:23","246.42","0.00","2026-03-29 00:00:00","2026-04-27 19:22:25"
"6945","238","2020-12-07 19:53:45","84.18","0.00","2020-12-07 00:00:00","2026-04-27 19:22:25"
"6946","145","2024-07-24 13:22:50","86.12","0.00","2024-07-24 00:00:00","2026-04-27 19:22:25"
"6947","111","2024-01-03 17:26:05","182.73","0.00","2024-01-03 00:00:00","2026-04-27 19:22:25"
"6948","273","2024-04-01 11:40:48","58.92","5.00","2024-04-01 00:00:00","2026-04-27 19:22:25"
"6949","163","2026-02-03 09:50:07","179.83","0.00","2026-02-03 00:00:00","2026-04-27 19:22:25"
"6950","162","2022-02-19 12:58:03","29.24","10.00","2022-02-19 00:00:00","2026-04-27 19:22:25"
"6951","210","2025-03-25 16:05:34","62.61","5.00","2025-03-25 00:00:00","2026-04-27 19:22:25"
"6952","12","2025-07-12 12:25:24","111.26","0.00","2025-07-12 00:00:00","2026-04-27 19:22:25"
"6953","294","2026-01-22 07:29:06","106.45","0.00","2026-01-22 00:00:00","2026-04-27 19:22:25"
"6954","133","2022-05-11 10:13:48","28.24","10.00","2022-05-11 00:00:00","2026-04-27 19:22:25"
"6955","27","2022-03-02 16:50:22","186.57","0.00","2022-03-02 00:00:00","2026-04-27 19:22:25"
"6956","19","2025-08-13 15:40:48","175.21","0.00","2025-08-13 00:00:00","2026-04-27 19:22:25"
"6957","150","2026-04-13 15:53:43","235.12","0.00","2026-04-13 00:00:00","2026-04-27 19:22:25"
"6958","197","2024-11-16 09:23:35","5.27","25.00","2024-11-16 00:00:00","2026-04-27 19:22:25"
"6959","285","2025-02-15 07:03:27","33.68","5.00","2025-02-15 00:00:00","2026-04-27 19:22:25"
"6960","8","2026-02-14 10:09:30","172.67","0.00","2026-02-14 00:00:00","2026-04-27 19:22:25"
"6961","64","2025-08-06 19:19:52","96.14","0.00","2025-08-06 00:00:00","2026-04-27 19:22:25"
"6962","113","2026-03-16 13:44:32","245.55","0.00","2026-03-16 00:00:00","2026-04-27 19:22:25"
"6963","283","2021-04-30 16:47:02","271.86","0.00","2021-04-30 00:00:00","2026-04-27 19:22:25"
"6964","50","2024-11-18 09:18:01","134.10","0.00","2024-11-18 00:00:00","2026-04-27 19:22:25"
"6965","154","2026-04-03 18:47:19","161.07","0.00","2026-04-03 00:00:00","2026-04-27 19:22:25"
"6966","187","2022-10-05 13:59:52","127.34","0.00","2022-10-05 00:00:00","2026-04-27 19:22:25"
"6967","157","2021-11-01 13:22:57","46.95","5.00","2021-11-01 00:00:00","2026-04-27 19:22:25"
"6968","157","2021-05-20 07:14:56","0.00","0.00","2021-05-20 00:00:00","2026-04-27 19:22:25"
"6969","227","2026-03-31 00:06:33","160.00","0.00","2026-03-31 00:00:00","2026-04-27 19:22:25"
"6970","200","2026-01-30 13:37:01","12.48","25.00","2026-01-30 00:00:00","2026-04-27 19:22:25"
"6971","60","2025-11-03 11:49:47","14.40","10.00","2025-11-03 00:00:00","2026-04-27 19:22:25"
"6972","169","2026-02-26 12:27:38","66.60","5.00","2026-02-26 00:00:00","2026-04-27 19:22:25"
"6973","141","2026-01-22 09:23:40","100.10","0.00","2026-01-22 00:00:00","2026-04-27 19:22:25"
"6974","241","2025-05-26 18:41:56","133.47","0.00","2025-05-26 00:00:00","2026-04-27 19:22:25"
"6975","251","2026-04-10 07:18:59","246.59","0.00","2026-04-10 00:00:00","2026-04-27 19:22:25"
"6976","87","2026-03-15 11:43:09","22.35","10.00","2026-03-15 00:00:00","2026-04-27 19:22:25"
"6977","109","2022-11-13 14:41:57","129.67","0.00","2022-11-13 00:00:00","2026-04-27 19:22:25"
"6978","222","2024-07-19 08:05:08","22.26","10.00","2024-07-19 00:00:00","2026-04-27 19:22:25"
"6979","81","2024-09-05 15:23:25","72.58","0.00","2024-09-05 00:00:00","2026-04-27 19:22:25"
"6980","270","2023-11-11 07:19:52","39.87","5.00","2023-11-11 00:00:00","2026-04-27 19:22:25"
"6981","179","2023-08-15 13:42:23","268.37","0.00","2023-08-15 00:00:00","2026-04-27 19:22:25"
"6982","228","2025-12-02 07:04:04","172.18","0.00","2025-12-02 00:00:00","2026-04-27 19:22:25"
"6983","49","2024-06-30 16:45:47","0.00","0.00","2024-06-30 00:00:00","2026-04-27 19:22:25"
"6984","219","2021-04-28 07:24:59","68.32","5.00","2021-04-28 00:00:00","2026-04-27 19:22:25"
"6985","262","2023-12-24 09:01:10","15.42","10.00","2023-12-24 00:00:00","2026-04-27 19:22:25"
"6986","76","2026-01-04 08:20:47","173.19","0.00","2026-01-04 00:00:00","2026-04-27 19:22:25"
"6987","156","2025-05-06 08:04:20","187.66","0.00","2025-05-06 00:00:00","2026-04-27 19:22:25"
"6988","134","2026-04-09 12:51:36","79.05","0.00","2026-04-09 00:00:00","2026-04-27 19:22:25"
"6989","172","2024-10-08 12:00:16","71.34","0.00","2024-10-08 00:00:00","2026-04-27 19:22:25"
"6990","280","2025-02-12 10:57:44","134.92","0.00","2025-02-12 00:00:00","2026-04-27 19:22:25"
"6991","217","2023-01-09 00:37:54","37.20","5.00","2023-01-09 00:00:00","2026-04-27 19:22:25"
"6992","46","2026-03-14 08:12:37","236.26","0.00","2026-03-14 00:00:00","2026-04-27 19:22:25"
"6993","261","2024-01-17 16:52:18","58.64","0.00","2024-01-17 00:00:00","2026-04-27 19:22:25"
"6994","102","2021-01-29 08:55:50","47.49","10.00","2021-01-29 00:00:00","2026-04-27 19:22:25"
"6995","110","2025-12-01 16:04:21","172.63","0.00","2025-12-01 00:00:00","2026-04-27 19:22:25"
"6996","241","2025-08-21 16:45:46","79.25","0.00","2025-08-21 00:00:00","2026-04-27 19:22:25"
"6997","122","2025-11-02 14:36:40","47.23","10.00","2025-11-02 00:00:00","2026-04-27 19:22:25"
"6998","59","2021-01-18 18:27:46","62.42","5.00","2021-01-18 00:00:00","2026-04-27 19:22:25"
"6999","123","2022-04-07 11:28:45","72.61","5.00","2022-04-07 00:00:00","2026-04-27 19:22:25"
"7000","107","2024-10-21 17:41:07","116.05","0.00","2024-10-21 00:00:00","2026-04-27 19:22:25"
"7001","43","2021-06-21 11:17:58","161.13","0.00","2021-06-21 00:00:00","2026-04-27 19:22:25"
"7002","230","2024-05-15 11:45:16","64.07","0.00","2024-05-15 00:00:00","2026-04-27 19:22:25"
"7003","288","2026-01-09 16:59:00","9.19","10.00","2026-01-09 00:00:00","2026-04-27 19:22:25"
"7004","130","2025-10-27 11:32:18","257.92","0.00","2025-10-27 00:00:00","2026-04-27 19:22:25"
"7005","21","2024-08-10 03:44:16","47.90","10.00","2024-08-10 00:00:00","2026-04-27 19:22:25"
"7006","101","2022-05-23 18:55:01","102.69","0.00","2022-05-23 00:00:00","2026-04-27 19:22:25"
"7007","37","2025-06-15 15:46:14","313.04","0.00","2025-06-15 00:00:00","2026-04-27 19:22:25"
"7008","175","2025-05-12 07:07:12","59.46","5.00","2025-05-12 00:00:00","2026-04-27 19:22:25"
"7009","261","2025-01-23 08:01:52","24.48","10.00","2025-01-23 00:00:00","2026-04-27 19:22:25"
"7010","21","2024-10-10 10:14:05","228.35","0.00","2024-10-10 00:00:00","2026-04-27 19:22:25"
"7011","9","2022-10-28 08:38:25","35.48","5.00","2022-10-28 00:00:00","2026-04-27 19:22:25"
"7012","147","2021-10-16 15:23:11","293.80","0.00","2021-10-16 00:00:00","2026-04-27 19:22:25"
"7013","60","2025-11-19 08:00:01","93.10","0.00","2025-11-19 00:00:00","2026-04-27 19:22:25"
"7014","282","2024-12-13 15:15:41","143.93","0.00","2024-12-13 00:00:00","2026-04-27 19:22:25"
"7015","218","2022-10-09 08:10:59","221.37","0.00","2022-10-09 00:00:00","2026-04-27 19:22:25"
"7016","239","2025-10-21 11:16:03","74.49","0.00","2025-10-21 00:00:00","2026-04-27 19:22:25"
"7017","80","2024-01-01 11:21:20","5.25","25.00","2024-01-01 00:00:00","2026-04-27 19:22:25"
"7018","298","2024-04-04 09:35:34","142.46","0.00","2024-04-04 00:00:00","2026-04-27 19:22:25"
"7019","164","2023-02-26 17:27:01","50.45","0.00","2023-02-26 00:00:00","2026-04-27 19:22:25"
"7020","37","2024-04-17 08:52:07","247.45","0.00","2024-04-17 00:00:00","2026-04-27 19:22:25"
"7021","279","2025-08-22 16:09:52","7.32","25.00","2025-08-22 00:00:00","2026-04-27 19:22:25"
"7022","254","2025-04-10 08:12:22","114.07","0.00","2025-04-10 00:00:00","2026-04-27 19:22:25"
"7023","116","2025-08-25 12:25:22","33.05","10.00","2025-08-25 00:00:00","2026-04-27 19:22:25"
"7024","263","2020-01-24 18:32:08","289.58","0.00","2020-01-24 00:00:00","2026-04-27 19:22:25"
"7025","188","2025-12-27 17:43:21","8.48","10.00","2025-12-27 00:00:00","2026-04-27 19:22:25"
"7026","298","2024-07-07 17:08:26","19.92","25.00","2024-07-07 00:00:00","2026-04-27 19:22:25"
"7027","71","2025-05-05 07:13:45","45.46","10.00","2025-05-05 00:00:00","2026-04-27 19:22:25"
"7028","15","2022-09-17 10:59:51","95.96","0.00","2022-09-17 00:00:00","2026-04-27 19:22:25"
"7029","29","2025-06-01 11:37:42","100.12","0.00","2025-06-01 00:00:00","2026-04-27 19:22:25"
"7030","268","2025-05-08 08:36:31","106.40","0.00","2025-05-08 00:00:00","2026-04-27 19:22:25"
"7031","235","2025-12-25 09:23:44","44.55","5.00","2025-12-25 00:00:00","2026-04-27 19:22:25"
"7032","291","2025-08-31 15:09:03","31.65","5.00","2025-08-31 00:00:00","2026-04-27 19:22:25"
"7033","154","2024-08-09 09:23:08","106.20","0.00","2024-08-09 00:00:00","2026-04-27 19:22:25"
"7034","34","2026-03-28 12:39:33","409.78","0.00","2026-03-28 00:00:00","2026-04-27 19:22:25"
"7035","3","2025-05-04 08:10:28","54.39","5.00","2025-05-04 00:00:00","2026-04-27 19:22:25"
"7036","201","2026-02-18 00:44:20","197.00","0.00","2026-02-18 00:00:00","2026-04-27 19:22:25"
"7037","281","2024-07-22 15:58:24","64.65","0.00","2024-07-22 00:00:00","2026-04-27 19:22:25"
"7038","247","2022-08-19 11:22:31","39.70","5.00","2022-08-19 00:00:00","2026-04-27 19:22:25"
"7039","5","2025-05-09 10:48:45","6.54","25.00","2025-05-09 00:00:00","2026-04-27 19:22:25"
"7040","229","2026-04-06 17:30:18","167.39","0.00","2026-04-06 00:00:00","2026-04-27 19:22:25"
"7041","287","2022-12-28 07:56:05","81.66","0.00","2022-12-28 00:00:00","2026-04-27 19:22:25"
"7042","2","2024-01-22 07:59:05","304.68","0.00","2024-01-22 00:00:00","2026-04-27 19:22:25"
"7043","128","2023-08-14 11:13:43","163.22","0.00","2023-08-14 00:00:00","2026-04-27 19:22:25"
"7044","67","2024-12-20 09:13:50","80.94","0.00","2024-12-20 00:00:00","2026-04-27 19:22:25"
"7045","273","2025-06-21 13:57:48","171.91","0.00","2025-06-21 00:00:00","2026-04-27 19:22:25"
"7046","164","2022-11-21 12:44:00","72.13","0.00","2022-11-21 00:00:00","2026-04-27 19:22:25"
"7047","5","2025-06-02 09:10:28","55.82","5.00","2025-06-02 00:00:00","2026-04-27 19:22:25"
"7048","229","2026-04-07 00:15:14","55.74","0.00","2026-04-07 00:00:00","2026-04-27 19:22:25"
"7049","38","2023-02-06 14:57:25","83.70","0.00","2023-02-06 00:00:00","2026-04-27 19:22:25"
"7050","139","2025-10-09 11:40:02","74.86","0.00","2025-10-09 00:00:00","2026-04-27 19:22:25"
"7051","209","2024-12-26 18:47:19","76.78","0.00","2024-12-26 00:00:00","2026-04-27 19:22:25"
"7052","129","2024-01-24 13:50:11","56.41","0.00","2024-01-24 00:00:00","2026-04-27 19:22:25"
"7053","90","2025-05-04 18:43:07","172.64","0.00","2025-05-04 00:00:00","2026-04-27 19:22:25"
"7054","112","2022-04-24 19:20:50","168.70","0.00","2022-04-24 00:00:00","2026-04-27 19:22:25"
"7055","183","2022-12-04 14:31:20","58.94","0.00","2022-12-04 00:00:00","2026-04-27 19:22:25"
"7056","223","2024-07-08 18:51:37","236.02","0.00","2024-07-08 00:00:00","2026-04-27 19:22:25"
"7057","273","2024-08-11 19:15:19","12.55","25.00","2024-08-11 00:00:00","2026-04-27 19:22:25"
"7058","81","2020-02-15 09:24:30","62.64","0.00","2020-02-15 00:00:00","2026-04-27 19:22:25"
"7059","80","2024-07-26 19:46:05","26.30","10.00","2024-07-26 00:00:00","2026-04-27 19:22:25"
"7060","271","2022-04-20 13:15:17","108.86","0.00","2022-04-20 00:00:00","2026-04-27 19:22:25"
"7061","230","2024-08-04 08:47:49","286.88","0.00","2024-08-04 00:00:00","2026-04-27 19:22:25"
"7062","244","2024-09-29 08:52:00","77.12","0.00","2024-09-29 00:00:00","2026-04-27 19:22:25"
"7063","162","2023-06-24 10:59:49","65.06","5.00","2023-06-24 00:00:00","2026-04-27 19:22:25"
"7064","81","2024-05-25 11:30:58","228.98","0.00","2024-05-25 00:00:00","2026-04-27 19:22:25"
"7065","126","2023-11-01 10:02:05","83.11","0.00","2023-11-01 00:00:00","2026-04-27 19:22:25"
"7066","175","2023-06-26 13:53:18","1.78","25.00","2023-06-26 00:00:00","2026-04-27 19:22:25"
"7067","271","2022-04-16 07:40:09","17.38","10.00","2022-04-16 00:00:00","2026-04-27 19:22:25"
"7068","169","2024-06-03 09:45:23","83.28","0.00","2024-06-03 00:00:00","2026-04-27 19:22:25"
"7069","257","2025-09-19 09:58:09","220.29","0.00","2025-09-19 00:00:00","2026-04-27 19:22:25"
"7070","83","2024-08-21 06:08:44","82.83","0.00","2024-08-21 00:00:00","2026-04-27 19:22:25"
"7071","156","2025-03-08 13:37:13","46.29","5.00","2025-03-08 00:00:00","2026-04-27 19:22:25"
"7072","18","2022-11-15 13:04:22","150.45","0.00","2022-11-15 00:00:00","2026-04-27 19:22:25"
"7073","39","2023-03-02 00:10:49","447.53","0.00","2023-03-02 00:00:00","2026-04-27 19:22:25"
"7074","193","2024-08-17 13:15:06","113.48","0.00","2024-08-17 00:00:00","2026-04-27 19:22:25"
"7075","292","2026-01-26 07:48:13","210.22","0.00","2026-01-26 00:00:00","2026-04-27 19:22:25"
"7076","128","2023-10-03 01:17:54","104.88","0.00","2023-10-03 00:00:00","2026-04-27 19:22:25"
"7077","6","2025-08-28 08:39:18","52.72","0.00","2025-08-28 00:00:00","2026-04-27 19:22:25"
"7078","118","2023-08-24 18:44:03","232.63","0.00","2023-08-24 00:00:00","2026-04-27 19:22:25"
"7079","119","2024-12-31 12:54:49","96.07","0.00","2024-12-31 00:00:00","2026-04-27 19:22:25"
"7080","268","2024-06-20 14:16:54","114.06","0.00","2024-06-20 00:00:00","2026-04-27 19:22:25"
"7081","55","2025-11-24 09:55:16","106.61","0.00","2025-11-24 00:00:00","2026-04-27 19:22:25"
"7082","296","2026-01-28 07:11:27","121.98","0.00","2026-01-28 00:00:00","2026-04-27 19:22:25"
"7083","30","2023-01-07 09:09:05","37.42","10.00","2023-01-07 00:00:00","2026-04-27 19:22:25"
"7084","185","2024-10-01 09:45:10","103.77","0.00","2024-10-01 00:00:00","2026-04-27 19:22:25"
"7085","47","2023-09-21 13:53:30","4.22","25.00","2023-09-21 00:00:00","2026-04-27 19:22:25"
"7086","283","2020-09-20 04:41:30","105.07","0.00","2020-09-20 00:00:00","2026-04-27 19:22:25"
"7087","166","2025-06-28 16:07:31","23.80","10.00","2025-06-28 00:00:00","2026-04-27 19:22:25"
"7088","90","2025-11-25 18:35:17","244.53","0.00","2025-11-25 00:00:00","2026-04-27 19:22:25"
"7089","157","2021-01-08 09:44:40","145.53","0.00","2021-01-08 00:00:00","2026-04-27 19:22:25"
"7090","56","2023-07-15 17:12:48","157.51","0.00","2023-07-15 00:00:00","2026-04-27 19:22:25"
"7091","224","2025-11-17 18:53:53","183.44","0.00","2025-11-17 00:00:00","2026-04-27 19:22:25"
"7092","247","2025-04-17 09:49:22","98.73","0.00","2025-04-17 00:00:00","2026-04-27 19:22:25"
"7093","47","2023-09-30 18:10:16","329.97","0.00","2023-09-30 00:00:00","2026-04-27 19:22:25"
"7094","92","2025-09-10 07:30:32","92.69","0.00","2025-09-10 00:00:00","2026-04-27 19:22:25"
"7095","65","2025-09-16 15:49:38","182.45","0.00","2025-09-16 00:00:00","2026-04-27 19:22:25"
"7096","202","2026-01-28 08:38:12","148.68","0.00","2026-01-28 00:00:00","2026-04-27 19:22:25"
"7097","64","2025-08-13 10:52:10","42.66","5.00","2025-08-13 00:00:00","2026-04-27 19:22:25"
"7098","232","2025-10-14 19:43:51","83.40","0.00","2025-10-14 00:00:00","2026-04-27 19:22:25"
"7099","231","2024-08-19 11:21:16","162.93","0.00","2024-08-19 00:00:00","2026-04-27 19:22:25"
"7100","123","2023-11-17 18:05:00","169.27","0.00","2023-11-17 00:00:00","2026-04-27 19:22:25"
"7101","190","2026-01-25 00:52:01","162.88","0.00","2026-01-25 00:00:00","2026-04-27 19:22:25"
"7102","16","2026-04-15 15:22:06","230.67","0.00","2026-04-15 00:00:00","2026-04-27 19:22:25"
"7103","4","2022-09-11 17:18:26","143.72","0.00","2022-09-11 00:00:00","2026-04-27 19:22:25"
"7104","139","2026-02-14 19:47:15","140.90","0.00","2026-02-14 00:00:00","2026-04-27 19:22:25"
"7105","149","2026-03-18 05:05:09","271.10","0.00","2026-03-18 00:00:00","2026-04-27 19:22:25"
"7106","50","2024-05-10 11:17:56","16.95","10.00","2024-05-10 00:00:00","2026-04-27 19:22:25"
"7107","166","2023-08-29 08:39:00","237.53","0.00","2023-08-29 00:00:00","2026-04-27 19:22:25"
"7108","256","2025-10-06 12:03:33","216.47","0.00","2025-10-06 00:00:00","2026-04-27 19:22:25"
"7109","189","2025-01-26 08:13:31","188.48","0.00","2025-01-26 00:00:00","2026-04-27 19:22:25"
"7110","256","2024-12-02 01:06:51","177.89","0.00","2024-12-02 00:00:00","2026-04-27 19:22:25"
"7111","170","2026-03-15 15:40:42","60.14","0.00","2026-03-15 00:00:00","2026-04-27 19:22:25"
"7112","278","2025-12-24 14:45:24","85.02","0.00","2025-12-24 00:00:00","2026-04-27 19:22:25"
"7113","29","2025-12-08 08:04:43","139.68","0.00","2025-12-08 00:00:00","2026-04-27 19:22:25"
"7114","222","2024-02-25 18:02:40","227.13","0.00","2024-02-25 00:00:00","2026-04-27 19:22:25"
"7115","157","2022-02-21 12:24:20","40.29","5.00","2022-02-21 00:00:00","2026-04-27 19:22:25"
"7116","164","2024-11-06 14:49:43","98.48","0.00","2024-11-06 00:00:00","2026-04-27 19:22:25"
"7117","159","2024-05-10 14:02:47","6.02","10.00","2024-05-10 00:00:00","2026-04-27 19:22:25"
"7118","211","2024-09-09 07:45:02","109.26","0.00","2024-09-09 00:00:00","2026-04-27 19:22:25"
"7119","24","2022-10-04 09:12:36","222.67","0.00","2022-10-04 00:00:00","2026-04-27 19:22:25"
"7120","38","2024-10-14 12:09:54","10.12","10.00","2024-10-14 00:00:00","2026-04-27 19:22:25"
"7121","160","2025-06-27 18:47:28","102.92","0.00","2025-06-27 00:00:00","2026-04-27 19:22:25"
"7122","179","2024-04-14 16:59:09","41.85","5.00","2024-04-14 00:00:00","2026-04-27 19:22:25"
"7123","115","2024-05-10 07:12:47","78.03","0.00","2024-05-10 00:00:00","2026-04-27 19:22:25"
"7124","189","2025-03-23 13:34:56","51.96","5.00","2025-03-23 00:00:00","2026-04-27 19:22:25"
"7125","20","2021-11-17 05:56:28","220.19","0.00","2021-11-17 00:00:00","2026-04-27 19:22:25"
"7126","209","2026-01-19 14:43:06","244.34","0.00","2026-01-19 00:00:00","2026-04-27 19:22:25"
"7127","27","2021-01-30 14:16:57","10.41","25.00","2021-01-30 00:00:00","2026-04-27 19:22:25"
"7128","281","2025-08-30 05:03:59","123.97","0.00","2025-08-30 00:00:00","2026-04-27 19:22:25"
"7129","181","2023-05-22 09:21:33","45.23","5.00","2023-05-22 00:00:00","2026-04-27 19:22:25"
"7130","61","2025-11-04 08:01:52","112.24","0.00","2025-11-04 00:00:00","2026-04-27 19:22:25"
"7131","92","2025-03-11 19:47:08","29.24","10.00","2025-03-11 00:00:00","2026-04-27 19:22:25"
"7132","35","2025-12-05 12:15:32","25.65","10.00","2025-12-05 00:00:00","2026-04-27 19:22:25"
"7133","250","2021-10-27 09:24:45","156.82","0.00","2021-10-27 00:00:00","2026-04-27 19:22:25"
"7134","125","2022-01-10 14:43:11","8.11","10.00","2022-01-10 00:00:00","2026-04-27 19:22:25"
"7135","7","2023-04-21 07:52:09","84.88","0.00","2023-04-21 00:00:00","2026-04-27 19:22:25"
"7136","93","2024-02-08 13:20:34","44.41","5.00","2024-02-08 00:00:00","2026-04-27 19:22:25"
"7137","110","2025-07-03 09:09:02","9.57","10.00","2025-07-03 00:00:00","2026-04-27 19:22:25"
"7138","5","2025-08-05 07:58:00","134.11","0.00","2025-08-05 00:00:00","2026-04-27 19:22:25"
"7139","81","2021-01-18 14:00:42","396.64","0.00","2021-01-18 00:00:00","2026-04-27 19:22:25"
"7140","83","2024-08-15 11:29:56","34.14","5.00","2024-08-15 00:00:00","2026-04-27 19:22:25"
"7141","72","2025-02-14 13:08:36","254.86","0.00","2025-02-14 00:00:00","2026-04-27 19:22:25"
"7142","224","2026-01-04 11:45:30","0.00","0.00","2026-01-04 00:00:00","2026-04-27 19:22:25"
"7143","290","2022-05-05 18:33:09","196.82","0.00","2022-05-05 00:00:00","2026-04-27 19:22:25"
"7144","271","2022-05-29 19:39:20","66.75","0.00","2022-05-29 00:00:00","2026-04-27 19:22:25"
"7145","280","2025-11-07 09:16:55","162.05","0.00","2025-11-07 00:00:00","2026-04-27 19:22:25"
"7146","165","2024-11-21 08:52:09","21.20","10.00","2024-11-21 00:00:00","2026-04-27 19:22:25"
"7147","38","2025-06-28 14:35:38","9.80","10.00","2025-06-28 00:00:00","2026-04-27 19:22:25"
"7148","231","2024-01-09 14:56:17","182.01","0.00","2024-01-09 00:00:00","2026-04-27 19:22:25"
"7149","199","2025-06-09 08:12:52","108.73","0.00","2025-06-09 00:00:00","2026-04-27 19:22:25"
"7150","35","2024-04-10 03:31:17","62.87","5.00","2024-04-10 00:00:00","2026-04-27 19:22:25"
"7151","3","2023-11-17 07:43:44","0.00","0.00","2023-11-17 00:00:00","2026-04-27 19:22:25"
"7152","55","2022-06-15 12:58:58","244.79","0.00","2022-06-15 00:00:00","2026-04-27 19:22:25"
"7153","42","2025-12-15 04:22:00","289.29","0.00","2025-12-15 00:00:00","2026-04-27 19:22:25"
"7154","300","2024-04-27 09:06:25","28.95","5.00","2024-04-27 00:00:00","2026-04-27 19:22:25"
"7155","188","2025-11-27 09:45:58","193.17","0.00","2025-11-27 00:00:00","2026-04-27 19:22:25"
"7156","239","2024-05-17 19:56:54","150.93","0.00","2024-05-17 00:00:00","2026-04-27 19:22:25"
"7157","29","2025-07-15 09:48:47","43.70","5.00","2025-07-15 00:00:00","2026-04-27 19:22:25"
"7158","47","2023-09-21 10:57:30","195.10","0.00","2023-09-21 00:00:00","2026-04-27 19:22:25"
"7159","86","2025-01-08 04:38:04","18.80","25.00","2025-01-08 00:00:00","2026-04-27 19:22:25"
"7160","34","2025-03-07 11:19:09","38.20","5.00","2025-03-07 00:00:00","2026-04-27 19:22:25"
"7161","93","2025-02-17 07:11:33","121.60","0.00","2025-02-17 00:00:00","2026-04-27 19:22:25"
"7162","268","2025-04-06 12:49:19","115.81","0.00","2025-04-06 00:00:00","2026-04-27 19:22:25"
"7163","81","2024-06-09 16:50:16","123.57","0.00","2024-06-09 00:00:00","2026-04-27 19:22:25"
"7164","208","2022-12-12 08:35:14","276.16","0.00","2022-12-12 00:00:00","2026-04-27 19:22:25"
"7165","232","2025-07-24 14:45:35","112.90","0.00","2025-07-24 00:00:00","2026-04-27 19:22:25"
"7166","133","2023-12-03 07:10:54","149.23","0.00","2023-12-03 00:00:00","2026-04-27 19:22:25"
"7167","57","2025-10-10 07:31:31","351.34","0.00","2025-10-10 00:00:00","2026-04-27 19:22:25"
"7168","177","2024-10-10 19:26:19","90.56","0.00","2024-10-10 00:00:00","2026-04-27 19:22:25"
"7169","272","2025-09-14 15:47:20","252.83","0.00","2025-09-14 00:00:00","2026-04-27 19:22:25"
"7170","295","2025-12-21 17:41:13","228.55","0.00","2025-12-21 00:00:00","2026-04-27 19:22:25"
"7171","168","2026-01-25 14:22:22","103.32","0.00","2026-01-25 00:00:00","2026-04-27 19:22:25"
"7172","211","2024-09-24 08:27:24","236.07","0.00","2024-09-24 00:00:00","2026-04-27 19:22:25"
"7173","137","2026-01-19 07:25:51","122.39","0.00","2026-01-19 00:00:00","2026-04-27 19:22:25"
"7174","267","2024-01-14 16:59:03","14.88","10.00","2024-01-14 00:00:00","2026-04-27 19:22:25"
"7175","140","2026-03-31 13:52:17","36.46","5.00","2026-03-31 00:00:00","2026-04-27 19:22:25"
"7176","171","2023-05-19 08:54:33","312.65","0.00","2023-05-19 00:00:00","2026-04-27 19:22:25"
"7177","181","2022-09-26 16:09:48","62.38","0.00","2022-09-26 00:00:00","2026-04-27 19:22:25"
"7178","54","2024-11-15 12:47:06","126.52","0.00","2024-11-15 00:00:00","2026-04-27 19:22:25"
"7179","106","2023-02-04 15:05:54","5.85","25.00","2023-02-04 00:00:00","2026-04-27 19:22:25"
"7180","52","2025-11-16 15:05:42","282.65","0.00","2025-11-16 00:00:00","2026-04-27 19:22:25"
"7181","269","2024-03-16 13:45:48","118.15","0.00","2024-03-16 00:00:00","2026-04-27 19:22:25"
"7182","214","2025-11-23 08:25:38","121.12","0.00","2025-11-23 00:00:00","2026-04-27 19:22:25"
"7183","244","2026-03-08 07:54:41","107.34","0.00","2026-03-08 00:00:00","2026-04-27 19:22:25"
"7184","273","2025-03-27 08:44:20","374.97","0.00","2025-03-27 00:00:00","2026-04-27 19:22:25"
"7185","78","2026-02-06 11:38:37","2.01","10.00","2026-02-06 00:00:00","2026-04-27 19:22:25"
"7186","252","2025-08-29 10:45:36","202.73","0.00","2025-08-29 00:00:00","2026-04-27 19:22:25"
"7187","291","2024-08-06 03:20:23","105.80","0.00","2024-08-06 00:00:00","2026-04-27 19:22:25"
"7188","163","2026-02-28 08:48:59","77.79","0.00","2026-02-28 00:00:00","2026-04-27 19:22:25"
"7189","184","2026-04-02 16:41:30","127.48","0.00","2026-04-02 00:00:00","2026-04-27 19:22:25"
"7190","46","2026-03-04 18:38:48","110.66","0.00","2026-03-04 00:00:00","2026-04-27 19:22:25"
"7191","292","2023-12-03 19:42:33","19.66","10.00","2023-12-03 00:00:00","2026-04-27 19:22:25"
"7192","178","2024-11-02 08:54:39","76.46","0.00","2024-11-02 00:00:00","2026-04-27 19:22:25"
"7193","25","2025-09-27 19:11:56","149.14","0.00","2025-09-27 00:00:00","2026-04-27 19:22:25"
"7194","142","2024-02-20 10:46:39","60.87","0.00","2024-02-20 00:00:00","2026-04-27 19:22:25"
"7195","169","2023-06-03 05:18:02","6.54","25.00","2023-06-03 00:00:00","2026-04-27 19:22:25"
"7196","177","2025-09-20 11:58:26","63.47","0.00","2025-09-20 00:00:00","2026-04-27 19:22:25"
"7197","92","2025-03-03 11:02:37","198.69","0.00","2025-03-03 00:00:00","2026-04-27 19:22:25"
"7198","144","2020-07-04 08:26:31","108.61","0.00","2020-07-04 00:00:00","2026-04-27 19:22:25"
"7199","69","2024-10-09 19:01:10","100.38","0.00","2024-10-09 00:00:00","2026-04-27 19:22:25"
"7200","296","2025-08-18 09:46:10","167.37","0.00","2025-08-18 00:00:00","2026-04-27 19:22:25"
"7201","43","2024-06-30 12:38:25","72.56","5.00","2024-06-30 00:00:00","2026-04-27 19:22:25"
"7202","199","2025-04-06 18:31:05","258.76","0.00","2025-04-06 00:00:00","2026-04-27 19:22:25"
"7203","149","2026-03-10 08:47:27","91.20","0.00","2026-03-10 00:00:00","2026-04-27 19:22:25"
"7204","239","2023-08-23 09:38:02","5.54","10.00","2023-08-23 00:00:00","2026-04-27 19:22:25"
"7205","239","2023-01-14 14:21:26","117.40","0.00","2023-01-14 00:00:00","2026-04-27 19:22:25"
"7206","34","2026-01-21 10:13:50","173.87","0.00","2026-01-21 00:00:00","2026-04-27 19:22:25"
"7207","91","2025-06-10 10:38:07","189.37","0.00","2025-06-10 00:00:00","2026-04-27 19:22:25"
"7208","162","2023-06-13 06:32:01","71.28","5.00","2023-06-13 00:00:00","2026-04-27 19:22:25"
"7209","86","2025-01-15 13:11:59","115.38","0.00","2025-01-15 00:00:00","2026-04-27 19:22:25"
"7210","267","2025-05-08 18:21:06","161.55","0.00","2025-05-08 00:00:00","2026-04-27 19:22:25"
"7211","237","2026-02-25 11:08:18","135.32","0.00","2026-02-25 00:00:00","2026-04-27 19:22:25"
"7212","148","2025-11-04 16:52:26","31.94","10.00","2025-11-04 00:00:00","2026-04-27 19:22:25"
"7213","46","2025-10-14 09:20:55","10.77","25.00","2025-10-14 00:00:00","2026-04-27 19:22:25"
"7214","287","2021-03-06 08:19:24","311.47","0.00","2021-03-06 00:00:00","2026-04-27 19:22:25"
"7215","60","2025-04-01 11:33:16","31.44","5.00","2025-04-01 00:00:00","2026-04-27 19:22:25"
"7216","188","2025-12-20 02:46:57","185.38","0.00","2025-12-20 00:00:00","2026-04-27 19:22:25"
"7217","166","2024-07-11 14:39:06","179.07","0.00","2024-07-11 00:00:00","2026-04-27 19:22:25"
"7218","130","2025-02-15 14:28:06","309.39","0.00","2025-02-15 00:00:00","2026-04-27 19:22:25"
"7219","167","2025-10-19 10:10:39","36.25","5.00","2025-10-19 00:00:00","2026-04-27 19:22:25"
"7220","151","2023-08-31 07:55:01","16.84","10.00","2023-08-31 00:00:00","2026-04-27 19:22:25"
"7221","43","2025-07-03 18:03:45","229.97","0.00","2025-07-03 00:00:00","2026-04-27 19:22:25"
"7222","13","2023-03-29 17:44:34","15.44","25.00","2023-03-29 00:00:00","2026-04-27 19:22:25"
"7223","216","2025-05-04 08:40:22","63.80","0.00","2025-05-04 00:00:00","2026-04-27 19:22:25"
"7224","247","2024-08-13 08:50:27","32.05","5.00","2024-08-13 00:00:00","2026-04-27 19:22:25"
"7225","252","2026-02-09 09:38:06","67.38","0.00","2026-02-09 00:00:00","2026-04-27 19:22:25"
"7226","15","2022-01-25 09:59:24","172.01","0.00","2022-01-25 00:00:00","2026-04-27 19:22:25"
"7227","90","2025-04-11 12:04:32","6.86","10.00","2025-04-11 00:00:00","2026-04-27 19:22:25"
"7228","141","2024-09-30 19:02:26","79.92","0.00","2024-09-30 00:00:00","2026-04-27 19:22:25"
"7229","239","2023-08-24 12:53:42","117.30","0.00","2023-08-24 00:00:00","2026-04-27 19:22:25"
"7230","180","2024-12-20 07:01:55","61.10","0.00","2024-12-20 00:00:00","2026-04-27 19:22:25"
"7231","227","2026-03-23 17:08:29","18.70","10.00","2026-03-23 00:00:00","2026-04-27 19:22:25"
"7232","4","2025-07-18 19:34:58","18.72","10.00","2025-07-18 00:00:00","2026-04-27 19:22:25"
"7233","253","2024-06-19 16:05:25","233.71","0.00","2024-06-19 00:00:00","2026-04-27 19:22:25"
"7234","297","2025-09-24 08:15:44","222.12","0.00","2025-09-24 00:00:00","2026-04-27 19:22:25"
"7235","194","2024-04-26 08:21:54","135.02","0.00","2024-04-26 00:00:00","2026-04-27 19:22:25"
"7236","225","2026-03-31 17:03:08","38.25","5.00","2026-03-31 00:00:00","2026-04-27 19:22:25"
"7237","239","2023-11-19 14:20:29","0.00","0.00","2023-11-19 00:00:00","2026-04-27 19:22:25"
"7238","258","2025-12-02 16:55:42","177.01","0.00","2025-12-02 00:00:00","2026-04-27 19:22:25"
"7239","76","2025-01-17 08:31:34","17.40","10.00","2025-01-17 00:00:00","2026-04-27 19:22:25"
"7240","37","2023-01-14 19:49:14","73.84","5.00","2023-01-14 00:00:00","2026-04-27 19:22:25"
"7241","104","2026-02-10 02:06:25","53.74","0.00","2026-02-10 00:00:00","2026-04-27 19:22:25"
"7242","15","2025-10-24 07:37:39","218.91","0.00","2025-10-24 00:00:00","2026-04-27 19:22:25"
"7243","2","2023-03-31 13:11:02","92.39","0.00","2023-03-31 00:00:00","2026-04-27 19:22:25"
"7244","219","2022-12-26 18:21:20","94.15","0.00","2022-12-26 00:00:00","2026-04-27 19:22:25"
"7245","239","2024-05-15 07:46:36","23.24","10.00","2024-05-15 00:00:00","2026-04-27 19:22:25"
"7246","273","2024-09-09 01:18:59","83.83","0.00","2024-09-09 00:00:00","2026-04-27 19:22:25"
"7247","10","2025-09-11 10:14:02","83.56","0.00","2025-09-11 00:00:00","2026-04-27 19:22:25"
"7248","237","2026-03-27 13:12:03","269.83","0.00","2026-03-27 00:00:00","2026-04-27 19:22:25"
"7249","206","2025-11-29 07:34:30","79.76","0.00","2025-11-29 00:00:00","2026-04-27 19:22:25"
"7250","201","2025-11-16 07:48:22","83.71","0.00","2025-11-16 00:00:00","2026-04-27 19:22:25"
"7251","154","2025-10-03 10:58:42","99.76","0.00","2025-10-03 00:00:00","2026-04-27 19:22:25"
"7252","147","2023-02-13 04:38:12","22.92","10.00","2023-02-13 00:00:00","2026-04-27 19:22:25"
"7253","230","2025-08-14 10:59:43","191.68","0.00","2025-08-14 00:00:00","2026-04-27 19:22:25"
"7254","160","2024-11-20 03:04:46","141.06","0.00","2024-11-20 00:00:00","2026-04-27 19:22:25"
"7255","289","2025-03-14 04:23:06","190.54","0.00","2025-03-14 00:00:00","2026-04-27 19:22:25"
"7256","45","2023-10-26 14:58:42","57.44","0.00","2023-10-26 00:00:00","2026-04-27 19:22:25"
"7257","104","2021-08-22 17:51:10","38.34","5.00","2021-08-22 00:00:00","2026-04-27 19:22:25"
"7258","235","2025-09-05 18:37:28","19.51","10.00","2025-09-05 00:00:00","2026-04-27 19:22:25"
"7259","240","2026-01-10 19:20:49","35.92","5.00","2026-01-10 00:00:00","2026-04-27 19:22:25"
"7260","293","2023-07-22 11:20:15","83.06","0.00","2023-07-22 00:00:00","2026-04-27 19:22:25"
"7261","300","2023-06-12 17:47:43","137.18","0.00","2023-06-12 00:00:00","2026-04-27 19:22:25"
"7262","39","2022-09-14 11:58:24","35.39","5.00","2022-09-14 00:00:00","2026-04-27 19:22:25"
"7263","224","2021-12-28 14:52:58","96.02","0.00","2021-12-28 00:00:00","2026-04-27 19:22:25"
"7264","287","2022-08-28 13:49:11","48.26","10.00","2022-08-28 00:00:00","2026-04-27 19:22:25"
"7265","185","2024-09-21 18:46:21","62.54","5.00","2024-09-21 00:00:00","2026-04-27 19:22:25"
"7266","26","2024-12-13 10:03:04","190.00","0.00","2024-12-13 00:00:00","2026-04-27 19:22:25"
"7267","300","2025-11-12 18:28:55","44.50","5.00","2025-11-12 00:00:00","2026-04-27 19:22:25"
"7268","19","2025-06-19 10:56:27","54.17","0.00","2025-06-19 00:00:00","2026-04-27 19:22:25"
"7269","219","2021-05-05 17:36:43","18.00","25.00","2021-05-05 00:00:00","2026-04-27 19:22:25"
"7270","187","2022-09-18 09:11:30","58.66","5.00","2022-09-18 00:00:00","2026-04-27 19:22:25"
"7271","255","2022-07-01 07:11:43","161.44","0.00","2022-07-01 00:00:00","2026-04-27 19:22:25"
"7272","292","2023-06-02 11:23:38","33.52","5.00","2023-06-02 00:00:00","2026-04-27 19:22:25"
"7273","193","2024-08-09 07:36:40","100.45","0.00","2024-08-09 00:00:00","2026-04-27 19:22:25"
"7274","240","2025-07-10 16:48:59","7.23","10.00","2025-07-10 00:00:00","2026-04-27 19:22:25"
"7275","91","2025-06-24 15:04:50","103.24","0.00","2025-06-24 00:00:00","2026-04-27 19:22:25"
"7276","10","2025-06-29 14:20:16","133.95","0.00","2025-06-29 00:00:00","2026-04-27 19:22:25"
"7277","155","2025-12-14 19:46:56","85.00","0.00","2025-12-14 00:00:00","2026-04-27 19:22:25"
"7278","8","2026-01-10 10:15:03","154.28","0.00","2026-01-10 00:00:00","2026-04-27 19:22:25"
"7279","194","2022-06-27 13:12:02","75.45","0.00","2022-06-27 00:00:00","2026-04-27 19:22:25"
"7280","258","2025-09-14 16:39:16","31.45","5.00","2025-09-14 00:00:00","2026-04-27 19:22:25"
"7281","185","2025-09-19 10:19:22","32.32","10.00","2025-09-19 00:00:00","2026-04-27 19:22:25"
"7282","186","2026-03-16 07:19:09","203.54","0.00","2026-03-16 00:00:00","2026-04-27 19:22:25"
"7283","207","2026-02-20 09:32:55","154.87","0.00","2026-02-20 00:00:00","2026-04-27 19:22:25"
"7284","12","2022-11-29 13:31:38","28.23","5.00","2022-11-29 00:00:00","2026-04-27 19:22:25"
"7285","140","2026-04-12 07:29:57","25.75","5.00","2026-04-12 00:00:00","2026-04-27 19:22:25"
"7286","153","2021-10-20 17:51:57","153.27","0.00","2021-10-20 00:00:00","2026-04-27 19:22:25"
"7287","255","2022-10-09 14:19:21","195.50","0.00","2022-10-09 00:00:00","2026-04-27 19:22:25"
"7288","94","2024-12-27 07:20:17","251.54","0.00","2024-12-27 00:00:00","2026-04-27 19:22:25"
"7289","64","2025-08-19 10:01:01","258.03","0.00","2025-08-19 00:00:00","2026-04-27 19:22:25"
"7290","123","2023-11-16 12:11:06","115.70","0.00","2023-11-16 00:00:00","2026-04-27 19:22:25"
"7291","30","2026-02-15 07:49:44","9.27","25.00","2026-02-15 00:00:00","2026-04-27 19:22:25"
"7292","275","2023-02-26 16:55:33","25.14","10.00","2023-02-26 00:00:00","2026-04-27 19:22:25"
"7293","61","2024-07-15 13:43:33","200.33","0.00","2024-07-15 00:00:00","2026-04-27 19:22:25"
"7294","44","2026-03-18 09:54:27","219.15","0.00","2026-03-18 00:00:00","2026-04-27 19:22:25"
"7295","177","2024-02-29 13:55:41","122.10","0.00","2024-02-29 00:00:00","2026-04-27 19:22:25"
"7296","12","2025-04-06 08:31:43","194.75","0.00","2025-04-06 00:00:00","2026-04-27 19:22:25"
"7297","118","2023-02-23 09:29:30","100.55","0.00","2023-02-23 00:00:00","2026-04-27 19:22:25"
"7298","192","2023-01-11 10:53:20","189.42","0.00","2023-01-11 00:00:00","2026-04-27 19:22:25"
"7299","293","2022-04-29 06:31:55","141.76","0.00","2022-04-29 00:00:00","2026-04-27 19:22:25"
"7300","225","2026-04-12 14:18:05","71.49","0.00","2026-04-12 00:00:00","2026-04-27 19:22:25"
"7301","123","2025-02-27 12:46:05","42.76","10.00","2025-02-27 00:00:00","2026-04-27 19:22:25"
"7302","44","2026-03-19 13:33:35","95.83","0.00","2026-03-19 00:00:00","2026-04-27 19:22:25"
"7303","90","2025-10-17 18:16:47","61.22","0.00","2025-10-17 00:00:00","2026-04-27 19:22:25"
"7304","300","2023-11-21 14:54:06","104.30","0.00","2023-11-21 00:00:00","2026-04-27 19:22:25"
"7305","143","2025-06-11 08:32:24","28.48","10.00","2025-06-11 00:00:00","2026-04-27 19:22:25"
"7306","221","2026-01-28 17:28:12","69.48","0.00","2026-01-28 00:00:00","2026-04-27 19:22:25"
"7307","194","2023-01-15 12:34:04","26.49","5.00","2023-01-15 00:00:00","2026-04-27 19:22:25"
"7308","8","2026-01-28 07:09:59","134.08","0.00","2026-01-28 00:00:00","2026-04-27 19:22:25"
"7309","61","2025-07-31 16:45:44","14.26","10.00","2025-07-31 00:00:00","2026-04-27 19:22:25"
"7310","208","2024-04-24 11:12:39","143.23","0.00","2024-04-24 00:00:00","2026-04-27 19:22:25"
"7311","60","2025-09-08 08:40:48","11.52","10.00","2025-09-08 00:00:00","2026-04-27 19:22:25"
"7312","152","2026-01-17 19:23:10","19.52","10.00","2026-01-17 00:00:00","2026-04-27 19:22:25"
"7313","255","2024-02-18 04:05:43","138.32","0.00","2024-02-18 00:00:00","2026-04-27 19:22:25"
"7314","154","2024-06-15 16:10:54","134.54","0.00","2024-06-15 00:00:00","2026-04-27 19:22:25"
"7315","277","2023-10-02 14:20:13","186.73","0.00","2023-10-02 00:00:00","2026-04-27 19:22:25"
"7316","196","2026-01-14 17:30:17","24.31","10.00","2026-01-14 00:00:00","2026-04-27 19:22:25"
"7317","299","2025-11-04 08:02:24","63.93","0.00","2025-11-04 00:00:00","2026-04-27 19:22:25"
"7318","31","2023-04-10 07:01:21","37.36","10.00","2023-04-10 00:00:00","2026-04-27 19:22:25"
"7319","54","2025-10-28 08:14:29","98.41","0.00","2025-10-28 00:00:00","2026-04-27 19:22:25"
"7320","254","2025-09-12 09:42:56","91.48","0.00","2025-09-12 00:00:00","2026-04-27 19:22:25"
"7321","62","2024-03-15 10:20:39","127.46","0.00","2024-03-15 00:00:00","2026-04-27 19:22:25"
"7322","287","2022-10-05 13:01:02","88.33","0.00","2022-10-05 00:00:00","2026-04-27 19:22:25"
"7323","224","2025-05-06 15:25:25","5.40","25.00","2025-05-06 00:00:00","2026-04-27 19:22:25"
"7324","204","2024-12-17 09:24:50","222.77","0.00","2024-12-17 00:00:00","2026-04-27 19:22:25"
"7325","262","2023-02-10 07:09:50","140.02","0.00","2023-02-10 00:00:00","2026-04-27 19:22:25"
"7326","245","2025-08-18 07:44:19","1.67","10.00","2025-08-18 00:00:00","2026-04-27 19:22:25"
"7327","247","2021-04-03 12:03:24","197.83","0.00","2021-04-03 00:00:00","2026-04-27 19:22:25"
"7328","263","2020-03-27 09:21:40","185.45","0.00","2020-03-27 00:00:00","2026-04-27 19:22:25"
"7329","250","2022-10-08 13:58:48","161.16","0.00","2022-10-08 00:00:00","2026-04-27 19:22:25"
"7330","282","2022-05-07 19:44:44","130.35","0.00","2022-05-07 00:00:00","2026-04-27 19:22:25"
"7331","171","2022-10-15 11:30:56","75.62","0.00","2022-10-15 00:00:00","2026-04-27 19:22:25"
"7332","6","2026-01-01 11:58:32","145.32","0.00","2026-01-01 00:00:00","2026-04-27 19:22:25"
"7333","108","2026-04-04 07:24:53","163.11","0.00","2026-04-04 00:00:00","2026-04-27 19:22:25"
"7334","148","2024-02-26 16:30:31","43.89","10.00","2024-02-26 00:00:00","2026-04-27 19:22:25"
"7335","136","2025-10-31 10:55:25","172.52","0.00","2025-10-31 00:00:00","2026-04-27 19:22:25"
"7336","293","2024-02-19 13:51:10","240.54","0.00","2024-02-19 00:00:00","2026-04-27 19:22:25"
"7337","167","2025-07-14 11:41:02","65.67","0.00","2025-07-14 00:00:00","2026-04-27 19:22:25"
"7338","34","2025-08-17 14:45:34","51.33","0.00","2025-08-17 00:00:00","2026-04-27 19:22:25"
"7339","57","2025-08-16 10:36:51","239.48","0.00","2025-08-16 00:00:00","2026-04-27 19:22:25"
"7340","48","2025-04-21 18:39:48","194.09","0.00","2025-04-21 00:00:00","2026-04-27 19:22:25"
"7341","279","2023-02-13 10:54:27","116.97","0.00","2023-02-13 00:00:00","2026-04-27 19:22:25"
"7342","168","2024-02-21 14:25:49","57.57","0.00","2024-02-21 00:00:00","2026-04-27 19:22:25"
"7343","134","2026-03-17 05:09:30","172.22","0.00","2026-03-17 00:00:00","2026-04-27 19:22:25"
"7344","293","2023-06-26 19:15:34","87.90","0.00","2023-06-26 00:00:00","2026-04-27 19:22:25"
"7345","84","2026-01-07 16:13:04","285.10","0.00","2026-01-07 00:00:00","2026-04-27 19:22:25"
"7346","119","2024-09-24 07:01:25","127.73","0.00","2024-09-24 00:00:00","2026-04-27 19:22:25"
"7347","83","2024-08-11 10:53:25","26.95","5.00","2024-08-11 00:00:00","2026-04-27 19:22:25"
"7348","118","2023-02-19 10:47:49","95.96","0.00","2023-02-19 00:00:00","2026-04-27 19:22:25"
"7349","269","2025-07-28 09:25:54","118.31","0.00","2025-07-28 00:00:00","2026-04-27 19:22:25"
"7350","233","2025-03-03 16:31:34","282.38","0.00","2025-03-03 00:00:00","2026-04-27 19:22:25"
"7351","136","2025-06-19 10:00:01","62.64","5.00","2025-06-19 00:00:00","2026-04-27 19:22:25"
"7352","282","2025-04-16 12:59:13","107.23","0.00","2025-04-16 00:00:00","2026-04-27 19:22:25"
"7353","155","2025-11-30 12:53:32","203.98","0.00","2025-11-30 00:00:00","2026-04-27 19:22:25"
"7354","15","2025-08-15 17:21:40","65.95","0.00","2025-08-15 00:00:00","2026-04-27 19:22:25"
"7355","1","2026-03-21 13:55:34","84.94","0.00","2026-03-21 00:00:00","2026-04-27 19:22:25"
"7356","31","2023-01-17 18:57:12","105.71","0.00","2023-01-17 00:00:00","2026-04-27 19:22:25"
"7357","166","2024-08-14 10:48:57","107.30","0.00","2024-08-14 00:00:00","2026-04-27 19:22:25"
"7358","62","2024-10-25 18:04:56","247.42","0.00","2024-10-25 00:00:00","2026-04-27 19:22:25"
"7359","34","2026-02-05 15:29:41","65.53","0.00","2026-02-05 00:00:00","2026-04-27 19:22:25"
"7360","168","2025-01-12 19:52:24","209.51","0.00","2025-01-12 00:00:00","2026-04-27 19:22:25"
"7361","122","2025-12-11 18:12:19","206.33","0.00","2025-12-11 00:00:00","2026-04-27 19:22:25"
"7362","155","2025-05-22 12:57:07","81.22","0.00","2025-05-22 00:00:00","2026-04-27 19:22:25"
"7363","28","2024-03-02 09:39:59","135.09","0.00","2024-03-02 00:00:00","2026-04-27 19:22:25"
"7364","267","2023-06-06 07:10:32","170.52","0.00","2023-06-06 00:00:00","2026-04-27 19:22:25"
"7365","241","2026-01-18 11:24:28","302.30","0.00","2026-01-18 00:00:00","2026-04-27 19:22:25"
"7366","76","2025-07-14 15:21:00","109.54","0.00","2025-07-14 00:00:00","2026-04-27 19:22:25"
"7367","30","2025-12-30 02:09:46","99.34","0.00","2025-12-30 00:00:00","2026-04-27 19:22:25"
"7368","123","2024-07-22 17:24:52","10.75","25.00","2024-07-22 00:00:00","2026-04-27 19:22:25"
"7369","40","2025-11-01 11:23:27","212.44","0.00","2025-11-01 00:00:00","2026-04-27 19:22:25"
"7370","131","2025-01-18 11:20:18","76.19","0.00","2025-01-18 00:00:00","2026-04-27 19:22:25"
"7371","11","2023-07-19 15:21:04","107.89","0.00","2023-07-19 00:00:00","2026-04-27 19:22:25"
"7372","76","2025-12-21 14:18:07","70.50","0.00","2025-12-21 00:00:00","2026-04-27 19:22:25"
"7373","281","2025-04-04 09:08:47","185.53","0.00","2025-04-04 00:00:00","2026-04-27 19:22:25"
"7374","237","2026-04-08 13:11:52","207.02","0.00","2026-04-08 00:00:00","2026-04-27 19:22:25"
"7375","162","2024-02-09 09:48:01","137.55","0.00","2024-02-09 00:00:00","2026-04-27 19:22:25"
"7376","278","2026-02-05 07:15:42","30.62","10.00","2026-02-05 00:00:00","2026-04-27 19:22:25"
"7377","37","2024-09-11 07:20:48","51.79","5.00","2024-09-11 00:00:00","2026-04-27 19:22:25"
"7378","68","2026-04-12 16:10:58","180.58","0.00","2026-04-12 00:00:00","2026-04-27 19:22:25"
"7379","3","2026-01-26 17:53:07","122.35","0.00","2026-01-26 00:00:00","2026-04-27 19:22:25"
"7380","159","2023-09-30 07:20:12","166.54","0.00","2023-09-30 00:00:00","2026-04-27 19:22:25"
"7381","193","2025-01-11 15:25:38","145.86","0.00","2025-01-11 00:00:00","2026-04-27 19:22:25"
"7382","26","2023-06-04 08:53:42","140.78","0.00","2023-06-04 00:00:00","2026-04-27 19:22:25"
"7383","81","2024-03-28 07:35:32","234.42","0.00","2024-03-28 00:00:00","2026-04-27 19:22:25"
"7384","169","2025-09-04 01:54:00","36.74","10.00","2025-09-04 00:00:00","2026-04-27 19:22:25"
"7385","177","2025-09-09 15:43:00","170.64","0.00","2025-09-09 00:00:00","2026-04-27 19:22:25"
"7386","161","2025-05-27 09:51:39","140.25","0.00","2025-05-27 00:00:00","2026-04-27 19:22:25"
"7387","104","2024-02-22 08:04:47","110.91","0.00","2024-02-22 00:00:00","2026-04-27 19:22:25"
"7388","221","2024-12-11 09:18:25","163.52","0.00","2024-12-11 00:00:00","2026-04-27 19:22:25"
"7389","28","2023-05-25 19:49:25","260.56","0.00","2023-05-25 00:00:00","2026-04-27 19:22:25"
"7390","295","2025-11-15 06:54:37","6.72","10.00","2025-11-15 00:00:00","2026-04-27 19:22:25"
"7391","62","2025-08-16 10:08:30","106.94","0.00","2025-08-16 00:00:00","2026-04-27 19:22:25"
"7392","258","2025-12-28 11:08:21","76.52","0.00","2025-12-28 00:00:00","2026-04-27 19:22:25"
"7393","190","2025-11-08 10:47:54","37.62","10.00","2025-11-08 00:00:00","2026-04-27 19:22:25"
"7394","251","2026-03-23 11:21:13","256.76","0.00","2026-03-23 00:00:00","2026-04-27 19:22:25"
"7395","287","2022-09-13 16:13:05","43.55","10.00","2022-09-13 00:00:00","2026-04-27 19:22:25"
"7396","274","2022-07-02 08:27:00","100.85","0.00","2022-07-02 00:00:00","2026-04-27 19:22:25"
"7397","19","2025-11-07 08:49:43","27.16","5.00","2025-11-07 00:00:00","2026-04-27 19:22:25"
"7398","133","2025-12-22 13:36:54","29.50","10.00","2025-12-22 00:00:00","2026-04-27 19:22:25"
"7399","214","2025-12-23 07:16:20","54.58","0.00","2025-12-23 00:00:00","2026-04-27 19:22:25"
"7400","261","2024-05-12 07:24:05","112.34","0.00","2024-05-12 00:00:00","2026-04-27 19:22:25"
"7401","61","2025-03-13 10:20:35","107.33","0.00","2025-03-13 00:00:00","2026-04-27 19:22:25"
"7402","46","2026-03-10 00:13:02","138.50","0.00","2026-03-10 00:00:00","2026-04-27 19:22:25"
"7403","260","2021-10-27 16:29:34","227.76","0.00","2021-10-27 00:00:00","2026-04-27 19:22:25"
"7404","44","2026-03-31 11:25:50","13.25","10.00","2026-03-31 00:00:00","2026-04-27 19:22:25"
"7405","56","2025-05-01 07:20:07","31.17","10.00","2025-05-01 00:00:00","2026-04-27 19:22:25"
"7406","280","2025-04-13 16:16:32","110.23","0.00","2025-04-13 00:00:00","2026-04-27 19:22:25"
"7407","266","2026-04-02 07:50:29","235.55","0.00","2026-04-02 00:00:00","2026-04-27 19:22:25"
"7408","195","2025-01-19 07:17:55","33.62","10.00","2025-01-19 00:00:00","2026-04-27 19:22:25"
"7409","281","2024-03-25 07:56:56","249.91","0.00","2024-03-25 00:00:00","2026-04-27 19:22:25"
"7410","148","2022-08-30 08:16:24","46.81","10.00","2022-08-30 00:00:00","2026-04-27 19:22:25"
"7411","133","2026-01-28 18:32:13","47.29","10.00","2026-01-28 00:00:00","2026-04-27 19:22:25"
"7412","214","2022-01-23 18:50:36","82.12","0.00","2022-01-23 00:00:00","2026-04-27 19:22:25"
"7413","286","2025-01-01 17:02:05","98.68","0.00","2025-01-01 00:00:00","2026-04-27 19:22:25"
"7414","289","2024-09-17 14:12:42","242.11","0.00","2024-09-17 00:00:00","2026-04-27 19:22:25"
"7415","25","2025-10-05 08:29:22","65.70","5.00","2025-10-05 00:00:00","2026-04-27 19:22:25"
"7416","253","2024-11-29 11:20:18","134.44","0.00","2024-11-29 00:00:00","2026-04-27 19:22:25"
"7417","64","2025-05-27 16:42:33","30.27","5.00","2025-05-27 00:00:00","2026-04-27 19:22:25"
"7418","272","2024-06-19 01:10:25","201.27","0.00","2024-06-19 00:00:00","2026-04-27 19:22:25"
"7419","69","2025-11-06 07:55:46","67.52","0.00","2025-11-06 00:00:00","2026-04-27 19:22:25"
"7420","233","2025-05-30 12:00:12","44.32","10.00","2025-05-30 00:00:00","2026-04-27 19:22:25"
"7421","265","2025-10-03 14:22:25","88.80","0.00","2025-10-03 00:00:00","2026-04-27 19:22:25"
"7422","82","2025-02-13 17:35:49","105.16","0.00","2025-02-13 00:00:00","2026-04-27 19:22:25"
"7423","68","2026-03-17 11:59:22","33.80","10.00","2026-03-17 00:00:00","2026-04-27 19:22:25"
"7424","291","2026-01-07 09:15:49","119.15","0.00","2026-01-07 00:00:00","2026-04-27 19:22:25"
"7425","229","2026-04-06 11:54:58","210.81","0.00","2026-04-06 00:00:00","2026-04-27 19:22:25"
"7426","17","2024-11-06 18:56:05","72.61","5.00","2024-11-06 00:00:00","2026-04-27 19:22:25"
"7427","230","2023-11-28 16:26:18","0.00","0.00","2023-11-28 00:00:00","2026-04-27 19:22:25"
"7428","56","2023-03-28 12:40:32","131.54","0.00","2023-03-28 00:00:00","2026-04-27 19:22:25"
"7429","85","2025-11-02 09:33:28","27.10","5.00","2025-11-02 00:00:00","2026-04-27 19:22:25"
"7430","171","2023-04-13 07:22:34","119.98","0.00","2023-04-13 00:00:00","2026-04-27 19:22:25"
"7431","25","2025-08-12 09:22:13","39.51","10.00","2025-08-12 00:00:00","2026-04-27 19:22:25"
"7432","59","2025-09-13 08:41:54","48.52","10.00","2025-09-13 00:00:00","2026-04-27 19:22:25"
"7433","43","2025-01-19 14:09:17","165.67","0.00","2025-01-19 00:00:00","2026-04-27 19:22:25"
"7434","83","2025-11-08 11:51:44","36.65","5.00","2025-11-08 00:00:00","2026-04-27 19:22:25"
"7435","86","2024-03-26 15:23:14","75.96","0.00","2024-03-26 00:00:00","2026-04-27 19:22:25"
"7436","13","2025-06-09 14:09:25","90.91","0.00","2025-06-09 00:00:00","2026-04-27 19:22:25"
"7437","157","2021-01-21 07:52:45","98.72","0.00","2021-01-21 00:00:00","2026-04-27 19:22:25"
"7438","153","2021-10-19 17:56:35","160.40","0.00","2021-10-19 00:00:00","2026-04-27 19:22:25"
"7439","96","2025-03-29 10:32:43","111.61","0.00","2025-03-29 00:00:00","2026-04-27 19:22:25"
"7440","157","2021-06-14 09:03:38","67.73","0.00","2021-06-14 00:00:00","2026-04-27 19:22:25"
"7441","52","2025-04-21 14:05:03","282.24","0.00","2025-04-21 00:00:00","2026-04-27 19:22:25"
"7442","207","2026-03-14 18:20:03","84.11","0.00","2026-03-14 00:00:00","2026-04-27 19:22:25"
"7443","96","2025-03-03 13:43:40","101.80","0.00","2025-03-03 00:00:00","2026-04-27 19:22:25"
"7444","69","2024-03-28 19:13:13","8.24","10.00","2024-03-28 00:00:00","2026-04-27 19:22:25"
"7445","58","2025-11-29 15:32:58","73.01","5.00","2025-11-29 00:00:00","2026-04-27 19:22:25"
"7446","119","2026-03-05 11:11:28","4.21","25.00","2026-03-05 00:00:00","2026-04-27 19:22:25"
"7447","10","2024-07-04 08:07:51","23.12","10.00","2024-07-04 00:00:00","2026-04-27 19:22:25"
"7448","67","2024-10-16 09:39:53","69.58","5.00","2024-10-16 00:00:00","2026-04-27 19:22:25"
"7449","278","2025-11-22 17:06:23","207.62","0.00","2025-11-22 00:00:00","2026-04-27 19:22:25"
"7450","246","2022-09-19 08:57:27","12.84","10.00","2022-09-19 00:00:00","2026-04-27 19:22:25"
"7451","181","2025-06-13 18:04:44","201.81","0.00","2025-06-13 00:00:00","2026-04-27 19:22:25"
"7452","222","2023-08-18 19:30:37","104.21","0.00","2023-08-18 00:00:00","2026-04-27 19:22:25"
"7453","63","2022-07-10 09:16:33","79.16","0.00","2022-07-10 00:00:00","2026-04-27 19:22:25"
"7454","92","2025-12-24 07:20:05","110.23","0.00","2025-12-24 00:00:00","2026-04-27 19:22:25"
"7455","89","2022-11-29 17:42:11","2.36","25.00","2022-11-29 00:00:00","2026-04-27 19:22:25"
"7456","14","2022-10-31 07:03:56","65.69","5.00","2022-10-31 00:00:00","2026-04-27 19:22:25"
"7457","15","2023-11-09 18:48:21","111.04","0.00","2023-11-09 00:00:00","2026-04-27 19:22:25"
"7458","296","2024-06-25 18:58:24","28.80","5.00","2024-06-25 00:00:00","2026-04-27 19:22:25"
"7459","202","2026-04-09 15:04:49","125.81","0.00","2026-04-09 00:00:00","2026-04-27 19:22:25"
"7460","267","2025-03-30 08:18:18","135.07","0.00","2025-03-30 00:00:00","2026-04-27 19:22:25"
"7461","250","2022-10-02 09:41:00","178.03","0.00","2022-10-02 00:00:00","2026-04-27 19:22:25"
"7462","250","2022-01-21 09:35:02","411.12","0.00","2022-01-21 00:00:00","2026-04-27 19:22:25"
"7463","188","2026-03-02 10:56:32","117.95","0.00","2026-03-02 00:00:00","2026-04-27 19:22:25"
"7464","289","2025-08-07 05:25:38","57.96","0.00","2025-08-07 00:00:00","2026-04-27 19:22:25"
"7465","45","2022-11-18 07:47:54","62.29","0.00","2022-11-18 00:00:00","2026-04-27 19:22:25"
"7466","230","2023-02-21 10:44:33","182.62","0.00","2023-02-21 00:00:00","2026-04-27 19:22:25"
"7467","24","2022-12-11 09:39:25","100.64","0.00","2022-12-11 00:00:00","2026-04-27 19:22:25"
"7468","42","2024-07-07 16:41:28","27.88","10.00","2024-07-07 00:00:00","2026-04-27 19:22:25"
"7469","213","2025-10-27 12:16:37","316.05","0.00","2025-10-27 00:00:00","2026-04-27 19:22:25"
"7470","186","2026-04-09 14:36:33","15.74","10.00","2026-04-09 00:00:00","2026-04-27 19:22:25"
"7471","227","2026-03-22 08:12:50","0.00","0.00","2026-03-22 00:00:00","2026-04-27 19:22:25"
"7472","34","2026-01-06 13:11:46","60.16","0.00","2026-01-06 00:00:00","2026-04-27 19:22:25"
"7473","106","2021-12-28 13:48:57","61.45","5.00","2021-12-28 00:00:00","2026-04-27 19:22:25"
"7474","233","2025-05-21 17:58:29","123.91","0.00","2025-05-21 00:00:00","2026-04-27 19:22:25"
"7475","137","2026-03-26 13:04:17","148.37","0.00","2026-03-26 00:00:00","2026-04-27 19:22:25"
"7476","149","2026-02-20 12:33:01","149.75","0.00","2026-02-20 00:00:00","2026-04-27 19:22:25"
"7477","270","2022-09-21 12:01:14","19.76","10.00","2022-09-21 00:00:00","2026-04-27 19:22:25"
"7478","261","2024-05-19 10:50:00","174.59","0.00","2024-05-19 00:00:00","2026-04-27 19:22:25"
"7479","80","2024-10-10 16:38:17","92.14","0.00","2024-10-10 00:00:00","2026-04-27 19:22:25"
"7480","38","2025-11-07 16:36:09","195.87","0.00","2025-11-07 00:00:00","2026-04-27 19:22:25"
"7481","250","2022-10-04 08:15:37","118.26","0.00","2022-10-04 00:00:00","2026-04-27 19:22:25"
"7482","107","2026-03-27 17:41:15","137.81","0.00","2026-03-27 00:00:00","2026-04-27 19:22:25"
"7483","259","2026-03-01 14:20:30","5.14","10.00","2026-03-01 00:00:00","2026-04-27 19:22:25"
"7484","83","2026-01-04 18:48:29","49.44","5.00","2026-01-04 00:00:00","2026-04-27 19:22:25"
"7485","87","2026-04-14 16:03:26","124.66","0.00","2026-04-14 00:00:00","2026-04-27 19:22:25"
"7486","6","2025-02-25 08:04:04","99.95","0.00","2025-02-25 00:00:00","2026-04-27 19:22:25"
"7487","272","2025-10-11 17:10:35","178.94","0.00","2025-10-11 00:00:00","2026-04-27 19:22:25"
"7488","241","2025-09-09 13:22:54","89.56","0.00","2025-09-09 00:00:00","2026-04-27 19:22:25"
"7489","168","2024-06-05 12:13:17","29.49","5.00","2024-06-05 00:00:00","2026-04-27 19:22:25"
"7490","197","2024-10-13 01:31:54","63.52","5.00","2024-10-13 00:00:00","2026-04-27 19:22:25"
"7491","53","2025-11-13 08:39:14","43.53","10.00","2025-11-13 00:00:00","2026-04-27 19:22:25"
"7492","99","2026-01-30 14:42:02","262.48","0.00","2026-01-30 00:00:00","2026-04-27 19:22:25"
"7493","146","2021-12-13 14:00:38","192.22","0.00","2021-12-13 00:00:00","2026-04-27 19:22:25"
"7494","249","2025-03-05 10:30:28","166.51","0.00","2025-03-05 00:00:00","2026-04-27 19:22:25"
"7495","3","2023-07-21 08:00:35","161.88","0.00","2023-07-21 00:00:00","2026-04-27 19:22:25"
"7496","80","2025-05-04 05:00:48","430.32","0.00","2025-05-04 00:00:00","2026-04-27 19:22:25"
"7497","111","2026-01-30 16:59:10","249.96","0.00","2026-01-30 00:00:00","2026-04-27 19:22:25"
"7498","202","2024-04-21 07:00:15","137.37","0.00","2024-04-21 00:00:00","2026-04-27 19:22:25"
"7499","13","2025-01-31 15:45:17","219.96","0.00","2025-01-31 00:00:00","2026-04-27 19:22:25"
"7500","249","2025-03-09 10:33:45","97.17","0.00","2025-03-09 00:00:00","2026-04-27 19:22:25"
"7501","1","2024-11-10 11:41:50","187.74","0.00","2024-11-10 00:00:00","2026-04-27 19:22:25"
"7502","258","2025-12-16 13:17:22","278.29","0.00","2025-12-16 00:00:00","2026-04-27 19:22:25"
"7503","146","2026-02-07 07:52:12","89.30","0.00","2026-02-07 00:00:00","2026-04-27 19:22:25"
"7504","139","2022-12-13 15:17:53","312.79","0.00","2022-12-13 00:00:00","2026-04-27 19:22:25"
"7505","292","2025-09-30 11:08:13","24.68","10.00","2025-09-30 00:00:00","2026-04-27 19:22:25"
"7506","40","2026-02-28 07:37:08","253.56","0.00","2026-02-28 00:00:00","2026-04-27 19:22:25"
"7507","139","2023-12-22 05:07:24","43.53","5.00","2023-12-22 00:00:00","2026-04-27 19:22:25"
"7508","245","2025-09-04 06:35:15","120.34","0.00","2025-09-04 00:00:00","2026-04-27 19:22:25"
"7509","283","2021-06-21 19:59:12","99.14","0.00","2021-06-21 00:00:00","2026-04-27 19:22:25"
"7510","209","2025-07-01 16:05:30","111.42","0.00","2025-07-01 00:00:00","2026-04-27 19:22:25"
"7511","207","2025-08-24 18:17:01","229.74","0.00","2025-08-24 00:00:00","2026-04-27 19:22:25"
"7512","250","2022-11-18 11:00:36","296.49","0.00","2022-11-18 00:00:00","2026-04-27 19:22:25"
"7513","178","2023-11-18 09:12:50","188.52","0.00","2023-11-18 00:00:00","2026-04-27 19:22:25"
"7514","233","2025-07-05 09:13:50","140.78","0.00","2025-07-05 00:00:00","2026-04-27 19:22:25"
"7515","152","2023-06-08 11:12:33","66.02","0.00","2023-06-08 00:00:00","2026-04-27 19:22:25"
"7516","255","2021-08-15 12:33:08","250.92","0.00","2021-08-15 00:00:00","2026-04-27 19:22:25"
"7517","275","2022-06-07 17:49:46","100.04","0.00","2022-06-07 00:00:00","2026-04-27 19:22:25"
"7518","42","2026-04-14 15:30:58","93.30","0.00","2026-04-14 00:00:00","2026-04-27 19:22:25"
"7519","289","2026-03-03 18:18:56","111.15","0.00","2026-03-03 00:00:00","2026-04-27 19:22:25"
"7520","24","2022-10-25 09:56:06","136.19","0.00","2022-10-25 00:00:00","2026-04-27 19:22:25"
"7521","86","2026-03-10 09:44:07","51.19","5.00","2026-03-10 00:00:00","2026-04-27 19:22:25"
"7522","205","2024-01-21 16:56:47","196.38","0.00","2024-01-21 00:00:00","2026-04-27 19:22:25"
"7523","67","2025-05-16 12:03:27","126.51","0.00","2025-05-16 00:00:00","2026-04-27 19:22:25"
"7524","249","2025-05-05 10:57:38","103.28","0.00","2025-05-05 00:00:00","2026-04-27 19:22:25"
"7525","171","2023-02-18 18:06:01","140.83","0.00","2023-02-18 00:00:00","2026-04-27 19:22:25"
"7526","166","2021-12-18 03:32:10","143.55","0.00","2021-12-18 00:00:00","2026-04-27 19:22:25"
"7527","21","2025-05-26 18:35:17","197.99","0.00","2025-05-26 00:00:00","2026-04-27 19:22:25"
"7528","2","2023-09-03 07:23:34","234.40","0.00","2023-09-03 00:00:00","2026-04-27 19:22:25"
"7529","296","2025-09-17 07:19:50","167.11","0.00","2025-09-17 00:00:00","2026-04-27 19:22:25"
"7530","29","2024-07-05 15:10:11","0.00","0.00","2024-07-05 00:00:00","2026-04-27 19:22:25"
"7531","57","2024-08-14 16:04:16","62.99","0.00","2024-08-14 00:00:00","2026-04-27 19:22:25"
"7532","228","2025-10-16 11:09:19","30.30","10.00","2025-10-16 00:00:00","2026-04-27 19:22:25"
"7533","242","2021-08-10 19:11:06","184.55","0.00","2021-08-10 00:00:00","2026-04-27 19:22:25"
"7534","128","2023-07-26 07:22:44","305.75","0.00","2023-07-26 00:00:00","2026-04-27 19:22:25"
"7535","251","2026-04-07 08:18:24","0.00","0.00","2026-04-07 00:00:00","2026-04-27 19:22:25"
"7536","41","2026-02-03 15:14:34","160.60","0.00","2026-02-03 00:00:00","2026-04-27 19:22:25"
"7537","229","2026-04-13 10:36:01","239.46","0.00","2026-04-13 00:00:00","2026-04-27 19:22:25"
"7538","104","2025-11-24 13:50:11","72.56","0.00","2025-11-24 00:00:00","2026-04-27 19:22:25"
"7539","254","2026-03-22 15:27:38","101.47","0.00","2026-03-22 00:00:00","2026-04-27 19:22:25"
"7540","265","2025-04-17 09:21:18","412.18","0.00","2025-04-17 00:00:00","2026-04-27 19:22:25"
"7541","67","2023-05-05 14:46:33","94.91","0.00","2023-05-05 00:00:00","2026-04-27 19:22:25"
"7542","290","2022-01-23 17:09:35","18.99","10.00","2022-01-23 00:00:00","2026-04-27 19:22:25"
"7543","123","2025-11-26 19:53:46","136.07","0.00","2025-11-26 00:00:00","2026-04-27 19:22:25"
"7544","20","2021-05-15 15:19:54","9.00","25.00","2021-05-15 00:00:00","2026-04-27 19:22:25"
"7545","111","2026-03-12 19:19:37","309.91","0.00","2026-03-12 00:00:00","2026-04-27 19:22:25"
"7546","265","2025-06-06 10:30:30","47.63","5.00","2025-06-06 00:00:00","2026-04-27 19:22:25"
"7547","295","2026-02-28 17:28:12","169.14","0.00","2026-02-28 00:00:00","2026-04-27 19:22:25"
"7548","93","2024-11-30 08:30:42","273.61","0.00","2024-11-30 00:00:00","2026-04-27 19:22:25"
"7549","133","2023-01-04 11:44:09","6.55","25.00","2023-01-04 00:00:00","2026-04-27 19:22:25"
"7550","2","2025-08-09 14:19:21","225.34","0.00","2025-08-09 00:00:00","2026-04-27 19:22:25"
"7551","188","2025-10-17 02:53:26","8.91","10.00","2025-10-17 00:00:00","2026-04-27 19:22:25"
"7552","43","2022-06-05 12:48:13","39.24","10.00","2022-06-05 00:00:00","2026-04-27 19:22:25"
"7553","131","2025-04-01 01:42:42","77.59","0.00","2025-04-01 00:00:00","2026-04-27 19:22:25"
"7554","53","2026-02-08 19:26:24","152.31","0.00","2026-02-08 00:00:00","2026-04-27 19:22:25"
"7555","171","2025-03-07 08:25:43","201.69","0.00","2025-03-07 00:00:00","2026-04-27 19:22:25"
"7556","158","2023-10-06 14:09:31","86.00","0.00","2023-10-06 00:00:00","2026-04-27 19:22:25"
"7557","134","2025-08-07 11:11:33","153.25","0.00","2025-08-07 00:00:00","2026-04-27 19:22:25"
"7558","151","2023-12-08 16:36:58","46.85","5.00","2023-12-08 00:00:00","2026-04-27 19:22:25"
"7559","165","2025-10-09 13:38:07","228.76","0.00","2025-10-09 00:00:00","2026-04-27 19:22:25"
"7560","210","2024-05-30 09:18:12","43.92","10.00","2024-05-30 00:00:00","2026-04-27 19:22:25"
"7561","243","2025-03-03 10:59:41","201.34","0.00","2025-03-03 00:00:00","2026-04-27 19:22:25"
"7562","222","2022-07-14 12:04:30","78.96","0.00","2022-07-14 00:00:00","2026-04-27 19:22:25"
"7563","62","2025-04-29 10:14:07","107.52","0.00","2025-04-29 00:00:00","2026-04-27 19:22:25"
"7564","154","2025-03-18 08:59:02","178.96","0.00","2025-03-18 00:00:00","2026-04-27 19:22:25"
"7565","150","2026-03-31 11:59:28","72.42","5.00","2026-03-31 00:00:00","2026-04-27 19:22:25"
"7566","16","2026-04-15 17:29:10","88.06","0.00","2026-04-15 00:00:00","2026-04-27 19:22:25"
"7567","104","2024-03-15 13:34:51","159.38","0.00","2024-03-15 00:00:00","2026-04-27 19:22:25"
"7568","230","2024-06-22 12:27:34","94.21","0.00","2024-06-22 00:00:00","2026-04-27 19:22:25"
"7569","253","2022-07-10 19:04:34","44.01","5.00","2022-07-10 00:00:00","2026-04-27 19:22:25"
"7570","110","2026-03-19 08:36:50","34.06","5.00","2026-03-19 00:00:00","2026-04-27 19:22:25"
"7571","102","2025-11-08 15:16:53","146.32","0.00","2025-11-08 00:00:00","2026-04-27 19:22:25"
"7572","118","2021-09-05 09:48:59","40.35","5.00","2021-09-05 00:00:00","2026-04-27 19:22:25"
"7573","164","2026-03-21 19:48:17","160.25","0.00","2026-03-21 00:00:00","2026-04-27 19:22:25"
"7574","43","2024-05-29 12:16:33","0.00","0.00","2024-05-29 00:00:00","2026-04-27 19:22:25"
"7575","248","2021-07-13 07:38:22","36.37","5.00","2021-07-13 00:00:00","2026-04-27 19:22:25"
"7576","205","2023-12-29 07:22:49","246.44","0.00","2023-12-29 00:00:00","2026-04-27 19:22:25"
"7577","20","2021-09-13 08:22:06","65.46","5.00","2021-09-13 00:00:00","2026-04-27 19:22:25"
"7578","16","2026-04-08 17:28:07","233.44","0.00","2026-04-08 00:00:00","2026-04-27 19:22:25"
"7579","298","2025-07-05 16:30:42","90.82","0.00","2025-07-05 00:00:00","2026-04-27 19:22:25"
"7580","197","2025-10-30 07:56:30","96.76","0.00","2025-10-30 00:00:00","2026-04-27 19:22:25"
"7581","1","2025-06-10 04:35:51","292.51","0.00","2025-06-10 00:00:00","2026-04-27 19:22:25"
"7582","98","2020-11-04 11:00:38","225.44","0.00","2020-11-04 00:00:00","2026-04-27 19:22:25"
"7583","271","2022-11-27 19:21:50","73.87","0.00","2022-11-27 00:00:00","2026-04-27 19:22:25"
"7584","225","2026-03-24 12:43:56","81.83","0.00","2026-03-24 00:00:00","2026-04-27 19:22:25"
"7585","114","2021-07-30 18:26:47","87.32","0.00","2021-07-30 00:00:00","2026-04-27 19:22:25"
"7586","144","2020-05-31 09:57:15","175.75","0.00","2020-05-31 00:00:00","2026-04-27 19:22:25"
"7587","60","2025-08-14 15:12:29","43.76","5.00","2025-08-14 00:00:00","2026-04-27 19:22:25"
"7588","190","2025-10-23 09:18:57","81.05","0.00","2025-10-23 00:00:00","2026-04-27 19:22:25"
"7589","56","2026-02-24 07:30:35","158.04","0.00","2026-02-24 00:00:00","2026-04-27 19:22:25"
"7590","77","2024-11-05 13:34:46","158.91","0.00","2024-11-05 00:00:00","2026-04-27 19:22:25"
"7591","197","2025-08-15 11:39:45","138.58","0.00","2025-08-15 00:00:00","2026-04-27 19:22:25"
"7592","32","2023-10-31 08:06:48","49.95","10.00","2023-10-31 00:00:00","2026-04-27 19:22:25"
"7593","23","2024-08-25 08:03:01","405.75","0.00","2024-08-25 00:00:00","2026-04-27 19:22:25"
"7594","158","2024-05-01 19:35:09","261.28","0.00","2024-05-01 00:00:00","2026-04-27 19:22:25"
"7595","90","2025-10-28 18:08:04","186.60","0.00","2025-10-28 00:00:00","2026-04-27 19:22:25"
"7596","79","2025-11-12 08:46:55","28.48","5.00","2025-11-12 00:00:00","2026-04-27 19:22:25"
"7597","64","2025-08-05 16:30:32","209.66","0.00","2025-08-05 00:00:00","2026-04-27 19:22:25"
"7598","158","2024-11-11 12:46:04","146.04","0.00","2024-11-11 00:00:00","2026-04-27 19:22:25"
"7599","180","2024-12-27 10:14:55","24.96","10.00","2024-12-27 00:00:00","2026-04-27 19:22:25"
"7600","211","2024-11-01 07:48:59","134.06","0.00","2024-11-01 00:00:00","2026-04-27 19:22:25"
"7601","39","2020-10-27 18:43:59","129.81","0.00","2020-10-27 00:00:00","2026-04-27 19:22:25"
"7602","9","2024-01-17 07:16:32","193.27","0.00","2024-01-17 00:00:00","2026-04-27 19:22:25"
"7603","32","2023-08-16 00:31:23","111.37","0.00","2023-08-16 00:00:00","2026-04-27 19:22:25"
"7604","231","2020-11-23 15:37:32","190.22","0.00","2020-11-23 00:00:00","2026-04-27 19:22:25"
"7605","209","2025-05-30 08:14:17","430.92","0.00","2025-05-30 00:00:00","2026-04-27 19:22:25"
"7606","167","2023-12-27 08:41:42","53.28","0.00","2023-12-27 00:00:00","2026-04-27 19:22:25"
"7607","97","2024-08-26 11:14:50","110.57","0.00","2024-08-26 00:00:00","2026-04-27 19:22:25"
"7608","107","2026-02-16 10:54:14","90.96","0.00","2026-02-16 00:00:00","2026-04-27 19:22:25"
"7609","281","2025-11-22 16:02:05","61.61","0.00","2025-11-22 00:00:00","2026-04-27 19:22:25"
"7610","146","2025-11-08 15:47:12","119.92","0.00","2025-11-08 00:00:00","2026-04-27 19:22:25"
"7611","101","2022-08-04 07:23:09","173.24","0.00","2022-08-04 00:00:00","2026-04-27 19:22:25"
"7612","87","2026-04-11 08:03:23","49.88","5.00","2026-04-11 00:00:00","2026-04-27 19:22:25"
"7613","226","2023-11-18 08:28:40","167.04","0.00","2023-11-18 00:00:00","2026-04-27 19:22:25"
"7614","262","2024-07-03 08:24:34","91.06","0.00","2024-07-03 00:00:00","2026-04-27 19:22:25"
"7615","32","2023-08-08 09:40:58","130.40","0.00","2023-08-08 00:00:00","2026-04-27 19:22:25"
"7616","45","2023-06-21 07:39:55","92.54","0.00","2023-06-21 00:00:00","2026-04-27 19:22:25"
"7617","117","2025-09-20 11:09:12","345.26","0.00","2025-09-20 00:00:00","2026-04-27 19:22:25"
"7618","6","2024-05-27 07:15:05","98.67","0.00","2024-05-27 00:00:00","2026-04-27 19:22:25"
"7619","101","2024-08-18 05:01:47","99.97","0.00","2024-08-18 00:00:00","2026-04-27 19:22:25"
"7620","165","2026-04-06 07:35:54","0.00","0.00","2026-04-06 00:00:00","2026-04-27 19:22:25"
"7621","77","2024-11-29 07:35:37","14.00","10.00","2024-11-29 00:00:00","2026-04-27 19:22:25"
"7622","234","2025-03-23 11:21:29","211.10","0.00","2025-03-23 00:00:00","2026-04-27 19:22:25"
"7623","258","2025-07-20 11:58:17","48.88","5.00","2025-07-20 00:00:00","2026-04-27 19:22:25"
"7624","97","2025-11-11 19:52:40","303.51","0.00","2025-11-11 00:00:00","2026-04-27 19:22:25"
"7625","153","2021-10-17 09:40:38","88.49","0.00","2021-10-17 00:00:00","2026-04-27 19:22:25"
"7626","66","2023-06-16 10:50:57","163.03","0.00","2023-06-16 00:00:00","2026-04-27 19:22:25"
"7627","159","2025-08-22 14:21:31","23.76","10.00","2025-08-22 00:00:00","2026-04-27 19:22:25"
"7628","105","2022-12-11 10:31:33","33.46","10.00","2022-12-11 00:00:00","2026-04-27 19:22:25"
"7629","244","2025-05-01 14:45:20","11.85","10.00","2025-05-01 00:00:00","2026-04-27 19:22:25"
"7630","291","2024-12-05 11:31:05","109.01","0.00","2024-12-05 00:00:00","2026-04-27 19:22:25"
"7631","206","2026-02-03 08:53:53","209.84","0.00","2026-02-03 00:00:00","2026-04-27 19:22:25"
"7632","273","2022-11-10 07:08:00","125.24","0.00","2022-11-10 00:00:00","2026-04-27 19:22:25"
"7633","193","2026-03-06 08:58:35","113.67","0.00","2026-03-06 00:00:00","2026-04-27 19:22:25"
"7634","170","2022-12-20 15:26:38","126.37","0.00","2022-12-20 00:00:00","2026-04-27 19:22:25"
"7635","180","2025-02-19 09:30:10","239.07","0.00","2025-02-19 00:00:00","2026-04-27 19:22:25"
"7636","25","2024-12-16 10:12:59","42.45","10.00","2024-12-16 00:00:00","2026-04-27 19:22:25"
"7637","34","2025-12-16 15:47:19","28.63","5.00","2025-12-16 00:00:00","2026-04-27 19:22:25"
"7638","238","2023-10-22 12:18:57","79.61","0.00","2023-10-22 00:00:00","2026-04-27 19:22:25"
"7639","62","2022-06-15 08:40:15","128.44","0.00","2022-06-15 00:00:00","2026-04-27 19:22:25"
"7640","116","2025-10-18 16:35:52","244.49","0.00","2025-10-18 00:00:00","2026-04-27 19:22:25"
"7641","279","2026-02-27 08:26:10","121.89","0.00","2026-02-27 00:00:00","2026-04-27 19:22:25"
"7642","268","2024-11-23 12:40:31","65.15","5.00","2024-11-23 00:00:00","2026-04-27 19:22:25"
"7643","89","2026-01-01 09:08:45","98.39","0.00","2026-01-01 00:00:00","2026-04-27 19:22:25"
"7644","28","2023-05-20 16:08:41","177.70","0.00","2023-05-20 00:00:00","2026-04-27 19:22:25"
"7645","31","2023-07-07 12:55:56","234.52","0.00","2023-07-07 00:00:00","2026-04-27 19:22:25"
"7646","289","2025-01-07 05:08:20","78.33","0.00","2025-01-07 00:00:00","2026-04-27 19:22:25"
"7647","1","2026-01-30 15:44:06","113.98","0.00","2026-01-30 00:00:00","2026-04-27 19:22:25"
"7648","76","2025-03-02 11:46:28","166.81","0.00","2025-03-02 00:00:00","2026-04-27 19:22:25"
"7649","140","2026-04-15 10:50:10","107.09","0.00","2026-04-15 00:00:00","2026-04-27 19:22:25"
"7650","27","2026-03-08 19:46:05","74.07","5.00","2026-03-08 00:00:00","2026-04-27 19:22:25"
"7651","261","2025-03-12 14:43:21","191.82","0.00","2025-03-12 00:00:00","2026-04-27 19:22:25"
"7652","291","2024-11-17 17:11:37","70.41","0.00","2024-11-17 00:00:00","2026-04-27 19:22:25"
"7653","25","2023-10-21 18:46:13","196.82","0.00","2023-10-21 00:00:00","2026-04-27 19:22:25"
"7654","253","2023-10-22 08:42:48","24.28","10.00","2023-10-22 00:00:00","2026-04-27 19:22:25"
"7655","100","2024-02-04 06:05:32","48.39","5.00","2024-02-04 00:00:00","2026-04-27 19:22:25"
"7656","183","2020-12-07 14:09:21","6.79","10.00","2020-12-07 00:00:00","2026-04-27 19:22:25"
"7657","197","2025-07-18 14:24:37","87.87","0.00","2025-07-18 00:00:00","2026-04-27 19:22:25"
"7658","97","2024-07-02 08:54:50","25.30","5.00","2024-07-02 00:00:00","2026-04-27 19:22:25"
"7659","286","2024-11-14 18:48:30","72.15","0.00","2024-11-14 00:00:00","2026-04-27 19:22:25"
"7660","224","2021-12-02 10:57:37","105.80","0.00","2021-12-02 00:00:00","2026-04-27 19:22:25"
"7661","135","2026-03-27 14:26:52","217.64","0.00","2026-03-27 00:00:00","2026-04-27 19:22:25"
"7662","151","2023-11-20 15:43:56","209.45","0.00","2023-11-20 00:00:00","2026-04-27 19:22:25"
"7663","5","2025-10-10 18:45:07","82.00","0.00","2025-10-10 00:00:00","2026-04-27 19:22:25"
"7664","73","2020-07-18 16:55:44","0.00","0.00","2020-07-18 00:00:00","2026-04-27 19:22:25"
"7665","166","2024-10-06 09:26:33","132.46","0.00","2024-10-06 00:00:00","2026-04-27 19:22:25"
"7666","129","2025-01-20 18:38:40","71.36","0.00","2025-01-20 00:00:00","2026-04-27 19:22:25"
"7667","196","2026-03-31 15:00:32","67.34","0.00","2026-03-31 00:00:00","2026-04-27 19:22:25"
"7668","254","2026-03-19 08:02:59","68.60","5.00","2026-03-19 00:00:00","2026-04-27 19:22:25"
"7669","160","2023-10-31 07:16:58","68.49","5.00","2023-10-31 00:00:00","2026-04-27 19:22:25"
"7670","278","2026-03-20 13:30:32","200.99","0.00","2026-03-20 00:00:00","2026-04-27 19:22:25"
"7671","198","2026-03-27 13:04:22","18.12","25.00","2026-03-27 00:00:00","2026-04-27 19:22:25"
"7672","91","2024-04-02 09:58:53","249.69","0.00","2024-04-02 00:00:00","2026-04-27 19:22:25"
"7673","238","2026-03-25 19:16:27","5.03","10.00","2026-03-25 00:00:00","2026-04-27 19:22:25"
"7674","190","2025-05-28 18:45:22","92.44","0.00","2025-05-28 00:00:00","2026-04-27 19:22:25"
"7675","39","2022-05-11 05:08:23","17.49","10.00","2022-05-11 00:00:00","2026-04-27 19:22:25"
"7676","243","2025-07-11 12:59:05","125.55","0.00","2025-07-11 00:00:00","2026-04-27 19:22:25"
"7677","291","2025-10-02 11:14:45","135.97","0.00","2025-10-02 00:00:00","2026-04-27 19:22:25"
"7678","54","2024-08-01 12:03:27","71.93","5.00","2024-08-01 00:00:00","2026-04-27 19:22:25"
"7679","120","2026-01-26 10:59:47","66.87","0.00","2026-01-26 00:00:00","2026-04-27 19:22:25"
"7680","258","2025-12-28 09:05:13","60.32","0.00","2025-12-28 00:00:00","2026-04-27 19:22:25"
"7681","170","2023-07-26 08:19:20","233.42","0.00","2023-07-26 00:00:00","2026-04-27 19:22:25"
"7682","244","2025-10-14 07:28:25","39.34","5.00","2025-10-14 00:00:00","2026-04-27 19:22:25"
"7683","19","2025-10-21 07:38:45","71.75","0.00","2025-10-21 00:00:00","2026-04-27 19:22:25"
"7684","102","2025-11-26 09:47:43","44.25","10.00","2025-11-26 00:00:00","2026-04-27 19:22:25"
"7685","19","2026-03-19 10:35:47","182.45","0.00","2026-03-19 00:00:00","2026-04-27 19:22:25"
"7686","76","2024-10-07 14:52:57","12.50","10.00","2024-10-07 00:00:00","2026-04-27 19:22:25"
"7687","239","2024-03-21 10:35:50","214.24","0.00","2024-03-21 00:00:00","2026-04-27 19:22:25"
"7688","193","2025-07-28 18:57:10","82.36","0.00","2025-07-28 00:00:00","2026-04-27 19:22:25"
"7689","144","2020-07-04 08:59:54","126.20","0.00","2020-07-04 00:00:00","2026-04-27 19:22:25"
"7690","196","2026-02-18 11:56:19","65.23","0.00","2026-02-18 00:00:00","2026-04-27 19:22:25"
"7691","200","2026-02-21 06:23:57","80.52","0.00","2026-02-21 00:00:00","2026-04-27 19:22:25"
"7692","221","2025-09-12 08:01:04","25.83","5.00","2025-09-12 00:00:00","2026-04-27 19:22:25"
"7693","207","2025-08-17 14:05:10","263.12","0.00","2025-08-17 00:00:00","2026-04-27 19:22:25"
"7694","25","2025-01-07 07:05:52","41.92","10.00","2025-01-07 00:00:00","2026-04-27 19:22:25"
"7695","126","2023-12-31 19:26:19","5.86","10.00","2023-12-31 00:00:00","2026-04-27 19:22:25"
"7696","3","2024-12-16 15:52:40","60.33","5.00","2024-12-16 00:00:00","2026-04-27 19:22:25"
"7697","187","2022-09-02 02:44:45","325.54","0.00","2022-09-02 00:00:00","2026-04-27 19:22:25"
"7698","85","2026-04-08 15:10:10","263.55","0.00","2026-04-08 00:00:00","2026-04-27 19:22:25"
"7699","76","2023-12-10 12:00:23","54.72","0.00","2023-12-10 00:00:00","2026-04-27 19:22:25"
"7700","51","2026-03-05 07:45:29","101.09","0.00","2026-03-05 00:00:00","2026-04-27 19:22:25"
"7701","217","2023-08-22 12:52:34","103.60","0.00","2023-08-22 00:00:00","2026-04-27 19:22:25"
"7702","198","2024-12-22 15:53:53","15.24","25.00","2024-12-22 00:00:00","2026-04-27 19:22:25"
"7703","52","2026-04-06 07:48:37","152.76","0.00","2026-04-06 00:00:00","2026-04-27 19:22:25"
"7704","18","2025-03-08 09:40:43","132.16","0.00","2025-03-08 00:00:00","2026-04-27 19:22:25"
"7705","179","2022-12-15 17:10:29","219.01","0.00","2022-12-15 00:00:00","2026-04-27 19:22:25"
"7706","79","2025-03-21 09:16:45","159.05","0.00","2025-03-21 00:00:00","2026-04-27 19:22:25"
"7707","241","2024-07-19 17:38:02","89.21","0.00","2024-07-19 00:00:00","2026-04-27 19:22:25"
"7708","76","2025-02-19 11:02:43","149.15","0.00","2025-02-19 00:00:00","2026-04-27 19:22:25"
"7709","56","2024-11-23 13:16:19","84.23","0.00","2024-11-23 00:00:00","2026-04-27 19:22:25"
"7710","112","2024-10-07 09:39:49","85.05","0.00","2024-10-07 00:00:00","2026-04-27 19:22:25"
"7711","152","2024-01-25 12:56:52","161.29","0.00","2024-01-25 00:00:00","2026-04-27 19:22:25"
"7712","28","2023-04-28 12:30:49","74.26","0.00","2023-04-28 00:00:00","2026-04-27 19:22:25"
"7713","37","2023-10-14 14:41:59","62.24","5.00","2023-10-14 00:00:00","2026-04-27 19:22:25"
"7714","142","2025-12-21 07:42:06","123.80","0.00","2025-12-21 00:00:00","2026-04-27 19:22:25"
"7715","72","2025-11-01 16:11:57","24.90","10.00","2025-11-01 00:00:00","2026-04-27 19:22:25"
"7716","138","2021-06-13 10:46:42","47.16","5.00","2021-06-13 00:00:00","2026-04-27 19:22:25"
"7717","49","2021-08-18 17:14:55","7.04","10.00","2021-08-18 00:00:00","2026-04-27 19:22:25"
"7718","239","2024-03-22 09:21:06","139.20","0.00","2024-03-22 00:00:00","2026-04-27 19:22:25"
"7719","139","2023-11-04 17:41:06","46.34","5.00","2023-11-04 00:00:00","2026-04-27 19:22:25"
"7720","257","2025-12-02 10:58:37","0.00","0.00","2025-12-02 00:00:00","2026-04-27 19:22:25"
"7721","178","2025-03-20 11:16:48","73.31","5.00","2025-03-20 00:00:00","2026-04-27 19:22:25"
"7722","203","2024-06-14 16:24:12","198.10","0.00","2024-06-14 00:00:00","2026-04-27 19:22:25"
"7723","43","2023-10-04 09:56:07","133.96","0.00","2023-10-04 00:00:00","2026-04-27 19:22:25"
"7724","171","2025-08-20 07:39:47","159.35","0.00","2025-08-20 00:00:00","2026-04-27 19:22:25"
"7725","152","2023-08-20 16:13:10","115.41","0.00","2023-08-20 00:00:00","2026-04-27 19:22:25"
"7726","249","2024-08-26 16:22:03","148.66","0.00","2024-08-26 00:00:00","2026-04-27 19:22:25"
"7727","208","2022-09-12 16:37:15","204.87","0.00","2022-09-12 00:00:00","2026-04-27 19:22:25"
"7728","9","2025-04-13 14:47:42","49.14","5.00","2025-04-13 00:00:00","2026-04-27 19:22:25"
"7729","237","2026-03-16 14:01:41","87.03","0.00","2026-03-16 00:00:00","2026-04-27 19:22:25"
"7730","127","2026-02-19 18:13:28","201.96","0.00","2026-02-19 00:00:00","2026-04-27 19:22:25"
"7731","299","2023-09-10 07:40:51","55.17","0.00","2023-09-10 00:00:00","2026-04-27 19:22:25"
"7732","138","2021-08-09 18:17:57","151.64","0.00","2021-08-09 00:00:00","2026-04-27 19:22:25"
"7733","209","2025-02-21 03:09:06","188.54","0.00","2025-02-21 00:00:00","2026-04-27 19:22:25"
"7734","264","2024-05-10 10:58:46","228.55","0.00","2024-05-10 00:00:00","2026-04-27 19:22:25"
"7735","132","2022-02-20 08:08:07","173.42","0.00","2022-02-20 00:00:00","2026-04-27 19:22:25"
"7736","159","2025-04-27 17:12:40","123.95","0.00","2025-04-27 00:00:00","2026-04-27 19:22:25"
"7737","12","2023-06-29 08:29:46","47.88","5.00","2023-06-29 00:00:00","2026-04-27 19:22:25"
"7738","124","2025-10-16 16:06:35","3.36","10.00","2025-10-16 00:00:00","2026-04-27 19:22:25"
"7739","32","2023-04-12 11:01:41","77.03","0.00","2023-04-12 00:00:00","2026-04-27 19:22:25"
"7740","78","2025-11-30 18:55:12","319.05","0.00","2025-11-30 00:00:00","2026-04-27 19:22:25"
"7741","107","2025-11-16 15:58:16","178.93","0.00","2025-11-16 00:00:00","2026-04-27 19:22:25"
"7742","242","2022-03-25 14:03:48","115.03","0.00","2022-03-25 00:00:00","2026-04-27 19:22:25"
"7743","13","2024-09-18 08:39:22","111.84","0.00","2024-09-18 00:00:00","2026-04-27 19:22:25"
"7744","275","2020-12-26 08:51:17","87.32","0.00","2020-12-26 00:00:00","2026-04-27 19:22:25"
"7745","199","2024-07-11 09:35:31","73.80","0.00","2024-07-11 00:00:00","2026-04-27 19:22:25"
"7746","43","2020-09-03 09:45:51","115.99","0.00","2020-09-03 00:00:00","2026-04-27 19:22:25"
"7747","57","2023-10-28 07:57:42","103.44","0.00","2023-10-28 00:00:00","2026-04-27 19:22:25"
"7748","204","2025-12-26 07:25:10","165.91","0.00","2025-12-26 00:00:00","2026-04-27 19:22:25"
"7749","184","2026-04-04 07:09:11","76.40","0.00","2026-04-04 00:00:00","2026-04-27 19:22:25"
"7750","214","2024-07-02 18:53:51","24.26","10.00","2024-07-02 00:00:00","2026-04-27 19:22:25"
"7751","278","2026-02-25 07:17:24","179.12","0.00","2026-02-25 00:00:00","2026-04-27 19:22:25"
"7752","134","2021-01-29 16:51:16","205.70","0.00","2021-01-29 00:00:00","2026-04-27 19:22:25"
"7753","62","2025-01-28 07:13:47","67.12","5.00","2025-01-28 00:00:00","2026-04-27 19:22:25"
"7754","135","2026-02-24 12:23:06","87.94","0.00","2026-02-24 00:00:00","2026-04-27 19:22:25"
"7755","116","2025-05-07 16:04:26","58.48","5.00","2025-05-07 00:00:00","2026-04-27 19:22:25"
"7756","104","2025-02-19 09:07:25","185.52","0.00","2025-02-19 00:00:00","2026-04-27 19:22:25"
"7757","171","2024-09-23 07:37:15","138.93","0.00","2024-09-23 00:00:00","2026-04-27 19:22:25"
"7758","41","2026-02-03 11:41:58","93.22","0.00","2026-02-03 00:00:00","2026-04-27 19:22:25"
"7759","35","2022-09-29 03:19:16","86.85","0.00","2022-09-29 00:00:00","2026-04-27 19:22:25"
"7760","294","2024-09-22 14:57:23","261.98","0.00","2024-09-22 00:00:00","2026-04-27 19:22:25"
"7761","209","2025-06-22 10:09:39","118.70","0.00","2025-06-22 00:00:00","2026-04-27 19:22:25"
"7762","88","2025-11-02 02:06:20","71.80","0.00","2025-11-02 00:00:00","2026-04-27 19:22:25"
"7763","295","2025-09-15 11:15:59","0.00","0.00","2025-09-15 00:00:00","2026-04-27 19:22:25"
"7764","59","2023-06-25 17:29:04","17.82","25.00","2023-06-25 00:00:00","2026-04-27 19:22:25"
"7765","162","2025-01-22 08:46:25","208.27","0.00","2025-01-22 00:00:00","2026-04-27 19:22:25"
"7766","136","2026-04-15 07:29:52","6.44","25.00","2026-04-15 00:00:00","2026-04-27 19:22:25"
"7767","223","2025-09-17 08:58:35","80.18","0.00","2025-09-17 00:00:00","2026-04-27 19:22:25"
"7768","48","2025-04-17 14:55:25","27.36","5.00","2025-04-17 00:00:00","2026-04-27 19:22:25"
"7769","293","2025-05-06 12:26:25","91.95","0.00","2025-05-06 00:00:00","2026-04-27 19:22:25"
"7770","39","2022-05-22 09:54:17","8.60","10.00","2022-05-22 00:00:00","2026-04-27 19:22:25"
"7771","237","2026-04-11 07:37:48","138.54","0.00","2026-04-11 00:00:00","2026-04-27 19:22:25"
"7772","34","2025-08-20 13:14:10","34.08","5.00","2025-08-20 00:00:00","2026-04-27 19:22:25"
"7773","192","2025-12-23 12:48:18","184.36","0.00","2025-12-23 00:00:00","2026-04-27 19:22:25"
"7774","122","2025-12-29 14:55:22","0.00","0.00","2025-12-29 00:00:00","2026-04-27 19:22:25"
"7775","15","2026-01-07 13:30:26","7.01","10.00","2026-01-07 00:00:00","2026-04-27 19:22:25"
"7776","225","2026-03-16 08:20:06","52.68","0.00","2026-03-16 00:00:00","2026-04-27 19:22:25"
"7777","62","2024-05-26 11:08:19","32.70","10.00","2024-05-26 00:00:00","2026-04-27 19:22:25"
"7778","31","2021-04-18 11:12:28","65.52","5.00","2021-04-18 00:00:00","2026-04-27 19:22:25"
"7779","91","2026-04-07 08:37:31","82.13","0.00","2026-04-07 00:00:00","2026-04-27 19:22:25"
"7780","150","2026-01-09 07:49:27","169.13","0.00","2026-01-09 00:00:00","2026-04-27 19:22:25"
"7781","203","2026-04-13 06:51:35","56.11","5.00","2026-04-13 00:00:00","2026-04-27 19:22:25"
"7782","2","2026-03-28 11:32:17","23.61","25.00","2026-03-28 00:00:00","2026-04-27 19:22:25"
"7783","135","2026-04-09 09:56:48","96.00","0.00","2026-04-09 00:00:00","2026-04-27 19:22:25"
"7784","154","2025-11-05 15:17:43","2.65","10.00","2025-11-05 00:00:00","2026-04-27 19:22:25"
"7785","35","2026-01-09 07:11:50","134.59","0.00","2026-01-09 00:00:00","2026-04-27 19:22:25"
"7786","84","2025-09-06 08:50:09","35.42","5.00","2025-09-06 00:00:00","2026-04-27 19:22:25"
"7787","255","2025-07-11 15:21:58","69.82","0.00","2025-07-11 00:00:00","2026-04-27 19:22:25"
"7788","197","2024-09-30 09:43:33","114.70","0.00","2024-09-30 00:00:00","2026-04-27 19:22:25"
"7789","181","2022-08-10 08:40:28","131.10","0.00","2022-08-10 00:00:00","2026-04-27 19:22:25"
"7790","284","2025-03-01 11:41:03","49.26","5.00","2025-03-01 00:00:00","2026-04-27 19:22:25"
"7791","168","2024-03-06 11:44:24","27.54","5.00","2024-03-06 00:00:00","2026-04-27 19:22:25"
"7792","8","2026-03-17 06:48:25","111.95","0.00","2026-03-17 00:00:00","2026-04-27 19:22:25"
"7793","118","2022-07-19 08:42:23","165.34","0.00","2022-07-19 00:00:00","2026-04-27 19:22:25"
"7794","207","2025-03-28 09:13:05","137.13","0.00","2025-03-28 00:00:00","2026-04-27 19:22:25"
"7795","4","2026-03-07 08:56:22","289.54","0.00","2026-03-07 00:00:00","2026-04-27 19:22:25"
"7796","79","2025-10-15 19:36:16","17.52","10.00","2025-10-15 00:00:00","2026-04-27 19:22:25"
"7797","152","2024-12-22 19:57:00","13.32","10.00","2024-12-22 00:00:00","2026-04-27 19:22:25"
"7798","101","2025-03-01 19:59:15","224.99","0.00","2025-03-01 00:00:00","2026-04-27 19:22:25"
"7799","146","2023-04-02 16:26:15","22.39","25.00","2023-04-02 00:00:00","2026-04-27 19:22:25"
"7800","201","2025-12-11 07:07:41","45.56","10.00","2025-12-11 00:00:00","2026-04-27 19:22:25"
"7801","197","2026-03-11 13:22:54","6.33","25.00","2026-03-11 00:00:00","2026-04-27 19:22:25"
"7802","222","2025-12-16 13:42:19","456.70","0.00","2025-12-16 00:00:00","2026-04-27 19:22:25"
"7803","74","2023-04-14 15:17:45","145.17","0.00","2023-04-14 00:00:00","2026-04-27 19:22:25"
"7804","250","2022-10-23 08:26:25","69.27","5.00","2022-10-23 00:00:00","2026-04-27 19:22:25"
"7805","187","2022-09-17 02:56:32","190.77","0.00","2022-09-17 00:00:00","2026-04-27 19:22:25"
"7806","40","2025-07-25 07:13:10","98.10","0.00","2025-07-25 00:00:00","2026-04-27 19:22:25"
"7807","127","2026-03-27 15:11:16","182.67","0.00","2026-03-27 00:00:00","2026-04-27 19:22:25"
"7808","246","2023-03-25 04:57:05","160.01","0.00","2023-03-25 00:00:00","2026-04-27 19:22:25"
"7809","248","2022-11-14 14:36:43","65.51","0.00","2022-11-14 00:00:00","2026-04-27 19:22:25"
"7810","54","2025-03-13 00:41:11","0.00","0.00","2025-03-13 00:00:00","2026-04-27 19:22:25"
"7811","230","2024-09-24 04:53:20","37.71","5.00","2024-09-24 00:00:00","2026-04-27 19:22:25"
"7812","145","2024-10-28 12:08:55","199.95","0.00","2024-10-28 00:00:00","2026-04-27 19:22:25"
"7813","3","2025-01-31 11:07:15","105.90","0.00","2025-01-31 00:00:00","2026-04-27 19:22:25"
"7814","39","2023-06-16 07:08:16","289.41","0.00","2023-06-16 00:00:00","2026-04-27 19:22:25"
"7815","225","2025-10-03 08:00:15","140.53","0.00","2025-10-03 00:00:00","2026-04-27 19:22:25"
"7816","286","2024-08-21 15:46:20","161.31","0.00","2024-08-21 00:00:00","2026-04-27 19:22:25"
"7817","17","2023-01-28 18:09:14","260.47","0.00","2023-01-28 00:00:00","2026-04-27 19:22:25"
"7818","276","2026-03-24 02:11:49","130.41","0.00","2026-03-24 00:00:00","2026-04-27 19:22:25"
"7819","75","2026-01-17 11:15:45","117.07","0.00","2026-01-17 00:00:00","2026-04-27 19:22:25"
"7820","95","2024-06-24 18:22:11","185.81","0.00","2024-06-24 00:00:00","2026-04-27 19:22:25"
"7821","245","2025-02-23 09:38:20","139.88","0.00","2025-02-23 00:00:00","2026-04-27 19:22:25"
"7822","278","2025-11-01 09:30:21","270.84","0.00","2025-11-01 00:00:00","2026-04-27 19:22:25"
"7823","289","2025-12-04 12:25:25","70.08","0.00","2025-12-04 00:00:00","2026-04-27 19:22:25"
"7824","255","2022-07-31 06:02:22","29.55","5.00","2022-07-31 00:00:00","2026-04-27 19:22:25"
"7825","122","2026-02-20 08:38:06","288.98","0.00","2026-02-20 00:00:00","2026-04-27 19:22:25"
"7826","160","2024-08-01 15:04:41","140.19","0.00","2024-08-01 00:00:00","2026-04-27 19:22:25"
"7827","284","2025-03-16 19:15:21","252.84","0.00","2025-03-16 00:00:00","2026-04-27 19:22:25"
"7828","158","2025-02-15 19:49:11","200.82","0.00","2025-02-15 00:00:00","2026-04-27 19:22:25"
"7829","288","2021-10-18 18:50:37","77.04","0.00","2021-10-18 00:00:00","2026-04-27 19:22:25"
"7830","80","2025-02-04 07:55:37","263.24","0.00","2025-02-04 00:00:00","2026-04-27 19:22:25"
"7831","13","2023-10-20 19:46:54","157.09","0.00","2023-10-20 00:00:00","2026-04-27 19:22:25"
"7832","98","2020-11-25 14:28:02","336.73","0.00","2020-11-25 00:00:00","2026-04-27 19:22:25"
"7833","78","2025-07-27 08:57:57","91.90","0.00","2025-07-27 00:00:00","2026-04-27 19:22:25"
"7834","205","2024-02-12 08:43:02","99.10","0.00","2024-02-12 00:00:00","2026-04-27 19:22:25"
"7835","169","2025-05-02 10:14:59","70.45","5.00","2025-05-02 00:00:00","2026-04-27 19:22:25"
"7836","70","2026-02-03 12:26:30","112.87","0.00","2026-02-03 00:00:00","2026-04-27 19:22:25"
"7837","237","2026-01-27 16:23:08","88.69","0.00","2026-01-27 00:00:00","2026-04-27 19:22:25"
"7838","243","2026-04-04 10:42:25","147.66","0.00","2026-04-04 00:00:00","2026-04-27 19:22:25"
"7839","67","2023-09-20 17:43:23","100.13","0.00","2023-09-20 00:00:00","2026-04-27 19:22:25"
"7840","242","2022-10-30 09:42:46","96.94","0.00","2022-10-30 00:00:00","2026-04-27 19:22:25"
"7841","298","2024-07-03 07:16:43","46.15","10.00","2024-07-03 00:00:00","2026-04-27 19:22:25"
"7842","91","2025-03-26 08:52:21","71.93","0.00","2025-03-26 00:00:00","2026-04-27 19:22:25"
"7843","90","2025-10-11 18:51:38","137.16","0.00","2025-10-11 00:00:00","2026-04-27 19:22:25"
"7844","54","2026-01-12 07:42:42","0.00","0.00","2026-01-12 00:00:00","2026-04-27 19:22:25"
"7845","55","2024-12-14 18:54:06","78.13","0.00","2024-12-14 00:00:00","2026-04-27 19:22:25"
"7846","3","2025-03-24 07:42:03","257.83","0.00","2025-03-24 00:00:00","2026-04-27 19:22:25"
"7847","225","2025-10-10 14:56:18","7.20","10.00","2025-10-10 00:00:00","2026-04-27 19:22:25"
"7848","151","2023-11-06 07:46:23","66.82","0.00","2023-11-06 00:00:00","2026-04-27 19:22:25"
"7849","132","2021-09-04 08:35:55","226.77","0.00","2021-09-04 00:00:00","2026-04-27 19:22:25"
"7850","230","2025-12-01 08:06:10","184.93","0.00","2025-12-01 00:00:00","2026-04-27 19:22:25"
"7851","5","2025-10-11 11:13:39","49.20","10.00","2025-10-11 00:00:00","2026-04-27 19:22:25"
"7852","273","2020-06-16 18:40:44","127.65","0.00","2020-06-16 00:00:00","2026-04-27 19:22:25"
"7853","142","2025-05-17 08:27:51","18.52","10.00","2025-05-17 00:00:00","2026-04-27 19:22:25"
"7854","116","2025-05-06 06:49:20","145.39","0.00","2025-05-06 00:00:00","2026-04-27 19:22:25"
"7855","177","2024-06-29 11:56:19","80.30","0.00","2024-06-29 00:00:00","2026-04-27 19:22:25"
"7856","269","2025-08-01 08:19:29","26.66","10.00","2025-08-01 00:00:00","2026-04-27 19:22:25"
"7857","5","2025-05-03 10:43:30","246.27","0.00","2025-05-03 00:00:00","2026-04-27 19:22:25"
"7858","139","2023-11-22 12:07:55","124.68","0.00","2023-11-22 00:00:00","2026-04-27 19:22:25"
"7859","184","2026-04-02 13:57:50","400.31","0.00","2026-04-02 00:00:00","2026-04-27 19:22:25"
"7860","123","2026-02-14 10:10:47","57.55","5.00","2026-02-14 00:00:00","2026-04-27 19:22:25"
"7861","83","2023-08-29 19:24:08","48.30","5.00","2023-08-29 00:00:00","2026-04-27 19:22:25"
"7862","256","2025-09-06 10:55:19","56.93","5.00","2025-09-06 00:00:00","2026-04-27 19:22:25"
"7863","125","2021-10-09 07:29:24","52.78","0.00","2021-10-09 00:00:00","2026-04-27 19:22:25"
"7864","35","2022-02-28 14:30:15","62.72","5.00","2022-02-28 00:00:00","2026-04-27 19:22:25"
"7865","284","2025-11-14 07:13:05","129.59","0.00","2025-11-14 00:00:00","2026-04-27 19:22:25"
"7866","67","2020-01-30 07:08:22","96.28","0.00","2020-01-30 00:00:00","2026-04-27 19:22:25"
"7867","13","2025-12-28 12:54:41","192.91","0.00","2025-12-28 00:00:00","2026-04-27 19:22:25"
"7868","194","2024-04-22 08:27:35","213.97","0.00","2024-04-22 00:00:00","2026-04-27 19:22:25"
"7869","260","2021-10-02 08:57:07","72.76","0.00","2021-10-02 00:00:00","2026-04-27 19:22:25"
"7870","141","2026-01-18 07:31:47","51.93","0.00","2026-01-18 00:00:00","2026-04-27 19:22:25"
"7871","166","2025-05-22 16:49:18","21.70","10.00","2025-05-22 00:00:00","2026-04-27 19:22:25"
"7872","96","2025-03-09 13:39:11","131.05","0.00","2025-03-09 00:00:00","2026-04-27 19:22:25"
"7873","147","2025-03-10 09:26:28","116.20","0.00","2025-03-10 00:00:00","2026-04-27 19:22:25"
"7874","254","2021-06-18 18:08:06","303.06","0.00","2021-06-18 00:00:00","2026-04-27 19:22:25"
"7875","119","2025-07-07 13:24:57","53.38","5.00","2025-07-07 00:00:00","2026-04-27 19:22:25"
"7876","272","2024-09-25 19:09:52","80.98","0.00","2024-09-25 00:00:00","2026-04-27 19:22:25"
"7877","250","2022-02-19 07:17:09","86.06","0.00","2022-02-19 00:00:00","2026-04-27 19:22:25"
"7878","235","2024-04-14 08:12:41","119.76","0.00","2024-04-14 00:00:00","2026-04-27 19:22:25"
"7879","148","2024-07-21 03:26:46","181.46","0.00","2024-07-21 00:00:00","2026-04-27 19:22:25"
"7880","9","2025-10-30 15:54:57","52.18","0.00","2025-10-30 00:00:00","2026-04-27 19:22:25"
"7881","287","2022-03-11 14:14:45","36.68","10.00","2022-03-11 00:00:00","2026-04-27 19:22:25"
"7882","102","2026-03-13 18:09:14","143.31","0.00","2026-03-13 00:00:00","2026-04-27 19:22:25"
"7883","75","2026-03-01 03:59:13","312.87","0.00","2026-03-01 00:00:00","2026-04-27 19:22:25"
"7884","215","2024-01-08 11:07:15","210.75","0.00","2024-01-08 00:00:00","2026-04-27 19:22:25"
"7885","225","2026-01-14 09:01:39","274.85","0.00","2026-01-14 00:00:00","2026-04-27 19:22:25"
"7886","131","2024-10-24 11:59:35","42.54","10.00","2024-10-24 00:00:00","2026-04-27 19:22:25"
"7887","276","2026-02-06 08:50:00","36.05","10.00","2026-02-06 00:00:00","2026-04-27 19:22:25"
"7888","203","2026-02-28 13:23:50","133.57","0.00","2026-02-28 00:00:00","2026-04-27 19:22:25"
"7889","176","2026-03-06 17:26:01","174.04","0.00","2026-03-06 00:00:00","2026-04-27 19:22:25"
"7890","97","2025-12-16 07:00:08","54.68","0.00","2025-12-16 00:00:00","2026-04-27 19:22:25"
"7891","160","2024-04-01 07:45:02","212.13","0.00","2024-04-01 00:00:00","2026-04-27 19:22:25"
"7892","221","2025-06-12 09:41:54","192.24","0.00","2025-06-12 00:00:00","2026-04-27 19:22:25"
"7893","68","2026-03-30 15:24:22","81.27","0.00","2026-03-30 00:00:00","2026-04-27 19:22:25"
"7894","82","2024-09-01 07:32:37","242.93","0.00","2024-09-01 00:00:00","2026-04-27 19:22:25"
"7895","194","2024-04-21 14:01:41","41.30","5.00","2024-04-21 00:00:00","2026-04-27 19:22:25"
"7896","188","2026-01-11 15:00:12","42.31","5.00","2026-01-11 00:00:00","2026-04-27 19:22:25"
"7897","54","2024-12-24 16:12:59","104.10","0.00","2024-12-24 00:00:00","2026-04-27 19:22:25"
"7898","243","2025-08-23 16:18:33","28.41","10.00","2025-08-23 00:00:00","2026-04-27 19:22:25"
"7899","109","2025-10-08 07:57:43","154.95","0.00","2025-10-08 00:00:00","2026-04-27 19:22:25"
"7900","273","2020-12-12 07:34:14","109.15","0.00","2020-12-12 00:00:00","2026-04-27 19:22:25"
"7901","223","2022-05-23 16:44:50","72.60","0.00","2022-05-23 00:00:00","2026-04-27 19:22:25"
"7902","254","2025-04-08 07:28:54","254.74","0.00","2025-04-08 00:00:00","2026-04-27 19:22:25"
"7903","26","2024-11-29 19:14:26","83.82","0.00","2024-11-29 00:00:00","2026-04-27 19:22:25"
"7904","8","2026-04-09 19:19:49","153.75","0.00","2026-04-09 00:00:00","2026-04-27 19:22:25"
"7905","226","2025-08-15 13:12:01","19.84","10.00","2025-08-15 00:00:00","2026-04-27 19:22:25"
"7906","31","2023-05-29 14:47:31","11.13","25.00","2023-05-29 00:00:00","2026-04-27 19:22:25"
"7907","168","2025-12-25 19:51:25","194.25","0.00","2025-12-25 00:00:00","2026-04-27 19:22:25"
"7908","127","2026-04-10 15:54:59","31.85","5.00","2026-04-10 00:00:00","2026-04-27 19:22:25"
"7909","56","2025-12-25 12:23:18","220.11","0.00","2025-12-25 00:00:00","2026-04-27 19:22:25"
"7910","90","2025-05-09 17:45:31","12.20","10.00","2025-05-09 00:00:00","2026-04-27 19:22:25"
"7911","99","2025-04-09 10:29:08","149.97","0.00","2025-04-09 00:00:00","2026-04-27 19:22:25"
"7912","83","2025-01-05 16:47:53","138.84","0.00","2025-01-05 00:00:00","2026-04-27 19:22:25"
"7913","260","2021-10-20 18:58:17","103.45","0.00","2021-10-20 00:00:00","2026-04-27 19:22:25"
"7914","273","2026-03-24 17:18:12","45.12","10.00","2026-03-24 00:00:00","2026-04-27 19:22:25"
"7915","216","2024-05-19 19:23:06","151.11","0.00","2024-05-19 00:00:00","2026-04-27 19:22:25"
"7916","40","2025-07-09 14:08:22","0.00","0.00","2025-07-09 00:00:00","2026-04-27 19:22:25"
"7917","208","2026-04-06 13:12:59","5.40","25.00","2026-04-06 00:00:00","2026-04-27 19:22:25"
"7918","216","2025-10-17 18:17:48","107.27","0.00","2025-10-17 00:00:00","2026-04-27 19:22:25"
"7919","100","2025-04-13 15:04:44","80.39","0.00","2025-04-13 00:00:00","2026-04-27 19:22:25"
"7920","212","2023-03-19 14:39:56","111.03","0.00","2023-03-19 00:00:00","2026-04-27 19:22:25"
"7921","69","2025-12-25 07:44:20","64.60","0.00","2025-12-25 00:00:00","2026-04-27 19:22:25"
"7922","268","2024-01-19 13:28:13","93.71","0.00","2024-01-19 00:00:00","2026-04-27 19:22:25"
"7923","281","2022-11-20 08:26:41","95.26","0.00","2022-11-20 00:00:00","2026-04-27 19:22:25"
"7924","275","2022-01-28 15:24:22","138.82","0.00","2022-01-28 00:00:00","2026-04-27 19:22:25"
"7925","230","2026-01-10 00:37:44","200.86","0.00","2026-01-10 00:00:00","2026-04-27 19:22:25"
"7926","98","2026-03-07 06:05:37","85.80","0.00","2026-03-07 00:00:00","2026-04-27 19:22:25"
"7927","162","2025-08-23 08:39:17","325.45","0.00","2025-08-23 00:00:00","2026-04-27 19:22:25"
"7928","213","2025-12-10 17:57:41","153.35","0.00","2025-12-10 00:00:00","2026-04-27 19:22:25"
"7929","158","2024-05-20 18:37:27","123.53","0.00","2024-05-20 00:00:00","2026-04-27 19:22:25"
"7930","128","2023-01-30 16:04:22","63.07","0.00","2023-01-30 00:00:00","2026-04-27 19:22:25"
"7931","296","2024-02-14 09:20:43","29.72","5.00","2024-02-14 00:00:00","2026-04-27 19:22:25"
"7932","22","2023-10-06 18:18:03","68.68","0.00","2023-10-06 00:00:00","2026-04-27 19:22:25"
"7933","252","2026-02-19 18:53:58","140.63","0.00","2026-02-19 00:00:00","2026-04-27 19:22:25"
"7934","70","2025-04-01 11:57:25","181.71","0.00","2025-04-01 00:00:00","2026-04-27 19:22:25"
"7935","182","2024-05-27 10:19:35","105.40","0.00","2024-05-27 00:00:00","2026-04-27 19:22:25"
"7936","29","2025-08-04 04:49:59","63.90","0.00","2025-08-04 00:00:00","2026-04-27 19:22:25"
"7937","108","2026-03-24 15:07:02","44.52","5.00","2026-03-24 00:00:00","2026-04-27 19:22:25"
"7938","257","2026-01-29 02:53:22","217.00","0.00","2026-01-29 00:00:00","2026-04-27 19:22:25"
"7939","98","2024-12-22 19:05:39","121.56","0.00","2024-12-22 00:00:00","2026-04-27 19:22:25"
"7940","140","2026-04-09 07:37:30","110.61","0.00","2026-04-09 00:00:00","2026-04-27 19:22:25"
"7941","257","2026-01-28 07:28:31","114.45","0.00","2026-01-28 00:00:00","2026-04-27 19:22:25"
"7942","179","2023-12-14 14:47:31","54.79","0.00","2023-12-14 00:00:00","2026-04-27 19:22:25"
"7943","22","2024-03-22 15:53:55","106.24","0.00","2024-03-22 00:00:00","2026-04-27 19:22:25"
"7944","78","2025-12-16 07:56:06","69.05","0.00","2025-12-16 00:00:00","2026-04-27 19:22:25"
"7945","273","2022-02-15 09:35:28","0.00","0.00","2022-02-15 00:00:00","2026-04-27 19:22:25"
"7946","137","2026-04-14 15:46:19","190.96","0.00","2026-04-14 00:00:00","2026-04-27 19:22:25"
"7947","34","2026-01-13 17:48:42","116.14","0.00","2026-01-13 00:00:00","2026-04-27 19:22:25"
"7948","240","2026-04-13 14:00:39","347.12","0.00","2026-04-13 00:00:00","2026-04-27 19:22:25"
"7949","99","2024-05-17 12:20:02","125.16","0.00","2024-05-17 00:00:00","2026-04-27 19:22:25"
"7950","274","2022-02-03 19:12:06","0.00","0.00","2022-02-03 00:00:00","2026-04-27 19:22:25"
"7951","37","2025-01-30 07:55:22","129.75","0.00","2025-01-30 00:00:00","2026-04-27 19:22:25"
"7952","248","2024-01-28 14:52:04","270.35","0.00","2024-01-28 00:00:00","2026-04-27 19:22:25"
"7953","71","2026-01-08 07:15:55","105.12","0.00","2026-01-08 00:00:00","2026-04-27 19:22:25"
"7954","49","2024-01-24 09:51:11","120.04","0.00","2024-01-24 00:00:00","2026-04-27 19:22:25"
"7955","91","2025-09-06 13:38:06","190.47","0.00","2025-09-06 00:00:00","2026-04-27 19:22:25"
"7956","138","2021-10-15 16:39:14","107.63","0.00","2021-10-15 00:00:00","2026-04-27 19:22:25"
"7957","299","2024-07-24 14:31:16","32.28","5.00","2024-07-24 00:00:00","2026-04-27 19:22:25"
"7958","299","2026-02-27 08:18:46","18.07","10.00","2026-02-27 00:00:00","2026-04-27 19:22:25"
"7959","251","2026-03-29 07:16:20","28.17","5.00","2026-03-29 00:00:00","2026-04-27 19:22:25"
"7960","76","2025-10-07 09:53:46","120.07","0.00","2025-10-07 00:00:00","2026-04-27 19:22:25"
"7961","107","2023-11-26 17:14:52","152.14","0.00","2023-11-26 00:00:00","2026-04-27 19:22:25"
"7962","48","2025-07-26 09:05:16","28.28","5.00","2025-07-26 00:00:00","2026-04-27 19:22:25"
"7963","237","2026-03-29 15:19:06","58.55","0.00","2026-03-29 00:00:00","2026-04-27 19:22:25"
"7964","164","2025-09-23 16:19:46","159.38","0.00","2025-09-23 00:00:00","2026-04-27 19:22:25"
"7965","300","2025-10-08 09:59:22","98.52","0.00","2025-10-08 00:00:00","2026-04-27 19:22:25"
"7966","241","2024-08-26 08:11:24","190.04","0.00","2024-08-26 00:00:00","2026-04-27 19:22:25"
"7967","25","2025-09-28 11:30:59","205.40","0.00","2025-09-28 00:00:00","2026-04-27 19:22:25"
"7968","182","2025-09-14 10:15:57","79.89","0.00","2025-09-14 00:00:00","2026-04-27 19:22:25"
"7969","179","2025-11-19 13:27:21","185.40","0.00","2025-11-19 00:00:00","2026-04-27 19:22:25"
"7970","141","2026-02-22 18:02:42","135.75","0.00","2026-02-22 00:00:00","2026-04-27 19:22:25"
"7971","243","2025-06-12 10:51:11","173.58","0.00","2025-06-12 00:00:00","2026-04-27 19:22:25"
"7972","248","2026-02-03 14:49:55","18.88","10.00","2026-02-03 00:00:00","2026-04-27 19:22:25"
"7973","71","2024-11-28 10:46:43","48.81","10.00","2024-11-28 00:00:00","2026-04-27 19:22:25"
"7974","165","2025-03-15 12:21:05","163.73","0.00","2025-03-15 00:00:00","2026-04-27 19:22:25"
"7975","227","2026-04-12 15:32:09","166.40","0.00","2026-04-12 00:00:00","2026-04-27 19:22:25"
"7976","114","2024-02-27 11:25:38","46.86","5.00","2024-02-27 00:00:00","2026-04-27 19:22:25"
"7977","245","2025-07-04 08:09:52","189.63","0.00","2025-07-04 00:00:00","2026-04-27 19:22:25"
"7978","293","2021-02-15 00:29:14","56.51","0.00","2021-02-15 00:00:00","2026-04-27 19:22:25"
"7979","225","2026-01-22 01:31:55","68.10","0.00","2026-01-22 00:00:00","2026-04-27 19:22:25"
"7980","231","2024-08-25 16:54:39","194.17","0.00","2024-08-25 00:00:00","2026-04-27 19:22:25"
"7981","79","2025-03-28 17:00:53","44.92","5.00","2025-03-28 00:00:00","2026-04-27 19:22:25"
"7982","177","2025-03-17 15:26:33","71.95","0.00","2025-03-17 00:00:00","2026-04-27 19:22:25"
"7983","223","2021-10-02 15:24:24","77.68","0.00","2021-10-02 00:00:00","2026-04-27 19:22:25"
"7984","27","2022-12-21 09:18:15","75.20","0.00","2022-12-21 00:00:00","2026-04-27 19:22:25"
"7985","35","2026-03-31 10:02:09","72.48","5.00","2026-03-31 00:00:00","2026-04-27 19:22:25"
"7986","19","2026-04-13 08:07:23","73.41","0.00","2026-04-13 00:00:00","2026-04-27 19:22:25"
"7987","285","2025-08-21 15:12:19","228.28","0.00","2025-08-21 00:00:00","2026-04-27 19:22:25"
"7988","219","2021-08-25 10:13:58","166.81","0.00","2021-08-25 00:00:00","2026-04-27 19:22:25"
"7989","24","2022-10-11 12:19:02","209.10","0.00","2022-10-11 00:00:00","2026-04-27 19:22:25"
"7990","35","2022-02-06 10:44:23","138.50","0.00","2022-02-06 00:00:00","2026-04-27 19:22:25"
"7991","271","2023-01-02 07:23:42","50.45","0.00","2023-01-02 00:00:00","2026-04-27 19:22:25"
"7992","32","2023-05-19 16:00:12","185.09","0.00","2023-05-19 00:00:00","2026-04-27 19:22:25"
"7993","4","2025-08-13 14:24:31","174.78","0.00","2025-08-13 00:00:00","2026-04-27 19:22:25"
"7994","130","2025-07-12 16:59:58","82.80","0.00","2025-07-12 00:00:00","2026-04-27 19:22:25"
"7995","241","2024-12-28 08:29:48","166.02","0.00","2024-12-28 00:00:00","2026-04-27 19:22:25"
"7996","237","2026-03-06 12:45:56","165.57","0.00","2026-03-06 00:00:00","2026-04-27 19:22:25"
"7997","41","2022-01-15 12:08:52","0.00","0.00","2022-01-15 00:00:00","2026-04-27 19:22:25"
"7998","150","2026-01-08 08:18:03","341.62","0.00","2026-01-08 00:00:00","2026-04-27 19:22:25"
"7999","268","2024-06-28 16:57:59","7.48","25.00","2024-06-28 00:00:00","2026-04-27 19:22:25"
"8000","267","2024-03-26 13:40:13","202.52","0.00","2024-03-26 00:00:00","2026-04-27 19:22:25"
"8001","82","2024-11-03 19:30:33","40.48","5.00","2024-11-03 00:00:00","2026-04-27 19:22:25"
"8002","30","2023-03-10 18:09:23","280.73","0.00","2023-03-10 00:00:00","2026-04-27 19:22:25"
"8003","117","2023-09-16 10:03:01","18.20","10.00","2023-09-16 00:00:00","2026-04-27 19:22:25"
"8004","118","2022-02-14 02:05:26","177.17","0.00","2022-02-14 00:00:00","2026-04-27 19:22:25"
"8005","124","2025-06-25 08:50:40","72.03","0.00","2025-06-25 00:00:00","2026-04-27 19:22:25"
"8006","176","2024-09-11 08:48:35","39.63","10.00","2024-09-11 00:00:00","2026-04-27 19:22:25"
"8007","219","2021-06-05 18:31:12","142.05","0.00","2021-06-05 00:00:00","2026-04-27 19:22:25"
"8008","202","2026-02-05 14:08:17","61.67","0.00","2026-02-05 00:00:00","2026-04-27 19:22:25"
"8009","72","2026-03-17 08:30:49","34.46","5.00","2026-03-17 00:00:00","2026-04-27 19:22:25"
"8010","177","2025-09-03 09:59:10","133.58","0.00","2025-09-03 00:00:00","2026-04-27 19:22:25"
"8011","63","2022-11-05 07:35:59","68.20","0.00","2022-11-05 00:00:00","2026-04-27 19:22:25"
"8012","32","2024-08-14 19:59:13","38.57","10.00","2024-08-14 00:00:00","2026-04-27 19:22:25"
"8013","64","2025-08-04 10:41:23","70.73","0.00","2025-08-04 00:00:00","2026-04-27 19:22:25"
"8014","72","2025-06-03 08:22:00","66.68","0.00","2025-06-03 00:00:00","2026-04-27 19:22:25"
"8015","93","2023-06-09 07:52:46","32.32","5.00","2023-06-09 00:00:00","2026-04-27 19:22:25"
"8016","291","2025-06-26 19:54:45","220.01","0.00","2025-06-26 00:00:00","2026-04-27 19:22:25"
"8017","146","2024-07-31 10:56:40","96.26","0.00","2024-07-31 00:00:00","2026-04-27 19:22:25"
"8018","246","2023-12-29 15:03:46","145.09","0.00","2023-12-29 00:00:00","2026-04-27 19:22:25"
"8019","242","2022-08-05 08:40:14","81.47","0.00","2022-08-05 00:00:00","2026-04-27 19:22:25"
"8020","109","2024-11-19 19:27:24","123.85","0.00","2024-11-19 00:00:00","2026-04-27 19:22:25"
"8021","256","2021-03-06 04:44:37","116.99","0.00","2021-03-06 00:00:00","2026-04-27 19:22:25"
"8022","42","2024-07-10 09:51:38","121.66","0.00","2024-07-10 00:00:00","2026-04-27 19:22:25"
"8023","125","2025-10-10 08:59:25","35.57","5.00","2025-10-10 00:00:00","2026-04-27 19:22:25"
"8024","136","2025-08-02 14:46:31","121.67","0.00","2025-08-02 00:00:00","2026-04-27 19:22:25"
"8025","27","2025-11-13 10:10:47","182.91","0.00","2025-11-13 00:00:00","2026-04-27 19:22:25"
"8026","90","2025-11-06 18:52:51","203.84","0.00","2025-11-06 00:00:00","2026-04-27 19:22:25"
"8027","121","2024-09-27 09:17:20","166.16","0.00","2024-09-27 00:00:00","2026-04-27 19:22:25"
"8028","88","2025-11-18 09:25:18","76.61","0.00","2025-11-18 00:00:00","2026-04-27 19:22:25"
"8029","257","2025-09-10 14:26:49","167.77","0.00","2025-09-10 00:00:00","2026-04-27 19:22:25"
"8030","82","2026-02-28 08:26:12","171.92","0.00","2026-02-28 00:00:00","2026-04-27 19:22:25"
"8031","119","2025-07-07 04:13:17","58.80","5.00","2025-07-07 00:00:00","2026-04-27 19:22:25"
"8032","198","2026-04-15 01:08:14","207.41","0.00","2026-04-15 00:00:00","2026-04-27 19:22:25"
"8033","91","2024-09-10 07:11:41","104.21","0.00","2024-09-10 00:00:00","2026-04-27 19:22:25"
"8034","90","2025-08-13 08:20:05","135.29","0.00","2025-08-13 00:00:00","2026-04-27 19:22:25"
"8035","146","2024-07-24 18:03:40","194.72","0.00","2024-07-24 00:00:00","2026-04-27 19:22:25"
"8036","146","2021-02-09 18:48:25","109.04","0.00","2021-02-09 00:00:00","2026-04-27 19:22:25"
"8037","239","2024-10-07 08:34:20","62.20","0.00","2024-10-07 00:00:00","2026-04-27 19:22:25"
"8038","192","2023-04-17 07:01:09","225.64","0.00","2023-04-17 00:00:00","2026-04-27 19:22:25"
"8039","77","2024-10-31 09:47:17","63.26","0.00","2024-10-31 00:00:00","2026-04-27 19:22:25"
"8040","130","2025-07-22 14:07:14","96.27","0.00","2025-07-22 00:00:00","2026-04-27 19:22:25"
"8041","38","2025-01-25 09:06:36","110.24","0.00","2025-01-25 00:00:00","2026-04-27 19:22:25"
"8042","86","2025-08-18 08:34:13","116.74","0.00","2025-08-18 00:00:00","2026-04-27 19:22:25"
"8043","61","2025-04-04 11:32:20","75.87","0.00","2025-04-04 00:00:00","2026-04-27 19:22:25"
"8044","10","2025-11-17 12:11:10","182.50","0.00","2025-11-17 00:00:00","2026-04-27 19:22:25"
"8045","128","2023-02-26 17:50:05","78.15","0.00","2023-02-26 00:00:00","2026-04-27 19:22:25"
"8046","254","2020-02-01 09:21:09","103.48","0.00","2020-02-01 00:00:00","2026-04-27 19:22:25"
"8047","89","2024-05-07 09:35:25","60.24","5.00","2024-05-07 00:00:00","2026-04-27 19:22:25"
"8048","178","2024-01-06 13:45:46","171.86","0.00","2024-01-06 00:00:00","2026-04-27 19:22:25"
"8049","235","2024-06-21 16:24:06","182.98","0.00","2024-06-21 00:00:00","2026-04-27 19:22:25"
"8050","16","2026-04-11 13:40:21","14.81","25.00","2026-04-11 00:00:00","2026-04-27 19:22:25"
"8051","210","2025-11-20 08:51:02","108.96","0.00","2025-11-20 00:00:00","2026-04-27 19:22:25"
"8052","227","2026-03-16 05:26:40","130.89","0.00","2026-03-16 00:00:00","2026-04-27 19:22:25"
"8053","62","2025-12-30 10:13:56","279.28","0.00","2025-12-30 00:00:00","2026-04-27 19:22:25"
"8054","73","2025-10-24 15:35:13","90.86","0.00","2025-10-24 00:00:00","2026-04-27 19:22:25"
"8055","73","2025-11-19 11:43:06","32.65","5.00","2025-11-19 00:00:00","2026-04-27 19:22:25"
"8056","239","2023-05-08 16:14:08","160.39","0.00","2023-05-08 00:00:00","2026-04-27 19:22:25"
"8057","43","2025-06-10 15:47:18","19.50","25.00","2025-06-10 00:00:00","2026-04-27 19:22:25"
"8058","2","2022-10-27 16:04:21","60.82","5.00","2022-10-27 00:00:00","2026-04-27 19:22:25"
"8059","27","2024-07-07 15:06:58","185.06","0.00","2024-07-07 00:00:00","2026-04-27 19:22:25"
"8060","265","2025-08-27 16:36:09","74.24","0.00","2025-08-27 00:00:00","2026-04-27 19:22:25"
"8061","64","2025-05-22 08:55:09","56.77","0.00","2025-05-22 00:00:00","2026-04-27 19:22:25"
"8062","189","2025-12-03 16:57:01","89.97","0.00","2025-12-03 00:00:00","2026-04-27 19:22:25"
"8063","164","2026-04-08 10:22:50","61.12","0.00","2026-04-08 00:00:00","2026-04-27 19:22:25"
"8064","104","2023-04-15 18:10:12","8.22","10.00","2023-04-15 00:00:00","2026-04-27 19:22:25"
"8065","55","2024-09-22 19:16:27","43.88","10.00","2024-09-22 00:00:00","2026-04-27 19:22:25"
"8066","125","2024-12-30 10:54:19","48.31","5.00","2024-12-30 00:00:00","2026-04-27 19:22:25"
"8067","231","2024-08-19 07:34:00","198.98","0.00","2024-08-19 00:00:00","2026-04-27 19:22:25"
"8068","122","2025-09-22 17:36:50","141.26","0.00","2025-09-22 00:00:00","2026-04-27 19:22:25"
"8069","273","2025-04-03 14:53:14","185.14","0.00","2025-04-03 00:00:00","2026-04-27 19:22:25"
"8070","299","2025-09-16 10:30:23","212.85","0.00","2025-09-16 00:00:00","2026-04-27 19:22:25"
"8071","104","2024-11-26 12:54:44","97.23","0.00","2024-11-26 00:00:00","2026-04-27 19:22:25"
"8072","168","2026-02-22 08:44:27","168.47","0.00","2026-02-22 00:00:00","2026-04-27 19:22:25"
"8073","107","2026-01-15 10:58:43","58.68","0.00","2026-01-15 00:00:00","2026-04-27 19:22:25"
"8074","79","2024-07-02 09:56:14","168.25","0.00","2024-07-02 00:00:00","2026-04-27 19:22:25"
"8075","262","2023-09-01 11:50:34","165.66","0.00","2023-09-01 00:00:00","2026-04-27 19:22:25"
"8076","194","2022-07-21 12:05:39","189.11","0.00","2022-07-21 00:00:00","2026-04-27 19:22:25"
"8077","241","2024-09-10 12:13:19","114.44","0.00","2024-09-10 00:00:00","2026-04-27 19:22:25"
"8078","153","2021-10-18 09:18:32","6.16","25.00","2021-10-18 00:00:00","2026-04-27 19:22:25"
"8079","175","2022-03-09 07:33:20","69.03","5.00","2022-03-09 00:00:00","2026-04-27 19:22:25"
"8080","126","2023-12-15 10:22:37","66.54","0.00","2023-12-15 00:00:00","2026-04-27 19:22:25"
"8081","161","2025-10-09 08:30:51","68.96","0.00","2025-10-09 00:00:00","2026-04-27 19:22:25"
"8082","208","2022-08-02 08:41:29","3.26","25.00","2022-08-02 00:00:00","2026-04-27 19:22:25"
"8083","50","2021-05-15 14:57:33","48.71","5.00","2021-05-15 00:00:00","2026-04-27 19:22:25"
"8084","160","2024-06-03 00:39:56","269.33","0.00","2024-06-03 00:00:00","2026-04-27 19:22:25"
"8085","106","2025-04-28 08:07:14","403.36","0.00","2025-04-28 00:00:00","2026-04-27 19:22:25"
"8086","142","2024-04-07 08:56:28","89.67","0.00","2024-04-07 00:00:00","2026-04-27 19:22:25"
"8087","238","2025-06-01 14:26:54","110.72","0.00","2025-06-01 00:00:00","2026-04-27 19:22:25"
"8088","118","2021-07-14 14:43:06","112.94","0.00","2021-07-14 00:00:00","2026-04-27 19:22:25"
"8089","18","2022-05-02 17:22:42","204.00","0.00","2022-05-02 00:00:00","2026-04-27 19:22:25"
"8090","142","2025-05-31 19:27:27","17.10","10.00","2025-05-31 00:00:00","2026-04-27 19:22:25"
"8091","19","2026-01-23 07:40:50","195.09","0.00","2026-01-23 00:00:00","2026-04-27 19:22:25"
"8092","94","2025-02-15 14:44:16","264.32","0.00","2025-02-15 00:00:00","2026-04-27 19:22:25"
"8093","73","2026-02-02 18:01:26","228.78","0.00","2026-02-02 00:00:00","2026-04-27 19:22:25"
"8094","20","2021-10-01 14:34:42","25.36","10.00","2021-10-01 00:00:00","2026-04-27 19:22:25"
"8095","66","2024-05-23 07:38:49","204.13","0.00","2024-05-23 00:00:00","2026-04-27 19:22:25"
"8096","184","2026-03-31 14:38:52","229.91","0.00","2026-03-31 00:00:00","2026-04-27 19:22:25"
"8097","239","2022-07-02 16:03:12","168.95","0.00","2022-07-02 00:00:00","2026-04-27 19:22:25"
"8098","126","2021-05-10 08:09:57","20.87","10.00","2021-05-10 00:00:00","2026-04-27 19:22:25"
"8099","264","2024-10-06 17:47:40","95.23","0.00","2024-10-06 00:00:00","2026-04-27 19:22:25"
"8100","68","2025-12-10 11:44:09","12.06","25.00","2025-12-10 00:00:00","2026-04-27 19:22:25"
"8101","63","2025-05-09 13:13:55","371.45","0.00","2025-05-09 00:00:00","2026-04-27 19:22:25"
"8102","116","2026-03-01 12:03:37","67.20","5.00","2026-03-01 00:00:00","2026-04-27 19:22:25"
"8103","48","2025-07-28 00:13:02","28.38","5.00","2025-07-28 00:00:00","2026-04-27 19:22:25"
"8104","172","2025-08-18 13:10:55","10.34","10.00","2025-08-18 00:00:00","2026-04-27 19:22:25"
"8105","131","2024-09-10 14:17:00","76.04","0.00","2024-09-10 00:00:00","2026-04-27 19:22:25"
"8106","144","2020-06-15 16:55:39","201.93","0.00","2020-06-15 00:00:00","2026-04-27 19:22:25"
"8107","54","2024-08-27 13:21:44","71.36","5.00","2024-08-27 00:00:00","2026-04-27 19:22:25"
"8108","285","2026-02-22 04:48:52","112.12","0.00","2026-02-22 00:00:00","2026-04-27 19:22:25"
"8109","28","2024-02-11 08:14:57","157.44","0.00","2024-02-11 00:00:00","2026-04-27 19:22:25"
"8110","86","2025-08-14 14:01:45","8.03","25.00","2025-08-14 00:00:00","2026-04-27 19:22:25"
"8111","185","2024-08-22 08:14:24","171.55","0.00","2024-08-22 00:00:00","2026-04-27 19:22:25"
"8112","18","2025-12-01 15:30:58","137.08","0.00","2025-12-01 00:00:00","2026-04-27 19:22:25"
"8113","116","2025-03-28 10:52:20","165.58","0.00","2025-03-28 00:00:00","2026-04-27 19:22:25"
"8114","94","2025-02-06 13:19:41","8.44","25.00","2025-02-06 00:00:00","2026-04-27 19:22:25"
"8115","267","2023-03-25 13:19:34","239.16","0.00","2023-03-25 00:00:00","2026-04-27 19:22:25"
"8116","65","2025-09-29 09:26:11","168.60","0.00","2025-09-29 00:00:00","2026-04-27 19:22:25"
"8117","188","2026-04-11 13:01:02","140.00","0.00","2026-04-11 00:00:00","2026-04-27 19:22:25"
"8118","34","2025-08-31 15:32:54","127.91","0.00","2025-08-31 00:00:00","2026-04-27 19:22:25"
"8119","167","2025-12-27 05:58:41","61.10","0.00","2025-12-27 00:00:00","2026-04-27 19:22:25"
"8120","210","2025-12-25 15:04:45","22.95","25.00","2025-12-25 00:00:00","2026-04-27 19:22:25"
"8121","265","2025-04-22 16:37:06","99.82","0.00","2025-04-22 00:00:00","2026-04-27 19:22:25"
"8122","61","2024-07-29 04:39:12","5.74","10.00","2024-07-29 00:00:00","2026-04-27 19:22:25"
"8123","204","2025-10-20 17:29:15","54.85","0.00","2025-10-20 00:00:00","2026-04-27 19:22:25"
"8124","225","2026-02-17 07:13:03","409.89","0.00","2026-02-17 00:00:00","2026-04-27 19:22:25"
"8125","226","2026-01-11 08:36:56","213.71","0.00","2026-01-11 00:00:00","2026-04-27 19:22:25"
"8126","245","2025-07-16 09:41:27","109.69","0.00","2025-07-16 00:00:00","2026-04-27 19:22:25"
"8127","116","2026-03-20 19:02:18","93.67","0.00","2026-03-20 00:00:00","2026-04-27 19:22:25"
"8128","88","2025-07-11 12:47:19","224.71","0.00","2025-07-11 00:00:00","2026-04-27 19:22:25"
"8129","82","2025-04-21 12:23:17","179.15","0.00","2025-04-21 00:00:00","2026-04-27 19:22:25"
"8130","299","2025-09-24 15:45:12","135.75","0.00","2025-09-24 00:00:00","2026-04-27 19:22:25"
"8131","114","2021-02-23 08:39:16","85.93","0.00","2021-02-23 00:00:00","2026-04-27 19:22:25"
"8132","40","2025-11-25 12:55:55","385.30","0.00","2025-11-25 00:00:00","2026-04-27 19:22:25"
"8133","230","2025-08-02 07:02:49","107.15","0.00","2025-08-02 00:00:00","2026-04-27 19:22:25"
"8134","200","2025-11-13 07:45:09","156.69","0.00","2025-11-13 00:00:00","2026-04-27 19:22:25"
"8135","124","2023-03-26 10:39:12","197.94","0.00","2023-03-26 00:00:00","2026-04-27 19:22:25"
"8136","14","2023-09-28 15:50:26","18.42","25.00","2023-09-28 00:00:00","2026-04-27 19:22:25"
"8137","149","2026-03-09 08:34:49","129.21","0.00","2026-03-09 00:00:00","2026-04-27 19:22:25"
"8138","209","2023-11-19 12:06:52","217.16","0.00","2023-11-19 00:00:00","2026-04-27 19:22:25"
"8139","181","2025-01-14 16:10:51","103.45","0.00","2025-01-14 00:00:00","2026-04-27 19:22:25"
"8140","69","2025-12-05 07:58:19","3.59","10.00","2025-12-05 00:00:00","2026-04-27 19:22:25"
"8141","75","2026-02-20 07:28:24","219.20","0.00","2026-02-20 00:00:00","2026-04-27 19:22:25"
"8142","52","2026-03-30 03:08:59","146.05","0.00","2026-03-30 00:00:00","2026-04-27 19:22:25"
"8143","143","2026-03-09 18:41:50","153.74","0.00","2026-03-09 00:00:00","2026-04-27 19:22:25"
"8144","89","2025-05-24 18:14:31","285.24","0.00","2025-05-24 00:00:00","2026-04-27 19:22:25"
"8145","15","2025-04-03 08:19:37","19.72","10.00","2025-04-03 00:00:00","2026-04-27 19:22:25"
"8146","60","2025-08-23 17:10:45","277.40","0.00","2025-08-23 00:00:00","2026-04-27 19:22:25"
"8147","170","2023-11-11 11:49:41","68.68","0.00","2023-11-11 00:00:00","2026-04-27 19:22:25"
"8148","11","2024-06-15 19:51:23","60.44","0.00","2024-06-15 00:00:00","2026-04-27 19:22:25"
"8149","32","2022-06-26 15:32:11","157.01","0.00","2022-06-26 00:00:00","2026-04-27 19:22:25"
"8150","91","2025-02-06 19:01:10","91.53","0.00","2025-02-06 00:00:00","2026-04-27 19:22:25"
"8151","128","2023-08-08 07:44:22","119.97","0.00","2023-08-08 00:00:00","2026-04-27 19:22:25"
"8152","68","2026-03-17 09:04:19","114.35","0.00","2026-03-17 00:00:00","2026-04-27 19:22:25"
"8153","274","2022-04-19 10:53:23","82.69","0.00","2022-04-19 00:00:00","2026-04-27 19:22:25"
"8154","224","2021-04-26 12:23:12","206.33","0.00","2021-04-26 00:00:00","2026-04-27 19:22:25"
"8155","26","2023-11-15 09:32:55","194.52","0.00","2023-11-15 00:00:00","2026-04-27 19:22:25"
"8156","286","2025-08-15 08:35:55","269.34","0.00","2025-08-15 00:00:00","2026-04-27 19:22:25"
"8157","143","2024-08-27 08:02:06","212.91","0.00","2024-08-27 00:00:00","2026-04-27 19:22:25"
"8158","214","2024-10-16 16:52:35","178.57","0.00","2024-10-16 00:00:00","2026-04-27 19:22:25"
"8159","285","2025-01-12 17:57:29","119.45","0.00","2025-01-12 00:00:00","2026-04-27 19:22:25"
"8160","105","2023-02-21 13:03:12","172.39","0.00","2023-02-21 00:00:00","2026-04-27 19:22:25"
"8161","190","2026-03-18 07:34:20","65.26","5.00","2026-03-18 00:00:00","2026-04-27 19:22:25"
"8162","225","2026-03-09 19:53:29","111.55","0.00","2026-03-09 00:00:00","2026-04-27 19:22:25"
"8163","56","2023-08-31 07:43:30","80.29","0.00","2023-08-31 00:00:00","2026-04-27 19:22:25"
"8164","145","2025-05-14 13:34:50","108.50","0.00","2025-05-14 00:00:00","2026-04-27 19:22:25"
"8165","189","2025-12-26 10:36:56","21.54","25.00","2025-12-26 00:00:00","2026-04-27 19:22:25"
"8166","207","2026-01-28 09:23:10","168.44","0.00","2026-01-28 00:00:00","2026-04-27 19:22:25"
"8167","202","2025-06-09 08:07:04","374.62","0.00","2025-06-09 00:00:00","2026-04-27 19:22:25"
"8168","204","2026-01-24 18:00:37","154.53","0.00","2026-01-24 00:00:00","2026-04-27 19:22:25"
"8169","42","2026-02-19 17:16:11","12.10","25.00","2026-02-19 00:00:00","2026-04-27 19:22:25"
"8170","170","2025-04-13 11:14:50","161.88","0.00","2025-04-13 00:00:00","2026-04-27 19:22:25"
"8171","288","2023-09-11 16:49:17","190.91","0.00","2023-09-11 00:00:00","2026-04-27 19:22:25"
"8172","213","2024-04-05 07:14:24","111.66","0.00","2024-04-05 00:00:00","2026-04-27 19:22:25"
"8173","106","2024-10-03 11:07:01","24.10","25.00","2024-10-03 00:00:00","2026-04-27 19:22:25"
"8174","219","2022-08-14 07:08:40","155.75","0.00","2022-08-14 00:00:00","2026-04-27 19:22:25"
"8175","271","2022-12-02 08:23:33","103.58","0.00","2022-12-02 00:00:00","2026-04-27 19:22:25"
"8176","137","2026-01-14 13:49:09","220.42","0.00","2026-01-14 00:00:00","2026-04-27 19:22:25"
"8177","261","2024-01-09 12:01:28","0.00","0.00","2024-01-09 00:00:00","2026-04-27 19:22:25"
"8178","108","2026-03-22 13:27:23","35.61","5.00","2026-03-22 00:00:00","2026-04-27 19:22:25"
"8179","110","2025-05-20 03:45:22","0.00","0.00","2025-05-20 00:00:00","2026-04-27 19:22:25"
"8180","46","2026-04-12 06:51:27","71.71","5.00","2026-04-12 00:00:00","2026-04-27 19:22:25"
"8181","156","2023-11-17 09:36:30","42.19","5.00","2023-11-17 00:00:00","2026-04-27 19:22:25"
"8182","252","2025-01-19 08:16:43","178.68","0.00","2025-01-19 00:00:00","2026-04-27 19:22:25"
"8183","259","2025-09-03 08:29:25","65.38","0.00","2025-09-03 00:00:00","2026-04-27 19:22:25"
"8184","224","2023-10-12 06:51:24","67.69","5.00","2023-10-12 00:00:00","2026-04-27 19:22:25"
"8185","196","2026-01-08 10:01:52","445.59","0.00","2026-01-08 00:00:00","2026-04-27 19:22:25"
"8186","13","2025-02-07 10:09:39","90.80","0.00","2025-02-07 00:00:00","2026-04-27 19:22:25"
"8187","97","2024-01-11 07:24:49","189.05","0.00","2024-01-11 00:00:00","2026-04-27 19:22:25"
"8188","140","2026-04-12 08:51:57","5.43","10.00","2026-04-12 00:00:00","2026-04-27 19:22:25"
"8189","39","2022-12-12 10:52:07","5.70","10.00","2022-12-12 00:00:00","2026-04-27 19:22:25"
"8190","277","2024-12-31 07:18:27","251.23","0.00","2024-12-31 00:00:00","2026-04-27 19:22:25"
"8191","157","2022-03-20 15:44:57","8.80","10.00","2022-03-20 00:00:00","2026-04-27 19:22:25"
"8192","220","2025-11-24 10:37:51","75.22","0.00","2025-11-24 00:00:00","2026-04-27 19:22:25"
"8193","51","2026-03-19 16:56:42","78.43","0.00","2026-03-19 00:00:00","2026-04-27 19:22:25"
"8194","65","2025-09-17 09:41:25","150.12","0.00","2025-09-17 00:00:00","2026-04-27 19:22:25"
"8195","275","2023-05-20 18:19:59","103.19","0.00","2023-05-20 00:00:00","2026-04-27 19:22:25"
"8196","145","2024-10-12 03:51:45","59.40","5.00","2024-10-12 00:00:00","2026-04-27 19:22:25"
"8197","267","2025-03-25 17:15:57","31.65","5.00","2025-03-25 00:00:00","2026-04-27 19:22:25"
"8198","194","2025-07-05 12:08:58","38.14","5.00","2025-07-05 00:00:00","2026-04-27 19:22:25"
"8199","140","2026-03-22 12:02:24","149.75","0.00","2026-03-22 00:00:00","2026-04-27 19:22:25"
"8200","136","2025-07-09 08:35:35","5.18","25.00","2025-07-09 00:00:00","2026-04-27 19:22:25"
"8201","12","2024-11-28 12:35:12","190.39","0.00","2024-11-28 00:00:00","2026-04-27 19:22:25"
"8202","65","2025-09-16 18:14:42","306.95","0.00","2025-09-16 00:00:00","2026-04-27 19:22:25"
"8203","89","2025-02-16 09:22:46","75.15","0.00","2025-02-16 00:00:00","2026-04-27 19:22:25"
"8204","210","2025-06-18 08:02:18","87.93","0.00","2025-06-18 00:00:00","2026-04-27 19:22:25"
"8205","3","2023-07-29 10:05:19","11.88","25.00","2023-07-29 00:00:00","2026-04-27 19:22:25"
"8206","112","2022-07-05 15:48:24","258.16","0.00","2022-07-05 00:00:00","2026-04-27 19:22:25"
"8207","74","2021-12-08 03:56:12","290.53","0.00","2021-12-08 00:00:00","2026-04-27 19:22:25"
"8208","189","2025-06-27 12:39:35","220.16","0.00","2025-06-27 00:00:00","2026-04-27 19:22:25"
"8209","95","2025-10-13 08:18:59","241.94","0.00","2025-10-13 00:00:00","2026-04-27 19:22:25"
"8210","233","2025-06-11 11:52:46","96.82","0.00","2025-06-11 00:00:00","2026-04-27 19:22:25"
"8211","26","2025-05-08 19:05:34","34.80","5.00","2025-05-08 00:00:00","2026-04-27 19:22:25"
"8212","260","2021-09-28 10:33:38","57.61","0.00","2021-09-28 00:00:00","2026-04-27 19:22:25"
"8213","242","2023-03-31 18:41:48","263.62","0.00","2023-03-31 00:00:00","2026-04-27 19:22:25"
"8214","11","2024-06-11 15:56:53","100.69","0.00","2024-06-11 00:00:00","2026-04-27 19:22:25"
"8215","180","2026-02-12 08:59:01","47.82","5.00","2026-02-12 00:00:00","2026-04-27 19:22:25"
"8216","29","2025-06-29 18:38:40","318.17","0.00","2025-06-29 00:00:00","2026-04-27 19:22:25"
"8217","131","2022-12-26 12:57:59","88.00","0.00","2022-12-26 00:00:00","2026-04-27 19:22:25"
"8218","119","2025-07-08 15:32:57","124.87","0.00","2025-07-08 00:00:00","2026-04-27 19:22:25"
"8219","193","2025-07-12 10:43:26","198.59","0.00","2025-07-12 00:00:00","2026-04-27 19:22:25"
"8220","22","2024-01-13 18:19:56","243.30","0.00","2024-01-13 00:00:00","2026-04-27 19:22:25"
"8221","209","2026-04-12 03:33:19","169.59","0.00","2026-04-12 00:00:00","2026-04-27 19:22:25"
"8222","281","2025-09-16 07:57:34","73.59","0.00","2025-09-16 00:00:00","2026-04-27 19:22:25"
"8223","180","2024-08-27 15:30:54","244.21","0.00","2024-08-27 00:00:00","2026-04-27 19:22:25"
"8224","257","2026-01-30 15:40:37","166.72","0.00","2026-01-30 00:00:00","2026-04-27 19:22:25"
"8225","178","2020-03-22 18:45:18","93.79","0.00","2020-03-22 00:00:00","2026-04-27 19:22:25"
"8226","292","2024-06-12 12:32:55","9.22","10.00","2024-06-12 00:00:00","2026-04-27 19:22:25"
"8227","271","2022-12-26 14:18:04","221.85","0.00","2022-12-26 00:00:00","2026-04-27 19:22:25"
"8228","8","2026-02-20 10:45:42","181.84","0.00","2026-02-20 00:00:00","2026-04-27 19:22:25"
"8229","237","2026-02-12 11:03:46","174.06","0.00","2026-02-12 00:00:00","2026-04-27 19:22:25"
"8230","56","2024-06-18 09:57:04","29.65","10.00","2024-06-18 00:00:00","2026-04-27 19:22:25"
"8231","82","2025-07-05 10:54:24","217.38","0.00","2025-07-05 00:00:00","2026-04-27 19:22:25"
"8232","148","2023-11-05 14:04:06","189.71","0.00","2023-11-05 00:00:00","2026-04-27 19:22:25"
"8233","270","2025-06-22 13:33:51","9.48","10.00","2025-06-22 00:00:00","2026-04-27 19:22:25"
"8234","38","2024-09-21 09:05:35","30.22","5.00","2024-09-21 00:00:00","2026-04-27 19:22:25"
"8235","252","2024-01-29 08:28:17","90.32","0.00","2024-01-29 00:00:00","2026-04-27 19:22:25"
"8236","76","2022-12-26 12:57:11","84.55","0.00","2022-12-26 00:00:00","2026-04-27 19:22:25"
"8237","257","2025-07-18 16:20:37","70.52","5.00","2025-07-18 00:00:00","2026-04-27 19:22:25"
"8238","33","2026-04-15 15:17:59","205.12","0.00","2026-04-15 00:00:00","2026-04-27 19:22:25"
"8239","171","2025-10-16 12:59:16","24.54","10.00","2025-10-16 00:00:00","2026-04-27 19:22:25"
"8240","189","2025-11-08 11:27:56","33.28","10.00","2025-11-08 00:00:00","2026-04-27 19:22:25"
"8241","64","2025-05-27 18:26:32","214.30","0.00","2025-05-27 00:00:00","2026-04-27 19:22:25"
"8242","181","2025-12-29 13:34:47","157.11","0.00","2025-12-29 00:00:00","2026-04-27 19:22:25"
"8243","197","2025-08-08 18:43:53","54.56","5.00","2025-08-08 00:00:00","2026-04-27 19:22:25"
"8244","29","2025-04-29 10:00:03","75.10","0.00","2025-04-29 00:00:00","2026-04-27 19:22:25"
"8245","84","2024-02-21 19:06:42","203.60","0.00","2024-02-21 00:00:00","2026-04-27 19:22:25"
"8246","198","2025-11-24 18:32:13","74.96","5.00","2025-11-24 00:00:00","2026-04-27 19:22:25"
"8247","139","2024-03-23 18:46:18","149.98","0.00","2024-03-23 00:00:00","2026-04-27 19:22:25"
"8248","73","2022-04-17 11:56:23","102.09","0.00","2022-04-17 00:00:00","2026-04-27 19:22:25"
"8249","274","2023-06-15 15:11:24","142.77","0.00","2023-06-15 00:00:00","2026-04-27 19:22:25"
"8250","95","2025-09-29 18:12:20","247.06","0.00","2025-09-29 00:00:00","2026-04-27 19:22:25"
"8251","47","2023-09-23 14:05:02","96.40","0.00","2023-09-23 00:00:00","2026-04-27 19:22:25"
"8252","273","2026-01-15 07:26:07","197.29","0.00","2026-01-15 00:00:00","2026-04-27 19:22:25"
"8253","188","2025-12-22 12:09:04","57.09","0.00","2025-12-22 00:00:00","2026-04-27 19:22:25"
"8254","148","2023-07-10 08:25:23","82.79","0.00","2023-07-10 00:00:00","2026-04-27 19:22:25"
"8255","70","2024-11-16 09:27:54","208.46","0.00","2024-11-16 00:00:00","2026-04-27 19:22:25"
"8256","195","2026-01-02 12:39:33","17.78","25.00","2026-01-02 00:00:00","2026-04-27 19:22:25"
"8257","28","2024-02-01 09:59:03","86.31","0.00","2024-02-01 00:00:00","2026-04-27 19:22:25"
"8258","275","2022-02-15 16:13:07","167.82","0.00","2022-02-15 00:00:00","2026-04-27 19:22:25"
"8259","5","2025-04-16 09:36:13","47.63","10.00","2025-04-16 00:00:00","2026-04-27 19:22:25"
"8260","238","2025-01-16 10:04:16","163.42","0.00","2025-01-16 00:00:00","2026-04-27 19:22:25"
"8261","45","2023-01-17 10:43:30","282.81","0.00","2023-01-17 00:00:00","2026-04-27 19:22:25"
"8262","21","2025-06-03 11:50:41","14.12","25.00","2025-06-03 00:00:00","2026-04-27 19:22:25"
"8263","147","2024-04-10 08:57:56","97.71","0.00","2024-04-10 00:00:00","2026-04-27 19:22:25"
"8264","257","2025-09-01 07:40:57","5.35","25.00","2025-09-01 00:00:00","2026-04-27 19:22:25"
"8265","71","2025-06-30 08:05:50","169.53","0.00","2025-06-30 00:00:00","2026-04-27 19:22:25"
"8266","102","2024-03-05 08:03:31","125.71","0.00","2024-03-05 00:00:00","2026-04-27 19:22:25"
"8267","204","2025-04-05 15:36:19","132.61","0.00","2025-04-05 00:00:00","2026-04-27 19:22:25"
"8268","170","2025-09-28 09:26:54","61.88","0.00","2025-09-28 00:00:00","2026-04-27 19:22:25"
"8269","279","2025-02-02 14:25:50","224.27","0.00","2025-02-02 00:00:00","2026-04-27 19:22:25"
"8270","95","2024-07-02 09:21:55","104.00","0.00","2024-07-02 00:00:00","2026-04-27 19:22:25"
"8271","67","2025-06-11 17:14:58","212.69","0.00","2025-06-11 00:00:00","2026-04-27 19:22:25"
"8272","49","2023-10-20 17:11:48","102.54","0.00","2023-10-20 00:00:00","2026-04-27 19:22:25"
"8273","58","2025-05-16 10:44:34","164.17","0.00","2025-05-16 00:00:00","2026-04-27 19:22:25"
"8274","226","2022-10-20 08:36:07","96.44","0.00","2022-10-20 00:00:00","2026-04-27 19:22:25"
"8275","263","2020-02-08 09:01:44","42.30","5.00","2020-02-08 00:00:00","2026-04-27 19:22:25"
"8276","25","2025-03-16 07:28:23","91.92","0.00","2025-03-16 00:00:00","2026-04-27 19:22:25"
"8277","216","2024-12-15 14:35:38","165.41","0.00","2024-12-15 00:00:00","2026-04-27 19:22:25"
"8278","289","2026-01-18 14:39:01","143.20","0.00","2026-01-18 00:00:00","2026-04-27 19:22:25"
"8279","109","2024-09-30 17:10:42","35.64","10.00","2024-09-30 00:00:00","2026-04-27 19:22:25"
"8280","254","2020-12-22 19:50:13","162.58","0.00","2020-12-22 00:00:00","2026-04-27 19:22:25"
"8281","208","2026-04-08 09:15:56","92.18","0.00","2026-04-08 00:00:00","2026-04-27 19:22:25"
"8282","30","2023-09-28 07:55:46","152.89","0.00","2023-09-28 00:00:00","2026-04-27 19:22:25"
"8283","197","2025-02-07 14:36:50","17.55","25.00","2025-02-07 00:00:00","2026-04-27 19:22:25"
"8284","48","2026-01-21 11:53:53","75.27","0.00","2026-01-21 00:00:00","2026-04-27 19:22:25"
"8285","38","2025-04-27 09:01:15","164.28","0.00","2025-04-27 00:00:00","2026-04-27 19:22:25"
"8286","249","2025-04-19 13:00:59","116.19","0.00","2025-04-19 00:00:00","2026-04-27 19:22:25"
"8287","56","2023-08-27 04:42:28","120.67","0.00","2023-08-27 00:00:00","2026-04-27 19:22:25"
"8288","206","2025-02-19 16:41:26","40.56","10.00","2025-02-19 00:00:00","2026-04-27 19:22:25"
"8289","97","2025-07-09 12:01:17","103.18","0.00","2025-07-09 00:00:00","2026-04-27 19:22:25"
"8290","133","2025-03-16 19:44:48","20.88","25.00","2025-03-16 00:00:00","2026-04-27 19:22:25"
"8291","81","2022-02-13 09:14:41","107.73","0.00","2022-02-13 00:00:00","2026-04-27 19:22:25"
"8292","211","2025-02-05 07:00:50","105.20","0.00","2025-02-05 00:00:00","2026-04-27 19:22:25"
"8293","162","2024-04-06 13:13:05","86.79","0.00","2024-04-06 00:00:00","2026-04-27 19:22:25"
"8294","250","2021-08-10 09:05:05","107.95","0.00","2021-08-10 00:00:00","2026-04-27 19:22:25"
"8295","196","2025-12-06 15:26:27","150.42","0.00","2025-12-06 00:00:00","2026-04-27 19:22:25"
"8296","34","2026-02-04 07:12:48","120.56","0.00","2026-02-04 00:00:00","2026-04-27 19:22:25"
"8297","140","2026-04-15 16:05:27","57.24","0.00","2026-04-15 00:00:00","2026-04-27 19:22:25"
"8298","25","2025-09-14 07:50:44","99.45","0.00","2025-09-14 00:00:00","2026-04-27 19:22:25"
"8299","273","2025-08-07 17:18:10","145.67","0.00","2025-08-07 00:00:00","2026-04-27 19:22:25"
"8300","225","2025-12-16 07:01:45","73.20","0.00","2025-12-16 00:00:00","2026-04-27 19:22:25"
"8301","91","2026-02-16 07:11:34","228.14","0.00","2026-02-16 00:00:00","2026-04-27 19:22:25"
"8302","260","2021-09-11 16:37:01","85.92","0.00","2021-09-11 00:00:00","2026-04-27 19:22:25"
"8303","87","2026-04-09 13:00:52","64.61","0.00","2026-04-09 00:00:00","2026-04-27 19:22:25"
"8304","207","2025-06-06 12:08:56","255.60","0.00","2025-06-06 00:00:00","2026-04-27 19:22:25"
"8305","97","2025-01-30 15:50:36","40.80","5.00","2025-01-30 00:00:00","2026-04-27 19:22:25"
"8306","43","2022-08-28 18:47:20","230.97","0.00","2022-08-28 00:00:00","2026-04-27 19:22:25"
"8307","94","2025-01-24 14:15:02","155.70","0.00","2025-01-24 00:00:00","2026-04-27 19:22:25"
"8308","61","2024-09-20 10:06:16","103.61","0.00","2024-09-20 00:00:00","2026-04-27 19:22:25"
"8309","199","2024-10-04 14:15:47","152.81","0.00","2024-10-04 00:00:00","2026-04-27 19:22:25"
"8310","6","2024-02-17 15:06:57","103.88","0.00","2024-02-17 00:00:00","2026-04-27 19:22:25"
"8311","24","2022-10-05 14:59:29","118.82","0.00","2022-10-05 00:00:00","2026-04-27 19:22:25"
"8312","292","2025-11-16 10:51:01","214.20","0.00","2025-11-16 00:00:00","2026-04-27 19:22:25"
"8313","198","2025-10-26 16:36:05","94.17","0.00","2025-10-26 00:00:00","2026-04-27 19:22:25"
"8314","178","2022-11-03 07:33:23","6.72","25.00","2022-11-03 00:00:00","2026-04-27 19:22:25"
"8315","123","2023-04-21 11:08:07","40.92","10.00","2023-04-21 00:00:00","2026-04-27 19:22:25"
"8316","13","2024-01-06 15:13:26","10.01","25.00","2024-01-06 00:00:00","2026-04-27 19:22:25"
"8317","296","2023-08-31 13:20:32","21.03","10.00","2023-08-31 00:00:00","2026-04-27 19:22:25"
"8318","112","2024-07-16 07:53:14","188.56","0.00","2024-07-16 00:00:00","2026-04-27 19:22:25"
"8319","244","2025-03-31 17:19:22","0.00","0.00","2025-03-31 00:00:00","2026-04-27 19:22:25"
"8320","90","2025-08-17 09:49:55","158.73","0.00","2025-08-17 00:00:00","2026-04-27 19:22:25"
"8321","145","2024-08-22 18:01:30","8.53","25.00","2024-08-22 00:00:00","2026-04-27 19:22:25"
"8322","300","2024-05-28 17:31:17","237.04","0.00","2024-05-28 00:00:00","2026-04-27 19:22:25"
"8323","90","2025-11-09 08:11:31","86.25","0.00","2025-11-09 00:00:00","2026-04-27 19:22:25"
"8324","86","2025-12-15 16:55:46","45.42","10.00","2025-12-15 00:00:00","2026-04-27 19:22:25"
"8325","241","2025-04-15 13:19:36","162.22","0.00","2025-04-15 00:00:00","2026-04-27 19:22:25"
"8326","202","2026-04-02 13:51:04","127.71","0.00","2026-04-02 00:00:00","2026-04-27 19:22:25"
"8327","25","2025-04-10 00:51:53","156.22","0.00","2025-04-10 00:00:00","2026-04-27 19:22:25"
"8328","260","2021-09-15 07:05:34","153.90","0.00","2021-09-15 00:00:00","2026-04-27 19:22:25"
"8329","184","2026-04-04 12:15:42","135.92","0.00","2026-04-04 00:00:00","2026-04-27 19:22:25"
"8330","14","2023-10-21 09:16:55","105.54","0.00","2023-10-21 00:00:00","2026-04-27 19:22:25"
"8331","186","2026-01-09 07:08:29","109.59","0.00","2026-01-09 00:00:00","2026-04-27 19:22:25"
"8332","247","2025-09-02 15:44:03","79.26","0.00","2025-09-02 00:00:00","2026-04-27 19:22:25"
"8333","128","2023-06-20 11:30:07","75.10","0.00","2023-06-20 00:00:00","2026-04-27 19:22:25"
"8334","244","2024-05-06 19:43:40","11.43","10.00","2024-05-06 00:00:00","2026-04-27 19:22:25"
"8335","173","2025-11-02 18:40:52","30.73","5.00","2025-11-02 00:00:00","2026-04-27 19:22:25"
"8336","157","2021-04-20 19:47:07","237.70","0.00","2021-04-20 00:00:00","2026-04-27 19:22:25"
"8337","260","2021-09-12 17:01:53","348.04","0.00","2021-09-12 00:00:00","2026-04-27 19:22:25"
"8338","195","2024-04-15 11:49:32","162.33","0.00","2024-04-15 00:00:00","2026-04-27 19:22:25"
"8339","248","2024-08-06 15:10:10","79.48","0.00","2024-08-06 00:00:00","2026-04-27 19:22:25"
"8340","167","2024-09-28 11:34:30","160.82","0.00","2024-09-28 00:00:00","2026-04-27 19:22:25"
"8341","224","2023-08-21 09:09:19","276.07","0.00","2023-08-21 00:00:00","2026-04-27 19:22:25"
"8342","72","2025-11-14 15:31:54","195.88","0.00","2025-11-14 00:00:00","2026-04-27 19:22:25"
"8343","224","2024-07-19 07:45:32","139.14","0.00","2024-07-19 00:00:00","2026-04-27 19:22:25"
"8344","46","2025-12-27 14:03:54","148.19","0.00","2025-12-27 00:00:00","2026-04-27 19:22:25"
"8345","252","2026-04-08 12:11:08","174.61","0.00","2026-04-08 00:00:00","2026-04-27 19:22:25"
"8346","136","2026-01-12 10:09:31","134.63","0.00","2026-01-12 00:00:00","2026-04-27 19:22:25"
"8347","75","2026-03-25 10:01:50","105.12","0.00","2026-03-25 00:00:00","2026-04-27 19:22:25"
"8348","240","2024-04-09 12:52:33","259.59","0.00","2024-04-09 00:00:00","2026-04-27 19:22:25"
"8349","252","2024-07-09 11:25:33","194.80","0.00","2024-07-09 00:00:00","2026-04-27 19:22:25"
"8350","40","2026-02-06 19:09:55","6.33","10.00","2026-02-06 00:00:00","2026-04-27 19:22:25"
"8351","238","2025-07-11 10:53:12","85.10","0.00","2025-07-11 00:00:00","2026-04-27 19:22:25"
"8352","72","2025-05-14 10:28:02","82.05","0.00","2025-05-14 00:00:00","2026-04-27 19:22:25"
"8353","290","2021-03-02 02:08:26","174.78","0.00","2021-03-02 00:00:00","2026-04-27 19:22:25"
"8354","100","2026-01-21 08:27:15","71.05","0.00","2026-01-21 00:00:00","2026-04-27 19:22:25"
"8355","288","2023-08-06 08:23:49","119.79","0.00","2023-08-06 00:00:00","2026-04-27 19:22:25"
"8356","40","2026-02-15 08:17:33","77.01","0.00","2026-02-15 00:00:00","2026-04-27 19:22:25"
"8357","208","2025-05-29 09:35:07","31.26","10.00","2025-05-29 00:00:00","2026-04-27 19:22:25"
"8358","271","2021-10-18 00:25:00","114.13","0.00","2021-10-18 00:00:00","2026-04-27 19:22:25"
"8359","214","2022-09-03 09:22:35","128.74","0.00","2022-09-03 00:00:00","2026-04-27 19:22:25"
"8360","251","2026-04-07 09:19:41","60.74","0.00","2026-04-07 00:00:00","2026-04-27 19:22:25"
"8361","86","2024-11-27 14:31:24","32.24","10.00","2024-11-27 00:00:00","2026-04-27 19:22:25"
"8362","160","2024-10-07 10:02:55","206.85","0.00","2024-10-07 00:00:00","2026-04-27 19:22:25"
"8363","41","2025-04-14 18:40:50","105.57","0.00","2025-04-14 00:00:00","2026-04-27 19:22:25"
"8364","152","2024-01-24 12:35:19","295.93","0.00","2024-01-24 00:00:00","2026-04-27 19:22:25"
"8365","251","2026-04-14 09:52:32","209.17","0.00","2026-04-14 00:00:00","2026-04-27 19:22:25"
"8366","41","2024-11-08 15:48:18","9.19","25.00","2024-11-08 00:00:00","2026-04-27 19:22:25"
"8367","135","2026-03-12 14:55:22","13.08","10.00","2026-03-12 00:00:00","2026-04-27 19:22:25"
"8368","272","2024-11-18 11:48:26","9.96","25.00","2024-11-18 00:00:00","2026-04-27 19:22:25"
"8369","300","2026-04-04 09:42:43","59.36","0.00","2026-04-04 00:00:00","2026-04-27 19:22:25"
"8370","169","2025-05-03 13:18:25","49.94","10.00","2025-05-03 00:00:00","2026-04-27 19:22:25"
"8371","33","2026-04-11 17:59:48","118.37","0.00","2026-04-11 00:00:00","2026-04-27 19:22:25"
"8372","210","2026-03-30 17:44:22","135.37","0.00","2026-03-30 00:00:00","2026-04-27 19:22:25"
"8373","179","2022-12-27 07:27:13","253.33","0.00","2022-12-27 00:00:00","2026-04-27 19:22:25"
"8374","132","2021-03-02 09:06:18","168.84","0.00","2021-03-02 00:00:00","2026-04-27 19:22:25"
"8375","155","2025-07-04 11:58:31","284.09","0.00","2025-07-04 00:00:00","2026-04-27 19:22:25"
"8376","1","2023-04-18 09:08:59","63.24","0.00","2023-04-18 00:00:00","2026-04-27 19:22:25"
"8377","220","2026-03-04 18:32:09","122.40","0.00","2026-03-04 00:00:00","2026-04-27 19:22:25"
"8378","223","2025-10-09 12:57:56","179.91","0.00","2025-10-09 00:00:00","2026-04-27 19:22:25"
"8379","156","2025-03-20 09:45:44","30.10","5.00","2025-03-20 00:00:00","2026-04-27 19:22:25"
"8380","163","2026-02-08 19:15:34","82.15","0.00","2026-02-08 00:00:00","2026-04-27 19:22:25"
"8381","41","2026-02-17 16:11:55","33.05","10.00","2026-02-17 00:00:00","2026-04-27 19:22:25"
"8382","131","2024-04-01 12:24:10","294.41","0.00","2024-04-01 00:00:00","2026-04-27 19:22:25"
"8383","144","2020-07-09 08:25:40","207.61","0.00","2020-07-09 00:00:00","2026-04-27 19:22:25"
"8384","159","2024-12-31 12:07:52","35.78","5.00","2024-12-31 00:00:00","2026-04-27 19:22:25"
"8385","209","2024-12-09 09:22:52","17.76","25.00","2024-12-09 00:00:00","2026-04-27 19:22:25"
"8386","148","2026-03-06 15:55:01","16.93","25.00","2026-03-06 00:00:00","2026-04-27 19:22:25"
"8387","51","2025-10-25 18:16:40","211.30","0.00","2025-10-25 00:00:00","2026-04-27 19:22:25"
"8388","300","2025-06-20 16:47:55","116.45","0.00","2025-06-20 00:00:00","2026-04-27 19:22:25"
"8389","93","2023-12-31 13:11:50","102.47","0.00","2023-12-31 00:00:00","2026-04-27 19:22:25"
"8390","233","2025-02-05 09:49:26","34.68","10.00","2025-02-05 00:00:00","2026-04-27 19:22:25"
"8391","160","2024-02-19 08:49:22","44.23","10.00","2024-02-19 00:00:00","2026-04-27 19:22:25"
"8392","200","2025-09-13 10:56:34","91.01","0.00","2025-09-13 00:00:00","2026-04-27 19:22:25"
"8393","278","2025-11-28 13:36:05","80.47","0.00","2025-11-28 00:00:00","2026-04-27 19:22:25"
"8394","264","2024-04-28 07:21:18","81.99","0.00","2024-04-28 00:00:00","2026-04-27 19:22:25"
"8395","75","2026-02-15 15:15:37","216.11","0.00","2026-02-15 00:00:00","2026-04-27 19:22:25"
"8396","165","2026-02-09 19:45:52","152.66","0.00","2026-02-09 00:00:00","2026-04-27 19:22:25"
"8397","129","2024-08-29 19:12:17","174.22","0.00","2024-08-29 00:00:00","2026-04-27 19:22:25"
"8398","58","2025-11-06 08:09:22","144.46","0.00","2025-11-06 00:00:00","2026-04-27 19:22:25"
"8399","107","2024-02-26 19:31:44","37.04","5.00","2024-02-26 00:00:00","2026-04-27 19:22:25"
"8400","216","2024-10-21 15:27:31","174.88","0.00","2024-10-21 00:00:00","2026-04-27 19:22:25"
"8401","35","2022-06-10 14:50:45","43.14","10.00","2022-06-10 00:00:00","2026-04-27 19:22:25"
"8402","123","2026-04-12 19:09:50","258.36","0.00","2026-04-12 00:00:00","2026-04-27 19:22:25"
"8403","294","2025-11-28 07:48:37","45.55","5.00","2025-11-28 00:00:00","2026-04-27 19:22:25"
"8404","285","2025-10-02 09:49:22","125.96","0.00","2025-10-02 00:00:00","2026-04-27 19:22:25"
"8405","218","2026-04-11 18:07:00","215.59","0.00","2026-04-11 00:00:00","2026-04-27 19:22:25"
"8406","271","2022-06-09 08:43:01","305.03","0.00","2022-06-09 00:00:00","2026-04-27 19:22:25"
"8407","6","2024-05-15 07:45:59","216.98","0.00","2024-05-15 00:00:00","2026-04-27 19:22:25"
"8408","146","2024-12-04 07:33:26","61.08","5.00","2024-12-04 00:00:00","2026-04-27 19:22:25"
"8409","87","2026-02-09 13:12:57","162.09","0.00","2026-02-09 00:00:00","2026-04-27 19:22:25"
"8410","180","2025-11-09 19:21:51","91.07","0.00","2025-11-09 00:00:00","2026-04-27 19:22:25"
"8411","61","2023-08-12 14:41:03","1.88","10.00","2023-08-12 00:00:00","2026-04-27 19:22:25"
"8412","191","2026-02-09 19:08:48","59.99","0.00","2026-02-09 00:00:00","2026-04-27 19:22:25"
"8413","107","2025-07-19 07:20:14","25.27","5.00","2025-07-19 00:00:00","2026-04-27 19:22:25"
"8414","174","2024-07-30 10:47:48","39.41","5.00","2024-07-30 00:00:00","2026-04-27 19:22:25"
"8415","93","2023-04-19 07:03:15","51.07","0.00","2023-04-19 00:00:00","2026-04-27 19:22:25"
"8416","15","2024-04-05 16:49:17","99.29","0.00","2024-04-05 00:00:00","2026-04-27 19:22:25"
"8417","178","2024-12-13 11:54:56","11.94","25.00","2024-12-13 00:00:00","2026-04-27 19:22:25"
"8418","235","2026-04-11 08:08:15","99.32","0.00","2026-04-11 00:00:00","2026-04-27 19:22:25"
"8419","286","2025-07-19 08:38:40","14.11","10.00","2025-07-19 00:00:00","2026-04-27 19:22:25"
"8420","295","2025-11-15 12:58:02","139.55","0.00","2025-11-15 00:00:00","2026-04-27 19:22:25"
"8421","237","2026-04-09 14:09:30","10.74","10.00","2026-04-09 00:00:00","2026-04-27 19:22:25"
"8422","189","2026-04-05 10:44:37","139.68","0.00","2026-04-05 00:00:00","2026-04-27 19:22:25"
"8423","165","2025-03-16 04:36:04","124.69","0.00","2025-03-16 00:00:00","2026-04-27 19:22:25"
"8424","180","2025-04-21 12:53:38","205.76","0.00","2025-04-21 00:00:00","2026-04-27 19:22:25"
"8425","280","2024-01-06 17:03:06","56.57","5.00","2024-01-06 00:00:00","2026-04-27 19:22:25"
"8426","11","2024-09-16 16:54:40","6.57","10.00","2024-09-16 00:00:00","2026-04-27 19:22:25"
"8427","231","2022-03-25 09:05:55","57.25","0.00","2022-03-25 00:00:00","2026-04-27 19:22:25"
"8428","69","2025-06-11 18:21:09","185.70","0.00","2025-06-11 00:00:00","2026-04-27 19:22:25"
"8429","287","2022-06-18 09:27:52","125.15","0.00","2022-06-18 00:00:00","2026-04-27 19:22:25"
"8430","292","2026-03-01 07:48:05","155.43","0.00","2026-03-01 00:00:00","2026-04-27 19:22:25"
"8431","253","2023-08-06 19:33:59","37.66","5.00","2023-08-06 00:00:00","2026-04-27 19:22:25"
"8432","28","2023-12-08 14:21:25","125.31","0.00","2023-12-08 00:00:00","2026-04-27 19:22:25"
"8433","85","2026-01-15 12:53:43","148.50","0.00","2026-01-15 00:00:00","2026-04-27 19:22:25"
"8434","78","2025-09-24 07:44:22","92.55","0.00","2025-09-24 00:00:00","2026-04-27 19:22:25"
"8435","139","2024-01-15 07:24:01","151.79","0.00","2024-01-15 00:00:00","2026-04-27 19:22:25"
"8436","210","2025-10-05 08:45:34","125.09","0.00","2025-10-05 00:00:00","2026-04-27 19:22:25"
"8437","3","2025-07-29 07:13:55","122.27","0.00","2025-07-29 00:00:00","2026-04-27 19:22:25"
"8438","63","2025-01-11 09:50:50","169.86","0.00","2025-01-11 00:00:00","2026-04-27 19:22:25"
"8439","72","2025-07-14 07:05:06","198.86","0.00","2025-07-14 00:00:00","2026-04-27 19:22:25"
"8440","201","2026-03-14 10:28:11","4.90","25.00","2026-03-14 00:00:00","2026-04-27 19:22:25"
"8441","155","2025-09-12 19:13:16","191.66","0.00","2025-09-12 00:00:00","2026-04-27 19:22:25"
"8442","273","2024-08-19 09:41:59","213.13","0.00","2024-08-19 00:00:00","2026-04-27 19:22:25"
"8443","129","2024-10-02 08:44:52","0.00","0.00","2024-10-02 00:00:00","2026-04-27 19:22:25"
"8444","94","2024-10-12 10:52:13","146.75","0.00","2024-10-12 00:00:00","2026-04-27 19:22:25"
"8445","253","2025-01-23 17:30:08","39.60","5.00","2025-01-23 00:00:00","2026-04-27 19:22:25"
"8446","24","2022-09-30 14:51:53","99.61","0.00","2022-09-30 00:00:00","2026-04-27 19:22:25"
"8447","114","2025-06-08 09:50:41","236.50","0.00","2025-06-08 00:00:00","2026-04-27 19:22:25"
"8448","214","2025-03-17 07:38:19","228.09","0.00","2025-03-17 00:00:00","2026-04-27 19:22:25"
"8449","147","2023-03-11 09:17:47","77.68","0.00","2023-03-11 00:00:00","2026-04-27 19:22:25"
"8450","205","2023-01-02 11:23:33","66.00","0.00","2023-01-02 00:00:00","2026-04-27 19:22:25"
"8451","201","2026-02-03 08:56:17","152.09","0.00","2026-02-03 00:00:00","2026-04-27 19:22:25"
"8452","12","2021-07-31 09:36:55","92.82","0.00","2021-07-31 00:00:00","2026-04-27 19:22:25"
"8453","81","2025-07-02 03:32:16","197.91","0.00","2025-07-02 00:00:00","2026-04-27 19:22:25"
"8454","242","2022-11-10 02:07:29","61.85","0.00","2022-11-10 00:00:00","2026-04-27 19:22:25"
"8455","44","2026-03-29 19:21:01","327.63","0.00","2026-03-29 00:00:00","2026-04-27 19:22:25"
"8456","167","2023-08-27 10:21:31","167.27","0.00","2023-08-27 00:00:00","2026-04-27 19:22:25"
"8457","201","2026-01-30 10:49:53","154.77","0.00","2026-01-30 00:00:00","2026-04-27 19:22:25"
"8458","294","2026-01-28 08:02:07","66.21","0.00","2026-01-28 00:00:00","2026-04-27 19:22:25"
"8459","250","2022-01-06 11:20:09","125.68","0.00","2022-01-06 00:00:00","2026-04-27 19:22:25"
"8460","67","2023-07-12 07:02:40","42.30","10.00","2023-07-12 00:00:00","2026-04-27 19:22:25"
"8461","300","2024-01-12 11:55:17","77.26","0.00","2024-01-12 00:00:00","2026-04-27 19:22:25"
"8462","289","2024-10-07 08:14:17","179.36","0.00","2024-10-07 00:00:00","2026-04-27 19:22:25"
"8463","238","2024-07-07 02:05:19","113.42","0.00","2024-07-07 00:00:00","2026-04-27 19:22:25"
"8464","249","2024-06-16 17:33:41","142.19","0.00","2024-06-16 00:00:00","2026-04-27 19:22:25"
"8465","255","2022-08-31 09:40:37","137.65","0.00","2022-08-31 00:00:00","2026-04-27 19:22:25"
"8466","74","2022-10-14 15:38:27","52.80","0.00","2022-10-14 00:00:00","2026-04-27 19:22:25"
"8467","132","2022-06-11 15:42:46","254.17","0.00","2022-06-11 00:00:00","2026-04-27 19:22:25"
"8468","271","2022-05-20 07:07:30","227.67","0.00","2022-05-20 00:00:00","2026-04-27 19:22:25"
"8469","163","2026-01-24 13:23:47","65.05","0.00","2026-01-24 00:00:00","2026-04-27 19:22:25"
"8470","222","2025-09-09 08:38:47","221.39","0.00","2025-09-09 00:00:00","2026-04-27 19:22:25"
"8471","111","2022-01-20 18:54:09","205.24","0.00","2022-01-20 00:00:00","2026-04-27 19:22:25"
"8472","90","2025-11-14 18:51:52","141.40","0.00","2025-11-14 00:00:00","2026-04-27 19:22:25"
"8473","294","2024-02-04 07:25:59","113.17","0.00","2024-02-04 00:00:00","2026-04-27 19:22:25"
"8474","3","2025-09-03 08:47:19","155.32","0.00","2025-09-03 00:00:00","2026-04-27 19:22:25"
"8475","22","2024-06-28 13:54:29","304.31","0.00","2024-06-28 00:00:00","2026-04-27 19:22:25"
"8476","219","2022-06-02 07:17:42","61.10","5.00","2022-06-02 00:00:00","2026-04-27 19:22:25"
"8477","167","2024-10-28 09:45:25","25.06","5.00","2024-10-28 00:00:00","2026-04-27 19:22:25"
"8478","161","2024-10-31 07:57:52","147.98","0.00","2024-10-31 00:00:00","2026-04-27 19:22:25"
"8479","93","2024-08-24 16:56:43","58.64","0.00","2024-08-24 00:00:00","2026-04-27 19:22:25"
"8480","122","2025-11-11 02:07:20","195.67","0.00","2025-11-11 00:00:00","2026-04-27 19:22:25"
"8481","237","2026-03-28 18:07:03","98.39","0.00","2026-03-28 00:00:00","2026-04-27 19:22:25"
"8482","84","2026-02-06 09:24:27","93.56","0.00","2026-02-06 00:00:00","2026-04-27 19:22:25"
"8483","123","2024-04-10 18:54:07","90.68","0.00","2024-04-10 00:00:00","2026-04-27 19:22:25"
"8484","187","2022-10-12 09:24:10","41.36","10.00","2022-10-12 00:00:00","2026-04-27 19:22:25"
"8485","233","2025-05-30 09:09:05","115.27","0.00","2025-05-30 00:00:00","2026-04-27 19:22:25"
"8486","82","2026-03-22 17:39:04","194.44","0.00","2026-03-22 00:00:00","2026-04-27 19:22:25"
"8487","262","2023-06-04 18:55:09","96.09","0.00","2023-06-04 00:00:00","2026-04-27 19:22:25"
"8488","199","2024-07-02 15:45:09","104.86","0.00","2024-07-02 00:00:00","2026-04-27 19:22:25"
"8489","215","2023-08-23 19:08:56","109.44","0.00","2023-08-23 00:00:00","2026-04-27 19:22:25"
"8490","23","2024-09-29 17:50:57","82.52","0.00","2024-09-29 00:00:00","2026-04-27 19:22:25"
"8491","267","2025-04-17 13:55:36","59.17","0.00","2025-04-17 00:00:00","2026-04-27 19:22:25"
"8492","262","2024-02-22 16:10:03","131.87","0.00","2024-02-22 00:00:00","2026-04-27 19:22:25"
"8493","184","2026-04-01 09:41:24","154.14","0.00","2026-04-01 00:00:00","2026-04-27 19:22:25"
"8494","268","2024-01-30 09:13:50","173.01","0.00","2024-01-30 00:00:00","2026-04-27 19:22:25"
"8495","80","2025-07-26 12:42:40","118.82","0.00","2025-07-26 00:00:00","2026-04-27 19:22:25"
"8496","222","2022-10-16 14:14:56","145.59","0.00","2022-10-16 00:00:00","2026-04-27 19:22:25"
"8497","210","2026-01-23 05:01:49","146.43","0.00","2026-01-23 00:00:00","2026-04-27 19:22:25"
"8498","280","2023-07-12 10:54:24","58.79","5.00","2023-07-12 00:00:00","2026-04-27 19:22:25"
"8499","51","2025-10-10 13:58:42","78.75","0.00","2025-10-10 00:00:00","2026-04-27 19:22:25"
"8500","168","2024-08-10 08:05:02","107.18","0.00","2024-08-10 00:00:00","2026-04-27 19:22:25"
"8501","215","2025-11-01 07:59:28","60.92","5.00","2025-11-01 00:00:00","2026-04-27 19:22:25"
"8502","194","2022-05-01 16:57:50","72.11","0.00","2022-05-01 00:00:00","2026-04-27 19:22:25"
"8503","152","2025-10-11 13:28:23","227.51","0.00","2025-10-11 00:00:00","2026-04-27 19:22:25"
"8504","141","2024-08-22 16:39:17","59.35","0.00","2024-08-22 00:00:00","2026-04-27 19:22:25"
"8505","175","2024-04-03 13:22:50","250.55","0.00","2024-04-03 00:00:00","2026-04-27 19:22:25"
"8506","202","2025-05-08 19:34:55","0.00","0.00","2025-05-08 00:00:00","2026-04-27 19:22:25"
"8507","205","2022-09-05 07:37:34","10.25","10.00","2022-09-05 00:00:00","2026-04-27 19:22:25"
"8508","260","2021-11-15 01:49:40","176.65","0.00","2021-11-15 00:00:00","2026-04-27 19:22:25"
"8509","156","2026-03-29 08:39:58","211.67","0.00","2026-03-29 00:00:00","2026-04-27 19:22:25"
"8510","12","2026-04-08 08:35:10","222.52","0.00","2026-04-08 00:00:00","2026-04-27 19:22:25"
"8511","188","2026-01-31 11:20:17","40.00","5.00","2026-01-31 00:00:00","2026-04-27 19:22:25"
"8512","66","2024-05-11 11:25:46","15.88","25.00","2024-05-11 00:00:00","2026-04-27 19:22:25"
"8513","255","2024-10-16 08:08:48","47.95","5.00","2024-10-16 00:00:00","2026-04-27 19:22:25"
"8514","87","2026-03-18 15:01:27","85.78","0.00","2026-03-18 00:00:00","2026-04-27 19:22:25"
"8515","267","2025-05-25 16:47:53","127.73","0.00","2025-05-25 00:00:00","2026-04-27 19:22:25"
"8516","259","2026-04-14 17:39:54","78.99","0.00","2026-04-14 00:00:00","2026-04-27 19:22:25"
"8517","34","2025-08-02 10:34:43","197.70","0.00","2025-08-02 00:00:00","2026-04-27 19:22:25"
"8518","66","2024-02-19 09:33:45","146.60","0.00","2024-02-19 00:00:00","2026-04-27 19:22:25"
"8519","48","2026-03-06 12:06:42","67.96","0.00","2026-03-06 00:00:00","2026-04-27 19:22:25"
"8520","160","2025-07-26 17:05:19","26.07","10.00","2025-07-26 00:00:00","2026-04-27 19:22:25"
"8521","203","2025-06-17 15:56:59","82.21","0.00","2025-06-17 00:00:00","2026-04-27 19:22:25"
"8522","118","2023-05-04 18:33:20","39.23","5.00","2023-05-04 00:00:00","2026-04-27 19:22:25"
"8523","83","2024-11-18 12:07:52","126.71","0.00","2024-11-18 00:00:00","2026-04-27 19:22:25"
"8524","275","2022-08-03 07:53:11","25.96","10.00","2022-08-03 00:00:00","2026-04-27 19:22:25"
"8525","67","2021-09-03 18:31:00","89.20","0.00","2021-09-03 00:00:00","2026-04-27 19:22:25"
"8526","3","2024-08-20 11:39:42","185.12","0.00","2024-08-20 00:00:00","2026-04-27 19:22:25"
"8527","258","2024-09-04 17:58:40","93.22","0.00","2024-09-04 00:00:00","2026-04-27 19:22:25"
"8528","55","2026-04-03 11:38:36","143.08","0.00","2026-04-03 00:00:00","2026-04-27 19:22:25"
"8529","208","2022-04-16 19:05:45","109.52","0.00","2022-04-16 00:00:00","2026-04-27 19:22:25"
"8530","281","2025-02-05 12:31:00","227.48","0.00","2025-02-05 00:00:00","2026-04-27 19:22:25"
"8531","279","2022-06-15 13:10:55","139.26","0.00","2022-06-15 00:00:00","2026-04-27 19:22:25"
"8532","174","2025-11-06 16:04:23","98.16","0.00","2025-11-06 00:00:00","2026-04-27 19:22:25"
"8533","15","2023-07-22 08:18:41","87.81","0.00","2023-07-22 00:00:00","2026-04-27 19:22:25"
"8534","214","2025-03-04 16:45:44","82.02","0.00","2025-03-04 00:00:00","2026-04-27 19:22:25"
"8535","273","2024-11-04 10:03:00","163.99","0.00","2024-11-04 00:00:00","2026-04-27 19:22:25"
"8536","118","2023-01-11 09:02:05","95.38","0.00","2023-01-11 00:00:00","2026-04-27 19:22:25"
"8537","241","2025-06-28 13:41:29","76.10","0.00","2025-06-28 00:00:00","2026-04-27 19:22:25"
"8538","80","2024-08-31 13:39:12","175.03","0.00","2024-08-31 00:00:00","2026-04-27 19:22:25"
"8539","71","2025-05-16 18:48:36","7.38","25.00","2025-05-16 00:00:00","2026-04-27 19:22:25"
"8540","278","2026-02-09 11:02:44","67.55","5.00","2026-02-09 00:00:00","2026-04-27 19:22:25"
"8541","66","2024-12-19 15:03:38","46.82","10.00","2024-12-19 00:00:00","2026-04-27 19:22:25"
"8542","71","2025-01-09 13:47:45","65.10","5.00","2025-01-09 00:00:00","2026-04-27 19:22:25"
"8543","238","2024-05-03 18:01:33","118.17","0.00","2024-05-03 00:00:00","2026-04-27 19:22:25"
"8544","33","2026-03-27 02:51:21","19.41","10.00","2026-03-27 00:00:00","2026-04-27 19:22:25"
"8545","213","2024-11-16 11:53:05","44.38","5.00","2024-11-16 00:00:00","2026-04-27 19:22:25"
"8546","171","2022-11-08 08:13:19","178.09","0.00","2022-11-08 00:00:00","2026-04-27 19:22:25"
"8547","125","2021-10-13 09:21:00","172.68","0.00","2021-10-13 00:00:00","2026-04-27 19:22:25"
"8548","33","2026-04-12 07:00:08","31.72","5.00","2026-04-12 00:00:00","2026-04-27 19:22:25"
"8549","6","2023-04-15 07:21:28","68.65","0.00","2023-04-15 00:00:00","2026-04-27 19:22:25"
"8550","44","2026-04-02 12:09:06","215.84","0.00","2026-04-02 00:00:00","2026-04-27 19:22:25"
"8551","115","2024-06-20 10:01:56","72.66","5.00","2024-06-20 00:00:00","2026-04-27 19:22:25"
"8552","46","2026-03-31 09:56:32","229.70","0.00","2026-03-31 00:00:00","2026-04-27 19:22:25"
"8553","180","2025-07-06 05:30:00","69.92","0.00","2025-07-06 00:00:00","2026-04-27 19:22:25"
"8554","184","2026-04-03 15:03:44","35.84","5.00","2026-04-03 00:00:00","2026-04-27 19:22:25"
"8555","198","2026-01-22 13:17:23","194.49","0.00","2026-01-22 00:00:00","2026-04-27 19:22:25"
"8556","79","2024-10-05 10:07:30","114.88","0.00","2024-10-05 00:00:00","2026-04-27 19:22:25"
"8557","66","2024-08-17 10:03:00","53.56","5.00","2024-08-17 00:00:00","2026-04-27 19:22:25"
"8558","41","2021-12-16 09:08:52","166.12","0.00","2021-12-16 00:00:00","2026-04-27 19:22:25"
"8559","239","2026-04-02 09:21:35","129.37","0.00","2026-04-02 00:00:00","2026-04-27 19:22:25"
"8560","55","2021-12-26 07:27:19","129.89","0.00","2021-12-26 00:00:00","2026-04-27 19:22:25"
"8561","267","2024-07-09 11:07:09","12.03","10.00","2024-07-09 00:00:00","2026-04-27 19:22:25"
"8562","293","2023-03-21 14:00:47","19.62","10.00","2023-03-21 00:00:00","2026-04-27 19:22:25"
"8563","171","2025-09-09 09:09:05","399.38","0.00","2025-09-09 00:00:00","2026-04-27 19:22:25"
"8564","269","2025-12-10 17:33:40","57.89","5.00","2025-12-10 00:00:00","2026-04-27 19:22:25"
"8565","161","2022-03-24 07:51:31","9.70","10.00","2022-03-24 00:00:00","2026-04-27 19:22:25"
"8566","19","2025-12-28 17:35:42","70.53","0.00","2025-12-28 00:00:00","2026-04-27 19:22:25"
"8567","53","2025-02-04 08:45:24","153.36","0.00","2025-02-04 00:00:00","2026-04-27 19:22:25"
"8568","36","2025-09-11 08:50:42","78.68","0.00","2025-09-11 00:00:00","2026-04-27 19:22:25"
"8569","65","2025-08-12 10:07:28","220.98","0.00","2025-08-12 00:00:00","2026-04-27 19:22:25"
"8570","150","2026-03-24 16:20:40","106.37","0.00","2026-03-24 00:00:00","2026-04-27 19:22:25"
"8571","28","2023-09-22 15:42:57","50.88","0.00","2023-09-22 00:00:00","2026-04-27 19:22:25"
"8572","53","2025-01-21 08:19:35","76.50","0.00","2025-01-21 00:00:00","2026-04-27 19:22:25"
"8573","84","2026-01-01 08:07:11","0.00","0.00","2026-01-01 00:00:00","2026-04-27 19:22:25"
"8574","260","2021-09-04 13:01:01","100.55","0.00","2021-09-04 00:00:00","2026-04-27 19:22:25"
"8575","164","2025-10-16 13:20:46","17.45","10.00","2025-10-16 00:00:00","2026-04-27 19:22:25"
"8576","68","2026-02-18 06:46:12","88.97","0.00","2026-02-18 00:00:00","2026-04-27 19:22:25"
"8577","136","2024-12-23 05:05:02","319.35","0.00","2024-12-23 00:00:00","2026-04-27 19:22:25"
"8578","52","2025-05-09 08:53:06","86.06","0.00","2025-05-09 00:00:00","2026-04-27 19:22:25"
"8579","240","2024-11-03 09:48:33","2.32","10.00","2024-11-03 00:00:00","2026-04-27 19:22:25"
"8580","275","2023-02-05 13:37:58","143.69","0.00","2023-02-05 00:00:00","2026-04-27 19:22:25"
"8581","293","2023-05-25 12:57:09","70.52","0.00","2023-05-25 00:00:00","2026-04-27 19:22:25"
"8582","210","2026-03-10 07:39:15","78.35","0.00","2026-03-10 00:00:00","2026-04-27 19:22:25"
"8583","194","2024-08-25 10:00:57","136.59","0.00","2024-08-25 00:00:00","2026-04-27 19:22:25"
"8584","287","2021-02-08 09:26:28","55.55","5.00","2021-02-08 00:00:00","2026-04-27 19:22:25"
"8585","3","2023-08-28 17:39:03","240.02","0.00","2023-08-28 00:00:00","2026-04-27 19:22:25"
"8586","76","2025-07-14 11:10:16","126.63","0.00","2025-07-14 00:00:00","2026-04-27 19:22:25"
"8587","25","2025-02-14 09:47:22","12.08","25.00","2025-02-14 00:00:00","2026-04-27 19:22:25"
"8588","233","2025-03-15 15:03:40","2.00","25.00","2025-03-15 00:00:00","2026-04-27 19:22:25"
"8589","173","2025-08-06 19:16:28","285.53","0.00","2025-08-06 00:00:00","2026-04-27 19:22:25"
"8590","20","2022-03-24 12:31:59","170.83","0.00","2022-03-24 00:00:00","2026-04-27 19:22:25"
"8591","93","2025-08-22 18:12:25","228.90","0.00","2025-08-22 00:00:00","2026-04-27 19:22:25"
"8592","135","2026-03-22 14:33:27","267.25","0.00","2026-03-22 00:00:00","2026-04-27 19:22:25"
"8593","257","2025-05-10 08:10:54","181.71","0.00","2025-05-10 00:00:00","2026-04-27 19:22:25"
"8594","278","2026-01-07 13:31:43","36.55","10.00","2026-01-07 00:00:00","2026-04-27 19:22:25"
"8595","258","2025-05-27 19:39:27","31.04","5.00","2025-05-27 00:00:00","2026-04-27 19:22:25"
"8596","180","2024-09-05 11:54:03","109.71","0.00","2024-09-05 00:00:00","2026-04-27 19:22:25"
"8597","180","2026-01-02 15:59:23","37.80","5.00","2026-01-02 00:00:00","2026-04-27 19:22:25"
"8598","150","2026-02-05 09:37:48","235.21","0.00","2026-02-05 00:00:00","2026-04-27 19:22:25"
"8599","92","2026-02-03 15:01:33","190.28","0.00","2026-02-03 00:00:00","2026-04-27 19:22:25"
"8600","207","2025-08-13 09:14:27","176.56","0.00","2025-08-13 00:00:00","2026-04-27 19:22:25"
"8601","243","2026-02-07 11:23:25","192.39","0.00","2026-02-07 00:00:00","2026-04-27 19:22:25"
"8602","2","2025-11-09 09:03:08","129.15","0.00","2025-11-09 00:00:00","2026-04-27 19:22:25"
"8603","136","2025-08-18 10:53:14","16.86","25.00","2025-08-18 00:00:00","2026-04-27 19:22:25"
"8604","109","2024-03-24 17:23:38","205.93","0.00","2024-03-24 00:00:00","2026-04-27 19:22:25"
"8605","38","2025-04-07 11:49:36","65.96","0.00","2025-04-07 00:00:00","2026-04-27 19:22:25"
"8606","296","2026-03-27 10:42:13","29.08","5.00","2026-03-27 00:00:00","2026-04-27 19:22:25"
"8607","272","2026-03-16 15:34:14","240.73","0.00","2026-03-16 00:00:00","2026-04-27 19:22:25"
"8608","221","2025-03-06 16:41:35","193.26","0.00","2025-03-06 00:00:00","2026-04-27 19:22:25"
"8609","119","2025-11-18 07:10:53","149.43","0.00","2025-11-18 00:00:00","2026-04-27 19:22:25"
"8610","254","2025-09-06 03:14:33","234.54","0.00","2025-09-06 00:00:00","2026-04-27 19:22:25"
"8611","141","2026-03-01 14:08:21","261.85","0.00","2026-03-01 00:00:00","2026-04-27 19:22:25"
"8612","274","2023-07-20 19:40:23","95.40","0.00","2023-07-20 00:00:00","2026-04-27 19:22:25"
"8613","200","2026-03-29 07:56:16","163.53","0.00","2026-03-29 00:00:00","2026-04-27 19:22:25"
"8614","83","2024-03-09 17:12:47","160.12","0.00","2024-03-09 00:00:00","2026-04-27 19:22:25"
"8615","121","2024-12-04 13:30:39","82.12","0.00","2024-12-04 00:00:00","2026-04-27 19:22:25"
"8616","284","2026-04-15 08:35:53","42.24","5.00","2026-04-15 00:00:00","2026-04-27 19:22:25"
"8617","75","2026-04-04 02:04:19","37.94","5.00","2026-04-04 00:00:00","2026-04-27 19:22:25"
"8618","281","2026-02-08 19:45:48","54.40","0.00","2026-02-08 00:00:00","2026-04-27 19:22:25"
"8619","24","2022-10-19 09:29:27","10.58","10.00","2022-10-19 00:00:00","2026-04-27 19:22:25"
"8620","18","2024-12-11 08:31:29","16.66","10.00","2024-12-11 00:00:00","2026-04-27 19:22:25"
"8621","46","2026-02-27 08:58:38","17.37","25.00","2026-02-27 00:00:00","2026-04-27 19:22:25"
"8622","250","2021-12-07 16:22:50","158.17","0.00","2021-12-07 00:00:00","2026-04-27 19:22:25"
"8623","148","2023-07-14 19:24:13","45.39","10.00","2023-07-14 00:00:00","2026-04-27 19:22:25"
"8624","278","2026-02-21 08:15:19","281.14","0.00","2026-02-21 00:00:00","2026-04-27 19:22:25"
"8625","228","2026-02-01 07:07:40","93.10","0.00","2026-02-01 00:00:00","2026-04-27 19:22:25"
"8626","299","2022-12-17 04:15:28","136.40","0.00","2022-12-17 00:00:00","2026-04-27 19:22:25"
"8627","66","2021-12-03 07:42:36","173.85","0.00","2021-12-03 00:00:00","2026-04-27 19:22:25"
"8628","72","2024-11-24 08:05:20","215.58","0.00","2024-11-24 00:00:00","2026-04-27 19:22:25"
"8629","41","2022-04-13 19:27:33","73.52","5.00","2022-04-13 00:00:00","2026-04-27 19:22:25"
"8630","129","2022-10-17 11:38:44","76.81","0.00","2022-10-17 00:00:00","2026-04-27 19:22:25"
"8631","200","2024-10-21 00:18:34","13.51","25.00","2024-10-21 00:00:00","2026-04-27 19:22:25"
"8632","112","2025-12-11 08:23:53","102.77","0.00","2025-12-11 00:00:00","2026-04-27 19:22:25"
"8633","99","2025-03-17 15:50:41","76.56","0.00","2025-03-17 00:00:00","2026-04-27 19:22:25"
"8634","200","2025-09-26 08:44:29","220.49","0.00","2025-09-26 00:00:00","2026-04-27 19:22:25"
"8635","95","2024-11-23 17:09:26","26.68","10.00","2024-11-23 00:00:00","2026-04-27 19:22:25"
"8636","155","2025-03-26 07:48:40","128.23","0.00","2025-03-26 00:00:00","2026-04-27 19:22:25"
"8637","182","2023-01-08 19:47:03","37.56","5.00","2023-01-08 00:00:00","2026-04-27 19:22:25"
"8638","185","2023-08-26 09:40:46","12.52","25.00","2023-08-26 00:00:00","2026-04-27 19:22:25"
"8639","20","2022-05-14 01:05:53","50.99","5.00","2022-05-14 00:00:00","2026-04-27 19:22:25"
"8640","162","2023-03-21 11:26:36","186.01","0.00","2023-03-21 00:00:00","2026-04-27 19:22:25"
"8641","76","2024-05-02 09:51:41","125.01","0.00","2024-05-02 00:00:00","2026-04-27 19:22:25"
"8642","28","2024-01-11 07:34:43","34.46","5.00","2024-01-11 00:00:00","2026-04-27 19:22:25"
"8643","199","2025-06-11 07:44:39","99.57","0.00","2025-06-11 00:00:00","2026-04-27 19:22:25"
"8644","2","2022-12-03 13:33:46","112.98","0.00","2022-12-03 00:00:00","2026-04-27 19:22:25"
"8645","220","2025-12-18 14:49:44","65.26","0.00","2025-12-18 00:00:00","2026-04-27 19:22:25"
"8646","183","2023-08-11 19:01:15","20.55","10.00","2023-08-11 00:00:00","2026-04-27 19:22:25"
"8647","37","2025-06-09 14:19:26","123.69","0.00","2025-06-09 00:00:00","2026-04-27 19:22:25"
"8648","290","2021-04-03 17:56:32","87.30","0.00","2021-04-03 00:00:00","2026-04-27 19:22:25"
"8649","203","2023-12-21 07:15:32","54.60","5.00","2023-12-21 00:00:00","2026-04-27 19:22:25"
"8650","50","2022-07-25 08:13:29","78.14","0.00","2022-07-25 00:00:00","2026-04-27 19:22:25"
"8651","111","2022-11-05 07:20:38","94.46","0.00","2022-11-05 00:00:00","2026-04-27 19:22:25"
"8652","31","2022-01-24 11:06:05","27.29","10.00","2022-01-24 00:00:00","2026-04-27 19:22:25"
"8653","129","2025-11-07 15:03:45","14.85","10.00","2025-11-07 00:00:00","2026-04-27 19:22:25"
"8654","262","2023-04-19 04:40:17","128.80","0.00","2023-04-19 00:00:00","2026-04-27 19:22:25"
"8655","284","2025-03-09 12:57:03","321.64","0.00","2025-03-09 00:00:00","2026-04-27 19:22:25"
"8656","167","2026-02-22 19:15:35","125.28","0.00","2026-02-22 00:00:00","2026-04-27 19:22:25"
"8657","121","2023-10-31 11:12:33","34.30","10.00","2023-10-31 00:00:00","2026-04-27 19:22:25"
"8658","69","2023-12-01 11:03:59","34.86","5.00","2023-12-01 00:00:00","2026-04-27 19:22:25"
"8659","6","2023-06-15 09:27:10","45.95","5.00","2023-06-15 00:00:00","2026-04-27 19:22:25"
"8660","15","2024-07-11 10:42:24","152.31","0.00","2024-07-11 00:00:00","2026-04-27 19:22:25"
"8661","216","2025-06-28 09:54:15","230.94","0.00","2025-06-28 00:00:00","2026-04-27 19:22:25"
"8662","286","2024-09-30 10:44:27","84.82","0.00","2024-09-30 00:00:00","2026-04-27 19:22:25"
"8663","93","2020-12-18 18:11:19","221.59","0.00","2020-12-18 00:00:00","2026-04-27 19:22:25"
"8664","106","2024-07-02 15:13:34","262.91","0.00","2024-07-02 00:00:00","2026-04-27 19:22:25"
"8665","15","2024-11-12 14:37:42","231.91","0.00","2024-11-12 00:00:00","2026-04-27 19:22:25"
"8666","199","2025-04-27 08:54:30","7.34","10.00","2025-04-27 00:00:00","2026-04-27 19:22:25"
"8667","4","2022-03-16 08:19:10","149.46","0.00","2022-03-16 00:00:00","2026-04-27 19:22:25"
"8668","267","2026-04-12 08:45:58","84.88","0.00","2026-04-12 00:00:00","2026-04-27 19:22:25"
"8669","260","2021-10-01 09:36:37","9.55","10.00","2021-10-01 00:00:00","2026-04-27 19:22:25"
"8670","115","2024-04-17 16:25:05","126.42","0.00","2024-04-17 00:00:00","2026-04-27 19:22:25"
"8671","276","2025-11-26 18:22:26","184.48","0.00","2025-11-26 00:00:00","2026-04-27 19:22:25"
"8672","227","2026-03-27 10:57:41","213.99","0.00","2026-03-27 00:00:00","2026-04-27 19:22:25"
"8673","259","2025-06-10 18:30:00","209.22","0.00","2025-06-10 00:00:00","2026-04-27 19:22:25"
"8674","109","2024-11-17 14:40:04","35.04","10.00","2024-11-17 00:00:00","2026-04-27 19:22:25"
"8675","182","2024-09-01 17:21:41","7.23","10.00","2024-09-01 00:00:00","2026-04-27 19:22:25"
"8676","144","2020-07-06 17:47:37","0.00","0.00","2020-07-06 00:00:00","2026-04-27 19:22:25"
"8677","296","2024-12-13 02:08:32","129.28","0.00","2024-12-13 00:00:00","2026-04-27 19:22:25"
"8678","206","2024-08-11 18:18:00","173.48","0.00","2024-08-11 00:00:00","2026-04-27 19:22:25"
"8679","174","2026-04-14 15:18:56","8.85","10.00","2026-04-14 00:00:00","2026-04-27 19:22:25"
"8680","248","2026-02-14 09:38:31","183.95","0.00","2026-02-14 00:00:00","2026-04-27 19:22:25"
"8681","136","2024-10-04 05:10:20","96.31","0.00","2024-10-04 00:00:00","2026-04-27 19:22:25"
"8682","27","2023-03-04 11:00:36","6.00","25.00","2023-03-04 00:00:00","2026-04-27 19:22:25"
"8683","200","2025-09-05 12:00:25","191.35","0.00","2025-09-05 00:00:00","2026-04-27 19:22:25"
"8684","57","2025-09-11 12:49:28","124.49","0.00","2025-09-11 00:00:00","2026-04-27 19:22:25"
"8685","212","2022-12-26 05:35:23","57.34","0.00","2022-12-26 00:00:00","2026-04-27 19:22:25"
"8686","282","2026-04-04 17:08:32","145.71","0.00","2026-04-04 00:00:00","2026-04-27 19:22:25"
"8687","110","2025-12-23 15:55:01","116.17","0.00","2025-12-23 00:00:00","2026-04-27 19:22:25"
"8688","221","2026-01-20 19:18:51","64.71","0.00","2026-01-20 00:00:00","2026-04-27 19:22:25"
"8689","36","2023-11-10 13:27:19","191.32","0.00","2023-11-10 00:00:00","2026-04-27 19:22:25"
"8690","55","2021-10-28 12:21:10","14.60","25.00","2021-10-28 00:00:00","2026-04-27 19:22:25"
"8691","62","2025-05-12 09:44:18","4.86","25.00","2025-05-12 00:00:00","2026-04-27 19:22:25"
"8692","50","2023-01-17 14:22:34","121.82","0.00","2023-01-17 00:00:00","2026-04-27 19:22:25"
"8693","101","2024-07-16 00:05:02","115.10","0.00","2024-07-16 00:00:00","2026-04-27 19:22:25"
"8694","273","2023-03-09 07:18:49","17.07","25.00","2023-03-09 00:00:00","2026-04-27 19:22:25"
"8695","158","2026-02-22 15:56:13","220.94","0.00","2026-02-22 00:00:00","2026-04-27 19:22:25"
"8696","140","2026-03-21 16:24:07","14.84","10.00","2026-03-21 00:00:00","2026-04-27 19:22:25"
"8697","276","2025-09-14 15:35:20","10.78","25.00","2025-09-14 00:00:00","2026-04-27 19:22:25"
"8698","188","2026-03-12 09:58:08","43.15","5.00","2026-03-12 00:00:00","2026-04-27 19:22:25"
"8699","292","2024-03-02 08:09:49","103.90","0.00","2024-03-02 00:00:00","2026-04-27 19:22:25"
"8700","131","2024-07-26 07:09:10","97.20","0.00","2024-07-26 00:00:00","2026-04-27 19:22:25"
"8701","292","2020-10-31 15:21:13","107.09","0.00","2020-10-31 00:00:00","2026-04-27 19:22:25"
"8702","113","2026-02-23 17:37:47","84.48","0.00","2026-02-23 00:00:00","2026-04-27 19:22:25"
"8703","116","2026-02-09 19:40:27","302.80","0.00","2026-02-09 00:00:00","2026-04-27 19:22:25"
"8704","192","2023-08-26 10:15:14","143.79","0.00","2023-08-26 00:00:00","2026-04-27 19:22:25"
"8705","102","2021-05-19 14:48:47","173.88","0.00","2021-05-19 00:00:00","2026-04-27 19:22:25"
"8706","283","2021-04-20 13:09:42","350.88","0.00","2021-04-20 00:00:00","2026-04-27 19:22:25"
"8707","194","2024-07-14 10:15:05","141.71","0.00","2024-07-14 00:00:00","2026-04-27 19:22:25"
"8708","185","2024-11-10 08:27:19","3.28","25.00","2024-11-10 00:00:00","2026-04-27 19:22:25"
"8709","22","2024-09-03 10:48:46","18.00","10.00","2024-09-03 00:00:00","2026-04-27 19:22:25"
"8710","153","2021-10-17 19:27:22","123.29","0.00","2021-10-17 00:00:00","2026-04-27 19:22:25"
"8711","234","2023-11-03 14:48:35","268.53","0.00","2023-11-03 00:00:00","2026-04-27 19:22:25"
"8712","222","2026-01-16 10:33:38","91.10","0.00","2026-01-16 00:00:00","2026-04-27 19:22:25"
"8713","84","2025-02-28 15:27:30","63.75","0.00","2025-02-28 00:00:00","2026-04-27 19:22:25"
"8714","93","2025-04-19 13:03:22","49.66","5.00","2025-04-19 00:00:00","2026-04-27 19:22:25"
"8715","210","2025-10-07 09:13:16","66.34","5.00","2025-10-07 00:00:00","2026-04-27 19:22:25"
"8716","5","2026-04-05 08:34:41","66.04","5.00","2026-04-05 00:00:00","2026-04-27 19:22:25"
"8717","101","2021-12-31 08:24:10","214.91","0.00","2021-12-31 00:00:00","2026-04-27 19:22:25"
"8718","186","2026-01-15 08:23:31","218.87","0.00","2026-01-15 00:00:00","2026-04-27 19:22:25"
"8719","241","2026-01-17 14:11:32","205.63","0.00","2026-01-17 00:00:00","2026-04-27 19:22:25"
"8720","42","2025-08-09 19:16:38","100.96","0.00","2025-08-09 00:00:00","2026-04-27 19:22:25"
"8721","216","2023-03-21 17:51:58","16.40","10.00","2023-03-21 00:00:00","2026-04-27 19:22:25"
"8722","179","2024-04-20 16:24:59","164.36","0.00","2024-04-20 00:00:00","2026-04-27 19:22:25"
"8723","269","2025-01-08 07:07:36","240.38","0.00","2025-01-08 00:00:00","2026-04-27 19:22:25"
"8724","296","2026-02-23 08:40:05","131.14","0.00","2026-02-23 00:00:00","2026-04-27 19:22:25"
"8725","189","2024-08-25 10:51:05","16.30","25.00","2024-08-25 00:00:00","2026-04-27 19:22:25"
"8726","170","2023-03-02 07:09:56","267.20","0.00","2023-03-02 00:00:00","2026-04-27 19:22:25"
"8727","206","2025-07-05 13:07:31","24.44","25.00","2025-07-05 00:00:00","2026-04-27 19:22:25"
"8728","236","2025-08-14 17:45:40","70.31","0.00","2025-08-14 00:00:00","2026-04-27 19:22:25"
"8729","38","2023-11-26 15:19:02","301.39","0.00","2023-11-26 00:00:00","2026-04-27 19:22:25"
"8730","24","2022-09-06 11:53:05","204.12","0.00","2022-09-06 00:00:00","2026-04-27 19:22:25"
"8731","283","2020-05-29 08:35:35","107.61","0.00","2020-05-29 00:00:00","2026-04-27 19:22:25"
"8732","231","2020-11-26 11:22:18","104.70","0.00","2020-11-26 00:00:00","2026-04-27 19:22:25"
"8733","233","2025-06-18 11:30:05","37.02","10.00","2025-06-18 00:00:00","2026-04-27 19:22:25"
"8734","256","2025-09-28 07:09:55","93.31","0.00","2025-09-28 00:00:00","2026-04-27 19:22:25"
"8735","160","2025-03-14 18:00:26","101.70","0.00","2025-03-14 00:00:00","2026-04-27 19:22:25"
"8736","239","2024-02-16 13:18:30","235.84","0.00","2024-02-16 00:00:00","2026-04-27 19:22:25"
"8737","196","2025-12-15 09:31:23","182.44","0.00","2025-12-15 00:00:00","2026-04-27 19:22:25"
"8738","119","2026-01-25 17:39:01","87.14","0.00","2026-01-25 00:00:00","2026-04-27 19:22:25"
"8739","156","2025-06-16 14:02:48","130.61","0.00","2025-06-16 00:00:00","2026-04-27 19:22:25"
"8740","74","2022-12-06 07:56:44","275.73","0.00","2022-12-06 00:00:00","2026-04-27 19:22:25"
"8741","272","2025-08-14 08:09:03","16.25","25.00","2025-08-14 00:00:00","2026-04-27 19:22:25"
"8742","94","2024-10-13 09:35:26","203.06","0.00","2024-10-13 00:00:00","2026-04-27 19:22:25"
"8743","281","2026-04-15 10:42:28","266.90","0.00","2026-04-15 00:00:00","2026-04-27 19:22:25"
"8744","126","2023-07-30 18:32:05","102.79","0.00","2023-07-30 00:00:00","2026-04-27 19:22:25"
"8745","38","2026-01-31 02:32:48","331.52","0.00","2026-01-31 00:00:00","2026-04-27 19:22:25"
"8746","163","2026-01-21 18:55:01","161.24","0.00","2026-01-21 00:00:00","2026-04-27 19:22:25"
"8747","213","2025-10-28 16:09:52","82.67","0.00","2025-10-28 00:00:00","2026-04-27 19:22:25"
"8748","154","2023-06-16 01:54:58","64.72","0.00","2023-06-16 00:00:00","2026-04-27 19:22:25"
"8749","18","2025-11-10 10:49:50","112.77","0.00","2025-11-10 00:00:00","2026-04-27 19:22:25"
"8750","122","2025-11-30 07:16:20","290.26","0.00","2025-11-30 00:00:00","2026-04-27 19:22:25"
"8751","178","2021-12-11 08:05:01","0.00","0.00","2021-12-11 00:00:00","2026-04-27 19:22:25"
"8752","148","2022-10-17 09:23:23","144.87","0.00","2022-10-17 00:00:00","2026-04-27 19:22:25"
"8753","105","2025-08-26 06:01:19","33.56","10.00","2025-08-26 00:00:00","2026-04-27 19:22:25"
"8754","195","2025-11-07 17:11:40","29.10","10.00","2025-11-07 00:00:00","2026-04-27 19:22:25"
"8755","90","2025-09-15 08:05:34","234.67","0.00","2025-09-15 00:00:00","2026-04-27 19:22:25"
"8756","21","2025-10-25 12:33:58","175.55","0.00","2025-10-25 00:00:00","2026-04-27 19:22:25"
"8757","290","2020-06-22 11:15:43","112.62","0.00","2020-06-22 00:00:00","2026-04-27 19:22:25"
"8758","164","2025-10-12 09:38:52","204.17","0.00","2025-10-12 00:00:00","2026-04-27 19:22:25"
"8759","46","2026-03-15 18:53:48","50.94","5.00","2026-03-15 00:00:00","2026-04-27 19:22:25"
"8760","145","2024-10-03 14:13:41","164.73","0.00","2024-10-03 00:00:00","2026-04-27 19:22:25"
"8761","273","2025-12-04 01:59:33","155.35","0.00","2025-12-04 00:00:00","2026-04-27 19:22:25"
"8762","299","2025-10-30 09:46:21","6.86","10.00","2025-10-30 00:00:00","2026-04-27 19:22:25"
"8763","52","2025-05-18 12:48:19","14.42","10.00","2025-05-18 00:00:00","2026-04-27 19:22:25"
"8764","127","2026-03-30 11:55:17","131.81","0.00","2026-03-30 00:00:00","2026-04-27 19:22:25"
"8765","22","2024-02-24 07:00:56","46.15","5.00","2024-02-24 00:00:00","2026-04-27 19:22:25"
"8766","63","2025-12-17 09:47:11","47.35","5.00","2025-12-17 00:00:00","2026-04-27 19:22:25"
"8767","298","2025-04-14 13:04:18","38.87","10.00","2025-04-14 00:00:00","2026-04-27 19:22:25"
"8768","9","2022-06-25 15:48:24","218.65","0.00","2022-06-25 00:00:00","2026-04-27 19:22:25"
"8769","130","2025-11-11 05:15:49","7.66","10.00","2025-11-11 00:00:00","2026-04-27 19:22:25"
"8770","101","2025-12-27 13:46:44","0.00","0.00","2025-12-27 00:00:00","2026-04-27 19:22:25"
"8771","46","2026-03-06 15:48:17","223.01","0.00","2026-03-06 00:00:00","2026-04-27 19:22:25"
"8772","42","2026-03-11 14:07:14","88.88","0.00","2026-03-11 00:00:00","2026-04-27 19:22:25"
"8773","217","2024-10-14 09:00:21","89.45","0.00","2024-10-14 00:00:00","2026-04-27 19:22:25"
"8774","61","2026-03-21 09:53:35","98.23","0.00","2026-03-21 00:00:00","2026-04-27 19:22:25"
"8775","133","2023-03-09 14:33:27","193.94","0.00","2023-03-09 00:00:00","2026-04-27 19:22:25"
"8776","211","2025-03-20 15:47:29","7.16","25.00","2025-03-20 00:00:00","2026-04-27 19:22:25"
"8777","168","2025-03-06 16:14:12","19.62","10.00","2025-03-06 00:00:00","2026-04-27 19:22:25"
"8778","190","2026-01-06 10:07:31","55.56","5.00","2026-01-06 00:00:00","2026-04-27 19:22:25"
"8779","127","2026-02-15 18:24:28","75.91","0.00","2026-02-15 00:00:00","2026-04-27 19:22:25"
"8780","135","2026-04-10 14:31:25","212.89","0.00","2026-04-10 00:00:00","2026-04-27 19:22:25"
"8781","72","2025-05-04 13:03:17","120.48","0.00","2025-05-04 00:00:00","2026-04-27 19:22:25"
"8782","286","2024-10-20 17:41:16","168.74","0.00","2024-10-20 00:00:00","2026-04-27 19:22:25"
"8783","113","2026-03-06 17:40:12","34.26","10.00","2026-03-06 00:00:00","2026-04-27 19:22:25"
"8784","180","2025-08-16 08:56:58","88.00","0.00","2025-08-16 00:00:00","2026-04-27 19:22:25"
"8785","1","2025-09-20 15:26:33","122.33","0.00","2025-09-20 00:00:00","2026-04-27 19:22:25"
"8786","133","2024-07-20 17:14:58","314.80","0.00","2024-07-20 00:00:00","2026-04-27 19:22:25"
"8787","135","2026-03-29 18:55:56","102.02","0.00","2026-03-29 00:00:00","2026-04-27 19:22:25"
"8788","201","2026-02-23 07:05:46","65.97","5.00","2026-02-23 00:00:00","2026-04-27 19:22:25"
"8789","152","2026-03-31 15:58:15","166.83","0.00","2026-03-31 00:00:00","2026-04-27 19:22:25"
"8790","96","2023-04-24 10:06:25","77.72","0.00","2023-04-24 00:00:00","2026-04-27 19:22:25"
"8791","283","2021-08-26 07:41:59","33.86","5.00","2021-08-26 00:00:00","2026-04-27 19:22:25"
"8792","277","2025-01-26 09:33:08","132.23","0.00","2025-01-26 00:00:00","2026-04-27 19:22:25"
"8793","46","2025-12-24 16:00:16","323.86","0.00","2025-12-24 00:00:00","2026-04-27 19:22:25"
"8794","214","2025-10-08 16:26:10","121.18","0.00","2025-10-08 00:00:00","2026-04-27 19:22:25"
"8795","109","2026-03-03 14:26:50","23.02","25.00","2026-03-03 00:00:00","2026-04-27 19:22:25"
"8796","105","2026-03-14 08:47:08","32.80","10.00","2026-03-14 00:00:00","2026-04-27 19:22:25"
"8797","271","2021-11-14 11:40:00","142.37","0.00","2021-11-14 00:00:00","2026-04-27 19:22:25"
"8798","155","2025-01-15 11:42:00","217.80","0.00","2025-01-15 00:00:00","2026-04-27 19:22:25"
"8799","28","2023-10-11 09:32:28","221.40","0.00","2023-10-11 00:00:00","2026-04-27 19:22:25"
"8800","52","2025-08-04 09:27:23","14.10","10.00","2025-08-04 00:00:00","2026-04-27 19:22:25"
"8801","221","2024-03-19 17:07:15","120.71","0.00","2024-03-19 00:00:00","2026-04-27 19:22:25"
"8802","163","2025-10-17 07:05:43","244.33","0.00","2025-10-17 00:00:00","2026-04-27 19:22:25"
"8803","231","2024-07-21 17:44:19","262.68","0.00","2024-07-21 00:00:00","2026-04-27 19:22:25"
"8804","34","2025-08-17 11:22:28","22.46","10.00","2025-08-17 00:00:00","2026-04-27 19:22:25"
"8805","279","2023-10-26 19:52:33","108.40","0.00","2023-10-26 00:00:00","2026-04-27 19:22:25"
"8806","9","2025-06-13 10:58:37","20.74","10.00","2025-06-13 00:00:00","2026-04-27 19:22:25"
"8807","11","2026-04-10 10:47:46","236.20","0.00","2026-04-10 00:00:00","2026-04-27 19:22:25"
"8808","17","2025-06-06 10:43:34","59.49","5.00","2025-06-06 00:00:00","2026-04-27 19:22:25"
"8809","54","2026-01-25 07:45:24","100.59","0.00","2026-01-25 00:00:00","2026-04-27 19:22:25"
"8810","122","2026-01-02 07:08:52","105.89","0.00","2026-01-02 00:00:00","2026-04-27 19:22:25"
"8811","247","2022-04-14 09:50:50","140.17","0.00","2022-04-14 00:00:00","2026-04-27 19:22:25"
"8812","187","2022-10-14 03:43:10","29.73","10.00","2022-10-14 00:00:00","2026-04-27 19:22:25"
"8813","63","2024-04-23 09:05:49","94.48","0.00","2024-04-23 00:00:00","2026-04-27 19:22:25"
"8814","45","2022-12-16 08:04:52","222.50","0.00","2022-12-16 00:00:00","2026-04-27 19:22:25"
"8815","15","2025-06-16 11:21:17","117.48","0.00","2025-06-16 00:00:00","2026-04-27 19:22:25"
"8816","220","2026-03-25 10:15:00","162.01","0.00","2026-03-25 00:00:00","2026-04-27 19:22:25"
"8817","8","2026-03-23 14:27:53","77.17","0.00","2026-03-23 00:00:00","2026-04-27 19:22:25"
"8818","300","2026-01-03 17:34:35","27.68","5.00","2026-01-03 00:00:00","2026-04-27 19:22:25"
"8819","172","2023-11-24 11:12:33","67.21","0.00","2023-11-24 00:00:00","2026-04-27 19:22:25"
"8820","269","2025-06-27 13:11:52","156.12","0.00","2025-06-27 00:00:00","2026-04-27 19:22:25"
"8821","43","2026-03-08 07:53:58","137.24","0.00","2026-03-08 00:00:00","2026-04-27 19:22:25"
"8822","235","2025-08-27 10:34:48","63.60","0.00","2025-08-27 00:00:00","2026-04-27 19:22:25"
"8823","154","2024-02-14 10:25:56","71.58","0.00","2024-02-14 00:00:00","2026-04-27 19:22:25"
"8824","144","2020-05-23 11:42:58","45.40","5.00","2020-05-23 00:00:00","2026-04-27 19:22:25"
"8825","127","2026-01-18 09:55:00","259.63","0.00","2026-01-18 00:00:00","2026-04-27 19:22:25"
"8826","71","2025-08-28 11:10:19","47.00","10.00","2025-08-28 00:00:00","2026-04-27 19:22:25"
"8827","151","2023-09-01 15:18:59","179.61","0.00","2023-09-01 00:00:00","2026-04-27 19:22:25"
"8828","100","2024-02-16 11:44:11","108.09","0.00","2024-02-16 00:00:00","2026-04-27 19:22:25"
"8829","292","2025-01-24 08:29:21","98.81","0.00","2025-01-24 00:00:00","2026-04-27 19:22:25"
"8830","141","2026-04-11 15:49:28","87.68","0.00","2026-04-11 00:00:00","2026-04-27 19:22:25"
"8831","263","2020-03-18 05:28:55","207.06","0.00","2020-03-18 00:00:00","2026-04-27 19:22:25"
"8832","147","2025-02-19 10:45:40","81.99","0.00","2025-02-19 00:00:00","2026-04-27 19:22:25"
"8833","299","2024-09-01 13:19:41","121.27","0.00","2024-09-01 00:00:00","2026-04-27 19:22:25"
"8834","236","2024-01-25 12:00:11","98.21","0.00","2024-01-25 00:00:00","2026-04-27 19:22:25"
"8835","224","2024-10-08 09:14:24","41.95","10.00","2024-10-08 00:00:00","2026-04-27 19:22:25"
"8836","201","2025-11-01 11:54:06","57.20","5.00","2025-11-01 00:00:00","2026-04-27 19:22:25"
"8837","200","2025-12-02 06:43:01","148.68","0.00","2025-12-02 00:00:00","2026-04-27 19:22:25"
"8838","269","2025-07-20 09:16:25","14.15","25.00","2025-07-20 00:00:00","2026-04-27 19:22:25"
"8839","139","2023-01-06 13:33:54","270.92","0.00","2023-01-06 00:00:00","2026-04-27 19:22:25"
"8840","187","2022-09-11 08:25:47","90.84","0.00","2022-09-11 00:00:00","2026-04-27 19:22:25"
"8841","178","2024-03-15 07:29:06","202.54","0.00","2024-03-15 00:00:00","2026-04-27 19:22:25"
"8842","73","2023-11-30 19:28:34","114.15","0.00","2023-11-30 00:00:00","2026-04-27 19:22:25"
"8843","40","2025-10-04 17:15:01","57.03","0.00","2025-10-04 00:00:00","2026-04-27 19:22:25"
"8844","269","2025-01-11 16:10:55","161.25","0.00","2025-01-11 00:00:00","2026-04-27 19:22:25"
"8845","295","2025-06-08 19:20:51","132.72","0.00","2025-06-08 00:00:00","2026-04-27 19:22:25"
"8846","48","2025-10-12 16:35:56","222.97","0.00","2025-10-12 00:00:00","2026-04-27 19:22:25"
"8847","44","2026-03-12 04:32:44","129.82","0.00","2026-03-12 00:00:00","2026-04-27 19:22:25"
"8848","205","2024-04-02 12:52:40","62.98","0.00","2024-04-02 00:00:00","2026-04-27 19:22:25"
"8849","232","2025-12-04 08:55:41","42.15","10.00","2025-12-04 00:00:00","2026-04-27 19:22:25"
"8850","133","2025-10-10 08:43:32","130.59","0.00","2025-10-10 00:00:00","2026-04-27 19:22:25"
"8851","247","2024-02-05 18:53:50","146.09","0.00","2024-02-05 00:00:00","2026-04-27 19:22:25"
"8852","50","2024-04-02 12:26:32","82.54","0.00","2024-04-02 00:00:00","2026-04-27 19:22:25"
"8853","74","2023-08-26 14:49:53","164.64","0.00","2023-08-26 00:00:00","2026-04-27 19:22:25"
"8854","126","2023-06-24 08:03:12","108.78","0.00","2023-06-24 00:00:00","2026-04-27 19:22:25"
"8855","269","2025-12-24 07:31:38","30.27","10.00","2025-12-24 00:00:00","2026-04-27 19:22:25"
"8856","232","2025-07-27 09:05:45","75.56","0.00","2025-07-27 00:00:00","2026-04-27 19:22:25"
"8857","201","2026-01-12 11:27:44","175.70","0.00","2026-01-12 00:00:00","2026-04-27 19:22:25"
"8858","61","2025-04-30 15:36:25","236.36","0.00","2025-04-30 00:00:00","2026-04-27 19:22:25"
"8859","173","2026-04-06 11:03:43","247.89","0.00","2026-04-06 00:00:00","2026-04-27 19:22:25"
"8860","76","2025-09-05 10:53:20","52.69","0.00","2025-09-05 00:00:00","2026-04-27 19:22:25"
"8861","267","2024-10-16 12:58:13","156.15","0.00","2024-10-16 00:00:00","2026-04-27 19:22:25"
"8862","262","2024-04-24 11:22:20","69.86","0.00","2024-04-24 00:00:00","2026-04-27 19:22:25"
"8863","228","2025-10-19 19:50:27","108.37","0.00","2025-10-19 00:00:00","2026-04-27 19:22:25"
"8864","229","2026-04-13 08:07:22","133.97","0.00","2026-04-13 00:00:00","2026-04-27 19:22:25"
"8865","137","2026-04-07 13:20:34","239.03","0.00","2026-04-07 00:00:00","2026-04-27 19:22:25"
"8866","96","2022-05-30 07:58:43","43.80","5.00","2022-05-30 00:00:00","2026-04-27 19:22:25"
"8867","94","2024-12-27 09:30:23","31.11","10.00","2024-12-27 00:00:00","2026-04-27 19:22:25"
"8868","56","2026-02-08 19:23:09","80.46","0.00","2026-02-08 00:00:00","2026-04-27 19:22:25"
"8869","98","2024-12-22 09:17:26","291.35","0.00","2024-12-22 00:00:00","2026-04-27 19:22:25"
"8870","252","2024-08-19 15:26:38","213.24","0.00","2024-08-19 00:00:00","2026-04-27 19:22:25"
"8871","272","2024-08-27 09:31:27","351.86","0.00","2024-08-27 00:00:00","2026-04-27 19:22:25"
"8872","70","2026-01-15 07:27:30","56.04","0.00","2026-01-15 00:00:00","2026-04-27 19:22:25"
"8873","147","2025-01-15 13:10:48","41.94","5.00","2025-01-15 00:00:00","2026-04-27 19:22:25"
"8874","111","2025-10-07 14:25:49","32.60","10.00","2025-10-07 00:00:00","2026-04-27 19:22:25"
"8875","32","2023-06-02 07:03:28","42.48","10.00","2023-06-02 00:00:00","2026-04-27 19:22:25"
"8876","213","2025-11-25 17:05:10","121.06","0.00","2025-11-25 00:00:00","2026-04-27 19:22:25"
"8877","110","2026-03-18 13:56:42","201.42","0.00","2026-03-18 00:00:00","2026-04-27 19:22:25"
"8878","59","2025-09-03 09:24:17","364.94","0.00","2025-09-03 00:00:00","2026-04-27 19:22:25"
"8879","286","2025-04-16 12:41:35","88.06","0.00","2025-04-16 00:00:00","2026-04-27 19:22:25"
"8880","181","2024-05-09 09:44:24","23.66","10.00","2024-05-09 00:00:00","2026-04-27 19:22:25"
"8881","72","2026-02-05 01:16:43","54.27","0.00","2026-02-05 00:00:00","2026-04-27 19:22:25"
"8882","240","2026-04-10 07:08:53","54.32","0.00","2026-04-10 00:00:00","2026-04-27 19:22:25"
"8883","57","2022-10-28 17:23:47","96.21","0.00","2022-10-28 00:00:00","2026-04-27 19:22:25"
"8884","59","2025-05-27 07:17:59","31.69","10.00","2025-05-27 00:00:00","2026-04-27 19:22:25"
"8885","39","2020-11-12 13:40:12","164.87","0.00","2020-11-12 00:00:00","2026-04-27 19:22:25"
"8886","280","2024-10-31 16:16:15","55.64","5.00","2024-10-31 00:00:00","2026-04-27 19:22:25"
"8887","101","2025-04-16 16:55:34","141.35","0.00","2025-04-16 00:00:00","2026-04-27 19:22:25"
"8888","182","2023-05-20 18:58:17","37.41","5.00","2023-05-20 00:00:00","2026-04-27 19:22:25"
"8889","201","2026-01-28 17:12:45","298.76","0.00","2026-01-28 00:00:00","2026-04-27 19:22:25"
"8890","274","2022-05-15 15:05:54","191.21","0.00","2022-05-15 00:00:00","2026-04-27 19:22:25"
"8891","60","2025-06-07 17:03:53","220.32","0.00","2025-06-07 00:00:00","2026-04-27 19:22:25"
"8892","92","2025-04-28 16:33:46","64.22","5.00","2025-04-28 00:00:00","2026-04-27 19:22:25"
"8893","293","2025-08-11 17:10:32","11.44","10.00","2025-08-11 00:00:00","2026-04-27 19:22:25"
"8894","139","2026-03-06 15:54:58","46.62","5.00","2026-03-06 00:00:00","2026-04-27 19:22:25"
"8895","69","2025-07-09 18:44:11","68.28","0.00","2025-07-09 00:00:00","2026-04-27 19:22:25"
"8896","108","2026-04-10 05:05:03","58.27","0.00","2026-04-10 00:00:00","2026-04-27 19:22:25"
"8897","53","2025-10-13 09:24:51","135.24","0.00","2025-10-13 00:00:00","2026-04-27 19:22:25"
"8898","269","2025-09-07 18:54:02","30.68","10.00","2025-09-07 00:00:00","2026-04-27 19:22:25"
"8899","295","2025-04-18 12:47:13","234.10","0.00","2025-04-18 00:00:00","2026-04-27 19:22:25"
"8900","162","2024-03-13 08:43:39","83.71","0.00","2024-03-13 00:00:00","2026-04-27 19:22:25"
"8901","228","2024-11-25 16:41:35","26.82","10.00","2024-11-25 00:00:00","2026-04-27 19:22:25"
"8902","9","2025-12-07 04:37:06","27.54","5.00","2025-12-07 00:00:00","2026-04-27 19:22:25"
"8903","16","2026-04-13 07:35:46","124.69","0.00","2026-04-13 00:00:00","2026-04-27 19:22:25"
"8904","122","2026-04-14 11:30:04","113.28","0.00","2026-04-14 00:00:00","2026-04-27 19:22:25"
"8905","272","2025-10-23 01:15:38","35.65","10.00","2025-10-23 00:00:00","2026-04-27 19:22:25"
"8906","270","2024-02-06 12:57:01","14.27","10.00","2024-02-06 00:00:00","2026-04-27 19:22:25"
"8907","234","2023-10-09 11:59:30","166.79","0.00","2023-10-09 00:00:00","2026-04-27 19:22:25"
"8908","271","2022-11-09 13:57:46","244.25","0.00","2022-11-09 00:00:00","2026-04-27 19:22:25"
"8909","98","2023-12-10 07:56:13","181.47","0.00","2023-12-10 00:00:00","2026-04-27 19:22:25"
"8910","88","2025-09-26 16:28:26","144.69","0.00","2025-09-26 00:00:00","2026-04-27 19:22:25"
"8911","86","2025-06-24 09:47:46","67.67","5.00","2025-06-24 00:00:00","2026-04-27 19:22:25"
"8912","205","2022-10-29 10:39:14","47.47","5.00","2022-10-29 00:00:00","2026-04-27 19:22:25"
"8913","21","2024-01-19 14:29:08","331.56","0.00","2024-01-19 00:00:00","2026-04-27 19:22:25"
"8914","288","2023-12-20 17:01:55","157.14","0.00","2023-12-20 00:00:00","2026-04-27 19:22:25"
"8915","209","2026-04-15 18:39:45","153.57","0.00","2026-04-15 00:00:00","2026-04-27 19:22:25"
"8916","1","2025-10-11 01:02:42","212.60","0.00","2025-10-11 00:00:00","2026-04-27 19:22:25"
"8917","48","2026-01-31 18:14:30","270.41","0.00","2026-01-31 00:00:00","2026-04-27 19:22:25"
"8918","171","2026-04-11 07:54:35","0.00","0.00","2026-04-11 00:00:00","2026-04-27 19:22:25"
"8919","153","2021-10-20 14:29:06","31.25","10.00","2021-10-20 00:00:00","2026-04-27 19:22:25"
"8920","64","2025-08-25 11:35:24","61.16","0.00","2025-08-25 00:00:00","2026-04-27 19:22:25"
"8921","49","2024-07-25 12:17:45","209.78","0.00","2024-07-25 00:00:00","2026-04-27 19:22:25"
"8922","196","2026-02-27 09:53:29","152.44","0.00","2026-02-27 00:00:00","2026-04-27 19:22:25"
"8923","185","2026-01-04 07:38:55","143.69","0.00","2026-01-04 00:00:00","2026-04-27 19:22:25"
"8924","43","2022-02-06 01:10:26","112.39","0.00","2022-02-06 00:00:00","2026-04-27 19:22:25"
"8925","158","2025-10-17 03:36:41","89.16","0.00","2025-10-17 00:00:00","2026-04-27 19:22:25"
"8926","241","2025-09-27 08:05:17","208.45","0.00","2025-09-27 00:00:00","2026-04-27 19:22:25"
"8927","240","2026-03-26 11:15:44","111.73","0.00","2026-03-26 00:00:00","2026-04-27 19:22:25"
"8928","54","2025-09-13 09:56:55","153.10","0.00","2025-09-13 00:00:00","2026-04-27 19:22:25"
"8929","242","2023-04-01 09:23:30","175.31","0.00","2023-04-01 00:00:00","2026-04-27 19:22:25"
"8930","238","2024-02-20 12:03:38","74.17","0.00","2024-02-20 00:00:00","2026-04-27 19:22:25"
"8931","67","2025-03-19 10:27:02","211.45","0.00","2025-03-19 00:00:00","2026-04-27 19:22:25"
"8932","109","2024-12-31 03:34:18","157.03","0.00","2024-12-31 00:00:00","2026-04-27 19:22:25"
"8933","42","2024-03-04 07:39:54","10.65","25.00","2024-03-04 00:00:00","2026-04-27 19:22:25"
"8934","82","2023-10-10 10:29:20","180.42","0.00","2023-10-10 00:00:00","2026-04-27 19:22:25"
"8935","192","2025-09-19 12:37:17","12.39","25.00","2025-09-19 00:00:00","2026-04-27 19:22:25"
"8936","289","2024-01-26 10:16:23","11.20","10.00","2024-01-26 00:00:00","2026-04-27 19:22:25"
"8937","170","2023-10-27 13:29:23","104.59","0.00","2023-10-27 00:00:00","2026-04-27 19:22:25"
"8938","237","2026-04-11 12:41:46","50.36","0.00","2026-04-11 00:00:00","2026-04-27 19:22:25"
"8939","237","2026-02-26 09:30:50","106.74","0.00","2026-02-26 00:00:00","2026-04-27 19:22:25"
"8940","7","2025-02-22 05:43:25","331.31","0.00","2025-02-22 00:00:00","2026-04-27 19:22:25"
"8941","69","2024-02-02 08:20:15","103.89","0.00","2024-02-02 00:00:00","2026-04-27 19:22:25"
"8942","96","2024-11-02 16:14:20","151.79","0.00","2024-11-02 00:00:00","2026-04-27 19:22:25"
"8943","189","2024-10-20 03:35:38","80.01","0.00","2024-10-20 00:00:00","2026-04-27 19:22:25"
"8944","199","2025-06-27 12:48:24","30.38","5.00","2025-06-27 00:00:00","2026-04-27 19:22:25"
"8945","201","2026-03-19 04:42:26","75.76","0.00","2026-03-19 00:00:00","2026-04-27 19:22:25"
"8946","265","2026-04-04 12:03:27","144.57","0.00","2026-04-04 00:00:00","2026-04-27 19:22:25"
"8947","98","2023-11-28 11:34:20","339.14","0.00","2023-11-28 00:00:00","2026-04-27 19:22:25"
"8948","251","2026-03-19 09:15:36","84.15","0.00","2026-03-19 00:00:00","2026-04-27 19:22:25"
"8949","250","2022-10-30 13:09:41","92.15","0.00","2022-10-30 00:00:00","2026-04-27 19:22:25"
"8950","276","2024-09-29 09:20:38","90.36","0.00","2024-09-29 00:00:00","2026-04-27 19:22:25"
"8951","59","2025-08-23 18:58:10","109.54","0.00","2025-08-23 00:00:00","2026-04-27 19:22:25"
"8952","44","2026-04-04 07:02:03","203.14","0.00","2026-04-04 00:00:00","2026-04-27 19:22:25"
"8953","299","2024-02-07 18:25:43","69.88","0.00","2024-02-07 00:00:00","2026-04-27 19:22:25"
"8954","36","2025-01-02 16:12:00","285.75","0.00","2025-01-02 00:00:00","2026-04-27 19:22:25"
"8955","162","2026-02-14 12:48:19","288.87","0.00","2026-02-14 00:00:00","2026-04-27 19:22:25"
"8956","270","2023-12-14 12:20:03","202.36","0.00","2023-12-14 00:00:00","2026-04-27 19:22:25"
"8957","11","2025-07-28 10:30:26","164.29","0.00","2025-07-28 00:00:00","2026-04-27 19:22:25"
"8958","140","2026-04-09 07:47:11","38.97","5.00","2026-04-09 00:00:00","2026-04-27 19:22:25"
"8959","185","2024-02-15 12:27:38","67.62","5.00","2024-02-15 00:00:00","2026-04-27 19:22:25"
"8960","183","2024-05-08 09:40:21","75.29","0.00","2024-05-08 00:00:00","2026-04-27 19:22:25"
"8961","293","2021-11-05 07:24:47","411.85","0.00","2021-11-05 00:00:00","2026-04-27 19:22:25"
"8962","129","2024-08-11 09:35:28","244.95","0.00","2024-08-11 00:00:00","2026-04-27 19:22:25"
"8963","294","2026-02-23 08:52:17","102.66","0.00","2026-02-23 00:00:00","2026-04-27 19:22:25"
"8964","116","2025-06-09 08:17:42","305.46","0.00","2025-06-09 00:00:00","2026-04-27 19:22:25"
"8965","237","2026-03-23 07:17:49","47.84","5.00","2026-03-23 00:00:00","2026-04-27 19:22:25"
"8966","170","2026-01-06 18:23:28","80.93","0.00","2026-01-06 00:00:00","2026-04-27 19:22:25"
"8967","275","2021-02-26 13:23:49","13.84","25.00","2021-02-26 00:00:00","2026-04-27 19:22:25"
"8968","103","2023-03-30 08:44:22","13.78","10.00","2023-03-30 00:00:00","2026-04-27 19:22:25"
"8969","297","2025-09-29 07:48:46","85.98","0.00","2025-09-29 00:00:00","2026-04-27 19:22:25"
"8970","250","2022-07-18 18:59:20","40.75","10.00","2022-07-18 00:00:00","2026-04-27 19:22:25"
"8971","31","2022-10-21 09:00:58","46.50","10.00","2022-10-21 00:00:00","2026-04-27 19:22:25"
"8972","250","2021-08-06 08:08:17","13.53","25.00","2021-08-06 00:00:00","2026-04-27 19:22:25"
"8973","96","2025-06-01 13:37:03","20.28","10.00","2025-06-01 00:00:00","2026-04-27 19:22:25"
"8974","65","2025-09-04 17:46:31","140.40","0.00","2025-09-04 00:00:00","2026-04-27 19:22:25"
"8975","8","2026-03-11 10:05:23","151.85","0.00","2026-03-11 00:00:00","2026-04-27 19:22:25"
"8976","116","2025-04-05 08:39:40","15.28","25.00","2025-04-05 00:00:00","2026-04-27 19:22:25"
"8977","170","2025-01-09 11:23:34","44.79","5.00","2025-01-09 00:00:00","2026-04-27 19:22:25"
"8978","213","2025-09-15 07:31:41","120.13","0.00","2025-09-15 00:00:00","2026-04-27 19:22:25"
"8979","230","2023-05-21 09:16:06","101.01","0.00","2023-05-21 00:00:00","2026-04-27 19:22:25"
"8980","3","2025-10-24 08:40:42","60.45","5.00","2025-10-24 00:00:00","2026-04-27 19:22:25"
"8981","98","2025-07-16 15:08:04","127.77","0.00","2025-07-16 00:00:00","2026-04-27 19:22:25"
"8982","131","2025-02-20 07:31:12","177.55","0.00","2025-02-20 00:00:00","2026-04-27 19:22:25"
"8983","58","2024-07-21 17:28:02","92.46","0.00","2024-07-21 00:00:00","2026-04-27 19:22:25"
"8984","139","2023-02-18 09:38:40","46.41","5.00","2023-02-18 00:00:00","2026-04-27 19:22:25"
"8985","252","2024-07-30 12:59:08","150.50","0.00","2024-07-30 00:00:00","2026-04-27 19:22:25"
"8986","244","2026-01-05 09:11:59","49.87","5.00","2026-01-05 00:00:00","2026-04-27 19:22:25"
"8987","96","2024-11-28 10:11:42","263.66","0.00","2024-11-28 00:00:00","2026-04-27 19:22:25"
"8988","233","2025-02-14 07:59:29","32.18","10.00","2025-02-14 00:00:00","2026-04-27 19:22:25"
"8989","84","2023-09-27 19:20:49","175.15","0.00","2023-09-27 00:00:00","2026-04-27 19:22:25"
"8990","195","2026-01-23 11:28:50","13.75","25.00","2026-01-23 00:00:00","2026-04-27 19:22:25"
"8991","59","2025-01-17 07:35:45","120.85","0.00","2025-01-17 00:00:00","2026-04-27 19:22:25"
"8992","106","2022-11-29 09:50:29","125.77","0.00","2022-11-29 00:00:00","2026-04-27 19:22:25"
"8993","150","2026-03-31 09:39:52","99.71","0.00","2026-03-31 00:00:00","2026-04-27 19:22:25"
"8994","99","2024-08-18 15:21:10","71.14","5.00","2024-08-18 00:00:00","2026-04-27 19:22:25"
"8995","19","2025-10-20 07:19:06","7.14","10.00","2025-10-20 00:00:00","2026-04-27 19:22:25"
"8996","8","2026-02-18 16:14:23","51.40","5.00","2026-02-18 00:00:00","2026-04-27 19:22:25"
"8997","121","2026-03-09 19:10:58","93.05","0.00","2026-03-09 00:00:00","2026-04-27 19:22:25"
"8998","188","2025-11-15 17:37:59","191.86","0.00","2025-11-15 00:00:00","2026-04-27 19:22:25"
"8999","64","2025-07-24 13:29:28","181.13","0.00","2025-07-24 00:00:00","2026-04-27 19:22:25"
"9000","263","2020-03-27 05:23:31","33.68","5.00","2020-03-27 00:00:00","2026-04-27 19:22:25"
"9001","60","2025-09-08 18:42:01","131.99","0.00","2025-09-08 00:00:00","2026-04-27 19:22:25"
"9002","123","2024-10-22 11:27:55","222.74","0.00","2024-10-22 00:00:00","2026-04-27 19:22:25"
"9003","70","2025-05-25 15:46:20","193.26","0.00","2025-05-25 00:00:00","2026-04-27 19:22:25"
"9004","122","2025-10-27 18:20:00","76.87","0.00","2025-10-27 00:00:00","2026-04-27 19:22:25"
"9005","133","2025-12-17 12:55:57","256.74","0.00","2025-12-17 00:00:00","2026-04-27 19:22:25"
"9006","105","2025-11-19 12:14:25","185.86","0.00","2025-11-19 00:00:00","2026-04-27 19:22:25"
"9007","177","2025-10-12 17:36:42","120.39","0.00","2025-10-12 00:00:00","2026-04-27 19:22:25"
"9008","248","2025-06-18 07:38:48","173.47","0.00","2025-06-18 00:00:00","2026-04-27 19:22:25"
"9009","226","2025-01-21 10:10:34","39.06","5.00","2025-01-21 00:00:00","2026-04-27 19:22:25"
"9010","286","2024-04-25 10:00:00","38.45","5.00","2024-04-25 00:00:00","2026-04-27 19:22:25"
"9011","210","2025-05-27 11:31:13","99.17","0.00","2025-05-27 00:00:00","2026-04-27 19:22:25"
"9012","61","2026-01-20 11:05:58","130.89","0.00","2026-01-20 00:00:00","2026-04-27 19:22:25"
"9013","212","2022-07-30 19:13:07","293.57","0.00","2022-07-30 00:00:00","2026-04-27 19:22:25"
"9014","46","2026-03-08 07:01:00","62.09","5.00","2026-03-08 00:00:00","2026-04-27 19:22:25"
"9015","31","2022-09-29 19:52:24","15.76","25.00","2022-09-29 00:00:00","2026-04-27 19:22:25"
"9016","196","2026-02-15 11:14:48","220.30","0.00","2026-02-15 00:00:00","2026-04-27 19:22:25"
"9017","61","2026-01-18 19:07:40","65.34","0.00","2026-01-18 00:00:00","2026-04-27 19:22:25"
"9018","52","2025-11-13 10:05:22","37.76","5.00","2025-11-13 00:00:00","2026-04-27 19:22:25"
"9019","193","2026-03-18 00:30:15","153.08","0.00","2026-03-18 00:00:00","2026-04-27 19:22:25"
"9020","152","2024-03-13 07:52:38","0.00","0.00","2024-03-13 00:00:00","2026-04-27 19:22:25"
"9021","35","2024-05-15 10:26:04","141.91","0.00","2024-05-15 00:00:00","2026-04-27 19:22:25"
"9022","220","2025-07-27 19:44:47","122.48","0.00","2025-07-27 00:00:00","2026-04-27 19:22:25"
"9023","235","2023-09-18 09:13:05","175.64","0.00","2023-09-18 00:00:00","2026-04-27 19:22:25"
"9024","69","2025-11-19 07:56:02","292.76","0.00","2025-11-19 00:00:00","2026-04-27 19:22:25"
"9025","141","2026-01-24 16:07:43","65.02","0.00","2026-01-24 00:00:00","2026-04-27 19:22:25"
"9026","78","2025-10-21 10:18:32","189.65","0.00","2025-10-21 00:00:00","2026-04-27 19:22:25"
"9027","177","2025-11-20 07:10:13","23.91","10.00","2025-11-20 00:00:00","2026-04-27 19:22:25"
"9028","75","2025-12-31 11:16:46","273.81","0.00","2025-12-31 00:00:00","2026-04-27 19:22:25"
"9029","31","2023-05-29 19:36:08","18.60","25.00","2023-05-29 00:00:00","2026-04-27 19:22:25"
"9030","235","2024-12-23 07:51:20","123.49","0.00","2024-12-23 00:00:00","2026-04-27 19:22:25"
"9031","86","2025-06-13 18:48:24","257.34","0.00","2025-06-13 00:00:00","2026-04-27 19:22:25"
"9032","151","2023-10-27 08:27:04","38.44","5.00","2023-10-27 00:00:00","2026-04-27 19:22:25"
"9033","140","2026-04-12 18:01:42","125.27","0.00","2026-04-12 00:00:00","2026-04-27 19:22:25"
"9034","152","2024-10-01 11:12:43","217.37","0.00","2024-10-01 00:00:00","2026-04-27 19:22:25"
"9035","51","2026-04-04 18:17:52","69.42","0.00","2026-04-04 00:00:00","2026-04-27 19:22:25"
"9036","181","2026-02-06 19:19:39","161.66","0.00","2026-02-06 00:00:00","2026-04-27 19:22:25"
"9037","44","2026-03-24 17:35:46","87.42","0.00","2026-03-24 00:00:00","2026-04-27 19:22:25"
"9038","186","2026-01-29 10:10:40","53.61","0.00","2026-01-29 00:00:00","2026-04-27 19:22:25"
"9039","77","2024-10-26 02:44:46","6.90","10.00","2024-10-26 00:00:00","2026-04-27 19:22:25"
"9040","164","2025-03-12 07:07:30","189.22","0.00","2025-03-12 00:00:00","2026-04-27 19:22:25"
"9041","5","2025-12-31 13:02:19","95.22","0.00","2025-12-31 00:00:00","2026-04-27 19:22:25"
"9042","215","2023-06-07 13:23:52","160.72","0.00","2023-06-07 00:00:00","2026-04-27 19:22:25"
"9043","50","2022-05-19 14:48:34","7.74","10.00","2022-05-19 00:00:00","2026-04-27 19:22:25"
"9044","196","2026-03-10 13:20:47","91.52","0.00","2026-03-10 00:00:00","2026-04-27 19:22:25"
"9045","3","2024-01-29 09:24:10","69.00","5.00","2024-01-29 00:00:00","2026-04-27 19:22:25"
"9046","15","2024-12-19 09:33:32","53.15","0.00","2024-12-19 00:00:00","2026-04-27 19:22:25"
"9047","291","2025-07-27 15:45:02","147.62","0.00","2025-07-27 00:00:00","2026-04-27 19:22:25"
"9048","57","2025-04-08 08:01:43","126.32","0.00","2025-04-08 00:00:00","2026-04-27 19:22:25"
"9049","218","2020-11-30 14:36:42","206.81","0.00","2020-11-30 00:00:00","2026-04-27 19:22:25"
"9050","88","2026-02-26 08:31:33","16.01","10.00","2026-02-26 00:00:00","2026-04-27 19:22:25"
"9051","298","2025-04-30 14:30:12","60.76","5.00","2025-04-30 00:00:00","2026-04-27 19:22:25"
"9052","160","2024-02-17 11:59:35","0.00","0.00","2024-02-17 00:00:00","2026-04-27 19:22:25"
"9053","188","2026-01-01 09:31:12","196.57","0.00","2026-01-01 00:00:00","2026-04-27 19:22:25"
"9054","166","2023-07-03 18:45:16","121.20","0.00","2023-07-03 00:00:00","2026-04-27 19:22:25"
"9055","181","2023-10-29 14:09:25","136.54","0.00","2023-10-29 00:00:00","2026-04-27 19:22:25"
"9056","239","2025-08-06 06:54:36","162.07","0.00","2025-08-06 00:00:00","2026-04-27 19:22:25"
"9057","155","2025-08-11 19:34:03","26.17","10.00","2025-08-11 00:00:00","2026-04-27 19:22:25"
"9058","4","2024-10-03 05:52:11","155.57","0.00","2024-10-03 00:00:00","2026-04-27 19:22:25"
"9059","198","2026-02-14 10:05:24","40.12","10.00","2026-02-14 00:00:00","2026-04-27 19:22:25"
"9060","112","2025-07-20 09:53:28","170.62","0.00","2025-07-20 00:00:00","2026-04-27 19:22:25"
"9061","46","2026-02-02 07:40:41","30.27","10.00","2026-02-02 00:00:00","2026-04-27 19:22:25"
"9062","18","2024-07-20 19:39:23","80.87","0.00","2024-07-20 00:00:00","2026-04-27 19:22:25"
"9063","3","2024-07-13 08:41:32","77.85","0.00","2024-07-13 00:00:00","2026-04-27 19:22:25"
"9064","143","2026-02-23 09:31:40","168.78","0.00","2026-02-23 00:00:00","2026-04-27 19:22:25"
"9065","181","2024-08-31 09:20:24","171.63","0.00","2024-08-31 00:00:00","2026-04-27 19:22:25"
"9066","225","2025-06-11 10:11:41","197.14","0.00","2025-06-11 00:00:00","2026-04-27 19:22:25"
"9067","37","2024-11-26 07:51:54","16.26","25.00","2024-11-26 00:00:00","2026-04-27 19:22:25"
"9068","71","2024-11-07 12:20:54","32.14","10.00","2024-11-07 00:00:00","2026-04-27 19:22:25"
"9069","149","2026-04-02 19:12:08","29.45","5.00","2026-04-02 00:00:00","2026-04-27 19:22:25"
"9070","161","2024-10-20 19:41:29","160.61","0.00","2024-10-20 00:00:00","2026-04-27 19:22:25"
"9071","277","2025-05-01 13:29:32","73.78","5.00","2025-05-01 00:00:00","2026-04-27 19:22:25"
"9072","14","2024-12-29 13:12:56","269.15","0.00","2024-12-29 00:00:00","2026-04-27 19:22:25"
"9073","173","2026-01-01 17:22:37","13.34","10.00","2026-01-01 00:00:00","2026-04-27 19:22:25"
"9074","106","2023-08-13 08:47:02","237.87","0.00","2023-08-13 00:00:00","2026-04-27 19:22:25"
"9075","201","2026-02-11 09:05:50","133.61","0.00","2026-02-11 00:00:00","2026-04-27 19:22:25"
"9076","251","2026-04-05 09:08:40","168.65","0.00","2026-04-05 00:00:00","2026-04-27 19:22:25"
"9077","255","2024-08-02 09:28:13","121.94","0.00","2024-08-02 00:00:00","2026-04-27 19:22:25"
"9078","276","2026-03-13 08:50:23","132.13","0.00","2026-03-13 00:00:00","2026-04-27 19:22:25"
"9079","235","2025-02-01 10:45:45","168.27","0.00","2025-02-01 00:00:00","2026-04-27 19:22:25"
"9080","180","2025-04-03 13:08:40","82.95","0.00","2025-04-03 00:00:00","2026-04-27 19:22:25"
"9081","23","2025-02-05 07:17:01","253.02","0.00","2025-02-05 00:00:00","2026-04-27 19:22:25"
"9082","57","2025-05-18 11:54:08","93.35","0.00","2025-05-18 00:00:00","2026-04-27 19:22:25"
"9083","294","2024-02-11 07:10:56","34.66","5.00","2024-02-11 00:00:00","2026-04-27 19:22:25"
"9084","79","2025-02-12 13:54:32","171.35","0.00","2025-02-12 00:00:00","2026-04-27 19:22:25"
"9085","185","2026-01-25 15:41:46","93.96","0.00","2026-01-25 00:00:00","2026-04-27 19:22:25"
"9086","294","2024-02-24 07:16:08","76.04","0.00","2024-02-24 00:00:00","2026-04-27 19:22:25"
"9087","221","2025-12-21 08:49:00","41.39","5.00","2025-12-21 00:00:00","2026-04-27 19:22:25"
"9088","158","2024-01-01 18:24:36","39.50","5.00","2024-01-01 00:00:00","2026-04-27 19:22:25"
"9089","31","2022-02-02 09:37:58","190.85","0.00","2022-02-02 00:00:00","2026-04-27 19:22:25"
"9090","91","2024-12-14 07:19:26","172.02","0.00","2024-12-14 00:00:00","2026-04-27 19:22:25"
"9091","145","2025-07-03 17:13:45","76.65","0.00","2025-07-03 00:00:00","2026-04-27 19:22:25"
"9092","95","2024-07-19 15:14:33","187.91","0.00","2024-07-19 00:00:00","2026-04-27 19:22:25"
"9093","93","2026-01-22 17:36:43","174.53","0.00","2026-01-22 00:00:00","2026-04-27 19:22:25"
"9094","277","2025-07-14 08:18:57","193.21","0.00","2025-07-14 00:00:00","2026-04-27 19:22:25"
"9095","24","2022-11-02 07:01:42","190.45","0.00","2022-11-02 00:00:00","2026-04-27 19:22:25"
"9096","205","2020-04-21 13:03:20","71.27","0.00","2020-04-21 00:00:00","2026-04-27 19:22:25"
"9097","178","2019-12-15 18:36:23","36.55","10.00","2019-12-15 00:00:00","2026-04-27 19:22:25"
"9098","223","2021-03-28 17:09:31","137.47","0.00","2021-03-28 00:00:00","2026-04-27 19:22:25"
"9099","83","2025-07-12 14:34:33","188.13","0.00","2025-07-12 00:00:00","2026-04-27 19:22:25"
"9100","135","2026-03-31 15:39:35","131.05","0.00","2026-03-31 00:00:00","2026-04-27 19:22:25"
"9101","246","2024-08-25 09:01:04","34.43","5.00","2024-08-25 00:00:00","2026-04-27 19:22:25"
"9102","12","2024-07-26 14:16:01","99.60","0.00","2024-07-26 00:00:00","2026-04-27 19:22:25"
"9103","14","2024-03-20 14:08:30","4.54","25.00","2024-03-20 00:00:00","2026-04-27 19:22:25"
"9104","70","2026-02-02 10:59:44","300.55","0.00","2026-02-02 00:00:00","2026-04-27 19:22:25"
"9105","174","2026-03-31 07:11:37","84.73","0.00","2026-03-31 00:00:00","2026-04-27 19:22:25"
"9106","97","2026-01-14 16:55:32","107.04","0.00","2026-01-14 00:00:00","2026-04-27 19:22:25"
"9107","296","2022-10-17 09:57:08","77.80","0.00","2022-10-17 00:00:00","2026-04-27 19:22:25"
"9108","243","2025-12-06 09:31:54","211.24","0.00","2025-12-06 00:00:00","2026-04-27 19:22:25"
"9109","179","2022-11-05 07:05:47","118.88","0.00","2022-11-05 00:00:00","2026-04-27 19:22:25"
"9110","8","2026-01-05 03:57:14","305.03","0.00","2026-01-05 00:00:00","2026-04-27 19:22:25"
"9111","237","2026-03-19 16:30:32","0.00","0.00","2026-03-19 00:00:00","2026-04-27 19:22:25"
"9112","279","2023-12-11 13:07:34","103.13","0.00","2023-12-11 00:00:00","2026-04-27 19:22:25"
"9113","11","2024-11-19 17:23:38","122.02","0.00","2024-11-19 00:00:00","2026-04-27 19:22:25"
"9114","230","2024-07-19 07:02:31","53.76","0.00","2024-07-19 00:00:00","2026-04-27 19:22:25"
"9115","186","2026-04-10 10:34:45","186.38","0.00","2026-04-10 00:00:00","2026-04-27 19:22:25"
"9116","222","2023-09-06 11:32:13","140.58","0.00","2023-09-06 00:00:00","2026-04-27 19:22:25"
"9117","141","2024-09-05 17:29:05","215.36","0.00","2024-09-05 00:00:00","2026-04-27 19:22:25"
"9118","32","2024-02-15 07:56:12","5.75","25.00","2024-02-15 00:00:00","2026-04-27 19:22:25"
"9119","282","2025-07-04 16:23:04","39.56","5.00","2025-07-04 00:00:00","2026-04-27 19:22:25"
"9120","149","2026-02-09 16:43:40","134.58","0.00","2026-02-09 00:00:00","2026-04-27 19:22:25"
"9121","76","2023-02-09 10:36:53","123.67","0.00","2023-02-09 00:00:00","2026-04-27 19:22:25"
"9122","148","2024-01-04 09:58:42","139.43","0.00","2024-01-04 00:00:00","2026-04-27 19:22:25"
"9123","271","2022-08-01 08:33:46","21.77","10.00","2022-08-01 00:00:00","2026-04-27 19:22:25"
"9124","127","2026-01-29 16:31:47","149.26","0.00","2026-01-29 00:00:00","2026-04-27 19:22:25"
"9125","257","2026-03-12 15:35:18","119.14","0.00","2026-03-12 00:00:00","2026-04-27 19:22:25"
"9126","160","2024-04-03 02:57:42","268.11","0.00","2024-04-03 00:00:00","2026-04-27 19:22:25"
"9127","264","2025-09-08 09:40:54","285.05","0.00","2025-09-08 00:00:00","2026-04-27 19:22:25"
"9128","219","2022-12-18 18:50:34","95.16","0.00","2022-12-18 00:00:00","2026-04-27 19:22:25"
"9129","292","2023-06-24 10:20:28","40.00","5.00","2023-06-24 00:00:00","2026-04-27 19:22:25"
"9130","107","2024-06-05 12:19:46","5.70","10.00","2024-06-05 00:00:00","2026-04-27 19:22:25"
"9131","130","2025-11-21 07:12:06","70.04","0.00","2025-11-21 00:00:00","2026-04-27 19:22:25"
"9132","71","2025-11-03 09:23:21","177.36","0.00","2025-11-03 00:00:00","2026-04-27 19:22:25"
"9133","13","2024-07-23 17:12:40","88.85","0.00","2024-07-23 00:00:00","2026-04-27 19:22:25"
"9134","281","2024-09-13 06:15:23","83.90","0.00","2024-09-13 00:00:00","2026-04-27 19:22:25"
"9135","78","2026-02-09 16:54:28","312.39","0.00","2026-02-09 00:00:00","2026-04-27 19:22:25"
"9136","101","2025-10-30 04:37:03","358.15","0.00","2025-10-30 00:00:00","2026-04-27 19:22:25"
"9137","234","2025-01-15 19:26:21","18.28","25.00","2025-01-15 00:00:00","2026-04-27 19:22:25"
"9138","154","2025-06-12 13:20:38","373.78","0.00","2025-06-12 00:00:00","2026-04-27 19:22:25"
"9139","255","2024-11-06 19:02:28","123.72","0.00","2024-11-06 00:00:00","2026-04-27 19:22:25"
"9140","138","2021-08-15 19:49:21","226.44","0.00","2021-08-15 00:00:00","2026-04-27 19:22:25"
"9141","40","2025-07-24 15:47:15","182.38","0.00","2025-07-24 00:00:00","2026-04-27 19:22:25"
"9142","240","2025-07-12 03:54:04","113.81","0.00","2025-07-12 00:00:00","2026-04-27 19:22:25"
"9143","181","2025-10-23 00:16:13","125.14","0.00","2025-10-23 00:00:00","2026-04-27 19:22:25"
"9144","67","2025-02-12 18:15:49","44.01","10.00","2025-02-12 00:00:00","2026-04-27 19:22:25"
"9145","63","2023-04-28 10:25:55","143.32","0.00","2023-04-28 00:00:00","2026-04-27 19:22:25"
"9146","215","2023-04-05 18:18:59","165.68","0.00","2023-04-05 00:00:00","2026-04-27 19:22:25"
"9147","74","2024-02-07 12:58:14","99.56","0.00","2024-02-07 00:00:00","2026-04-27 19:22:25"
"9148","7","2023-11-16 17:39:08","62.48","0.00","2023-11-16 00:00:00","2026-04-27 19:22:25"
"9149","94","2024-12-25 08:17:04","82.49","0.00","2024-12-25 00:00:00","2026-04-27 19:22:25"
"9150","276","2025-02-20 11:18:07","41.34","10.00","2025-02-20 00:00:00","2026-04-27 19:22:25"
"9151","179","2024-10-26 07:04:35","198.55","0.00","2024-10-26 00:00:00","2026-04-27 19:22:25"
"9152","33","2026-03-19 09:44:45","77.04","0.00","2026-03-19 00:00:00","2026-04-27 19:22:25"
"9153","236","2025-06-09 09:36:47","346.39","0.00","2025-06-09 00:00:00","2026-04-27 19:22:25"
"9154","185","2025-09-04 11:34:18","230.36","0.00","2025-09-04 00:00:00","2026-04-27 19:22:25"
"9155","274","2023-03-30 07:35:37","17.82","10.00","2023-03-30 00:00:00","2026-04-27 19:22:25"
"9156","236","2021-11-24 16:32:38","233.09","0.00","2021-11-24 00:00:00","2026-04-27 19:22:25"
"9157","146","2025-07-08 17:17:06","167.90","0.00","2025-07-08 00:00:00","2026-04-27 19:22:25"
"9158","136","2026-02-20 09:09:34","105.39","0.00","2026-02-20 00:00:00","2026-04-27 19:22:25"
"9159","214","2025-01-24 12:08:53","155.35","0.00","2025-01-24 00:00:00","2026-04-27 19:22:25"
"9160","246","2024-06-26 16:01:12","8.04","10.00","2024-06-26 00:00:00","2026-04-27 19:22:25"
"9161","193","2024-09-23 08:46:02","43.74","5.00","2024-09-23 00:00:00","2026-04-27 19:22:25"
"9162","191","2025-12-30 08:36:40","156.66","0.00","2025-12-30 00:00:00","2026-04-27 19:22:25"
"9163","100","2024-04-21 17:17:03","27.55","5.00","2024-04-21 00:00:00","2026-04-27 19:22:25"
"9164","299","2025-04-02 18:00:32","54.63","0.00","2025-04-02 00:00:00","2026-04-27 19:22:25"
"9165","13","2024-05-28 09:20:31","40.55","10.00","2024-05-28 00:00:00","2026-04-27 19:22:25"
"9166","105","2025-09-05 09:18:10","28.04","10.00","2025-09-05 00:00:00","2026-04-27 19:22:25"
"9167","142","2025-04-05 08:17:14","200.55","0.00","2025-04-05 00:00:00","2026-04-27 19:22:25"
"9168","119","2026-02-26 19:41:37","146.39","0.00","2026-02-26 00:00:00","2026-04-27 19:22:25"
"9169","295","2026-03-22 14:52:09","90.19","0.00","2026-03-22 00:00:00","2026-04-27 19:22:25"
"9170","137","2026-03-14 12:41:47","398.22","0.00","2026-03-14 00:00:00","2026-04-27 19:22:25"
"9171","267","2024-02-15 02:38:16","37.29","5.00","2024-02-15 00:00:00","2026-04-27 19:22:25"
"9172","198","2025-09-23 14:41:15","36.75","10.00","2025-09-23 00:00:00","2026-04-27 19:22:25"
"9173","262","2022-11-15 11:07:15","246.20","0.00","2022-11-15 00:00:00","2026-04-27 19:22:25"
"9174","101","2022-11-30 08:07:46","116.97","0.00","2022-11-30 00:00:00","2026-04-27 19:22:25"
"9175","92","2025-06-07 10:41:26","115.64","0.00","2025-06-07 00:00:00","2026-04-27 19:22:25"
"9176","164","2025-07-18 12:43:57","83.08","0.00","2025-07-18 00:00:00","2026-04-27 19:22:25"
"9177","96","2023-03-01 08:17:26","21.56","10.00","2023-03-01 00:00:00","2026-04-27 19:22:25"
"9178","136","2025-09-05 13:34:55","71.65","5.00","2025-09-05 00:00:00","2026-04-27 19:22:25"
"9179","99","2026-02-07 03:56:13","83.93","0.00","2026-02-07 00:00:00","2026-04-27 19:22:25"
"9180","170","2025-10-15 16:17:38","177.57","0.00","2025-10-15 00:00:00","2026-04-27 19:22:25"
"9181","260","2021-10-08 17:35:48","31.73","5.00","2021-10-08 00:00:00","2026-04-27 19:22:25"
"9182","49","2024-08-26 19:48:15","6.89","10.00","2024-08-26 00:00:00","2026-04-27 19:22:25"
"9183","253","2024-12-19 07:52:03","228.75","0.00","2024-12-19 00:00:00","2026-04-27 19:22:25"
"9184","216","2025-01-07 07:29:21","35.10","5.00","2025-01-07 00:00:00","2026-04-27 19:22:25"
"9185","46","2026-04-04 15:47:19","319.25","0.00","2026-04-04 00:00:00","2026-04-27 19:22:25"
"9186","289","2023-07-24 11:10:21","154.34","0.00","2023-07-24 00:00:00","2026-04-27 19:22:25"
"9187","249","2024-11-11 11:12:28","303.10","0.00","2024-11-11 00:00:00","2026-04-27 19:22:25"
"9188","4","2024-08-03 09:27:04","240.80","0.00","2024-08-03 00:00:00","2026-04-27 19:22:25"
"9189","253","2024-07-26 08:44:43","167.45","0.00","2024-07-26 00:00:00","2026-04-27 19:22:25"
"9190","76","2024-11-04 16:05:33","50.17","0.00","2024-11-04 00:00:00","2026-04-27 19:22:25"
"9191","64","2025-07-25 17:30:10","71.05","0.00","2025-07-25 00:00:00","2026-04-27 19:22:25"
"9192","198","2025-08-15 11:32:24","65.37","5.00","2025-08-15 00:00:00","2026-04-27 19:22:25"
"9193","31","2023-03-22 17:32:29","47.37","10.00","2023-03-22 00:00:00","2026-04-27 19:22:25"
"9194","109","2022-05-26 08:29:09","15.74","25.00","2022-05-26 00:00:00","2026-04-27 19:22:25"
"9195","14","2024-10-02 10:07:35","378.63","0.00","2024-10-02 00:00:00","2026-04-27 19:22:25"
"9196","262","2024-04-14 11:49:48","146.51","0.00","2024-04-14 00:00:00","2026-04-27 19:22:25"
"9197","29","2026-04-12 13:57:47","242.85","0.00","2026-04-12 00:00:00","2026-04-27 19:22:25"
"9198","53","2024-12-06 13:10:54","0.00","0.00","2024-12-06 00:00:00","2026-04-27 19:22:25"
"9199","205","2022-04-08 13:31:40","236.41","0.00","2022-04-08 00:00:00","2026-04-27 19:22:25"
"9200","193","2026-02-27 03:26:46","297.41","0.00","2026-02-27 00:00:00","2026-04-27 19:22:25"
"9201","182","2023-10-28 13:06:31","8.56","10.00","2023-10-28 00:00:00","2026-04-27 19:22:25"
"9202","153","2021-10-20 19:55:41","135.40","0.00","2021-10-20 00:00:00","2026-04-27 19:22:25"
"9203","173","2026-01-16 08:09:35","16.08","10.00","2026-01-16 00:00:00","2026-04-27 19:22:25"
"9204","220","2025-04-11 16:48:03","266.15","0.00","2025-04-11 00:00:00","2026-04-27 19:22:25"
"9205","296","2025-12-28 07:40:51","326.67","0.00","2025-12-28 00:00:00","2026-04-27 19:22:25"
"9206","169","2024-06-17 18:10:30","88.25","0.00","2024-06-17 00:00:00","2026-04-27 19:22:25"
"9207","158","2026-03-18 07:53:25","11.16","10.00","2026-03-18 00:00:00","2026-04-27 19:22:25"
"9208","188","2026-01-19 10:44:38","65.88","0.00","2026-01-19 00:00:00","2026-04-27 19:22:25"
"9209","244","2025-08-29 07:01:14","76.01","0.00","2025-08-29 00:00:00","2026-04-27 19:22:25"
"9210","266","2026-03-20 19:28:26","33.55","10.00","2026-03-20 00:00:00","2026-04-27 19:22:25"
"9211","274","2023-01-06 09:05:02","183.83","0.00","2023-01-06 00:00:00","2026-04-27 19:22:25"
"9212","244","2026-02-12 09:56:38","104.49","0.00","2026-02-12 00:00:00","2026-04-27 19:22:25"
"9213","203","2025-12-14 10:51:18","97.72","0.00","2025-12-14 00:00:00","2026-04-27 19:22:25"
"9214","171","2026-02-28 04:44:35","40.72","5.00","2026-02-28 00:00:00","2026-04-27 19:22:25"
"9215","293","2025-01-10 04:04:33","179.24","0.00","2025-01-10 00:00:00","2026-04-27 19:22:25"
"9216","275","2021-09-29 07:27:54","68.17","5.00","2021-09-29 00:00:00","2026-04-27 19:22:25"
"9217","115","2024-06-17 11:22:17","199.31","0.00","2024-06-17 00:00:00","2026-04-27 19:22:25"
"9218","69","2026-04-01 19:49:08","177.13","0.00","2026-04-01 00:00:00","2026-04-27 19:22:25"
"9219","29","2025-06-28 17:08:22","60.12","0.00","2025-06-28 00:00:00","2026-04-27 19:22:25"
"9220","234","2023-11-21 13:08:45","161.16","0.00","2023-11-21 00:00:00","2026-04-27 19:22:25"
"9221","148","2025-07-29 13:42:34","111.83","0.00","2025-07-29 00:00:00","2026-04-27 19:22:25"
"9222","112","2023-09-06 09:27:33","134.40","0.00","2023-09-06 00:00:00","2026-04-27 19:22:25"
"9223","150","2025-12-19 14:02:50","116.60","0.00","2025-12-19 00:00:00","2026-04-27 19:22:25"
"9224","280","2025-04-09 16:02:18","257.17","0.00","2025-04-09 00:00:00","2026-04-27 19:22:25"
"9225","179","2023-11-06 12:51:35","249.93","0.00","2023-11-06 00:00:00","2026-04-27 19:22:25"
"9226","175","2024-04-15 11:39:46","5.99","25.00","2024-04-15 00:00:00","2026-04-27 19:22:25"
"9227","202","2025-10-19 08:02:31","134.19","0.00","2025-10-19 00:00:00","2026-04-27 19:22:25"
"9228","22","2024-09-05 18:54:54","107.06","0.00","2024-09-05 00:00:00","2026-04-27 19:22:25"
"9229","199","2023-10-25 08:25:34","226.13","0.00","2023-10-25 00:00:00","2026-04-27 19:22:25"
"9230","89","2025-06-02 10:31:31","113.06","0.00","2025-06-02 00:00:00","2026-04-27 19:22:25"
"9231","27","2025-02-05 17:37:47","123.07","0.00","2025-02-05 00:00:00","2026-04-27 19:22:25"
"9232","235","2024-10-06 10:57:40","125.04","0.00","2024-10-06 00:00:00","2026-04-27 19:22:25"
"9233","84","2023-12-06 14:33:35","90.16","0.00","2023-12-06 00:00:00","2026-04-27 19:22:25"
"9234","36","2024-11-14 17:48:46","136.59","0.00","2024-11-14 00:00:00","2026-04-27 19:22:25"
"9235","277","2026-01-23 10:46:45","53.92","5.00","2026-01-23 00:00:00","2026-04-27 19:22:25"
"9236","170","2025-08-16 10:50:03","162.65","0.00","2025-08-16 00:00:00","2026-04-27 19:22:25"
"9237","34","2025-12-21 07:26:12","124.29","0.00","2025-12-21 00:00:00","2026-04-27 19:22:25"
"9238","155","2025-05-26 04:13:14","53.85","5.00","2025-05-26 00:00:00","2026-04-27 19:22:25"
"9239","272","2024-08-29 11:05:56","23.97","25.00","2024-08-29 00:00:00","2026-04-27 19:22:25"
"9240","234","2025-02-07 13:27:15","22.31","25.00","2025-02-07 00:00:00","2026-04-27 19:22:25"
"9241","92","2026-03-29 07:35:21","113.74","0.00","2026-03-29 00:00:00","2026-04-27 19:22:25"
"9242","264","2026-01-16 12:01:23","133.84","0.00","2026-01-16 00:00:00","2026-04-27 19:22:25"
"9243","299","2024-10-27 07:58:38","127.88","0.00","2024-10-27 00:00:00","2026-04-27 19:22:25"
"9244","132","2021-05-04 14:25:47","32.26","5.00","2021-05-04 00:00:00","2026-04-27 19:22:25"
"9245","168","2026-01-26 07:05:23","43.03","5.00","2026-01-26 00:00:00","2026-04-27 19:22:25"
"9246","214","2026-02-03 08:13:08","199.26","0.00","2026-02-03 00:00:00","2026-04-27 19:22:25"
"9247","211","2025-04-12 17:43:19","63.55","5.00","2025-04-12 00:00:00","2026-04-27 19:22:25"
"9248","98","2021-04-24 13:30:21","85.12","0.00","2021-04-24 00:00:00","2026-04-27 19:22:25"
"9249","221","2025-09-05 13:51:17","222.08","0.00","2025-09-05 00:00:00","2026-04-27 19:22:25"
"9250","244","2026-03-06 07:31:39","132.35","0.00","2026-03-06 00:00:00","2026-04-27 19:22:25"
"9251","215","2023-07-04 09:27:45","66.47","5.00","2023-07-04 00:00:00","2026-04-27 19:22:25"
"9252","167","2025-09-20 16:12:01","153.20","0.00","2025-09-20 00:00:00","2026-04-27 19:22:25"
"9253","104","2024-04-28 13:13:08","185.61","0.00","2024-04-28 00:00:00","2026-04-27 19:22:25"
"9254","253","2024-12-30 17:36:50","106.62","0.00","2024-12-30 00:00:00","2026-04-27 19:22:25"
"9255","10","2024-03-11 11:44:16","74.06","0.00","2024-03-11 00:00:00","2026-04-27 19:22:25"
"9256","275","2023-01-25 10:43:29","66.09","5.00","2023-01-25 00:00:00","2026-04-27 19:22:25"
"9257","242","2023-02-18 19:53:38","33.65","5.00","2023-02-18 00:00:00","2026-04-27 19:22:25"
"9258","99","2024-09-21 15:03:47","108.84","0.00","2024-09-21 00:00:00","2026-04-27 19:22:25"
"9259","134","2024-10-31 07:04:04","204.32","0.00","2024-10-31 00:00:00","2026-04-27 19:22:25"
"9260","72","2025-01-12 13:27:11","232.41","0.00","2025-01-12 00:00:00","2026-04-27 19:22:25"
"9261","121","2022-09-07 12:45:54","66.61","5.00","2022-09-07 00:00:00","2026-04-27 19:22:25"
"9262","132","2022-06-04 15:46:24","22.64","10.00","2022-06-04 00:00:00","2026-04-27 19:22:25"
"9263","139","2025-02-19 07:27:12","68.18","0.00","2025-02-19 00:00:00","2026-04-27 19:22:25"
"9264","240","2026-02-01 01:42:45","137.36","0.00","2026-02-01 00:00:00","2026-04-27 19:22:25"
"9265","209","2024-01-30 07:54:55","121.09","0.00","2024-01-30 00:00:00","2026-04-27 19:22:25"
"9266","142","2025-11-14 08:11:05","151.00","0.00","2025-11-14 00:00:00","2026-04-27 19:22:25"
"9267","246","2024-02-13 08:13:48","63.80","0.00","2024-02-13 00:00:00","2026-04-27 19:22:25"
"9268","274","2022-03-04 12:04:44","101.12","0.00","2022-03-04 00:00:00","2026-04-27 19:22:25"
"9269","279","2024-02-16 12:58:58","182.37","0.00","2024-02-16 00:00:00","2026-04-27 19:22:25"
"9270","156","2025-08-10 09:32:49","213.33","0.00","2025-08-10 00:00:00","2026-04-27 19:22:25"
"9271","248","2026-01-04 19:19:46","203.93","0.00","2026-01-04 00:00:00","2026-04-27 19:22:25"
"9272","284","2026-02-27 08:54:43","8.87","10.00","2026-02-27 00:00:00","2026-04-27 19:22:25"
"9273","48","2026-01-11 08:25:08","42.77","5.00","2026-01-11 00:00:00","2026-04-27 19:22:25"
"9274","113","2025-11-20 15:41:45","249.92","0.00","2025-11-20 00:00:00","2026-04-27 19:22:25"
"9275","202","2025-03-05 08:55:19","162.06","0.00","2025-03-05 00:00:00","2026-04-27 19:22:25"
"9276","86","2026-04-11 08:11:13","149.86","0.00","2026-04-11 00:00:00","2026-04-27 19:22:25"
"9277","29","2025-05-03 10:42:18","64.06","0.00","2025-05-03 00:00:00","2026-04-27 19:22:25"
"9278","222","2023-07-09 13:17:30","26.34","5.00","2023-07-09 00:00:00","2026-04-27 19:22:25"
"9279","237","2026-03-14 09:38:40","134.45","0.00","2026-03-14 00:00:00","2026-04-27 19:22:25"
"9280","159","2023-12-04 12:41:49","184.94","0.00","2023-12-04 00:00:00","2026-04-27 19:22:25"
"9281","239","2022-04-04 18:02:41","20.12","10.00","2022-04-04 00:00:00","2026-04-27 19:22:25"
"9282","273","2021-05-28 14:12:47","95.45","0.00","2021-05-28 00:00:00","2026-04-27 19:22:25"
"9283","246","2022-03-24 13:51:06","75.26","0.00","2022-03-24 00:00:00","2026-04-27 19:22:25"
"9284","181","2023-01-09 09:54:27","65.72","0.00","2023-01-09 00:00:00","2026-04-27 19:22:25"
"9285","36","2023-07-21 16:12:15","109.06","0.00","2023-07-21 00:00:00","2026-04-27 19:22:25"
"9286","176","2025-09-14 07:15:20","77.69","0.00","2025-09-14 00:00:00","2026-04-27 19:22:25"
"9287","42","2025-07-15 07:13:29","58.35","5.00","2025-07-15 00:00:00","2026-04-27 19:22:25"
"9288","233","2025-03-24 07:21:15","126.86","0.00","2025-03-24 00:00:00","2026-04-27 19:22:25"
"9289","294","2023-12-11 14:23:40","126.56","0.00","2023-12-11 00:00:00","2026-04-27 19:22:25"
"9290","215","2022-09-04 10:40:12","89.34","0.00","2022-09-04 00:00:00","2026-04-27 19:22:25"
"9291","167","2024-04-21 08:02:25","162.03","0.00","2024-04-21 00:00:00","2026-04-27 19:22:25"
"9292","18","2023-10-09 08:12:41","239.79","0.00","2023-10-09 00:00:00","2026-04-27 19:22:25"
"9293","93","2023-12-09 01:27:31","168.57","0.00","2023-12-09 00:00:00","2026-04-27 19:22:25"
"9294","240","2024-11-03 16:21:55","114.70","0.00","2024-11-03 00:00:00","2026-04-27 19:22:25"
"9295","187","2022-09-02 10:30:27","32.38","10.00","2022-09-02 00:00:00","2026-04-27 19:22:25"
"9296","56","2024-03-11 09:37:47","317.64","0.00","2024-03-11 00:00:00","2026-04-27 19:22:25"
"9297","61","2023-02-28 11:37:32","73.17","0.00","2023-02-28 00:00:00","2026-04-27 19:22:25"
"9298","2","2024-08-31 09:32:37","128.98","0.00","2024-08-31 00:00:00","2026-04-27 19:22:25"
"9299","284","2022-10-11 14:40:08","70.30","0.00","2022-10-11 00:00:00","2026-04-27 19:22:25"
"9300","182","2024-07-22 05:55:21","14.32","10.00","2024-07-22 00:00:00","2026-04-27 19:22:25"
"9301","93","2025-07-24 11:24:44","94.57","0.00","2025-07-24 00:00:00","2026-04-27 19:22:25"
"9302","72","2025-06-04 10:00:47","63.06","0.00","2025-06-04 00:00:00","2026-04-27 19:22:25"
"9303","81","2024-01-20 07:09:53","36.74","5.00","2024-01-20 00:00:00","2026-04-27 19:22:25"
"9304","204","2025-10-27 08:17:12","55.28","0.00","2025-10-27 00:00:00","2026-04-27 19:22:25"
"9305","157","2022-01-23 12:33:09","36.18","5.00","2022-01-23 00:00:00","2026-04-27 19:22:25"
"9306","27","2024-06-05 19:38:17","151.32","0.00","2024-06-05 00:00:00","2026-04-27 19:22:25"
"9307","234","2026-03-29 16:36:10","54.36","5.00","2026-03-29 00:00:00","2026-04-27 19:22:25"
"9308","230","2022-06-25 18:58:22","117.35","0.00","2022-06-25 00:00:00","2026-04-27 19:22:25"
"9309","283","2021-09-25 07:24:15","81.38","0.00","2021-09-25 00:00:00","2026-04-27 19:22:25"
"9310","118","2023-04-23 17:16:15","266.70","0.00","2023-04-23 00:00:00","2026-04-27 19:22:25"
"9311","31","2023-09-08 14:56:20","34.98","10.00","2023-09-08 00:00:00","2026-04-27 19:22:25"
"9312","54","2025-10-01 07:15:25","169.35","0.00","2025-10-01 00:00:00","2026-04-27 19:22:25"
"9313","104","2023-05-04 16:00:09","18.26","10.00","2023-05-04 00:00:00","2026-04-27 19:22:25"
"9314","243","2025-06-30 09:11:01","32.68","10.00","2025-06-30 00:00:00","2026-04-27 19:22:25"
"9315","35","2025-11-29 16:47:54","389.08","0.00","2025-11-29 00:00:00","2026-04-27 19:22:25"
"9316","249","2025-05-13 10:45:38","12.82","10.00","2025-05-13 00:00:00","2026-04-27 19:22:25"
"9317","192","2023-01-08 09:15:35","85.65","0.00","2023-01-08 00:00:00","2026-04-27 19:22:25"
"9318","197","2025-11-14 11:02:53","192.51","0.00","2025-11-14 00:00:00","2026-04-27 19:22:25"
"9319","176","2026-03-30 19:38:25","162.31","0.00","2026-03-30 00:00:00","2026-04-27 19:22:25"
"9320","112","2023-12-09 19:54:45","227.93","0.00","2023-12-09 00:00:00","2026-04-27 19:22:25"
"9321","296","2025-09-09 11:22:28","131.66","0.00","2025-09-09 00:00:00","2026-04-27 19:22:25"
"9322","6","2022-05-01 18:19:12","59.65","0.00","2022-05-01 00:00:00","2026-04-27 19:22:25"
"9323","247","2022-12-18 16:11:55","123.41","0.00","2022-12-18 00:00:00","2026-04-27 19:22:25"
"9324","157","2021-11-21 14:07:18","308.88","0.00","2021-11-21 00:00:00","2026-04-27 19:22:25"
"9325","210","2024-09-18 16:49:12","146.28","0.00","2024-09-18 00:00:00","2026-04-27 19:22:25"
"9326","113","2025-09-18 07:08:50","199.22","0.00","2025-09-18 00:00:00","2026-04-27 19:22:25"
"9327","98","2021-09-24 08:44:11","74.53","0.00","2021-09-24 00:00:00","2026-04-27 19:22:25"
"9328","156","2025-09-24 07:40:50","313.26","0.00","2025-09-24 00:00:00","2026-04-27 19:22:25"
"9329","43","2020-01-21 13:18:24","47.99","10.00","2020-01-21 00:00:00","2026-04-27 19:22:25"
"9330","188","2026-02-14 15:19:58","70.96","0.00","2026-02-14 00:00:00","2026-04-27 19:22:25"
"9331","99","2024-11-29 08:39:10","183.26","0.00","2024-11-29 00:00:00","2026-04-27 19:22:25"
"9332","173","2025-10-14 06:10:51","99.57","0.00","2025-10-14 00:00:00","2026-04-27 19:22:25"
"9333","54","2025-07-10 07:36:00","159.79","0.00","2025-07-10 00:00:00","2026-04-27 19:22:25"
"9334","177","2024-04-15 11:51:56","298.04","0.00","2024-04-15 00:00:00","2026-04-27 19:22:25"
"9335","252","2025-11-30 18:03:37","220.50","0.00","2025-11-30 00:00:00","2026-04-27 19:22:25"
"9336","151","2023-12-04 08:50:30","213.67","0.00","2023-12-04 00:00:00","2026-04-27 19:22:25"
"9337","176","2025-05-24 17:30:19","147.51","0.00","2025-05-24 00:00:00","2026-04-27 19:22:25"
"9338","248","2021-11-01 15:15:45","9.12","10.00","2021-11-01 00:00:00","2026-04-27 19:22:25"
"9339","4","2025-08-05 17:43:22","110.11","0.00","2025-08-05 00:00:00","2026-04-27 19:22:25"
"9340","279","2026-01-15 08:46:14","121.08","0.00","2026-01-15 00:00:00","2026-04-27 19:22:25"
"9341","283","2021-02-17 07:45:35","157.64","0.00","2021-02-17 00:00:00","2026-04-27 19:22:25"
"9342","104","2026-02-14 09:39:52","35.66","5.00","2026-02-14 00:00:00","2026-04-27 19:22:25"
"9343","275","2023-03-31 13:25:11","0.00","0.00","2023-03-31 00:00:00","2026-04-27 19:22:25"
"9344","177","2025-10-17 09:15:30","130.75","0.00","2025-10-17 00:00:00","2026-04-27 19:22:25"
"9345","56","2026-04-04 07:45:24","93.48","0.00","2026-04-04 00:00:00","2026-04-27 19:22:25"
"9346","175","2023-06-08 07:19:42","36.30","10.00","2023-06-08 00:00:00","2026-04-27 19:22:25"
"9347","187","2022-10-16 15:15:32","19.75","25.00","2022-10-16 00:00:00","2026-04-27 19:22:25"
"9348","292","2026-02-25 07:36:15","169.46","0.00","2026-02-25 00:00:00","2026-04-27 19:22:25"
"9349","215","2024-01-18 16:48:05","441.25","0.00","2024-01-18 00:00:00","2026-04-27 19:22:25"
"9350","182","2021-08-09 08:25:36","141.93","0.00","2021-08-09 00:00:00","2026-04-27 19:22:25"
"9351","81","2021-10-21 07:54:44","207.91","0.00","2021-10-21 00:00:00","2026-04-27 19:22:25"
"9352","203","2025-03-15 08:58:01","117.19","0.00","2025-03-15 00:00:00","2026-04-27 19:22:25"
"9353","22","2024-05-21 18:30:07","186.68","0.00","2024-05-21 00:00:00","2026-04-27 19:22:25"
"9354","213","2024-06-13 11:30:01","136.15","0.00","2024-06-13 00:00:00","2026-04-27 19:22:25"
"9355","25","2024-10-03 07:50:40","70.90","5.00","2024-10-03 00:00:00","2026-04-27 19:22:25"
"9356","300","2025-09-01 07:34:29","94.42","0.00","2025-09-01 00:00:00","2026-04-27 19:22:25"
"9357","75","2026-01-05 08:49:07","291.89","0.00","2026-01-05 00:00:00","2026-04-27 19:22:25"
"9358","119","2026-01-28 12:48:21","84.29","0.00","2026-01-28 00:00:00","2026-04-27 19:22:25"
"9359","265","2025-10-28 16:10:57","259.06","0.00","2025-10-28 00:00:00","2026-04-27 19:22:25"
"9360","245","2025-10-08 14:36:36","128.75","0.00","2025-10-08 00:00:00","2026-04-27 19:22:25"
"9361","118","2023-01-29 11:12:35","206.84","0.00","2023-01-29 00:00:00","2026-04-27 19:22:25"
"9362","14","2024-04-05 17:57:28","32.25","10.00","2024-04-05 00:00:00","2026-04-27 19:22:25"
"9363","247","2025-07-12 10:46:42","8.77","10.00","2025-07-12 00:00:00","2026-04-27 19:22:25"
"9364","238","2020-07-18 18:45:12","68.12","0.00","2020-07-18 00:00:00","2026-04-27 19:22:25"
"9365","31","2022-05-17 07:15:03","28.80","10.00","2022-05-17 00:00:00","2026-04-27 19:22:25"
"9366","83","2026-02-15 12:36:25","177.79","0.00","2026-02-15 00:00:00","2026-04-27 19:22:25"
"9367","187","2022-09-15 12:28:33","126.34","0.00","2022-09-15 00:00:00","2026-04-27 19:22:25"
"9368","156","2023-12-22 10:08:37","96.51","0.00","2023-12-22 00:00:00","2026-04-27 19:22:25"
"9369","228","2025-03-01 08:38:14","14.61","25.00","2025-03-01 00:00:00","2026-04-27 19:22:25"
"9370","223","2025-04-20 17:50:56","257.05","0.00","2025-04-20 00:00:00","2026-04-27 19:22:25"
"9371","66","2024-04-17 12:37:22","21.81","25.00","2024-04-17 00:00:00","2026-04-27 19:22:25"
"9372","215","2025-06-28 19:44:48","21.16","25.00","2025-06-28 00:00:00","2026-04-27 19:22:25"
"9373","132","2021-11-01 07:19:37","110.78","0.00","2021-11-01 00:00:00","2026-04-27 19:22:25"
"9374","274","2022-05-30 19:24:06","38.07","5.00","2022-05-30 00:00:00","2026-04-27 19:22:25"
"9375","39","2021-05-10 10:25:58","31.50","5.00","2021-05-10 00:00:00","2026-04-27 19:22:25"
"9376","232","2025-10-05 19:06:38","212.98","0.00","2025-10-05 00:00:00","2026-04-27 19:22:25"
"9377","294","2024-07-21 08:39:11","45.90","5.00","2024-07-21 00:00:00","2026-04-27 19:22:25"
"9378","171","2023-01-23 14:24:32","27.93","5.00","2023-01-23 00:00:00","2026-04-27 19:22:25"
"9379","120","2025-10-09 18:35:32","279.17","0.00","2025-10-09 00:00:00","2026-04-27 19:22:25"
"9380","74","2024-02-28 09:09:42","18.16","10.00","2024-02-28 00:00:00","2026-04-27 19:22:25"
"9381","118","2021-09-08 12:02:28","110.97","0.00","2021-09-08 00:00:00","2026-04-27 19:22:25"
"9382","166","2024-06-28 16:34:55","281.95","0.00","2024-06-28 00:00:00","2026-04-27 19:22:25"
"9383","52","2025-12-26 09:14:33","269.00","0.00","2025-12-26 00:00:00","2026-04-27 19:22:25"
"9384","192","2024-03-09 16:51:30","217.41","0.00","2024-03-09 00:00:00","2026-04-27 19:22:25"
"9385","73","2020-11-26 09:21:37","168.93","0.00","2020-11-26 00:00:00","2026-04-27 19:22:25"
"9386","70","2025-10-16 12:02:31","148.29","0.00","2025-10-16 00:00:00","2026-04-27 19:22:25"
"9387","158","2025-07-10 19:04:38","86.97","0.00","2025-07-10 00:00:00","2026-04-27 19:22:25"
"9388","249","2025-03-30 04:45:40","317.81","0.00","2025-03-30 00:00:00","2026-04-27 19:22:25"
"9389","99","2025-10-06 15:24:22","53.34","5.00","2025-10-06 00:00:00","2026-04-27 19:22:25"
"9390","74","2022-06-19 08:10:37","211.34","0.00","2022-06-19 00:00:00","2026-04-27 19:22:25"
"9391","92","2024-12-25 11:50:48","411.59","0.00","2024-12-25 00:00:00","2026-04-27 19:22:25"
"9392","55","2023-05-07 11:03:55","45.20","10.00","2023-05-07 00:00:00","2026-04-27 19:22:25"
"9393","146","2026-01-26 14:00:39","167.98","0.00","2026-01-26 00:00:00","2026-04-27 19:22:25"
"9394","164","2024-09-27 14:15:02","119.43","0.00","2024-09-27 00:00:00","2026-04-27 19:22:25"
"9395","209","2026-02-01 10:08:23","125.39","0.00","2026-02-01 00:00:00","2026-04-27 19:22:25"
"9396","56","2023-01-01 16:20:55","5.66","25.00","2023-01-01 00:00:00","2026-04-27 19:22:25"
"9397","178","2024-06-10 08:43:06","253.55","0.00","2024-06-10 00:00:00","2026-04-27 19:22:25"
"9398","34","2026-03-30 15:33:09","175.06","0.00","2026-03-30 00:00:00","2026-04-27 19:22:25"
"9399","101","2023-07-23 10:03:02","175.68","0.00","2023-07-23 00:00:00","2026-04-27 19:22:25"
"9400","152","2025-01-26 12:06:43","53.98","0.00","2025-01-26 00:00:00","2026-04-27 19:22:25"
"9401","256","2021-10-03 12:23:14","104.94","0.00","2021-10-03 00:00:00","2026-04-27 19:22:25"
"9402","158","2024-12-27 13:37:05","105.06","0.00","2024-12-27 00:00:00","2026-04-27 19:22:25"
"9403","82","2024-11-10 03:45:19","18.75","10.00","2024-11-10 00:00:00","2026-04-27 19:22:25"
"9404","163","2025-09-14 19:31:50","39.76","5.00","2025-09-14 00:00:00","2026-04-27 19:22:25"
"9405","296","2024-09-10 09:12:46","80.82","0.00","2024-09-10 00:00:00","2026-04-27 19:22:25"
"9406","163","2026-04-08 10:30:18","134.56","0.00","2026-04-08 00:00:00","2026-04-27 19:22:25"
"9407","43","2019-06-26 11:33:26","113.93","0.00","2019-06-26 00:00:00","2026-04-27 19:22:25"
"9408","63","2025-01-02 15:48:32","51.43","0.00","2025-01-02 00:00:00","2026-04-27 19:22:25"
"9409","171","2026-03-08 18:33:07","28.12","5.00","2026-03-08 00:00:00","2026-04-27 19:22:25"
"9410","282","2025-06-24 09:01:43","16.17","10.00","2025-06-24 00:00:00","2026-04-27 19:22:25"
"9411","21","2023-12-13 17:46:47","18.21","25.00","2023-12-13 00:00:00","2026-04-27 19:22:25"
"9412","228","2025-01-22 08:42:55","124.57","0.00","2025-01-22 00:00:00","2026-04-27 19:22:25"
"9413","258","2024-02-14 15:12:28","14.32","10.00","2024-02-14 00:00:00","2026-04-27 19:22:25"
"9414","157","2021-04-08 08:50:25","61.98","0.00","2021-04-08 00:00:00","2026-04-27 19:22:25"
"9415","125","2024-06-16 16:22:01","51.20","0.00","2024-06-16 00:00:00","2026-04-27 19:22:25"
"9416","287","2022-10-01 07:33:11","74.72","5.00","2022-10-01 00:00:00","2026-04-27 19:22:25"
"9417","192","2024-08-06 16:32:46","112.24","0.00","2024-08-06 00:00:00","2026-04-27 19:22:25"
"9418","257","2026-03-03 19:46:10","181.39","0.00","2026-03-03 00:00:00","2026-04-27 19:22:25"
"9419","66","2025-06-21 12:24:26","155.18","0.00","2025-06-21 00:00:00","2026-04-27 19:22:25"
"9420","87","2026-02-14 07:18:34","84.27","0.00","2026-02-14 00:00:00","2026-04-27 19:22:25"
"9421","290","2020-11-30 08:55:41","212.65","0.00","2020-11-30 00:00:00","2026-04-27 19:22:25"
"9422","242","2023-04-13 09:03:43","15.09","10.00","2023-04-13 00:00:00","2026-04-27 19:22:25"
"9423","199","2023-07-18 12:59:02","207.50","0.00","2023-07-18 00:00:00","2026-04-27 19:22:25"
"9424","234","2023-09-22 10:44:25","172.73","0.00","2023-09-22 00:00:00","2026-04-27 19:22:25"
"9425","191","2026-03-04 07:02:05","80.75","0.00","2026-03-04 00:00:00","2026-04-27 19:22:25"
"9426","133","2023-08-08 16:52:32","75.33","0.00","2023-08-08 00:00:00","2026-04-27 19:22:25"
"9427","93","2025-08-01 18:55:07","64.84","0.00","2025-08-01 00:00:00","2026-04-27 19:22:25"
"9428","275","2023-05-01 08:45:31","242.68","0.00","2023-05-01 00:00:00","2026-04-27 19:22:25"
"9429","80","2024-06-27 13:31:34","87.14","0.00","2024-06-27 00:00:00","2026-04-27 19:22:25"
"9430","241","2025-04-25 19:54:33","9.36","10.00","2025-04-25 00:00:00","2026-04-27 19:22:25"
"9431","149","2026-02-15 15:46:06","183.78","0.00","2026-02-15 00:00:00","2026-04-27 19:22:25"
"9432","200","2026-02-09 18:27:49","65.49","5.00","2026-02-09 00:00:00","2026-04-27 19:22:25"
"9433","15","2022-06-16 09:20:22","141.23","0.00","2022-06-16 00:00:00","2026-04-27 19:22:25"
"9434","217","2023-06-08 07:40:24","245.99","0.00","2023-06-08 00:00:00","2026-04-27 19:22:25"
"9435","219","2021-06-29 08:28:50","102.45","0.00","2021-06-29 00:00:00","2026-04-27 19:22:25"
"9436","17","2024-04-30 09:07:39","90.57","0.00","2024-04-30 00:00:00","2026-04-27 19:22:25"
"9437","18","2023-02-07 08:48:50","146.65","0.00","2023-02-07 00:00:00","2026-04-27 19:22:25"
"9438","220","2024-03-24 09:56:09","144.34","0.00","2024-03-24 00:00:00","2026-04-27 19:22:25"
"9439","124","2025-10-22 09:21:08","89.85","0.00","2025-10-22 00:00:00","2026-04-27 19:22:25"
"9440","148","2024-05-07 08:51:15","231.78","0.00","2024-05-07 00:00:00","2026-04-27 19:22:25"
"9441","299","2025-02-24 07:36:03","256.07","0.00","2025-02-24 00:00:00","2026-04-27 19:22:25"
"9442","25","2024-02-10 11:32:07","60.14","5.00","2024-02-10 00:00:00","2026-04-27 19:22:25"
"9443","231","2025-11-08 09:37:31","168.38","0.00","2025-11-08 00:00:00","2026-04-27 19:22:25"
"9444","214","2025-11-22 09:29:57","28.41","5.00","2025-11-22 00:00:00","2026-04-27 19:22:25"
"9445","160","2024-04-11 16:25:08","86.45","0.00","2024-04-11 00:00:00","2026-04-27 19:22:25"
"9446","240","2026-03-10 17:30:13","129.29","0.00","2026-03-10 00:00:00","2026-04-27 19:22:25"
"9447","46","2025-12-19 09:03:03","122.55","0.00","2025-12-19 00:00:00","2026-04-27 19:22:25"
"9448","138","2021-05-17 16:47:58","34.40","5.00","2021-05-17 00:00:00","2026-04-27 19:22:25"
"9449","231","2024-11-25 15:03:48","136.29","0.00","2024-11-25 00:00:00","2026-04-27 19:22:25"
"9450","251","2026-03-14 09:53:27","85.73","0.00","2026-03-14 00:00:00","2026-04-27 19:22:25"
"9451","99","2025-09-14 04:18:40","150.96","0.00","2025-09-14 00:00:00","2026-04-27 19:22:25"
"9452","160","2024-04-16 12:05:34","38.89","10.00","2024-04-16 00:00:00","2026-04-27 19:22:25"
"9453","20","2020-12-26 11:12:29","166.33","0.00","2020-12-26 00:00:00","2026-04-27 19:22:25"
"9454","130","2025-02-24 07:27:39","99.94","0.00","2025-02-24 00:00:00","2026-04-27 19:22:25"
"9455","122","2026-02-10 07:36:51","19.80","25.00","2026-02-10 00:00:00","2026-04-27 19:22:25"
"9456","5","2025-03-12 17:23:43","17.52","25.00","2025-03-12 00:00:00","2026-04-27 19:22:25"
"9457","168","2025-02-02 18:58:20","71.62","0.00","2025-02-02 00:00:00","2026-04-27 19:22:25"
"9458","11","2025-06-10 07:42:51","33.00","5.00","2025-06-10 00:00:00","2026-04-27 19:22:25"
"9459","66","2025-04-05 12:34:16","226.48","0.00","2025-04-05 00:00:00","2026-04-27 19:22:25"
"9460","5","2025-11-09 08:22:37","190.83","0.00","2025-11-09 00:00:00","2026-04-27 19:22:25"
"9461","85","2026-01-31 05:08:21","186.57","0.00","2026-01-31 00:00:00","2026-04-27 19:22:25"
"9462","21","2025-09-26 18:02:39","72.64","5.00","2025-09-26 00:00:00","2026-04-27 19:22:25"
"9463","295","2025-11-24 10:40:12","82.60","0.00","2025-11-24 00:00:00","2026-04-27 19:22:25"
"9464","210","2026-04-01 08:19:39","77.45","0.00","2026-04-01 00:00:00","2026-04-27 19:22:25"
"9465","133","2026-01-15 16:20:44","181.03","0.00","2026-01-15 00:00:00","2026-04-27 19:22:25"
"9466","288","2024-01-16 06:26:39","398.02","0.00","2024-01-16 00:00:00","2026-04-27 19:22:25"
"9467","286","2022-11-04 07:44:40","59.78","0.00","2022-11-04 00:00:00","2026-04-27 19:22:25"
"9468","119","2026-02-03 16:51:21","21.03","25.00","2026-02-03 00:00:00","2026-04-27 19:22:25"
"9469","174","2025-10-07 10:36:53","0.00","0.00","2025-10-07 00:00:00","2026-04-27 19:22:25"
"9470","250","2022-11-15 08:32:34","25.74","10.00","2022-11-15 00:00:00","2026-04-27 19:22:25"
"9471","221","2025-01-04 14:41:59","117.92","0.00","2025-01-04 00:00:00","2026-04-27 19:22:25"
"9472","288","2025-11-10 08:18:58","255.07","0.00","2025-11-10 00:00:00","2026-04-27 19:22:25"
"9473","213","2025-09-17 09:36:48","22.84","10.00","2025-09-17 00:00:00","2026-04-27 19:22:25"
"9474","173","2025-11-13 16:48:56","90.35","0.00","2025-11-13 00:00:00","2026-04-27 19:22:25"
"9475","37","2024-09-02 15:05:43","136.46","0.00","2024-09-02 00:00:00","2026-04-27 19:22:25"
"9476","251","2026-04-06 14:24:36","96.21","0.00","2026-04-06 00:00:00","2026-04-27 19:22:25"
"9477","15","2025-02-15 07:04:44","72.59","0.00","2025-02-15 00:00:00","2026-04-27 19:22:25"
"9478","228","2025-11-20 10:45:45","14.00","25.00","2025-11-20 00:00:00","2026-04-27 19:22:25"
"9479","219","2022-09-27 10:02:54","94.07","0.00","2022-09-27 00:00:00","2026-04-27 19:22:25"
"9480","185","2025-04-02 14:48:49","219.83","0.00","2025-04-02 00:00:00","2026-04-27 19:22:25"
"9481","299","2025-08-19 09:59:24","209.02","0.00","2025-08-19 00:00:00","2026-04-27 19:22:25"
"9482","198","2026-04-06 10:02:06","83.36","0.00","2026-04-06 00:00:00","2026-04-27 19:22:25"
"9483","260","2021-10-15 15:38:31","81.76","0.00","2021-10-15 00:00:00","2026-04-27 19:22:25"
"9484","175","2022-05-22 07:21:30","195.59","0.00","2022-05-22 00:00:00","2026-04-27 19:22:25"
"9485","232","2026-02-27 16:04:21","85.88","0.00","2026-02-27 00:00:00","2026-04-27 19:22:25"
"9486","85","2025-09-16 18:25:35","85.88","0.00","2025-09-16 00:00:00","2026-04-27 19:22:25"
"9487","49","2021-11-01 08:19:08","230.58","0.00","2021-11-01 00:00:00","2026-04-27 19:22:25"
"9488","58","2023-04-15 08:03:02","107.30","0.00","2023-04-15 00:00:00","2026-04-27 19:22:25"
"9489","74","2023-11-17 10:05:19","93.09","0.00","2023-11-17 00:00:00","2026-04-27 19:22:25"
"9490","254","2025-12-01 19:32:54","125.55","0.00","2025-12-01 00:00:00","2026-04-27 19:22:25"
"9491","116","2026-03-20 09:25:21","232.52","0.00","2026-03-20 00:00:00","2026-04-27 19:22:25"
"9492","4","2024-08-31 16:37:08","115.68","0.00","2024-08-31 00:00:00","2026-04-27 19:22:25"
"9493","101","2022-09-24 04:57:39","24.03","10.00","2022-09-24 00:00:00","2026-04-27 19:22:25"
"9494","176","2026-02-06 12:53:43","276.71","0.00","2026-02-06 00:00:00","2026-04-27 19:22:25"
"9495","111","2023-02-14 09:49:28","39.80","10.00","2023-02-14 00:00:00","2026-04-27 19:22:25"
"9496","142","2025-03-30 08:58:40","88.45","0.00","2025-03-30 00:00:00","2026-04-27 19:22:25"
"9497","113","2026-02-22 11:29:00","99.25","0.00","2026-02-22 00:00:00","2026-04-27 19:22:25"
"9498","241","2024-09-09 17:10:32","10.44","10.00","2024-09-09 00:00:00","2026-04-27 19:22:25"
"9499","281","2026-03-07 13:09:45","191.59","0.00","2026-03-07 00:00:00","2026-04-27 19:22:25"
"9500","104","2022-06-15 12:11:18","103.61","0.00","2022-06-15 00:00:00","2026-04-27 19:22:25"
"9501","51","2025-08-13 03:09:07","117.32","0.00","2025-08-13 00:00:00","2026-04-27 19:22:25"
"9502","264","2024-04-25 12:40:45","146.24","0.00","2024-04-25 00:00:00","2026-04-27 19:22:25"
"9503","16","2026-04-11 07:33:09","235.76","0.00","2026-04-11 00:00:00","2026-04-27 19:22:25"
"9504","298","2025-12-29 11:19:11","85.62","0.00","2025-12-29 00:00:00","2026-04-27 19:22:25"
"9505","153","2021-10-20 09:14:36","121.89","0.00","2021-10-20 00:00:00","2026-04-27 19:22:25"
"9506","272","2024-04-29 17:36:54","134.35","0.00","2024-04-29 00:00:00","2026-04-27 19:22:25"
"9507","70","2025-11-01 07:11:40","171.02","0.00","2025-11-01 00:00:00","2026-04-27 19:22:25"
"9508","192","2023-03-31 08:46:27","123.23","0.00","2023-03-31 00:00:00","2026-04-27 19:22:25"
"9509","122","2026-02-07 07:03:28","6.72","25.00","2026-02-07 00:00:00","2026-04-27 19:22:25"
"9510","96","2024-12-17 15:16:38","173.79","0.00","2024-12-17 00:00:00","2026-04-27 19:22:25"
"9511","109","2024-03-03 10:52:21","117.46","0.00","2024-03-03 00:00:00","2026-04-27 19:22:25"
"9512","88","2026-04-14 17:19:19","63.96","0.00","2026-04-14 00:00:00","2026-04-27 19:22:25"
"9513","170","2025-10-19 09:43:19","150.36","0.00","2025-10-19 00:00:00","2026-04-27 19:22:25"
"9514","125","2025-12-04 14:49:45","106.81","0.00","2025-12-04 00:00:00","2026-04-27 19:22:25"
"9515","189","2025-05-26 13:36:07","378.48","0.00","2025-05-26 00:00:00","2026-04-27 19:22:25"
"9516","203","2023-10-06 09:49:42","3.11","25.00","2023-10-06 00:00:00","2026-04-27 19:22:25"
"9517","107","2024-10-05 10:11:46","147.97","0.00","2024-10-05 00:00:00","2026-04-27 19:22:25"
"9518","43","2024-12-10 12:07:59","101.74","0.00","2024-12-10 00:00:00","2026-04-27 19:22:25"
"9519","222","2022-07-06 19:09:49","112.93","0.00","2022-07-06 00:00:00","2026-04-27 19:22:25"
"9520","196","2025-12-07 02:06:32","124.38","0.00","2025-12-07 00:00:00","2026-04-27 19:22:25"
"9521","233","2025-06-21 10:13:59","188.51","0.00","2025-06-21 00:00:00","2026-04-27 19:22:25"
"9522","99","2026-02-20 14:36:30","54.73","5.00","2026-02-20 00:00:00","2026-04-27 19:22:25"
"9523","260","2021-11-09 07:23:09","103.50","0.00","2021-11-09 00:00:00","2026-04-27 19:22:25"
"9524","275","2022-06-17 07:06:59","78.66","0.00","2022-06-17 00:00:00","2026-04-27 19:22:25"
"9525","279","2025-10-19 09:13:00","233.48","0.00","2025-10-19 00:00:00","2026-04-27 19:22:25"
"9526","266","2026-02-24 17:45:29","116.85","0.00","2026-02-24 00:00:00","2026-04-27 19:22:25"
"9527","225","2025-12-30 13:10:53","113.23","0.00","2025-12-30 00:00:00","2026-04-27 19:22:25"
"9528","12","2022-08-28 06:32:08","33.11","5.00","2022-08-28 00:00:00","2026-04-27 19:22:25"
"9529","67","2023-03-23 19:41:30","127.90","0.00","2023-03-23 00:00:00","2026-04-27 19:22:25"
"9530","54","2025-12-25 17:10:45","118.65","0.00","2025-12-25 00:00:00","2026-04-27 19:22:25"
"9531","289","2023-09-09 10:39:59","109.00","0.00","2023-09-09 00:00:00","2026-04-27 19:22:25"
"9532","218","2022-06-24 07:53:38","44.76","10.00","2022-06-24 00:00:00","2026-04-27 19:22:25"
"9533","231","2024-10-27 16:49:07","19.05","10.00","2024-10-27 00:00:00","2026-04-27 19:22:25"
"9534","192","2023-01-09 11:30:02","179.10","0.00","2023-01-09 00:00:00","2026-04-27 19:22:25"
"9535","180","2024-12-04 08:15:18","309.90","0.00","2024-12-04 00:00:00","2026-04-27 19:22:25"
"9536","91","2026-01-17 01:26:29","44.75","5.00","2026-01-17 00:00:00","2026-04-27 19:22:25"
"9537","176","2025-08-18 13:19:29","22.90","25.00","2025-08-18 00:00:00","2026-04-27 19:22:25"
"9538","39","2022-01-28 11:08:16","229.61","0.00","2022-01-28 00:00:00","2026-04-27 19:22:25"
"9539","279","2023-04-13 03:57:16","60.25","5.00","2023-04-13 00:00:00","2026-04-27 19:22:25"
"9540","154","2026-02-11 16:33:57","88.30","0.00","2026-02-11 00:00:00","2026-04-27 19:22:25"
"9541","191","2026-03-02 19:13:15","103.32","0.00","2026-03-02 00:00:00","2026-04-27 19:22:25"
"9542","171","2024-08-13 09:05:00","22.35","10.00","2024-08-13 00:00:00","2026-04-27 19:22:25"
"9543","127","2026-01-25 09:58:10","149.38","0.00","2026-01-25 00:00:00","2026-04-27 19:22:25"
"9544","3","2024-04-08 09:34:45","33.50","10.00","2024-04-08 00:00:00","2026-04-27 19:22:25"
"9545","151","2023-11-16 10:08:31","27.40","5.00","2023-11-16 00:00:00","2026-04-27 19:22:25"
"9546","132","2021-05-06 11:29:55","86.65","0.00","2021-05-06 00:00:00","2026-04-27 19:22:25"
"9547","208","2025-08-02 17:33:25","163.46","0.00","2025-08-02 00:00:00","2026-04-27 19:22:25"
"9548","226","2025-07-23 11:30:55","68.42","0.00","2025-07-23 00:00:00","2026-04-27 19:22:25"
"9549","25","2025-02-03 17:15:10","72.20","5.00","2025-02-03 00:00:00","2026-04-27 19:22:25"
"9550","288","2023-03-31 19:22:04","285.62","0.00","2023-03-31 00:00:00","2026-04-27 19:22:25"
"9551","200","2025-06-21 11:49:45","187.31","0.00","2025-06-21 00:00:00","2026-04-27 19:22:25"
"9552","115","2024-09-24 10:39:02","114.78","0.00","2024-09-24 00:00:00","2026-04-27 19:22:25"
"9553","65","2025-10-03 19:08:51","86.87","0.00","2025-10-03 00:00:00","2026-04-27 19:22:25"
"9554","46","2026-01-19 07:13:41","191.28","0.00","2026-01-19 00:00:00","2026-04-27 19:22:25"
"9555","85","2025-10-27 09:41:24","321.46","0.00","2025-10-27 00:00:00","2026-04-27 19:22:25"
"9556","159","2025-11-05 08:02:16","182.71","0.00","2025-11-05 00:00:00","2026-04-27 19:22:25"
"9557","173","2026-01-05 14:29:06","30.78","5.00","2026-01-05 00:00:00","2026-04-27 19:22:25"
"9558","221","2024-05-15 11:24:38","165.56","0.00","2024-05-15 00:00:00","2026-04-27 19:22:25"
"9559","257","2026-03-16 06:25:33","142.25","0.00","2026-03-16 00:00:00","2026-04-27 19:22:25"
"9560","162","2023-07-17 17:23:37","202.47","0.00","2023-07-17 00:00:00","2026-04-27 19:22:25"
"9561","168","2025-01-25 07:30:13","13.86","10.00","2025-01-25 00:00:00","2026-04-27 19:22:25"
"9562","162","2023-06-02 11:12:29","12.12","25.00","2023-06-02 00:00:00","2026-04-27 19:22:25"
"9563","21","2024-12-30 07:58:47","92.40","0.00","2024-12-30 00:00:00","2026-04-27 19:22:25"
"9564","137","2026-04-13 19:34:59","53.16","0.00","2026-04-13 00:00:00","2026-04-27 19:22:25"
"9565","133","2025-08-10 12:42:40","86.76","0.00","2025-08-10 00:00:00","2026-04-27 19:22:25"
"9566","139","2023-10-01 10:45:34","286.26","0.00","2023-10-01 00:00:00","2026-04-27 19:22:25"
"9567","218","2024-05-16 11:06:04","115.34","0.00","2024-05-16 00:00:00","2026-04-27 19:22:25"
"9568","177","2024-01-01 09:48:37","125.22","0.00","2024-01-01 00:00:00","2026-04-27 19:22:25"
"9569","115","2024-09-24 07:14:14","114.28","0.00","2024-09-24 00:00:00","2026-04-27 19:22:25"
"9570","147","2023-02-19 15:13:37","143.19","0.00","2023-02-19 00:00:00","2026-04-27 19:22:25"
"9571","252","2025-03-31 13:11:04","36.88","5.00","2025-03-31 00:00:00","2026-04-27 19:22:25"
"9572","164","2025-05-27 07:55:57","77.58","0.00","2025-05-27 00:00:00","2026-04-27 19:22:25"
"9573","92","2025-09-29 13:48:52","167.74","0.00","2025-09-29 00:00:00","2026-04-27 19:22:25"
"9574","197","2024-12-10 08:01:07","340.68","0.00","2024-12-10 00:00:00","2026-04-27 19:22:25"
"9575","253","2024-10-28 14:41:02","189.17","0.00","2024-10-28 00:00:00","2026-04-27 19:22:25"
"9576","165","2025-01-08 14:54:10","288.06","0.00","2025-01-08 00:00:00","2026-04-27 19:22:25"
"9577","250","2022-12-23 13:03:21","40.59","10.00","2022-12-23 00:00:00","2026-04-27 19:22:25"
"9578","4","2024-10-03 00:40:58","147.69","0.00","2024-10-03 00:00:00","2026-04-27 19:22:25"
"9579","274","2021-11-04 09:11:46","32.16","5.00","2021-11-04 00:00:00","2026-04-27 19:22:25"
"9580","115","2024-07-25 11:04:47","66.10","5.00","2024-07-25 00:00:00","2026-04-27 19:22:25"
"9581","104","2024-10-27 07:27:27","127.77","0.00","2024-10-27 00:00:00","2026-04-27 19:22:25"
"9582","215","2023-06-12 07:06:40","77.92","0.00","2023-06-12 00:00:00","2026-04-27 19:22:25"
"9583","300","2025-09-15 11:46:18","193.18","0.00","2025-09-15 00:00:00","2026-04-27 19:22:25"
"9584","81","2023-02-14 13:05:19","91.88","0.00","2023-02-14 00:00:00","2026-04-27 19:22:25"
"9585","24","2022-08-31 17:51:56","278.61","0.00","2022-08-31 00:00:00","2026-04-27 19:22:25"
"9586","213","2026-03-10 18:01:26","39.89","5.00","2026-03-10 00:00:00","2026-04-27 19:22:25"
"9587","167","2025-03-15 13:28:12","111.25","0.00","2025-03-15 00:00:00","2026-04-27 19:22:25"
"9588","56","2023-05-08 07:30:39","60.75","5.00","2023-05-08 00:00:00","2026-04-27 19:22:25"
"9589","90","2025-08-01 02:08:30","378.34","0.00","2025-08-01 00:00:00","2026-04-27 19:22:25"
"9590","139","2026-03-04 19:18:48","35.39","5.00","2026-03-04 00:00:00","2026-04-27 19:22:25"
"9591","109","2025-02-22 10:07:21","210.68","0.00","2025-02-22 00:00:00","2026-04-27 19:22:25"
"9592","185","2022-10-15 19:44:44","85.11","0.00","2022-10-15 00:00:00","2026-04-27 19:22:25"
"9593","51","2025-12-23 11:19:10","28.44","5.00","2025-12-23 00:00:00","2026-04-27 19:22:25"
"9594","209","2025-11-18 04:49:04","95.60","0.00","2025-11-18 00:00:00","2026-04-27 19:22:25"
"9595","173","2025-09-17 07:06:43","152.67","0.00","2025-09-17 00:00:00","2026-04-27 19:22:25"
"9596","105","2024-04-13 13:01:57","173.74","0.00","2024-04-13 00:00:00","2026-04-27 19:22:25"
"9597","283","2022-03-05 07:20:36","210.73","0.00","2022-03-05 00:00:00","2026-04-27 19:22:25"
"9598","265","2025-08-19 08:49:54","160.57","0.00","2025-08-19 00:00:00","2026-04-27 19:22:25"
"9599","224","2025-09-01 16:58:55","140.48","0.00","2025-09-01 00:00:00","2026-04-27 19:22:25"
"9600","239","2026-03-15 04:11:05","200.11","0.00","2026-03-15 00:00:00","2026-04-27 19:22:25"
"9601","237","2026-03-10 08:57:55","66.85","0.00","2026-03-10 00:00:00","2026-04-27 19:22:25"
"9602","156","2025-03-06 08:31:24","63.60","0.00","2025-03-06 00:00:00","2026-04-27 19:22:25"
"9603","102","2025-12-12 12:57:52","172.80","0.00","2025-12-12 00:00:00","2026-04-27 19:22:25"
"9604","258","2025-07-12 10:48:46","151.10","0.00","2025-07-12 00:00:00","2026-04-27 19:22:25"
"9605","216","2026-03-18 10:49:59","90.42","0.00","2026-03-18 00:00:00","2026-04-27 19:22:25"
"9606","213","2025-12-12 12:50:32","149.33","0.00","2025-12-12 00:00:00","2026-04-27 19:22:25"
"9607","167","2026-02-24 11:15:53","0.00","0.00","2026-02-24 00:00:00","2026-04-27 19:22:25"
"9608","251","2026-03-10 08:08:20","79.16","0.00","2026-03-10 00:00:00","2026-04-27 19:22:25"
"9609","179","2023-12-24 15:54:46","57.05","0.00","2023-12-24 00:00:00","2026-04-27 19:22:25"
"9610","114","2021-04-09 17:56:32","59.30","0.00","2021-04-09 00:00:00","2026-04-27 19:22:25"
"9611","59","2025-01-28 07:50:30","292.11","0.00","2025-01-28 00:00:00","2026-04-27 19:22:25"
"9612","235","2025-07-23 15:30:00","76.19","0.00","2025-07-23 00:00:00","2026-04-27 19:22:25"
"9613","41","2024-03-17 15:23:09","28.15","10.00","2024-03-17 00:00:00","2026-04-27 19:22:25"
"9614","253","2023-10-17 09:30:20","87.10","0.00","2023-10-17 00:00:00","2026-04-27 19:22:25"
"9615","145","2025-05-16 18:51:40","77.86","0.00","2025-05-16 00:00:00","2026-04-27 19:22:25"
"9616","210","2025-10-19 08:29:48","200.31","0.00","2025-10-19 00:00:00","2026-04-27 19:22:25"
"9617","126","2024-01-27 12:42:44","274.80","0.00","2024-01-27 00:00:00","2026-04-27 19:22:25"
"9618","197","2025-12-25 16:24:09","96.82","0.00","2025-12-25 00:00:00","2026-04-27 19:22:25"
"9619","87","2026-04-15 12:50:18","77.05","0.00","2026-04-15 00:00:00","2026-04-27 19:22:25"
"9620","109","2022-04-06 07:41:59","260.84","0.00","2022-04-06 00:00:00","2026-04-27 19:22:25"
"9621","107","2025-06-17 09:58:10","141.19","0.00","2025-06-17 00:00:00","2026-04-27 19:22:25"
"9622","294","2023-05-02 07:23:20","107.45","0.00","2023-05-02 00:00:00","2026-04-27 19:22:25"
"9623","162","2026-04-09 15:20:57","281.25","0.00","2026-04-09 00:00:00","2026-04-27 19:22:25"
"9624","210","2025-05-08 04:09:53","134.22","0.00","2025-05-08 00:00:00","2026-04-27 19:22:25"
"9625","166","2025-12-23 14:00:48","36.15","5.00","2025-12-23 00:00:00","2026-04-27 19:22:25"
"9626","48","2025-03-11 17:44:21","135.37","0.00","2025-03-11 00:00:00","2026-04-27 19:22:25"
"9627","228","2025-07-01 18:28:48","49.91","10.00","2025-07-01 00:00:00","2026-04-27 19:22:25"
"9628","52","2025-08-04 08:05:30","45.47","5.00","2025-08-04 00:00:00","2026-04-27 19:22:25"
"9629","261","2025-05-13 10:14:05","102.63","0.00","2025-05-13 00:00:00","2026-04-27 19:22:25"
"9630","165","2025-08-24 07:27:45","63.46","0.00","2025-08-24 00:00:00","2026-04-27 19:22:25"
"9631","229","2026-04-13 17:25:58","183.48","0.00","2026-04-13 00:00:00","2026-04-27 19:22:25"
"9632","71","2025-03-18 18:47:16","180.47","0.00","2025-03-18 00:00:00","2026-04-27 19:22:25"
"9633","259","2026-03-08 12:06:49","125.81","0.00","2026-03-08 00:00:00","2026-04-27 19:22:25"
"9634","102","2022-02-16 08:51:41","14.50","25.00","2022-02-16 00:00:00","2026-04-27 19:22:25"
"9635","218","2026-03-28 08:01:43","155.58","0.00","2026-03-28 00:00:00","2026-04-27 19:22:25"
"9636","89","2025-09-29 16:33:49","121.97","0.00","2025-09-29 00:00:00","2026-04-27 19:22:25"
"9637","237","2026-02-21 17:16:13","79.09","0.00","2026-02-21 00:00:00","2026-04-27 19:22:25"
"9638","254","2024-03-24 19:49:14","249.50","0.00","2024-03-24 00:00:00","2026-04-27 19:22:25"
"9639","259","2025-10-27 09:11:24","92.25","0.00","2025-10-27 00:00:00","2026-04-27 19:22:25"
"9640","162","2024-03-30 12:33:09","11.37","25.00","2024-03-30 00:00:00","2026-04-27 19:22:25"
"9641","39","2021-06-01 12:58:59","152.83","0.00","2021-06-01 00:00:00","2026-04-27 19:22:25"
"9642","131","2024-02-08 12:04:38","80.32","0.00","2024-02-08 00:00:00","2026-04-27 19:22:25"
"9643","151","2023-10-23 10:26:55","118.98","0.00","2023-10-23 00:00:00","2026-04-27 19:22:25"
"9644","31","2023-04-11 16:28:22","146.84","0.00","2023-04-11 00:00:00","2026-04-27 19:22:25"
"9645","191","2025-12-20 10:59:44","73.27","0.00","2025-12-20 00:00:00","2026-04-27 19:22:25"
"9646","222","2024-04-15 07:06:28","122.19","0.00","2024-04-15 00:00:00","2026-04-27 19:22:25"
"9647","86","2024-11-26 18:16:41","230.81","0.00","2024-11-26 00:00:00","2026-04-27 19:22:25"
"9648","88","2025-04-21 19:54:41","8.59","10.00","2025-04-21 00:00:00","2026-04-27 19:22:25"
"9649","292","2024-04-21 08:24:26","127.99","0.00","2024-04-21 00:00:00","2026-04-27 19:22:25"
"9650","214","2026-01-16 07:54:50","177.03","0.00","2026-01-16 00:00:00","2026-04-27 19:22:25"
"9651","208","2025-03-16 10:49:51","34.98","10.00","2025-03-16 00:00:00","2026-04-27 19:22:25"
"9652","299","2024-05-31 07:58:49","110.71","0.00","2024-05-31 00:00:00","2026-04-27 19:22:25"
"9653","154","2025-05-27 12:53:40","72.35","0.00","2025-05-27 00:00:00","2026-04-27 19:22:25"
"9654","282","2022-05-09 09:53:04","158.49","0.00","2022-05-09 00:00:00","2026-04-27 19:22:25"
"9655","98","2024-07-19 07:09:14","197.52","0.00","2024-07-19 00:00:00","2026-04-27 19:22:25"
"9656","271","2021-09-15 05:40:10","55.27","0.00","2021-09-15 00:00:00","2026-04-27 19:22:25"
"9657","225","2025-07-10 07:43:01","86.15","0.00","2025-07-10 00:00:00","2026-04-27 19:22:25"
"9658","251","2026-04-12 08:48:02","198.57","0.00","2026-04-12 00:00:00","2026-04-27 19:22:25"
"9659","177","2025-07-07 09:56:45","74.87","0.00","2025-07-07 00:00:00","2026-04-27 19:22:25"
"9660","22","2024-03-16 08:46:49","123.18","0.00","2024-03-16 00:00:00","2026-04-27 19:22:25"
"9661","231","2024-06-28 09:22:40","8.52","10.00","2024-06-28 00:00:00","2026-04-27 19:22:25"
"9662","173","2025-11-03 15:36:29","23.65","10.00","2025-11-03 00:00:00","2026-04-27 19:22:25"
"9663","2","2023-06-18 07:41:23","99.49","0.00","2023-06-18 00:00:00","2026-04-27 19:22:25"
"9664","202","2025-08-17 07:12:51","21.92","10.00","2025-08-17 00:00:00","2026-04-27 19:22:25"
"9665","157","2021-07-12 07:24:26","83.54","0.00","2021-07-12 00:00:00","2026-04-27 19:22:25"
"9666","213","2024-06-16 17:49:45","163.17","0.00","2024-06-16 00:00:00","2026-04-27 19:22:25"
"9667","40","2025-10-21 13:46:51","48.05","5.00","2025-10-21 00:00:00","2026-04-27 19:22:25"
"9668","124","2025-01-26 07:37:21","170.53","0.00","2025-01-26 00:00:00","2026-04-27 19:22:25"
"9669","11","2024-05-16 07:41:00","40.35","5.00","2024-05-16 00:00:00","2026-04-27 19:22:25"
"9670","38","2024-12-27 07:37:14","121.36","0.00","2024-12-27 00:00:00","2026-04-27 19:22:25"
"9671","195","2025-10-27 18:29:46","100.02","0.00","2025-10-27 00:00:00","2026-04-27 19:22:25"
"9672","147","2025-08-27 16:11:57","72.92","0.00","2025-08-27 00:00:00","2026-04-27 19:22:25"
"9673","203","2025-05-21 19:13:19","122.56","0.00","2025-05-21 00:00:00","2026-04-27 19:22:25"
"9674","49","2022-05-19 07:59:31","114.37","0.00","2022-05-19 00:00:00","2026-04-27 19:22:25"
"9675","29","2025-10-07 08:38:33","193.11","0.00","2025-10-07 00:00:00","2026-04-27 19:22:25"
"9676","108","2026-03-31 08:32:15","138.90","0.00","2026-03-31 00:00:00","2026-04-27 19:22:25"
"9677","246","2023-11-07 07:40:00","60.00","0.00","2023-11-07 00:00:00","2026-04-27 19:22:25"
"9678","292","2025-01-04 12:52:46","64.35","0.00","2025-01-04 00:00:00","2026-04-27 19:22:25"
"9679","237","2026-04-02 18:42:54","179.74","0.00","2026-04-02 00:00:00","2026-04-27 19:22:25"
"9680","254","2025-08-15 11:42:01","137.06","0.00","2025-08-15 00:00:00","2026-04-27 19:22:25"
"9681","260","2021-10-23 10:15:06","177.95","0.00","2021-10-23 00:00:00","2026-04-27 19:22:25"
"9682","41","2023-08-18 08:03:03","148.61","0.00","2023-08-18 00:00:00","2026-04-27 19:22:25"
"9683","254","2024-06-02 15:23:14","204.92","0.00","2024-06-02 00:00:00","2026-04-27 19:22:25"
"9684","63","2024-02-15 14:59:42","126.76","0.00","2024-02-15 00:00:00","2026-04-27 19:22:25"
"9685","26","2024-04-21 18:26:41","198.89","0.00","2024-04-21 00:00:00","2026-04-27 19:22:25"
"9686","299","2025-02-12 15:11:28","61.11","0.00","2025-02-12 00:00:00","2026-04-27 19:22:25"
"9687","261","2026-03-15 08:47:55","149.98","0.00","2026-03-15 00:00:00","2026-04-27 19:22:25"
"9688","19","2026-03-24 12:49:14","65.67","0.00","2026-03-24 00:00:00","2026-04-27 19:22:25"
"9689","218","2025-01-14 02:03:15","45.92","10.00","2025-01-14 00:00:00","2026-04-27 19:22:25"
"9690","234","2023-03-31 16:01:09","27.79","10.00","2023-03-31 00:00:00","2026-04-27 19:22:25"
"9691","273","2024-03-22 09:47:18","76.08","0.00","2024-03-22 00:00:00","2026-04-27 19:22:25"
"9692","83","2026-03-03 17:16:11","122.65","0.00","2026-03-03 00:00:00","2026-04-27 19:22:25"
"9693","50","2022-07-03 19:16:39","126.32","0.00","2022-07-03 00:00:00","2026-04-27 19:22:25"
"9694","115","2024-01-19 14:46:30","107.19","0.00","2024-01-19 00:00:00","2026-04-27 19:22:25"
"9695","174","2025-01-17 17:02:53","159.02","0.00","2025-01-17 00:00:00","2026-04-27 19:22:25"
"9696","277","2026-04-04 12:53:49","109.44","0.00","2026-04-04 00:00:00","2026-04-27 19:22:25"
"9697","61","2026-02-23 18:49:34","68.70","0.00","2026-02-23 00:00:00","2026-04-27 19:22:25"
"9698","242","2022-10-07 14:58:28","18.42","10.00","2022-10-07 00:00:00","2026-04-27 19:22:25"
"9699","31","2020-12-02 19:17:38","207.92","0.00","2020-12-02 00:00:00","2026-04-27 19:22:25"
"9700","238","2024-08-07 15:55:57","92.62","0.00","2024-08-07 00:00:00","2026-04-27 19:22:25"
"9701","26","2023-07-17 08:04:57","206.91","0.00","2023-07-17 00:00:00","2026-04-27 19:22:25"
"9702","164","2023-06-11 10:27:10","13.87","10.00","2023-06-11 00:00:00","2026-04-27 19:22:25"
"9703","135","2026-03-25 10:48:49","198.94","0.00","2026-03-25 00:00:00","2026-04-27 19:22:25"
"9704","213","2026-03-07 06:26:31","110.30","0.00","2026-03-07 00:00:00","2026-04-27 19:22:25"
"9705","57","2024-09-26 10:04:21","131.40","0.00","2024-09-26 00:00:00","2026-04-27 19:22:25"
"9706","281","2025-10-04 17:04:05","119.67","0.00","2025-10-04 00:00:00","2026-04-27 19:22:25"
"9707","282","2023-03-10 18:44:01","134.79","0.00","2023-03-10 00:00:00","2026-04-27 19:22:25"
"9708","257","2026-02-27 09:11:03","170.69","0.00","2026-02-27 00:00:00","2026-04-27 19:22:25"
"9709","269","2025-12-03 09:24:16","29.93","10.00","2025-12-03 00:00:00","2026-04-27 19:22:25"
"9710","198","2025-07-24 17:29:10","89.48","0.00","2025-07-24 00:00:00","2026-04-27 19:22:25"
"9711","117","2023-04-21 12:21:56","195.13","0.00","2023-04-21 00:00:00","2026-04-27 19:22:25"
"9712","165","2025-09-06 08:28:01","41.41","5.00","2025-09-06 00:00:00","2026-04-27 19:22:25"
"9713","91","2024-08-14 07:16:58","71.79","0.00","2024-08-14 00:00:00","2026-04-27 19:22:25"
"9714","92","2025-02-05 15:14:41","319.29","0.00","2025-02-05 00:00:00","2026-04-27 19:22:25"
"9715","27","2025-09-11 08:44:49","167.86","0.00","2025-09-11 00:00:00","2026-04-27 19:22:25"
"9716","106","2023-09-24 09:28:06","23.37","25.00","2023-09-24 00:00:00","2026-04-27 19:22:25"
"9717","243","2025-12-23 11:28:55","148.22","0.00","2025-12-23 00:00:00","2026-04-27 19:22:25"
"9718","28","2024-01-14 10:57:30","156.74","0.00","2024-01-14 00:00:00","2026-04-27 19:22:25"
"9719","96","2023-12-03 08:34:18","135.09","0.00","2023-12-03 00:00:00","2026-04-27 19:22:25"
"9720","84","2026-01-19 08:22:02","40.38","5.00","2026-01-19 00:00:00","2026-04-27 19:22:25"
"9721","194","2024-08-29 14:50:53","132.65","0.00","2024-08-29 00:00:00","2026-04-27 19:22:25"
"9722","135","2026-04-06 04:24:14","147.93","0.00","2026-04-06 00:00:00","2026-04-27 19:22:25"
"9723","300","2023-07-31 09:41:56","38.31","5.00","2023-07-31 00:00:00","2026-04-27 19:22:25"
"9724","264","2026-03-07 07:02:22","154.53","0.00","2026-03-07 00:00:00","2026-04-27 19:22:25"
"9725","60","2025-08-14 07:29:06","72.95","0.00","2025-08-14 00:00:00","2026-04-27 19:22:25"
"9726","92","2025-06-20 11:17:06","93.93","0.00","2025-06-20 00:00:00","2026-04-27 19:22:25"
"9727","298","2026-01-08 08:27:34","28.08","10.00","2026-01-08 00:00:00","2026-04-27 19:22:25"
"9728","167","2025-01-08 19:08:50","0.00","0.00","2025-01-08 00:00:00","2026-04-27 19:22:25"
"9729","175","2026-03-10 07:34:50","156.34","0.00","2026-03-10 00:00:00","2026-04-27 19:22:25"
"9730","236","2025-05-23 19:08:57","20.10","10.00","2025-05-23 00:00:00","2026-04-27 19:22:25"
"9731","18","2024-12-19 17:59:33","309.64","0.00","2024-12-19 00:00:00","2026-04-27 19:22:25"
"9732","86","2025-03-25 07:19:01","224.26","0.00","2025-03-25 00:00:00","2026-04-27 19:22:25"
"9733","38","2025-04-03 16:44:49","86.74","0.00","2025-04-03 00:00:00","2026-04-27 19:22:25"
"9734","30","2025-12-04 01:51:51","49.78","10.00","2025-12-04 00:00:00","2026-04-27 19:22:25"
"9735","290","2022-04-13 07:06:12","46.28","5.00","2022-04-13 00:00:00","2026-04-27 19:22:25"
"9736","61","2023-10-29 04:26:10","59.11","0.00","2023-10-29 00:00:00","2026-04-27 19:22:25"
"9737","7","2023-08-27 13:51:19","188.18","0.00","2023-08-27 00:00:00","2026-04-27 19:22:25"
"9738","291","2024-12-28 13:44:30","218.96","0.00","2024-12-28 00:00:00","2026-04-27 19:22:25"
"9739","43","2020-10-07 10:11:53","85.81","0.00","2020-10-07 00:00:00","2026-04-27 19:22:25"
"9740","26","2023-08-23 04:32:47","157.17","0.00","2023-08-23 00:00:00","2026-04-27 19:22:25"
"9741","201","2026-02-23 12:20:54","129.53","0.00","2026-02-23 00:00:00","2026-04-27 19:22:25"
"9742","84","2026-04-01 19:17:30","71.43","0.00","2026-04-01 00:00:00","2026-04-27 19:22:25"
"9743","273","2024-09-08 09:08:03","272.24","0.00","2024-09-08 00:00:00","2026-04-27 19:22:25"
"9744","221","2026-02-24 07:37:28","148.31","0.00","2026-02-24 00:00:00","2026-04-27 19:22:25"
"9745","245","2025-11-30 11:59:38","93.45","0.00","2025-11-30 00:00:00","2026-04-27 19:22:25"
"9746","131","2025-03-08 12:31:53","134.61","0.00","2025-03-08 00:00:00","2026-04-27 19:22:25"
"9747","288","2023-04-20 09:02:45","67.46","0.00","2023-04-20 00:00:00","2026-04-27 19:22:25"
"9748","103","2023-09-28 08:27:34","322.07","0.00","2023-09-28 00:00:00","2026-04-27 19:22:25"
"9749","68","2026-02-12 19:14:18","224.27","0.00","2026-02-12 00:00:00","2026-04-27 19:22:25"
"9750","230","2021-07-03 07:49:02","28.40","5.00","2021-07-03 00:00:00","2026-04-27 19:22:25"
"9751","149","2026-04-09 09:59:56","208.45","0.00","2026-04-09 00:00:00","2026-04-27 19:22:25"
"9752","139","2026-01-14 09:28:49","60.02","0.00","2026-01-14 00:00:00","2026-04-27 19:22:25"
"9753","217","2022-10-28 09:49:24","37.25","5.00","2022-10-28 00:00:00","2026-04-27 19:22:25"
"9754","230","2023-05-01 16:39:16","168.66","0.00","2023-05-01 00:00:00","2026-04-27 19:22:25"
"9755","252","2025-06-22 11:34:26","84.49","0.00","2025-06-22 00:00:00","2026-04-27 19:22:25"
"9756","216","2025-12-02 18:01:32","104.91","0.00","2025-12-02 00:00:00","2026-04-27 19:22:25"
"9757","207","2025-06-13 08:33:56","24.22","10.00","2025-06-13 00:00:00","2026-04-27 19:22:25"
"9758","59","2024-05-14 12:25:12","39.65","10.00","2024-05-14 00:00:00","2026-04-27 19:22:25"
"9759","71","2025-11-09 07:29:14","231.26","0.00","2025-11-09 00:00:00","2026-04-27 19:22:25"
"9760","160","2023-10-09 04:20:46","112.85","0.00","2023-10-09 00:00:00","2026-04-27 19:22:25"
"9761","163","2025-09-14 01:03:46","117.77","0.00","2025-09-14 00:00:00","2026-04-27 19:22:25"
"9762","127","2026-02-19 05:47:48","36.36","5.00","2026-02-19 00:00:00","2026-04-27 19:22:25"
"9763","287","2022-08-28 04:18:40","94.72","0.00","2022-08-28 00:00:00","2026-04-27 19:22:25"
"9764","139","2025-04-25 11:21:25","68.32","0.00","2025-04-25 00:00:00","2026-04-27 19:22:25"
"9765","239","2026-03-15 10:52:21","147.80","0.00","2026-03-15 00:00:00","2026-04-27 19:22:25"
"9766","43","2023-02-07 17:23:36","23.10","25.00","2023-02-07 00:00:00","2026-04-27 19:22:25"
"9767","13","2023-09-27 08:45:08","127.53","0.00","2023-09-27 00:00:00","2026-04-27 19:22:25"
"9768","14","2021-01-14 19:29:28","203.51","0.00","2021-01-14 00:00:00","2026-04-27 19:22:25"
"9769","162","2023-08-22 08:53:36","52.43","5.00","2023-08-22 00:00:00","2026-04-27 19:22:25"
"9770","35","2023-11-07 10:02:08","121.99","0.00","2023-11-07 00:00:00","2026-04-27 19:22:25"
"9771","109","2025-05-28 12:42:43","83.04","0.00","2025-05-28 00:00:00","2026-04-27 19:22:25"
"9772","131","2023-12-15 14:28:10","265.94","0.00","2023-12-15 00:00:00","2026-04-27 19:22:25"
"9773","178","2025-10-29 17:28:02","84.88","0.00","2025-10-29 00:00:00","2026-04-27 19:22:25"
"9774","90","2025-02-22 08:48:47","8.14","10.00","2025-02-22 00:00:00","2026-04-27 19:22:25"
"9775","106","2024-07-30 14:28:03","96.25","0.00","2024-07-30 00:00:00","2026-04-27 19:22:25"
"9776","68","2026-03-23 09:24:24","158.86","0.00","2026-03-23 00:00:00","2026-04-27 19:22:25"
"9777","129","2024-02-19 09:17:21","175.75","0.00","2024-02-19 00:00:00","2026-04-27 19:22:25"
"9778","208","2021-05-20 09:02:36","124.24","0.00","2021-05-20 00:00:00","2026-04-27 19:22:25"
"9779","15","2026-01-29 09:47:37","117.15","0.00","2026-01-29 00:00:00","2026-04-27 19:22:25"
"9780","55","2025-11-07 03:40:49","34.77","10.00","2025-11-07 00:00:00","2026-04-27 19:22:25"
"9781","252","2025-09-12 19:42:34","173.73","0.00","2025-09-12 00:00:00","2026-04-27 19:22:25"
"9782","215","2023-10-29 09:59:18","71.85","5.00","2023-10-29 00:00:00","2026-04-27 19:22:25"
"9783","78","2025-07-08 10:23:53","0.00","0.00","2025-07-08 00:00:00","2026-04-27 19:22:25"
"9784","189","2025-07-26 14:44:13","471.20","0.00","2025-07-26 00:00:00","2026-04-27 19:22:25"
"9785","75","2025-11-26 06:45:01","83.19","0.00","2025-11-26 00:00:00","2026-04-27 19:22:25"
"9786","17","2025-03-18 07:09:00","37.25","10.00","2025-03-18 00:00:00","2026-04-27 19:22:25"
"9787","228","2026-02-06 18:38:35","105.54","0.00","2026-02-06 00:00:00","2026-04-27 19:22:25"
"9788","4","2025-03-10 12:21:58","22.53","10.00","2025-03-10 00:00:00","2026-04-27 19:22:25"
"9789","266","2026-01-12 07:01:13","76.86","0.00","2026-01-12 00:00:00","2026-04-27 19:22:25"
"9790","53","2025-07-24 16:03:21","78.72","0.00","2025-07-24 00:00:00","2026-04-27 19:22:25"
"9791","213","2023-11-13 07:48:34","63.71","0.00","2023-11-13 00:00:00","2026-04-27 19:22:25"
"9792","228","2025-12-20 13:34:45","28.26","10.00","2025-12-20 00:00:00","2026-04-27 19:22:25"
"9793","139","2024-06-12 10:06:22","227.05","0.00","2024-06-12 00:00:00","2026-04-27 19:22:25"
"9794","199","2025-05-02 16:42:31","152.47","0.00","2025-05-02 00:00:00","2026-04-27 19:22:25"
"9795","142","2025-04-26 19:11:07","71.27","0.00","2025-04-26 00:00:00","2026-04-27 19:22:25"
"9796","126","2022-08-27 19:29:38","25.37","5.00","2022-08-27 00:00:00","2026-04-27 19:22:25"
"9797","167","2024-05-15 08:11:31","106.19","0.00","2024-05-15 00:00:00","2026-04-27 19:22:25"
"9798","269","2026-01-10 16:10:51","139.35","0.00","2026-01-10 00:00:00","2026-04-27 19:22:25"
"9799","34","2025-09-10 09:47:26","208.87","0.00","2025-09-10 00:00:00","2026-04-27 19:22:25"
"9800","74","2024-02-04 08:11:35","73.75","0.00","2024-02-04 00:00:00","2026-04-27 19:22:25"
"9801","120","2023-02-14 14:40:12","22.92","10.00","2023-02-14 00:00:00","2026-04-27 19:22:25"
"9802","270","2026-03-20 14:08:22","153.58","0.00","2026-03-20 00:00:00","2026-04-27 19:22:25"
"9803","134","2026-03-21 12:45:06","235.01","0.00","2026-03-21 00:00:00","2026-04-27 19:22:25"
"9804","29","2026-01-12 19:49:22","112.34","0.00","2026-01-12 00:00:00","2026-04-27 19:22:25"
"9805","3","2025-05-08 19:32:49","186.29","0.00","2025-05-08 00:00:00","2026-04-27 19:22:25"
"9806","170","2025-05-30 11:05:03","140.59","0.00","2025-05-30 00:00:00","2026-04-27 19:22:25"
"9807","242","2022-06-29 19:33:01","76.83","0.00","2022-06-29 00:00:00","2026-04-27 19:22:25"
"9808","194","2023-05-06 12:38:36","15.55","10.00","2023-05-06 00:00:00","2026-04-27 19:22:25"
"9809","35","2023-06-26 18:45:19","90.24","0.00","2023-06-26 00:00:00","2026-04-27 19:22:25"
"9810","199","2024-11-08 16:25:05","58.57","0.00","2024-11-08 00:00:00","2026-04-27 19:22:25"
"9811","180","2025-12-24 16:30:44","207.94","0.00","2025-12-24 00:00:00","2026-04-27 19:22:25"
"9812","122","2026-04-10 16:48:01","14.68","25.00","2026-04-10 00:00:00","2026-04-27 19:22:25"
"9813","104","2021-01-23 08:00:29","110.20","0.00","2021-01-23 00:00:00","2026-04-27 19:22:25"
"9814","209","2026-02-18 14:13:39","51.35","5.00","2026-02-18 00:00:00","2026-04-27 19:22:25"
"9815","82","2025-08-20 08:02:24","176.05","0.00","2025-08-20 00:00:00","2026-04-27 19:22:25"
"9816","280","2025-05-12 08:55:15","35.55","10.00","2025-05-12 00:00:00","2026-04-27 19:22:25"
"9817","2","2024-06-22 19:57:02","195.85","0.00","2024-06-22 00:00:00","2026-04-27 19:22:25"
"9818","209","2026-01-24 15:34:22","72.21","5.00","2026-01-24 00:00:00","2026-04-27 19:22:25"
"9819","250","2022-03-21 14:50:56","224.18","0.00","2022-03-21 00:00:00","2026-04-27 19:22:25"
"9820","272","2024-03-28 19:07:51","137.55","0.00","2024-03-28 00:00:00","2026-04-27 19:22:25"
"9821","169","2024-12-03 07:20:04","48.04","10.00","2024-12-03 00:00:00","2026-04-27 19:22:25"
"9822","232","2026-03-01 17:23:49","238.79","0.00","2026-03-01 00:00:00","2026-04-27 19:22:25"
"9823","204","2024-10-30 07:56:45","176.47","0.00","2024-10-30 00:00:00","2026-04-27 19:22:25"
"9824","169","2026-03-23 08:34:42","160.36","0.00","2026-03-23 00:00:00","2026-04-27 19:22:25"
"9825","202","2025-04-21 07:53:37","87.52","0.00","2025-04-21 00:00:00","2026-04-27 19:22:25"
"9826","280","2025-11-12 14:46:33","178.58","0.00","2025-11-12 00:00:00","2026-04-27 19:22:25"
"9827","132","2022-05-09 17:07:28","211.83","0.00","2022-05-09 00:00:00","2026-04-27 19:22:25"
"9828","152","2021-11-15 17:45:26","132.28","0.00","2021-11-15 00:00:00","2026-04-27 19:22:25"
"9829","108","2026-03-20 08:27:17","205.21","0.00","2026-03-20 00:00:00","2026-04-27 19:22:25"
"9830","80","2025-12-09 16:54:35","88.46","0.00","2025-12-09 00:00:00","2026-04-27 19:22:25"
"9831","11","2026-03-06 14:21:34","162.42","0.00","2026-03-06 00:00:00","2026-04-27 19:22:25"
"9832","244","2025-09-16 07:21:28","176.28","0.00","2025-09-16 00:00:00","2026-04-27 19:22:25"
"9833","275","2021-04-20 18:25:35","16.91","25.00","2021-04-20 00:00:00","2026-04-27 19:22:25"
"9834","212","2022-11-25 01:40:33","106.31","0.00","2022-11-25 00:00:00","2026-04-27 19:22:25"
"9835","85","2026-03-05 09:14:39","42.40","5.00","2026-03-05 00:00:00","2026-04-27 19:22:25"
"9836","212","2022-08-10 19:57:58","5.52","10.00","2022-08-10 00:00:00","2026-04-27 19:22:25"
"9837","13","2025-09-28 11:33:26","96.26","0.00","2025-09-28 00:00:00","2026-04-27 19:22:25"
"9838","210","2026-02-03 13:00:04","43.42","10.00","2026-02-03 00:00:00","2026-04-27 19:22:25"
"9839","224","2023-12-10 14:04:10","93.24","0.00","2023-12-10 00:00:00","2026-04-27 19:22:25"
"9840","236","2026-01-12 07:40:05","82.05","0.00","2026-01-12 00:00:00","2026-04-27 19:22:25"
"9841","39","2022-11-11 18:56:12","166.38","0.00","2022-11-11 00:00:00","2026-04-27 19:22:25"
"9842","284","2025-05-06 13:08:42","65.44","0.00","2025-05-06 00:00:00","2026-04-27 19:22:25"
"9843","125","2024-09-13 12:01:22","105.86","0.00","2024-09-13 00:00:00","2026-04-27 19:22:25"
"9844","12","2025-11-03 08:32:00","205.04","0.00","2025-11-03 00:00:00","2026-04-27 19:22:25"
"9845","72","2025-08-07 18:10:17","74.20","0.00","2025-08-07 00:00:00","2026-04-27 19:22:25"
"9846","286","2024-11-22 09:06:57","41.72","5.00","2024-11-22 00:00:00","2026-04-27 19:22:25"
"9847","276","2026-03-08 16:36:09","72.56","5.00","2026-03-08 00:00:00","2026-04-27 19:22:25"
"9848","90","2025-07-25 08:40:07","17.18","10.00","2025-07-25 00:00:00","2026-04-27 19:22:25"
"9849","129","2025-09-28 15:07:53","19.38","10.00","2025-09-28 00:00:00","2026-04-27 19:22:25"
"9850","37","2022-07-29 16:52:32","162.74","0.00","2022-07-29 00:00:00","2026-04-27 19:22:25"
"9851","126","2023-08-15 17:37:49","36.80","5.00","2023-08-15 00:00:00","2026-04-27 19:22:25"
"9852","8","2025-10-18 16:26:19","144.32","0.00","2025-10-18 00:00:00","2026-04-27 19:22:25"
"9853","226","2024-07-01 17:30:25","128.88","0.00","2024-07-01 00:00:00","2026-04-27 19:22:25"
"9854","230","2021-06-04 03:34:32","51.03","0.00","2021-06-04 00:00:00","2026-04-27 19:22:25"
"9855","280","2025-09-18 14:21:21","109.73","0.00","2025-09-18 00:00:00","2026-04-27 19:22:25"
"9856","17","2025-10-10 08:42:57","12.64","25.00","2025-10-10 00:00:00","2026-04-27 19:22:25"
"9857","13","2023-12-03 09:25:05","4.41","25.00","2023-12-03 00:00:00","2026-04-27 19:22:25"
"9858","33","2026-03-26 16:35:04","29.35","5.00","2026-03-26 00:00:00","2026-04-27 19:22:25"
"9859","1","2024-01-17 05:52:11","11.28","10.00","2024-01-17 00:00:00","2026-04-27 19:22:25"
"9860","91","2024-01-11 19:51:23","79.35","0.00","2024-01-11 00:00:00","2026-04-27 19:22:25"
"9861","206","2026-01-09 19:36:04","152.02","0.00","2026-01-09 00:00:00","2026-04-27 19:22:25"
"9862","200","2025-05-23 14:43:12","150.67","0.00","2025-05-23 00:00:00","2026-04-27 19:22:25"
"9863","251","2026-04-12 05:20:15","103.98","0.00","2026-04-12 00:00:00","2026-04-27 19:22:25"
"9864","165","2026-02-18 16:21:50","114.12","0.00","2026-02-18 00:00:00","2026-04-27 19:22:25"
"9865","183","2021-03-31 11:23:29","171.01","0.00","2021-03-31 00:00:00","2026-04-27 19:22:25"
"9866","259","2025-08-23 18:39:36","198.97","0.00","2025-08-23 00:00:00","2026-04-27 19:22:25"
"9867","139","2023-08-20 15:41:43","56.15","0.00","2023-08-20 00:00:00","2026-04-27 19:22:25"
"9868","116","2026-02-07 13:26:01","25.59","10.00","2026-02-07 00:00:00","2026-04-27 19:22:25"
"9869","98","2024-07-05 03:27:50","138.32","0.00","2024-07-05 00:00:00","2026-04-27 19:22:25"
"9870","184","2026-04-01 09:41:15","24.20","10.00","2026-04-01 00:00:00","2026-04-27 19:22:25"
"9871","138","2021-05-25 13:53:31","198.05","0.00","2021-05-25 00:00:00","2026-04-27 19:22:25"
"9872","54","2025-12-25 09:04:38","68.49","5.00","2025-12-25 00:00:00","2026-04-27 19:22:25"
"9873","191","2026-03-09 07:16:30","291.25","0.00","2026-03-09 00:00:00","2026-04-27 19:22:25"
"9874","30","2024-10-10 07:56:59","180.95","0.00","2024-10-10 00:00:00","2026-04-27 19:22:25"
"9875","178","2022-08-13 17:27:55","51.42","5.00","2022-08-13 00:00:00","2026-04-27 19:22:25"
"9876","56","2025-04-05 16:11:08","187.43","0.00","2025-04-05 00:00:00","2026-04-27 19:22:25"
"9877","215","2023-05-05 13:16:20","80.16","0.00","2023-05-05 00:00:00","2026-04-27 19:22:25"
"9878","119","2026-02-15 07:52:47","4.19","25.00","2026-02-15 00:00:00","2026-04-27 19:22:25"
"9879","22","2024-07-21 11:46:27","11.32","10.00","2024-07-21 00:00:00","2026-04-27 19:22:25"
"9880","7","2022-06-06 08:44:24","48.36","5.00","2022-06-06 00:00:00","2026-04-27 19:22:25"
"9881","274","2023-01-03 00:37:55","46.22","5.00","2023-01-03 00:00:00","2026-04-27 19:22:25"
"9882","154","2025-08-09 02:44:51","33.12","5.00","2025-08-09 00:00:00","2026-04-27 19:22:25"
"9883","116","2026-04-10 17:41:07","71.16","5.00","2026-04-10 00:00:00","2026-04-27 19:22:25"
"9884","179","2023-06-17 13:02:10","65.46","0.00","2023-06-17 00:00:00","2026-04-27 19:22:25"
"9885","109","2025-07-31 09:46:24","155.20","0.00","2025-07-31 00:00:00","2026-04-27 19:22:25"
"9886","210","2026-02-28 09:31:43","249.12","0.00","2026-02-28 00:00:00","2026-04-27 19:22:25"
"9887","57","2026-01-17 10:13:53","65.73","0.00","2026-01-17 00:00:00","2026-04-27 19:22:25"
"9888","140","2026-04-14 08:22:49","161.42","0.00","2026-04-14 00:00:00","2026-04-27 19:22:25"
"9889","210","2025-01-10 07:06:21","218.14","0.00","2025-01-10 00:00:00","2026-04-27 19:22:25"
"9890","198","2025-11-17 14:40:01","112.19","0.00","2025-11-17 00:00:00","2026-04-27 19:22:25"
"9891","33","2026-03-31 16:47:01","191.81","0.00","2026-03-31 00:00:00","2026-04-27 19:22:25"
"9892","206","2025-08-21 08:39:29","182.32","0.00","2025-08-21 00:00:00","2026-04-27 19:22:25"
"9893","129","2023-06-16 19:05:45","275.97","0.00","2023-06-16 00:00:00","2026-04-27 19:22:25"
"9894","120","2025-12-09 12:39:37","66.13","0.00","2025-12-09 00:00:00","2026-04-27 19:22:25"
"9895","296","2022-12-13 17:34:30","41.43","5.00","2022-12-13 00:00:00","2026-04-27 19:22:25"
"9896","244","2025-11-23 07:22:19","95.98","0.00","2025-11-23 00:00:00","2026-04-27 19:22:25"
"9897","235","2026-03-28 14:35:45","264.03","0.00","2026-03-28 00:00:00","2026-04-27 19:22:25"
"9898","28","2023-11-24 18:18:55","53.16","0.00","2023-11-24 00:00:00","2026-04-27 19:22:25"
"9899","219","2022-07-04 08:38:12","40.05","10.00","2022-07-04 00:00:00","2026-04-27 19:22:25"
"9900","292","2024-06-15 19:14:28","269.13","0.00","2024-06-15 00:00:00","2026-04-27 19:22:25"
"9901","138","2021-09-11 09:08:02","77.24","0.00","2021-09-11 00:00:00","2026-04-27 19:22:25"
"9902","127","2026-01-03 02:04:09","9.44","10.00","2026-01-03 00:00:00","2026-04-27 19:22:25"
"9903","149","2026-04-13 14:41:59","89.30","0.00","2026-04-13 00:00:00","2026-04-27 19:22:25"
"9904","197","2025-02-08 07:07:54","299.37","0.00","2025-02-08 00:00:00","2026-04-27 19:22:25"
"9905","174","2024-02-09 19:28:28","132.84","0.00","2024-02-09 00:00:00","2026-04-27 19:22:25"
"9906","231","2024-07-16 07:09:22","163.24","0.00","2024-07-16 00:00:00","2026-04-27 19:22:25"
"9907","76","2025-11-15 17:49:44","133.64","0.00","2025-11-15 00:00:00","2026-04-27 19:22:25"
"9908","285","2023-08-27 18:32:14","86.74","0.00","2023-08-27 00:00:00","2026-04-27 19:22:25"
"9909","198","2026-03-15 11:57:21","190.18","0.00","2026-03-15 00:00:00","2026-04-27 19:22:25"
"9910","170","2026-03-04 09:10:42","246.12","0.00","2026-03-04 00:00:00","2026-04-27 19:22:25"
"9911","203","2026-01-21 19:34:08","69.50","5.00","2026-01-21 00:00:00","2026-04-27 19:22:25"
"9912","140","2026-04-15 07:00:55","169.51","0.00","2026-04-15 00:00:00","2026-04-27 19:22:25"
"9913","133","2025-07-05 08:12:52","274.19","0.00","2025-07-05 00:00:00","2026-04-27 19:22:25"
"9914","207","2025-12-19 07:05:17","191.10","0.00","2025-12-19 00:00:00","2026-04-27 19:22:25"
"9915","231","2026-01-13 11:20:06","122.85","0.00","2026-01-13 00:00:00","2026-04-27 19:22:25"
"9916","106","2025-03-24 13:03:19","8.50","25.00","2025-03-24 00:00:00","2026-04-27 19:22:25"
"9917","237","2026-02-17 12:50:28","109.99","0.00","2026-02-17 00:00:00","2026-04-27 19:22:25"
"9918","76","2024-09-24 05:25:43","62.53","0.00","2024-09-24 00:00:00","2026-04-27 19:22:25"
"9919","182","2025-09-27 14:18:11","16.28","10.00","2025-09-27 00:00:00","2026-04-27 19:22:25"
"9920","148","2025-03-22 07:12:46","60.91","5.00","2025-03-22 00:00:00","2026-04-27 19:22:25"
"9921","171","2021-12-24 10:12:01","83.85","0.00","2021-12-24 00:00:00","2026-04-27 19:22:25"
"9922","128","2022-12-01 15:05:53","123.41","0.00","2022-12-01 00:00:00","2026-04-27 19:22:25"
"9923","267","2022-08-15 10:50:02","8.92","10.00","2022-08-15 00:00:00","2026-04-27 19:22:25"
"9924","199","2025-05-01 07:11:22","234.25","0.00","2025-05-01 00:00:00","2026-04-27 19:22:25"
"9925","94","2024-10-28 16:59:08","128.10","0.00","2024-10-28 00:00:00","2026-04-27 19:22:25"
"9926","212","2022-12-25 07:39:21","44.68","5.00","2022-12-25 00:00:00","2026-04-27 19:22:25"
"9927","138","2021-10-04 08:13:36","250.23","0.00","2021-10-04 00:00:00","2026-04-27 19:22:25"
"9928","15","2022-09-22 11:42:57","5.55","10.00","2022-09-22 00:00:00","2026-04-27 19:22:25"
"9929","178","2024-11-30 09:47:14","0.00","0.00","2024-11-30 00:00:00","2026-04-27 19:22:25"
"9930","244","2026-02-14 08:16:39","52.47","0.00","2026-02-14 00:00:00","2026-04-27 19:22:25"
"9931","162","2023-04-23 14:58:23","58.92","5.00","2023-04-23 00:00:00","2026-04-27 19:22:25"
"9932","274","2021-01-12 10:05:18","34.76","5.00","2021-01-12 00:00:00","2026-04-27 19:22:25"
"9933","190","2025-11-25 14:31:13","121.38","0.00","2025-11-25 00:00:00","2026-04-27 19:22:25"
"9934","9","2025-12-10 18:49:29","169.78","0.00","2025-12-10 00:00:00","2026-04-27 19:22:25"
"9935","104","2021-05-30 16:21:42","30.95","5.00","2021-05-30 00:00:00","2026-04-27 19:22:25"
"9936","117","2024-07-07 10:58:43","37.80","5.00","2024-07-07 00:00:00","2026-04-27 19:22:25"
"9937","149","2026-04-02 09:00:29","171.99","0.00","2026-04-02 00:00:00","2026-04-27 19:22:25"
"9938","133","2026-01-22 18:03:35","52.73","5.00","2026-01-22 00:00:00","2026-04-27 19:22:25"
"9939","286","2024-08-16 07:15:58","13.43","10.00","2024-08-16 00:00:00","2026-04-27 19:22:25"
"9940","260","2021-11-07 16:49:15","172.76","0.00","2021-11-07 00:00:00","2026-04-27 19:22:25"
"9941","225","2026-01-20 08:40:06","53.61","0.00","2026-01-20 00:00:00","2026-04-27 19:22:25"
"9942","247","2020-09-21 10:48:54","123.73","0.00","2020-09-21 00:00:00","2026-04-27 19:22:25"
"9943","38","2025-02-25 19:12:16","9.04","10.00","2025-02-25 00:00:00","2026-04-27 19:22:25"
"9944","73","2025-05-24 04:59:11","44.80","5.00","2025-05-24 00:00:00","2026-04-27 19:22:25"
"9945","299","2025-04-16 14:22:23","247.59","0.00","2025-04-16 00:00:00","2026-04-27 19:22:25"
"9946","101","2024-10-01 09:14:29","40.59","5.00","2024-10-01 00:00:00","2026-04-27 19:22:25"
"9947","85","2025-10-09 09:49:26","172.72","0.00","2025-10-09 00:00:00","2026-04-27 19:22:25"
"9948","300","2023-09-09 08:53:41","227.09","0.00","2023-09-09 00:00:00","2026-04-27 19:22:25"
"9949","55","2026-01-09 09:46:06","169.98","0.00","2026-01-09 00:00:00","2026-04-27 19:22:25"
"9950","63","2025-03-11 15:20:57","84.92","0.00","2025-03-11 00:00:00","2026-04-27 19:22:25"
"9951","228","2025-12-16 08:13:06","156.48","0.00","2025-12-16 00:00:00","2026-04-27 19:22:25"
"9952","26","2023-12-08 08:01:10","132.13","0.00","2023-12-08 00:00:00","2026-04-27 19:22:25"
"9953","37","2024-02-10 09:47:02","90.04","0.00","2024-02-10 00:00:00","2026-04-27 19:22:25"
"9954","14","2024-12-03 06:12:10","1.71","25.00","2024-12-03 00:00:00","2026-04-27 19:22:25"
"9955","262","2022-06-15 16:20:54","208.71","0.00","2022-06-15 00:00:00","2026-04-27 19:22:25"
"9956","227","2026-02-03 17:04:16","176.81","0.00","2026-02-03 00:00:00","2026-04-27 19:22:25"
"9957","158","2026-01-08 10:30:31","173.02","0.00","2026-01-08 00:00:00","2026-04-27 19:22:25"
"9958","98","2023-10-07 10:50:04","51.71","0.00","2023-10-07 00:00:00","2026-04-27 19:22:25"
"9959","49","2024-06-09 08:37:32","80.43","0.00","2024-06-09 00:00:00","2026-04-27 19:22:25"
"9960","231","2025-09-20 08:20:26","63.25","0.00","2025-09-20 00:00:00","2026-04-27 19:22:25"
"9961","157","2021-10-06 15:01:38","178.02","0.00","2021-10-06 00:00:00","2026-04-27 19:22:25"
"9962","51","2026-04-11 15:32:01","111.98","0.00","2026-04-11 00:00:00","2026-04-27 19:22:25"
"9963","144","2020-05-20 15:03:42","32.22","5.00","2020-05-20 00:00:00","2026-04-27 19:22:25"
"9964","230","2022-04-23 18:04:47","195.09","0.00","2022-04-23 00:00:00","2026-04-27 19:22:25"
"9965","123","2025-08-06 07:59:40","219.54","0.00","2025-08-06 00:00:00","2026-04-27 19:22:25"
"9966","106","2023-11-15 19:33:58","24.39","25.00","2023-11-15 00:00:00","2026-04-27 19:22:25"
"9967","71","2025-06-15 19:18:36","239.16","0.00","2025-06-15 00:00:00","2026-04-27 19:22:25"
"9968","133","2023-09-13 17:21:33","127.88","0.00","2023-09-13 00:00:00","2026-04-27 19:22:25"
"9969","71","2025-12-26 04:19:42","193.88","0.00","2025-12-26 00:00:00","2026-04-27 19:22:25"
"9970","165","2025-12-16 16:33:50","33.83","5.00","2025-12-16 00:00:00","2026-04-27 19:22:25"
"9971","139","2025-01-22 13:58:49","149.37","0.00","2025-01-22 00:00:00","2026-04-27 19:22:25"
"9972","8","2025-12-28 17:51:06","133.13","0.00","2025-12-28 00:00:00","2026-04-27 19:22:25"
"9973","258","2025-12-23 16:25:02","42.98","5.00","2025-12-23 00:00:00","2026-04-27 19:22:25"
"9974","13","2025-06-08 09:24:41","97.66","0.00","2025-06-08 00:00:00","2026-04-27 19:22:25"
"9975","150","2026-03-26 19:06:44","22.11","25.00","2026-03-26 00:00:00","2026-04-27 19:22:25"
"9976","89","2025-11-14 14:20:16","14.96","25.00","2025-11-14 00:00:00","2026-04-27 19:22:25"
"9977","51","2025-11-15 18:28:39","43.66","5.00","2025-11-15 00:00:00","2026-04-27 19:22:25"
"9978","247","2025-11-09 07:19:26","306.07","0.00","2025-11-09 00:00:00","2026-04-27 19:22:25"
"9979","256","2023-08-27 17:12:42","39.75","10.00","2023-08-27 00:00:00","2026-04-27 19:22:25"
"9980","156","2025-04-11 09:56:38","102.07","0.00","2025-04-11 00:00:00","2026-04-27 19:22:25"
"9981","291","2025-09-10 11:33:16","124.01","0.00","2025-09-10 00:00:00","2026-04-27 19:22:25"
"9982","153","2021-10-18 08:45:41","25.65","10.00","2021-10-18 00:00:00","2026-04-27 19:22:25"
"9983","58","2025-03-08 17:07:28","378.42","0.00","2025-03-08 00:00:00","2026-04-27 19:22:25"
"9984","214","2023-03-05 09:12:43","158.07","0.00","2023-03-05 00:00:00","2026-04-27 19:22:25"
"9985","277","2024-12-06 08:41:48","192.49","0.00","2024-12-06 00:00:00","2026-04-27 19:22:25"
"9986","118","2023-01-18 09:23:15","128.79","0.00","2023-01-18 00:00:00","2026-04-27 19:22:25"
"9987","84","2025-04-14 19:10:08","31.33","5.00","2025-04-14 00:00:00","2026-04-27 19:22:25"
"9988","204","2023-11-29 13:13:05","123.59","0.00","2023-11-29 00:00:00","2026-04-27 19:22:25"
"9989","60","2025-05-10 08:27:15","151.79","0.00","2025-05-10 00:00:00","2026-04-27 19:22:25"
"9990","169","2024-12-21 00:07:37","230.48","0.00","2024-12-21 00:00:00","2026-04-27 19:22:25"
"9991","159","2026-03-26 08:34:09","11.70","10.00","2026-03-26 00:00:00","2026-04-27 19:22:25"
"9992","286","2022-05-04 18:54:08","207.30","0.00","2022-05-04 00:00:00","2026-04-27 19:22:25"
"9993","219","2022-07-17 08:41:58","89.25","0.00","2022-07-17 00:00:00","2026-04-27 19:22:25"
"9994","153","2021-10-19 07:51:31","188.47","0.00","2021-10-19 00:00:00","2026-04-27 19:22:25"
"9995","257","2026-02-19 17:30:20","292.87","0.00","2026-02-19 00:00:00","2026-04-27 19:22:25"
"9996","176","2026-04-14 16:57:48","123.43","0.00","2026-04-14 00:00:00","2026-04-27 19:22:25"
"9997","239","2025-08-13 12:50:27","39.55","5.00","2025-08-13 00:00:00","2026-04-27 19:22:25"
"9998","134","2023-12-03 08:18:39","112.30","0.00","2023-12-03 00:00:00","2026-04-27 19:22:25"
"9999","218","2025-02-23 17:52:02","221.34","0.00","2025-02-23 00:00:00","2026-04-27 19:22:25"
"10000","79","2025-09-17 15:21:00","266.00","0.00","2025-09-17 00:00:00","2026-04-27 19:22:25"
"10001","40","2026-04-27 03:59:32","54.36","5.00","2026-04-27 03:59:32","2026-05-04 21:12:16"
"10002","29","2026-04-20 12:56:04","112.91","0.00","2026-04-20 12:56:04","2026-05-04 21:12:16"
"10003","13","2026-04-19 13:54:02","271.56","0.00","2026-04-19 13:54:02","2026-05-04 21:12:16"
"10004","54","2026-04-17 11:41:44","180.49","0.00","2026-04-17 11:41:44","2026-05-04 21:12:16"
"10005","75","2026-04-28 01:15:37","174.81","0.00","2026-04-28 01:15:37","2026-05-04 21:12:16"
"10006","124","2026-04-21 06:21:33","158.30","0.00","2026-04-21 06:21:33","2026-05-04 21:12:16"
"10007","93","2026-04-20 02:36:08","5.82","25.00","2026-04-20 02:36:08","2026-05-04 21:12:16"
"10008","82","2026-04-24 10:24:46","109.45","0.00","2026-04-24 10:24:46","2026-05-04 21:12:16"
"10009","279","2026-04-19 22:31:47","37.17","10.00","2026-04-19 22:31:47","2026-05-04 21:12:16"
"10010","3","2026-04-22 11:01:39","110.65","0.00","2026-04-22 11:01:39","2026-05-04 21:12:16"
"10011","63","2026-04-24 05:53:46","213.72","0.00","2026-04-24 05:53:46","2026-05-04 21:12:16"
"10012","154","2026-04-30 16:30:23","84.92","0.00","2026-04-30 16:30:23","2026-05-04 21:12:16"
"10013","256","2026-04-17 07:13:40","123.43","0.00","2026-04-17 07:13:40","2026-05-04 21:12:16"
"10014","140","2026-04-16 05:11:14","159.51","0.00","2026-04-16 05:11:14","2026-05-04 21:12:16"
"10015","134","2026-04-23 18:16:44","54.67","5.00","2026-04-23 18:16:44","2026-05-04 21:12:16"
"10016","241","2026-04-25 03:16:52","69.74","5.00","2026-04-25 03:16:52","2026-05-04 21:12:16"
"10017","156","2026-04-26 05:50:31","192.15","0.00","2026-04-26 05:50:31","2026-05-04 21:12:16"
"10018","179","2026-04-23 15:34:13","54.61","5.00","2026-04-23 15:34:13","2026-05-04 21:12:16"
"10019","30","2026-04-18 14:06:08","26.62","10.00","2026-04-18 14:06:08","2026-05-04 21:12:16"
"10020","54","2026-04-26 11:47:48","61.31","5.00","2026-04-26 11:47:48","2026-05-04 21:12:16"
"10021","296","2026-04-28 09:55:06","33.42","10.00","2026-04-28 09:55:06","2026-05-04 21:12:16"
"10022","137","2026-04-27 17:14:59","112.72","0.00","2026-04-27 17:14:59","2026-05-04 21:12:16"
"10023","185","2026-04-16 02:41:50","167.67","0.00","2026-04-16 02:41:50","2026-05-04 21:12:16"
"10024","276","2026-04-30 05:51:49","160.06","0.00","2026-04-30 05:51:49","2026-05-04 21:12:16"
"10025","213","2026-04-18 03:55:24","236.41","0.00","2026-04-18 03:55:24","2026-05-04 21:12:16"
"10026","88","2026-04-24 03:23:50","42.20","10.00","2026-04-24 03:23:50","2026-05-04 21:12:16"
"10027","198","2026-04-24 21:07:36","177.27","0.00","2026-04-24 21:07:36","2026-05-04 21:12:16"
"10028","196","2026-04-20 14:54:52","73.30","5.00","2026-04-20 14:54:52","2026-05-04 21:12:16"
"10029","223","2026-04-18 23:58:39","424.60","0.00","2026-04-18 23:58:39","2026-05-04 21:12:16"
"10030","23","2026-04-29 15:24:03","233.84","0.00","2026-04-29 15:24:03","2026-05-04 21:12:16"
"10031","188","2026-04-16 04:47:33","83.40","0.00","2026-04-16 04:47:33","2026-05-04 21:12:16"
"10032","120","2026-04-30 14:11:26","131.68","0.00","2026-04-30 14:11:26","2026-05-04 21:12:16"
"10033","224","2026-04-27 12:33:03","18.72","25.00","2026-04-27 12:33:03","2026-05-04 21:12:16"
"10034","66","2026-04-29 01:11:40","76.07","0.00","2026-04-29 01:11:40","2026-05-04 21:12:16"
"10035","85","2026-04-18 16:40:59","0.00","25.00","2026-04-18 16:40:59","2026-05-04 21:12:16"
"10036","55","2026-04-24 14:42:23","20.80","25.00","2026-04-24 14:42:23","2026-05-04 21:12:16"
"10037","30","2026-04-21 10:18:09","348.06","0.00","2026-04-21 10:18:09","2026-05-04 21:12:16"
"10038","294","2026-04-28 22:56:39","131.08","0.00","2026-04-28 22:56:39","2026-05-04 21:12:16"
"10039","52","2026-04-28 05:01:36","180.57","0.00","2026-04-28 05:01:36","2026-05-04 21:12:16"
"10040","12","2026-04-26 13:32:48","0.00","25.00","2026-04-26 13:32:48","2026-05-04 21:12:16"
"10041","208","2026-04-27 00:10:42","293.24","0.00","2026-04-27 00:10:42","2026-05-04 21:12:16"
"10042","164","2026-04-23 05:46:11","103.47","0.00","2026-04-23 05:46:11","2026-05-04 21:12:16"
"10043","89","2026-04-18 07:05:05","95.93","0.00","2026-04-18 07:05:05","2026-05-04 21:12:16"
"10044","85","2026-04-21 09:46:20","39.41","10.00","2026-04-21 09:46:20","2026-05-04 21:12:16"
"10045","228","2026-04-19 22:08:17","23.22","25.00","2026-04-19 22:08:17","2026-05-04 21:12:16"
"10046","167","2026-04-24 14:25:05","12.37","25.00","2026-04-24 14:25:05","2026-05-04 21:12:16"
"10047","189","2026-04-24 12:21:01","91.24","0.00","2026-04-24 12:21:01","2026-05-04 21:12:16"
"10048","200","2026-04-20 02:49:47","113.56","0.00","2026-04-20 02:49:47","2026-05-04 21:12:16"
"10049","21","2026-04-23 00:23:35","74.23","5.00","2026-04-23 00:23:35","2026-05-04 21:12:16"
"10050","221","2026-04-28 15:14:03","275.56","0.00","2026-04-28 15:14:03","2026-05-04 21:12:16"
"10051","142","2026-04-19 01:10:15","114.70","0.00","2026-04-19 01:10:15","2026-05-04 21:12:16"
"10052","56","2026-04-26 22:43:48","194.22","0.00","2026-04-26 22:43:48","2026-05-04 21:12:16"
"10053","200","2026-04-22 17:58:38","19.82","25.00","2026-04-22 17:58:38","2026-05-04 21:12:16"
"10054","224","2026-04-19 16:47:24","158.16","0.00","2026-04-19 16:47:24","2026-05-04 21:12:16"
"10055","182","2026-04-24 07:36:43","348.54","0.00","2026-04-24 07:36:43","2026-05-04 21:12:16"
"10056","5","2026-04-28 08:05:13","8.46","25.00","2026-04-28 08:05:13","2026-05-04 21:12:16"
"10057","163","2026-04-26 09:45:05","58.36","5.00","2026-04-26 09:45:05","2026-05-04 21:12:16"
"10058","102","2026-04-22 23:31:31","95.68","0.00","2026-04-22 23:31:31","2026-05-04 21:12:16"
"10059","123","2026-04-28 19:42:26","63.28","5.00","2026-04-28 19:42:26","2026-05-04 21:12:16"
"10060","182","2026-04-28 06:07:26","93.26","0.00","2026-04-28 06:07:26","2026-05-04 21:12:16"
"10061","294","2026-04-26 21:28:04","96.58","0.00","2026-04-26 21:28:04","2026-05-04 21:12:16"
"10062","192","2026-04-16 08:58:40","61.49","5.00","2026-04-16 08:58:40","2026-05-04 21:12:16"
"10063","1","2026-04-23 13:14:42","55.47","5.00","2026-04-23 13:14:42","2026-05-04 21:12:16"
"10064","4","2026-04-24 14:24:12","165.89","0.00","2026-04-24 14:24:12","2026-05-04 21:12:16"
"10065","206","2026-04-21 05:26:20","67.78","5.00","2026-04-21 05:26:20","2026-05-04 21:12:17"
"10066","218","2026-04-23 22:09:41","97.95","0.00","2026-04-23 22:09:41","2026-05-04 21:12:17"
"10067","273","2026-04-20 18:58:03","8.81","25.00","2026-04-20 18:58:03","2026-05-04 21:12:17"
"10068","137","2026-04-30 03:05:32","142.20","0.00","2026-04-30 03:05:32","2026-05-04 21:12:17"
"10069","217","2026-04-21 20:32:15","116.84","0.00","2026-04-21 20:32:15","2026-05-04 21:12:17"
"10070","67","2026-04-20 10:43:55","74.50","5.00","2026-04-20 10:43:55","2026-05-04 21:12:17"
"10071","215","2026-04-28 14:36:19","52.82","5.00","2026-04-28 14:36:19","2026-05-04 21:12:17"
"10072","214","2026-04-25 21:53:14","163.62","0.00","2026-04-25 21:53:14","2026-05-04 21:12:17"
"10073","162","2026-04-28 04:21:09","210.97","0.00","2026-04-28 04:21:09","2026-05-04 21:12:17"
"10074","292","2026-04-26 08:51:49","141.60","0.00","2026-04-26 08:51:49","2026-05-04 21:12:17"
"10075","124","2026-04-19 09:17:22","367.04","0.00","2026-04-19 09:17:22","2026-05-04 21:12:17"
"10076","230","2026-04-21 14:38:37","32.68","10.00","2026-04-21 14:38:37","2026-05-04 21:12:17"
"10077","33","2026-04-21 23:01:17","185.56","0.00","2026-04-21 23:01:17","2026-05-04 21:12:17"
"10078","269","2026-04-29 10:24:19","81.88","0.00","2026-04-29 10:24:19","2026-05-04 21:12:17"
"10079","238","2026-04-30 05:02:32","130.14","0.00","2026-04-30 05:02:32","2026-05-04 21:12:17"
"10080","202","2026-04-23 03:08:56","125.36","0.00","2026-04-23 03:08:56","2026-05-04 21:12:17"
"10081","254","2026-04-19 10:11:52","19.18","25.00","2026-04-19 10:11:52","2026-05-04 21:12:17"
"10082","3","2026-04-30 21:03:37","131.18","0.00","2026-04-30 21:03:37","2026-05-04 21:12:17"
"10083","78","2026-04-22 12:25:37","62.52","5.00","2026-04-22 12:25:37","2026-05-04 21:12:17"
"10084","149","2026-04-27 23:42:17","30.93","10.00","2026-04-27 23:42:17","2026-05-04 21:12:17"
"10085","38","2026-04-24 05:02:03","40.13","10.00","2026-04-24 05:02:03","2026-05-04 21:12:17"
"10086","16","2026-04-30 22:05:01","311.73","0.00","2026-04-30 22:05:01","2026-05-04 21:12:17"
"10087","251","2026-04-22 17:43:20","104.49","0.00","2026-04-22 17:43:20","2026-05-04 21:12:17"
"10088","120","2026-04-26 19:50:12","12.05","25.00","2026-04-26 19:50:12","2026-05-04 21:12:17"
"10089","134","2026-04-29 22:00:33","133.94","0.00","2026-04-29 22:00:33","2026-05-04 21:12:17"
"10090","241","2026-04-19 06:17:04","216.52","0.00","2026-04-19 06:17:04","2026-05-04 21:12:17"
"10091","102","2026-04-16 22:22:14","176.49","0.00","2026-04-16 22:22:14","2026-05-04 21:12:17"
"10092","108","2026-04-29 15:49:24","52.20","5.00","2026-04-29 15:49:24","2026-05-04 21:12:17"
"10093","232","2026-04-21 14:47:15","60.44","5.00","2026-04-21 14:47:15","2026-05-04 21:12:17"
"10094","104","2026-04-20 06:05:07","247.02","0.00","2026-04-20 06:05:07","2026-05-04 21:12:17"
"10095","19","2026-04-26 15:10:43","0.00","25.00","2026-04-26 15:10:43","2026-05-04 21:12:17"
"10096","239","2026-04-28 11:49:02","132.58","0.00","2026-04-28 11:49:02","2026-05-04 21:12:17"
"10097","100","2026-04-18 17:29:26","82.26","0.00","2026-04-18 17:29:26","2026-05-04 21:12:17"
"10098","176","2026-04-22 21:18:59","168.38","0.00","2026-04-22 21:18:59","2026-05-04 21:12:17"
"10099","111","2026-04-22 01:26:41","34.28","10.00","2026-04-22 01:26:41","2026-05-04 21:12:17"
"10100","223","2026-04-25 13:39:28","190.58","0.00","2026-04-25 13:39:28","2026-05-04 21:12:17"
"10101","256","2026-04-23 16:01:13","199.07","0.00","2026-04-23 16:01:13","2026-05-04 21:12:17"
"10102","165","2026-04-29 08:12:37","96.08","0.00","2026-04-29 08:12:37","2026-05-04 21:12:17"
"10103","192","2026-04-20 21:23:35","128.68","0.00","2026-04-20 21:23:35","2026-05-04 21:12:17"
"10104","9","2026-04-27 20:43:16","204.79","0.00","2026-04-27 20:43:16","2026-05-04 21:12:17"
"10105","59","2026-04-29 10:12:44","67.71","5.00","2026-04-29 10:12:44","2026-05-04 21:12:17"
"10106","78","2026-04-23 18:01:45","265.52","0.00","2026-04-23 18:01:45","2026-05-04 21:12:17"
"10107","254","2026-04-19 11:43:47","160.18","0.00","2026-04-19 11:43:47","2026-05-04 21:12:17"
"10108","2","2026-04-16 19:28:11","127.51","0.00","2026-04-16 19:28:11","2026-05-04 21:12:17"
"10109","111","2026-04-25 09:10:07","210.88","0.00","2026-04-25 09:10:07","2026-05-04 21:12:17"
"10110","176","2026-04-21 10:07:34","199.80","0.00","2026-04-21 10:07:34","2026-05-04 21:12:17"
"10111","25","2026-04-18 14:38:02","180.68","0.00","2026-04-18 14:38:02","2026-05-04 21:12:17"
"10112","124","2026-04-23 07:07:42","117.09","0.00","2026-04-23 07:07:42","2026-05-04 21:12:17"
"10113","145","2026-04-24 04:59:37","129.25","0.00","2026-04-24 04:59:37","2026-05-04 21:12:17"
"10114","25","2026-04-27 18:44:24","192.86","0.00","2026-04-27 18:44:24","2026-05-04 21:12:17"
"10115","129","2026-04-23 21:24:44","132.00","0.00","2026-04-23 21:24:44","2026-05-04 21:12:17"
"10116","81","2026-04-22 23:59:17","109.28","0.00","2026-04-22 23:59:17","2026-05-04 21:12:17"
"10117","109","2026-04-25 17:16:01","172.24","0.00","2026-04-25 17:16:01","2026-05-04 21:12:17"
"10118","37","2026-04-16 14:13:50","181.52","0.00","2026-04-16 14:13:50","2026-05-04 21:12:17"
"10119","21","2026-04-23 19:33:27","90.32","0.00","2026-04-23 19:33:27","2026-05-04 21:12:17"
"10120","40","2026-04-23 20:28:07","262.72","0.00","2026-04-23 20:28:07","2026-05-04 21:12:17"
"10121","27","2026-04-17 02:50:53","129.11","0.00","2026-04-17 02:50:53","2026-05-04 21:12:17"
"10122","230","2026-04-23 11:48:13","100.16","0.00","2026-04-23 11:48:13","2026-05-04 21:12:17"
"10123","241","2026-04-22 19:10:44","264.79","0.00","2026-04-22 19:10:44","2026-05-04 21:12:17"
"10124","33","2026-04-25 23:42:37","54.72","5.00","2026-04-25 23:42:37","2026-05-04 21:12:17"
"10125","175","2026-04-23 10:11:12","79.14","0.00","2026-04-23 10:11:12","2026-05-04 21:12:17"
"10126","23","2026-04-23 15:06:36","126.84","0.00","2026-04-23 15:06:36","2026-05-04 21:12:17"
"10127","15","2026-04-17 06:58:34","21.87","25.00","2026-04-17 06:58:34","2026-05-04 21:12:17"
"10128","107","2026-04-21 10:19:12","95.41","0.00","2026-04-21 10:19:12","2026-05-04 21:12:17"
"10129","93","2026-04-23 19:42:44","80.25","0.00","2026-04-23 19:42:44","2026-05-04 21:12:17"
"10130","200","2026-04-18 13:43:08","271.27","0.00","2026-04-18 13:43:08","2026-05-04 21:12:17"
"10131","170","2026-04-25 09:06:06","18.93","25.00","2026-04-25 09:06:06","2026-05-04 21:12:17"
"10132","288","2026-04-25 22:31:26","49.53","10.00","2026-04-25 22:31:26","2026-05-04 21:12:17"
"10133","51","2026-04-26 09:17:09","1.98","25.00","2026-04-26 09:17:09","2026-05-04 21:12:17"
"10134","177","2026-04-21 05:03:45","7.73","25.00","2026-04-21 05:03:45","2026-05-04 21:12:17"
"10135","80","2026-04-19 06:45:13","125.44","0.00","2026-04-19 06:45:13","2026-05-04 21:12:17"
"10136","164","2026-04-25 18:09:19","12.16","25.00","2026-04-25 18:09:19","2026-05-04 21:12:17"
"10137","192","2026-04-24 05:03:45","10.72","25.00","2026-04-24 05:03:45","2026-05-04 21:12:17"
"10138","92","2026-04-21 12:03:49","17.55","25.00","2026-04-21 12:03:49","2026-05-04 21:12:17"
"10139","185","2026-04-25 00:23:44","235.77","0.00","2026-04-25 00:23:44","2026-05-04 21:12:17"
"10140","63","2026-04-23 11:22:45","45.66","10.00","2026-04-23 11:22:45","2026-05-04 21:12:17"
"10141","204","2026-04-21 22:13:41","83.79","0.00","2026-04-21 22:13:41","2026-05-04 21:12:17"
"10142","282","2026-04-27 10:07:51","120.47","0.00","2026-04-27 10:07:51","2026-05-04 21:12:17"
"10143","266","2026-04-27 12:56:04","128.16","0.00","2026-04-27 12:56:04","2026-05-04 21:12:17"
"10144","299","2026-04-20 19:13:31","115.22","0.00","2026-04-20 19:13:31","2026-05-04 21:12:17"
"10145","254","2026-04-16 21:17:50","5.40","25.00","2026-04-16 21:17:50","2026-05-04 21:12:17"
"10146","209","2026-04-27 19:18:09","129.18","0.00","2026-04-27 19:18:09","2026-05-04 21:12:17"
"10147","57","2026-04-30 16:50:20","280.47","0.00","2026-04-30 16:50:20","2026-05-04 21:12:17"
"10148","258","2026-04-23 07:30:41","125.86","0.00","2026-04-23 07:30:41","2026-05-04 21:12:17"
"10149","123","2026-04-19 10:06:07","25.12","10.00","2026-04-19 10:06:07","2026-05-04 21:12:17"
"10150","223","2026-04-20 01:20:56","128.56","0.00","2026-04-20 01:20:56","2026-05-04 21:12:17"
"10151","46","2026-04-30 10:12:38","330.44","0.00","2026-04-30 10:12:38","2026-05-04 21:12:17"
"10152","251","2026-04-30 08:06:00","137.84","0.00","2026-04-30 08:06:00","2026-05-04 21:12:17"
"10153","270","2026-04-27 04:46:55","90.66","0.00","2026-04-27 04:46:55","2026-05-04 21:12:17"
"10154","280","2026-04-25 11:28:26","5.11","25.00","2026-04-25 11:28:26","2026-05-04 21:12:17"
"10155","10","2026-04-19 17:39:14","56.28","5.00","2026-04-19 17:39:14","2026-05-04 21:12:17"
"10156","17","2026-04-16 23:14:19","194.71","0.00","2026-04-16 23:14:19","2026-05-04 21:12:17"
"10157","280","2026-04-21 01:10:47","28.53","10.00","2026-04-21 01:10:47","2026-05-04 21:12:17"
"10158","129","2026-04-28 12:10:40","484.95","0.00","2026-04-28 12:10:40","2026-05-04 21:12:17"
"10159","127","2026-04-17 22:23:44","199.91","0.00","2026-04-17 22:23:44","2026-05-04 21:12:17"
"10160","67","2026-04-25 16:56:31","85.97","0.00","2026-04-25 16:56:31","2026-05-04 21:12:17"
"10161","143","2026-04-26 11:12:50","91.52","0.00","2026-04-26 11:12:50","2026-05-04 21:12:17"
"10162","21","2026-04-28 08:09:21","53.62","5.00","2026-04-28 08:09:21","2026-05-04 21:12:17"
"10163","230","2026-04-22 12:42:34","219.33","0.00","2026-04-22 12:42:34","2026-05-04 21:12:17"
"10164","135","2026-04-26 15:15:04","61.43","5.00","2026-04-26 15:15:04","2026-05-04 21:12:17"
"10165","48","2026-04-18 08:10:42","121.39","0.00","2026-04-18 08:10:42","2026-05-04 21:12:17"
"10166","140","2026-04-30 05:46:49","127.88","0.00","2026-04-30 05:46:49","2026-05-04 21:12:17"
"10167","288","2026-04-19 22:20:57","145.99","0.00","2026-04-19 22:20:57","2026-05-04 21:12:17"
"10168","190","2026-04-26 10:44:13","278.27","0.00","2026-04-26 10:44:13","2026-05-04 21:12:17"
"10169","259","2026-04-24 11:57:03","69.69","5.00","2026-04-24 11:57:03","2026-05-04 21:12:17"
"10170","216","2026-04-19 17:56:39","75.75","0.00","2026-04-19 17:56:39","2026-05-04 21:12:17"
"10171","284","2026-04-23 12:21:36","81.16","0.00","2026-04-23 12:21:36","2026-05-04 21:12:17"
"10172","296","2026-04-23 03:35:41","165.12","0.00","2026-04-23 03:35:41","2026-05-04 21:12:17"
"10173","291","2026-04-17 14:11:27","144.68","0.00","2026-04-17 14:11:27","2026-05-04 21:12:17"
"10174","161","2026-04-25 00:13:58","46.74","10.00","2026-04-25 00:13:58","2026-05-04 21:12:17"
"10175","19","2026-04-24 17:28:36","102.46","0.00","2026-04-24 17:28:36","2026-05-04 21:12:17"
"10176","185","2026-04-22 17:43:56","143.52","0.00","2026-04-22 17:43:56","2026-05-04 21:12:17"
"10177","83","2026-04-28 09:35:21","320.57","0.00","2026-04-28 09:35:21","2026-05-04 21:12:17"
"10178","152","2026-04-29 18:46:55","27.18","10.00","2026-04-29 18:46:55","2026-05-04 21:12:17"
"10179","196","2026-04-29 18:35:05","137.38","0.00","2026-04-29 18:35:05","2026-05-04 21:12:17"
"10180","72","2026-04-29 17:24:23","240.37","0.00","2026-04-29 17:24:23","2026-05-04 21:12:17"
"10181","108","2026-04-24 17:03:53","85.69","0.00","2026-04-24 17:03:53","2026-05-04 21:12:17"
"10182","13","2026-04-22 17:22:25","160.20","0.00","2026-04-22 17:22:25","2026-05-04 21:12:17"
"10183","173","2026-04-23 09:09:04","89.66","0.00","2026-04-23 09:09:04","2026-05-04 21:12:17"
"10184","277","2026-04-16 08:32:23","118.62","0.00","2026-04-16 08:32:23","2026-05-04 21:12:17"
"10185","248","2026-04-19 20:17:48","102.53","0.00","2026-04-19 20:17:48","2026-05-04 21:12:17"
"10186","291","2026-04-21 12:32:59","264.59","0.00","2026-04-21 12:32:59","2026-05-04 21:12:17"
"10187","53","2026-04-24 14:07:59","182.51","0.00","2026-04-24 14:07:59","2026-05-04 21:12:17"
"10188","158","2026-04-30 08:57:40","68.40","5.00","2026-04-30 08:57:40","2026-05-04 21:12:17"
"10189","300","2026-04-26 02:28:47","185.68","0.00","2026-04-26 02:28:47","2026-05-04 21:12:17"
"10190","142","2026-04-29 12:12:01","17.78","25.00","2026-04-29 12:12:01","2026-05-04 21:12:17"
"10191","190","2026-04-18 02:49:22","244.58","0.00","2026-04-18 02:49:22","2026-05-04 21:12:17"
"10192","163","2026-04-29 00:33:11","115.96","0.00","2026-04-29 00:33:11","2026-05-04 21:12:17"
"10193","89","2026-04-28 21:55:35","15.24","25.00","2026-04-28 21:55:35","2026-05-04 21:12:17"
"10194","63","2026-04-23 06:29:23","15.04","25.00","2026-04-23 06:29:23","2026-05-04 21:12:17"
"10195","89","2026-04-22 22:20:56","39.68","10.00","2026-04-22 22:20:56","2026-05-04 21:12:17"
"10196","278","2026-04-25 00:17:04","24.75","25.00","2026-04-25 00:17:04","2026-05-04 21:12:17"
"10197","164","2026-04-27 03:32:03","213.50","0.00","2026-04-27 03:32:03","2026-05-04 21:12:17"
"10198","33","2026-04-17 18:53:36","141.07","0.00","2026-04-17 18:53:36","2026-05-04 21:12:17"
"10199","185","2026-04-20 06:16:06","65.86","5.00","2026-04-20 06:16:06","2026-05-04 21:12:17"
"10200","143","2026-04-19 04:45:49","73.78","5.00","2026-04-19 04:45:49","2026-05-04 21:12:17"
