order_id,customer_id,order_date,total_amount,delivery_cost,date_created,date_updated
1,238,"2026-01-15 00:00:00",214.80,0.00,"2026-01-15 00:00:00","2026-04-16 11:56:29"
2,119,"2025-01-28 00:00:00",239.93,0.00,"2025-01-28 00:00:00","2026-04-16 11:56:29"
3,156,"2026-02-18 00:00:00",140.46,0.00,"2026-02-18 00:00:00","2026-04-16 11:56:29"
4,256,"2024-03-02 00:00:00",36.32,10.00,"2024-03-02 00:00:00","2026-04-16 11:56:29"
5,89,"2024-10-29 00:00:00",201.70,0.00,"2024-10-29 00:00:00","2026-04-16 11:56:29"
6,194,"2025-03-12 00:00:00",132.53,0.00,"2025-03-12 00:00:00","2026-04-16 11:56:29"
7,97,"2025-03-25 00:00:00",29.04,10.00,"2025-03-25 00:00:00","2026-04-16 11:56:29"
8,206,"2025-05-28 00:00:00",105.05,0.00,"2025-05-28 00:00:00","2026-04-16 11:56:29"
9,172,"2024-06-05 00:00:00",7.40,25.00,"2024-06-05 00:00:00","2026-04-16 11:56:29"
10,290,"2022-07-11 00:00:00",38.95,10.00,"2022-07-11 00:00:00","2026-04-16 11:56:29"
11,22,"2023-08-24 00:00:00",171.84,0.00,"2023-08-24 00:00:00","2026-04-16 11:56:29"
12,98,"2025-04-27 00:00:00",154.27,0.00,"2025-04-27 00:00:00","2026-04-16 11:56:29"
13,221,"2024-06-17 00:00:00",212.70,0.00,"2024-06-17 00:00:00","2026-04-16 11:56:29"
14,61,"2023-11-26 00:00:00",245.90,0.00,"2023-11-26 00:00:00","2026-04-16 11:56:29"
15,286,"2023-10-12 00:00:00",74.89,5.00,"2023-10-12 00:00:00","2026-04-16 11:56:29"
16,117,"2023-08-13 00:00:00",139.73,0.00,"2023-08-13 00:00:00","2026-04-16 11:56:29"
17,19,"2026-01-24 00:00:00",105.37,0.00,"2026-01-24 00:00:00","2026-04-16 11:56:29"
18,16,"2026-04-11 00:00:00",86.71,0.00,"2026-04-11 00:00:00","2026-04-16 11:56:29"
19,161,"2026-01-01 00:00:00",181.48,0.00,"2026-01-01 00:00:00","2026-04-16 11:56:29"
20,137,"2026-02-05 00:00:00",165.16,0.00,"2026-02-05 00:00:00","2026-04-16 11:56:29"
21,194,"2023-10-18 00:00:00",109.87,0.00,"2023-10-18 00:00:00","2026-04-16 11:56:29"
22,297,"2025-12-29 00:00:00",271.81,0.00,"2025-12-29 00:00:00","2026-04-16 11:56:29"
23,148,"2024-08-04 00:00:00",163.54,0.00,"2024-08-04 00:00:00","2026-04-16 11:56:29"
24,155,"2025-07-13 00:00:00",64.40,5.00,"2025-07-13 00:00:00","2026-04-16 11:56:29"
25,67,"2025-03-21 00:00:00",42.70,10.00,"2025-03-21 00:00:00","2026-04-16 11:56:29"
26,74,"2021-09-22 00:00:00",215.03,0.00,"2021-09-22 00:00:00","2026-04-16 11:56:29"
27,155,"2026-03-26 00:00:00",154.41,0.00,"2026-03-26 00:00:00","2026-04-16 11:56:29"
28,138,"2021-03-23 00:00:00",222.62,0.00,"2021-03-23 00:00:00","2026-04-16 11:56:29"
29,15,"2024-05-15 00:00:00",38.29,10.00,"2024-05-15 00:00:00","2026-04-16 11:56:29"
30,241,"2026-01-14 00:00:00",43.68,10.00,"2026-01-14 00:00:00","2026-04-16 11:56:29"
31,146,"2026-04-02 00:00:00",295.28,0.00,"2026-04-02 00:00:00","2026-04-16 11:56:29"
32,102,"2025-02-12 00:00:00",176.72,0.00,"2025-02-12 00:00:00","2026-04-16 11:56:29"
33,270,"2025-04-01 00:00:00",109.38,0.00,"2025-04-01 00:00:00","2026-04-16 11:56:29"
34,267,"2023-04-22 00:00:00",54.84,5.00,"2023-04-22 00:00:00","2026-04-16 11:56:29"
35,106,"2024-10-18 00:00:00",92.24,0.00,"2024-10-18 00:00:00","2026-04-16 11:56:29"
36,270,"2023-11-26 00:00:00",287.66,0.00,"2023-11-26 00:00:00","2026-04-16 11:56:29"
37,136,"2025-07-11 00:00:00",225.90,0.00,"2025-07-11 00:00:00","2026-04-16 11:56:29"
38,31,"2023-09-19 00:00:00",220.31,0.00,"2023-09-19 00:00:00","2026-04-16 11:56:29"
39,173,"2026-01-17 00:00:00",198.43,0.00,"2026-01-17 00:00:00","2026-04-16 11:56:29"
40,204,"2025-11-13 00:00:00",405.78,0.00,"2025-11-13 00:00:00","2026-04-16 11:56:29"
41,196,"2026-04-08 00:00:00",167.12,0.00,"2026-04-08 00:00:00","2026-04-16 11:56:29"
42,77,"2024-11-24 00:00:00",176.54,0.00,"2024-11-24 00:00:00","2026-04-16 11:56:29"
43,293,"2025-11-11 00:00:00",143.42,0.00,"2025-11-11 00:00:00","2026-04-16 11:56:29"
44,27,"2025-11-23 00:00:00",33.70,10.00,"2025-11-23 00:00:00","2026-04-16 11:56:29"
45,118,"2021-02-15 00:00:00",146.48,0.00,"2021-02-15 00:00:00","2026-04-16 11:56:29"
46,260,"2021-11-04 00:00:00",251.36,0.00,"2021-11-04 00:00:00","2026-04-16 11:56:29"
47,275,"2021-11-12 00:00:00",234.73,0.00,"2021-11-12 00:00:00","2026-04-16 11:56:29"
48,17,"2025-01-07 00:00:00",218.08,0.00,"2025-01-07 00:00:00","2026-04-16 11:56:29"
49,138,"2020-04-20 00:00:00",61.14,5.00,"2020-04-20 00:00:00","2026-04-16 11:56:29"
50,57,"2025-10-04 00:00:00",172.79,0.00,"2025-10-04 00:00:00","2026-04-16 11:56:29"
51,290,"2022-03-18 00:00:00",55.12,5.00,"2022-03-18 00:00:00","2026-04-16 11:56:29"
52,98,"2022-07-05 00:00:00",44.89,10.00,"2022-07-05 00:00:00","2026-04-16 11:56:29"
53,149,"2026-03-26 00:00:00",99.97,0.00,"2026-03-26 00:00:00","2026-04-16 11:56:29"
54,170,"2025-05-14 00:00:00",205.35,0.00,"2025-05-14 00:00:00","2026-04-16 11:56:29"
55,231,"2024-08-16 00:00:00",278.80,0.00,"2024-08-16 00:00:00","2026-04-16 11:56:29"
56,126,"2022-05-04 00:00:00",119.14,0.00,"2022-05-04 00:00:00","2026-04-16 11:56:29"
57,166,"2024-07-07 00:00:00",115.70,0.00,"2024-07-07 00:00:00","2026-04-16 11:56:29"
58,279,"2024-10-26 00:00:00",335.68,0.00,"2024-10-26 00:00:00","2026-04-16 11:56:29"
59,82,"2024-06-04 00:00:00",329.04,0.00,"2024-06-04 00:00:00","2026-04-16 11:56:29"
60,145,"2025-05-06 00:00:00",43.35,10.00,"2025-05-06 00:00:00","2026-04-16 11:56:29"
61,105,"2024-09-24 00:00:00",164.82,0.00,"2024-09-24 00:00:00","2026-04-16 11:56:29"
62,74,"2023-10-18 00:00:00",70.78,5.00,"2023-10-18 00:00:00","2026-04-16 11:56:29"
63,158,"2025-05-01 00:00:00",139.42,0.00,"2025-05-01 00:00:00","2026-04-16 11:56:29"
64,59,"2022-01-27 00:00:00",310.81,0.00,"2022-01-27 00:00:00","2026-04-16 11:56:29"
65,225,"2025-11-16 00:00:00",130.56,0.00,"2025-11-16 00:00:00","2026-04-16 11:56:29"
66,68,"2026-03-30 00:00:00",59.58,5.00,"2026-03-30 00:00:00","2026-04-16 11:56:29"
67,39,"2022-03-02 00:00:00",166.17,0.00,"2022-03-02 00:00:00","2026-04-16 11:56:29"
68,200,"2025-09-06 00:00:00",36.25,10.00,"2025-09-06 00:00:00","2026-04-16 11:56:29"
69,40,"2025-11-12 00:00:00",196.58,0.00,"2025-11-12 00:00:00","2026-04-16 11:56:29"
70,143,"2024-08-29 00:00:00",361.26,0.00,"2024-08-29 00:00:00","2026-04-16 11:56:29"
71,16,"2026-04-15 00:00:00",196.74,0.00,"2026-04-15 00:00:00","2026-04-16 11:56:29"
72,273,"2024-12-10 00:00:00",26.15,10.00,"2024-12-10 00:00:00","2026-04-16 11:56:29"
73,248,"2023-10-23 00:00:00",337.24,0.00,"2023-10-23 00:00:00","2026-04-16 11:56:29"
74,83,"2025-10-05 00:00:00",210.80,0.00,"2025-10-05 00:00:00","2026-04-16 11:56:29"
75,276,"2024-11-29 00:00:00",302.36,0.00,"2024-11-29 00:00:00","2026-04-16 11:56:29"
76,216,"2025-01-30 00:00:00",60.77,5.00,"2025-01-30 00:00:00","2026-04-16 11:56:29"
77,195,"2025-04-01 00:00:00",281.56,0.00,"2025-04-01 00:00:00","2026-04-16 11:56:29"
78,129,"2024-03-15 00:00:00",297.48,0.00,"2024-03-15 00:00:00","2026-04-16 11:56:29"
79,156,"2026-03-21 00:00:00",207.60,0.00,"2026-03-21 00:00:00","2026-04-16 11:56:29"
80,186,"2026-01-12 00:00:00",19.49,25.00,"2026-01-12 00:00:00","2026-04-16 11:56:29"
81,15,"2022-10-07 00:00:00",137.94,0.00,"2022-10-07 00:00:00","2026-04-16 11:56:29"
82,204,"2024-11-03 00:00:00",436.31,0.00,"2024-11-03 00:00:00","2026-04-16 11:56:29"
83,213,"2024-11-11 00:00:00",55.68,5.00,"2024-11-11 00:00:00","2026-04-16 11:56:29"
84,83,"2023-12-13 00:00:00",151.13,0.00,"2023-12-13 00:00:00","2026-04-16 11:56:29"
85,22,"2023-06-24 00:00:00",174.62,0.00,"2023-06-24 00:00:00","2026-04-16 11:56:29"
86,23,"2025-10-02 00:00:00",142.04,0.00,"2025-10-02 00:00:00","2026-04-16 11:56:29"
87,161,"2025-03-01 00:00:00",180.43,0.00,"2025-03-01 00:00:00","2026-04-16 11:56:29"
88,210,"2026-03-03 00:00:00",206.38,0.00,"2026-03-03 00:00:00","2026-04-16 11:56:29"
89,275,"2023-01-13 00:00:00",109.77,0.00,"2023-01-13 00:00:00","2026-04-16 11:56:29"
90,228,"2024-09-15 00:00:00",43.51,10.00,"2024-09-15 00:00:00","2026-04-16 11:56:29"
91,27,"2024-05-15 00:00:00",52.26,5.00,"2024-05-15 00:00:00","2026-04-16 11:56:29"
92,103,"2023-09-09 00:00:00",80.89,0.00,"2023-09-09 00:00:00","2026-04-16 11:56:29"
93,117,"2026-03-14 00:00:00",172.91,0.00,"2026-03-14 00:00:00","2026-04-16 11:56:29"
94,276,"2025-04-20 00:00:00",131.11,0.00,"2025-04-20 00:00:00","2026-04-16 11:56:29"
95,292,"2025-02-03 00:00:00",99.97,0.00,"2025-02-03 00:00:00","2026-04-16 11:56:29"
96,66,"2023-03-09 00:00:00",309.49,0.00,"2023-03-09 00:00:00","2026-04-16 11:56:29"
97,87,"2026-02-19 00:00:00",144.33,0.00,"2026-02-19 00:00:00","2026-04-16 11:56:29"
98,147,"2022-05-21 00:00:00",135.61,0.00,"2022-05-21 00:00:00","2026-04-16 11:56:29"
99,276,"2024-11-30 00:00:00",82.27,0.00,"2024-11-30 00:00:00","2026-04-16 11:56:29"
100,108,"2026-03-24 00:00:00",259.13,0.00,"2026-03-24 00:00:00","2026-04-16 11:56:29"
101,176,"2026-03-12 00:00:00",308.64,0.00,"2026-03-12 00:00:00","2026-04-16 11:56:29"
102,200,"2026-03-30 00:00:00",109.27,0.00,"2026-03-30 00:00:00","2026-04-16 11:56:29"
103,159,"2025-01-17 00:00:00",306.16,0.00,"2025-01-17 00:00:00","2026-04-16 11:56:29"
104,249,"2024-10-30 00:00:00",110.76,0.00,"2024-10-30 00:00:00","2026-04-16 11:56:29"
105,94,"2024-11-03 00:00:00",80.68,0.00,"2024-11-03 00:00:00","2026-04-16 11:56:29"
106,37,"2022-12-17 00:00:00",194.97,0.00,"2022-12-17 00:00:00","2026-04-16 11:56:29"
107,294,"2025-06-21 00:00:00",139.20,0.00,"2025-06-21 00:00:00","2026-04-16 11:56:29"
108,106,"2025-01-23 00:00:00",126.09,0.00,"2025-01-23 00:00:00","2026-04-16 11:56:29"
109,61,"2025-04-17 00:00:00",32.76,10.00,"2025-04-17 00:00:00","2026-04-16 11:56:29"
110,150,"2026-02-19 00:00:00",185.33,0.00,"2026-02-19 00:00:00","2026-04-16 11:56:29"
111,212,"2023-01-18 00:00:00",189.88,0.00,"2023-01-18 00:00:00","2026-04-16 11:56:29"
112,283,"2020-10-02 00:00:00",53.66,5.00,"2020-10-02 00:00:00","2026-04-16 11:56:29"
113,142,"2024-03-11 00:00:00",47.15,10.00,"2024-03-11 00:00:00","2026-04-16 11:56:29"
114,16,"2026-04-13 00:00:00",323.39,0.00,"2026-04-13 00:00:00","2026-04-16 11:56:29"
115,106,"2024-08-14 00:00:00",206.60,0.00,"2024-08-14 00:00:00","2026-04-16 11:56:29"
116,4,"2023-02-23 00:00:00",46.77,10.00,"2023-02-23 00:00:00","2026-04-16 11:56:29"
117,85,"2025-10-27 00:00:00",110.19,0.00,"2025-10-27 00:00:00","2026-04-16 11:56:29"
118,9,"2026-02-26 00:00:00",37.73,10.00,"2026-02-26 00:00:00","2026-04-16 11:56:29"
119,127,"2026-03-12 00:00:00",179.80,0.00,"2026-03-12 00:00:00","2026-04-16 11:56:29"
120,90,"2025-10-01 00:00:00",118.26,0.00,"2025-10-01 00:00:00","2026-04-16 11:56:29"
121,267,"2021-09-13 00:00:00",127.84,0.00,"2021-09-13 00:00:00","2026-04-16 11:56:29"
122,74,"2022-06-20 00:00:00",252.22,0.00,"2022-06-20 00:00:00","2026-04-16 11:56:29"
123,105,"2024-12-04 00:00:00",233.20,0.00,"2024-12-04 00:00:00","2026-04-16 11:56:29"
124,114,"2024-02-24 00:00:00",76.76,0.00,"2024-02-24 00:00:00","2026-04-16 11:56:29"
125,295,"2025-10-14 00:00:00",62.28,5.00,"2025-10-14 00:00:00","2026-04-16 11:56:29"
126,168,"2025-09-18 00:00:00",37.12,10.00,"2025-09-18 00:00:00","2026-04-16 11:56:29"
127,243,"2024-09-20 00:00:00",41.97,10.00,"2024-09-20 00:00:00","2026-04-16 11:56:29"
128,169,"2026-02-18 00:00:00",190.72,0.00,"2026-02-18 00:00:00","2026-04-16 11:56:29"
129,257,"2025-05-26 00:00:00",174.91,0.00,"2025-05-26 00:00:00","2026-04-16 11:56:29"
130,96,"2026-02-11 00:00:00",24.60,25.00,"2026-02-11 00:00:00","2026-04-16 11:56:29"
131,238,"2024-11-26 00:00:00",119.53,0.00,"2024-11-26 00:00:00","2026-04-16 11:56:29"
132,27,"2025-05-22 00:00:00",52.23,5.00,"2025-05-22 00:00:00","2026-04-16 11:56:29"
133,118,"2023-03-04 00:00:00",160.62,0.00,"2023-03-04 00:00:00","2026-04-16 11:56:29"
134,262,"2024-02-16 00:00:00",127.01,0.00,"2024-02-16 00:00:00","2026-04-16 11:56:29"
135,59,"2024-05-04 00:00:00",97.84,0.00,"2024-05-04 00:00:00","2026-04-16 11:56:29"
136,269,"2025-04-30 00:00:00",50.44,5.00,"2025-04-30 00:00:00","2026-04-16 11:56:29"
137,15,"2022-10-27 00:00:00",14.62,25.00,"2022-10-27 00:00:00","2026-04-16 11:56:29"
138,171,"2023-01-02 00:00:00",212.43,0.00,"2023-01-02 00:00:00","2026-04-16 11:56:29"
139,298,"2025-12-04 00:00:00",216.37,0.00,"2025-12-04 00:00:00","2026-04-16 11:56:29"
140,27,"2024-07-27 00:00:00",141.85,0.00,"2024-07-27 00:00:00","2026-04-16 11:56:29"
141,168,"2025-03-26 00:00:00",105.44,0.00,"2025-03-26 00:00:00","2026-04-16 11:56:29"
142,294,"2024-04-21 00:00:00",168.21,0.00,"2024-04-21 00:00:00","2026-04-16 11:56:29"
143,125,"2023-08-04 00:00:00",291.81,0.00,"2023-08-04 00:00:00","2026-04-16 11:56:29"
144,26,"2024-01-27 00:00:00",301.57,0.00,"2024-01-27 00:00:00","2026-04-16 11:56:29"
145,216,"2025-02-20 00:00:00",130.66,0.00,"2025-02-20 00:00:00","2026-04-16 11:56:29"
146,223,"2025-02-17 00:00:00",245.02,0.00,"2025-02-17 00:00:00","2026-04-16 11:56:29"
147,211,"2024-09-05 00:00:00",162.55,0.00,"2024-09-05 00:00:00","2026-04-16 11:56:29"
148,209,"2025-10-11 00:00:00",272.32,0.00,"2025-10-11 00:00:00","2026-04-16 11:56:29"
149,244,"2024-10-12 00:00:00",105.54,0.00,"2024-10-12 00:00:00","2026-04-16 11:56:29"
150,110,"2026-02-07 00:00:00",75.85,0.00,"2026-02-07 00:00:00","2026-04-16 11:56:29"
151,184,"2026-04-03 00:00:00",76.63,0.00,"2026-04-03 00:00:00","2026-04-16 11:56:29"
152,226,"2021-06-16 00:00:00",174.85,0.00,"2021-06-16 00:00:00","2026-04-16 11:56:29"
153,100,"2024-01-14 00:00:00",22.22,25.00,"2024-01-14 00:00:00","2026-04-16 11:56:29"
154,289,"2026-02-22 00:00:00",166.50,0.00,"2026-02-22 00:00:00","2026-04-16 11:56:29"
155,214,"2023-03-18 00:00:00",325.56,0.00,"2023-03-18 00:00:00","2026-04-16 11:56:29"
156,154,"2026-02-21 00:00:00",54.64,5.00,"2026-02-21 00:00:00","2026-04-16 11:56:29"
157,280,"2024-07-23 00:00:00",315.04,0.00,"2024-07-23 00:00:00","2026-04-16 11:56:29"
158,76,"2025-01-03 00:00:00",140.18,0.00,"2025-01-03 00:00:00","2026-04-16 11:56:29"
159,26,"2025-09-18 00:00:00",5.91,25.00,"2025-09-18 00:00:00","2026-04-16 11:56:29"
160,132,"2023-02-16 00:00:00",62.45,5.00,"2023-02-16 00:00:00","2026-04-16 11:56:29"
161,143,"2023-07-18 00:00:00",193.96,0.00,"2023-07-18 00:00:00","2026-04-16 11:56:29"
162,175,"2022-08-11 00:00:00",91.67,0.00,"2022-08-11 00:00:00","2026-04-16 11:56:29"
163,134,"2024-09-30 00:00:00",236.67,0.00,"2024-09-30 00:00:00","2026-04-16 11:56:29"
164,289,"2025-11-03 00:00:00",134.79,0.00,"2025-11-03 00:00:00","2026-04-16 11:56:29"
165,62,"2024-08-20 00:00:00",164.35,0.00,"2024-08-20 00:00:00","2026-04-16 11:56:29"
166,157,"2021-11-21 00:00:00",206.16,0.00,"2021-11-21 00:00:00","2026-04-16 11:56:29"
167,124,"2024-06-12 00:00:00",323.77,0.00,"2024-06-12 00:00:00","2026-04-16 11:56:29"
168,143,"2023-10-12 00:00:00",100.62,0.00,"2023-10-12 00:00:00","2026-04-16 11:56:29"
169,219,"2022-01-02 00:00:00",147.53,0.00,"2022-01-02 00:00:00","2026-04-16 11:56:29"
170,92,"2026-03-29 00:00:00",144.62,0.00,"2026-03-29 00:00:00","2026-04-16 11:56:29"
171,146,"2025-01-08 00:00:00",247.83,0.00,"2025-01-08 00:00:00","2026-04-16 11:56:29"
172,56,"2021-12-12 00:00:00",94.08,0.00,"2021-12-12 00:00:00","2026-04-16 11:56:29"
173,1,"2026-04-05 00:00:00",48.98,10.00,"2026-04-05 00:00:00","2026-04-16 11:56:29"
174,211,"2024-10-03 00:00:00",46.85,10.00,"2024-10-03 00:00:00","2026-04-16 11:56:29"
175,242,"2020-09-03 00:00:00",78.83,0.00,"2020-09-03 00:00:00","2026-04-16 11:56:29"
176,158,"2025-01-24 00:00:00",61.04,5.00,"2025-01-24 00:00:00","2026-04-16 11:56:29"
177,176,"2026-04-13 00:00:00",134.47,0.00,"2026-04-13 00:00:00","2026-04-16 11:56:29"
178,178,"2025-05-15 00:00:00",214.21,0.00,"2025-05-15 00:00:00","2026-04-16 11:56:29"
179,194,"2025-09-20 00:00:00",211.15,0.00,"2025-09-20 00:00:00","2026-04-16 11:56:29"
180,177,"2025-08-21 00:00:00",197.06,0.00,"2025-08-21 00:00:00","2026-04-16 11:56:29"
181,263,"2020-02-21 00:00:00",51.22,5.00,"2020-02-21 00:00:00","2026-04-16 11:56:29"
182,297,"2025-03-22 00:00:00",154.82,0.00,"2025-03-22 00:00:00","2026-04-16 11:56:29"
183,177,"2025-06-06 00:00:00",20.56,25.00,"2025-06-06 00:00:00","2026-04-16 11:56:29"
184,17,"2024-08-21 00:00:00",343.06,0.00,"2024-08-21 00:00:00","2026-04-16 11:56:29"
185,218,"2024-11-11 00:00:00",225.79,0.00,"2024-11-11 00:00:00","2026-04-16 11:56:29"
186,121,"2024-10-11 00:00:00",77.95,0.00,"2024-10-11 00:00:00","2026-04-16 11:56:29"
187,226,"2023-12-30 00:00:00",117.36,0.00,"2023-12-30 00:00:00","2026-04-16 11:56:29"
188,58,"2024-01-12 00:00:00",84.02,0.00,"2024-01-12 00:00:00","2026-04-16 11:56:29"
189,59,"2023-01-23 00:00:00",124.13,0.00,"2023-01-23 00:00:00","2026-04-16 11:56:29"
190,191,"2026-04-08 00:00:00",52.18,5.00,"2026-04-08 00:00:00","2026-04-16 11:56:29"
191,220,"2025-12-03 00:00:00",76.98,0.00,"2025-12-03 00:00:00","2026-04-16 11:56:29"
192,6,"2025-12-31 00:00:00",223.81,0.00,"2025-12-31 00:00:00","2026-04-16 11:56:29"
193,126,"2023-05-25 00:00:00",211.77,0.00,"2023-05-25 00:00:00","2026-04-16 11:56:29"
194,129,"2023-10-28 00:00:00",71.47,5.00,"2023-10-28 00:00:00","2026-04-16 11:56:29"
195,4,"2023-04-10 00:00:00",273.11,0.00,"2023-04-10 00:00:00","2026-04-16 11:56:29"
196,57,"2023-12-23 00:00:00",52.75,5.00,"2023-12-23 00:00:00","2026-04-16 11:56:29"
197,236,"2025-12-11 00:00:00",153.71,0.00,"2025-12-11 00:00:00","2026-04-16 11:56:29"
198,214,"2022-05-21 00:00:00",26.00,10.00,"2022-05-21 00:00:00","2026-04-16 11:56:29"
199,3,"2024-06-06 00:00:00",144.50,0.00,"2024-06-06 00:00:00","2026-04-16 11:56:29"
200,67,"2022-08-03 00:00:00",259.75,0.00,"2022-08-03 00:00:00","2026-04-16 11:56:29"
201,175,"2025-04-08 00:00:00",146.68,0.00,"2025-04-08 00:00:00","2026-04-16 11:56:29"
202,222,"2026-03-28 00:00:00",194.61,0.00,"2026-03-28 00:00:00","2026-04-16 11:56:29"
203,126,"2023-10-03 00:00:00",212.79,0.00,"2023-10-03 00:00:00","2026-04-16 11:56:29"
204,194,"2025-03-06 00:00:00",150.13,0.00,"2025-03-06 00:00:00","2026-04-16 11:56:29"
205,67,"2025-09-18 00:00:00",133.01,0.00,"2025-09-18 00:00:00","2026-04-16 11:56:29"
206,130,"2025-11-05 00:00:00",156.83,0.00,"2025-11-05 00:00:00","2026-04-16 11:56:29"
207,118,"2022-05-12 00:00:00",203.59,0.00,"2022-05-12 00:00:00","2026-04-16 11:56:29"
208,281,"2023-05-13 00:00:00",159.22,0.00,"2023-05-13 00:00:00","2026-04-16 11:56:29"
209,245,"2025-07-18 00:00:00",127.11,0.00,"2025-07-18 00:00:00","2026-04-16 11:56:29"
210,62,"2025-04-16 00:00:00",129.81,0.00,"2025-04-16 00:00:00","2026-04-16 11:56:29"
211,16,"2026-04-15 00:00:00",36.28,10.00,"2026-04-15 00:00:00","2026-04-16 11:56:29"
212,237,"2026-02-15 00:00:00",187.35,0.00,"2026-02-15 00:00:00","2026-04-16 11:56:29"
213,281,"2023-04-25 00:00:00",330.98,0.00,"2023-04-25 00:00:00","2026-04-16 11:56:29"
214,281,"2025-11-21 00:00:00",66.90,5.00,"2025-11-21 00:00:00","2026-04-16 11:56:29"
215,194,"2025-05-07 00:00:00",125.52,0.00,"2025-05-07 00:00:00","2026-04-16 11:56:29"
216,185,"2024-12-27 00:00:00",18.18,25.00,"2024-12-27 00:00:00","2026-04-16 11:56:29"
217,50,"2023-07-10 00:00:00",55.93,5.00,"2023-07-10 00:00:00","2026-04-16 11:56:29"
218,236,"2024-12-11 00:00:00",214.39,0.00,"2024-12-11 00:00:00","2026-04-16 11:56:29"
219,87,"2026-03-24 00:00:00",39.47,10.00,"2026-03-24 00:00:00","2026-04-16 11:56:29"
220,127,"2026-01-12 00:00:00",277.34,0.00,"2026-01-12 00:00:00","2026-04-16 11:56:29"
221,96,"2024-11-03 00:00:00",187.40,0.00,"2024-11-03 00:00:00","2026-04-16 11:56:29"
222,79,"2024-05-02 00:00:00",52.51,5.00,"2024-05-02 00:00:00","2026-04-16 11:56:29"
223,111,"2022-03-21 00:00:00",26.16,10.00,"2022-03-21 00:00:00","2026-04-16 11:56:29"
224,154,"2024-03-31 00:00:00",227.94,0.00,"2024-03-31 00:00:00","2026-04-16 11:56:29"
225,214,"2025-05-16 00:00:00",48.89,10.00,"2025-05-16 00:00:00","2026-04-16 11:56:29"
226,54,"2024-01-04 00:00:00",6.85,25.00,"2024-01-04 00:00:00","2026-04-16 11:56:29"
227,296,"2025-08-11 00:00:00",34.74,10.00,"2025-08-11 00:00:00","2026-04-16 11:56:29"
228,243,"2026-04-09 00:00:00",104.89,0.00,"2026-04-09 00:00:00","2026-04-16 11:56:29"
229,134,"2023-06-25 00:00:00",169.53,0.00,"2023-06-25 00:00:00","2026-04-16 11:56:29"
230,78,"2026-02-26 00:00:00",26.16,10.00,"2026-02-26 00:00:00","2026-04-16 11:56:29"
231,220,"2024-07-29 00:00:00",190.32,0.00,"2024-07-29 00:00:00","2026-04-16 11:56:29"
232,175,"2024-01-26 00:00:00",151.91,0.00,"2024-01-26 00:00:00","2026-04-16 11:56:29"
233,113,"2025-12-01 00:00:00",104.57,0.00,"2025-12-01 00:00:00","2026-04-16 11:56:29"
234,180,"2025-08-09 00:00:00",121.46,0.00,"2025-08-09 00:00:00","2026-04-16 11:56:29"
235,286,"2022-10-27 00:00:00",167.08,0.00,"2022-10-27 00:00:00","2026-04-16 11:56:29"
236,75,"2026-02-25 00:00:00",117.65,0.00,"2026-02-25 00:00:00","2026-04-16 11:56:29"
237,192,"2024-05-09 00:00:00",74.56,5.00,"2024-05-09 00:00:00","2026-04-16 11:56:29"
238,235,"2024-12-30 00:00:00",38.38,10.00,"2024-12-30 00:00:00","2026-04-16 11:56:29"
239,289,"2025-06-22 00:00:00",225.24,0.00,"2025-06-22 00:00:00","2026-04-16 11:56:29"
240,41,"2024-07-08 00:00:00",40.44,10.00,"2024-07-08 00:00:00","2026-04-16 11:56:29"
241,26,"2025-12-26 00:00:00",31.14,10.00,"2025-12-26 00:00:00","2026-04-16 11:56:29"
242,180,"2026-02-04 00:00:00",97.29,0.00,"2026-02-04 00:00:00","2026-04-16 11:56:29"
243,123,"2025-10-13 00:00:00",101.42,0.00,"2025-10-13 00:00:00","2026-04-16 11:56:29"
244,70,"2025-11-01 00:00:00",128.34,0.00,"2025-11-01 00:00:00","2026-04-16 11:56:29"
245,219,"2021-12-09 00:00:00",43.48,10.00,"2021-12-09 00:00:00","2026-04-16 11:56:29"
246,4,"2022-12-10 00:00:00",45.94,10.00,"2022-12-10 00:00:00","2026-04-16 11:56:29"
247,124,"2026-04-15 00:00:00",67.76,5.00,"2026-04-15 00:00:00","2026-04-16 11:56:29"
248,39,"2023-02-11 00:00:00",28.30,10.00,"2023-02-11 00:00:00","2026-04-16 11:56:29"
249,1,"2025-07-25 00:00:00",225.68,0.00,"2025-07-25 00:00:00","2026-04-16 11:56:29"
250,212,"2023-02-10 00:00:00",355.01,0.00,"2023-02-10 00:00:00","2026-04-16 11:56:29"
251,1,"2026-04-07 00:00:00",211.64,0.00,"2026-04-07 00:00:00","2026-04-16 11:56:29"
252,59,"2025-05-24 00:00:00",304.09,0.00,"2025-05-24 00:00:00","2026-04-16 11:56:29"
253,120,"2025-07-13 00:00:00",15.40,25.00,"2025-07-13 00:00:00","2026-04-16 11:56:29"
254,32,"2023-09-10 00:00:00",36.80,10.00,"2023-09-10 00:00:00","2026-04-16 11:56:29"
255,12,"2025-02-25 00:00:00",174.00,0.00,"2025-02-25 00:00:00","2026-04-16 11:56:29"
256,255,"2021-01-13 00:00:00",96.05,0.00,"2021-01-13 00:00:00","2026-04-16 11:56:29"
257,225,"2025-10-29 00:00:00",131.84,0.00,"2025-10-29 00:00:00","2026-04-16 11:56:29"
258,33,"2026-04-09 00:00:00",47.66,10.00,"2026-04-09 00:00:00","2026-04-16 11:56:29"
259,138,"2021-04-13 00:00:00",4.81,25.00,"2021-04-13 00:00:00","2026-04-16 11:56:29"
260,210,"2026-02-17 00:00:00",59.56,5.00,"2026-02-17 00:00:00","2026-04-16 11:56:29"
261,54,"2025-07-26 00:00:00",151.64,0.00,"2025-07-26 00:00:00","2026-04-16 11:56:29"
262,47,"2023-10-11 00:00:00",61.01,5.00,"2023-10-11 00:00:00","2026-04-16 11:56:29"
263,283,"2020-06-29 00:00:00",249.89,0.00,"2020-06-29 00:00:00","2026-04-16 11:56:29"
264,253,"2024-09-19 00:00:00",239.39,0.00,"2024-09-19 00:00:00","2026-04-16 11:56:29"
265,119,"2025-10-16 00:00:00",19.85,25.00,"2025-10-16 00:00:00","2026-04-16 11:56:29"
266,249,"2024-05-27 00:00:00",150.55,0.00,"2024-05-27 00:00:00","2026-04-16 11:56:29"
267,295,"2025-11-02 00:00:00",63.17,5.00,"2025-11-02 00:00:00","2026-04-16 11:56:29"
268,192,"2023-12-29 00:00:00",117.19,0.00,"2023-12-29 00:00:00","2026-04-16 11:56:29"
269,84,"2026-04-15 00:00:00",30.19,10.00,"2026-04-15 00:00:00","2026-04-16 11:56:29"
270,243,"2026-01-03 00:00:00",26.20,10.00,"2026-01-03 00:00:00","2026-04-16 11:56:29"
271,19,"2026-02-26 00:00:00",10.95,25.00,"2026-02-26 00:00:00","2026-04-16 11:56:29"
272,287,"2022-05-14 00:00:00",203.09,0.00,"2022-05-14 00:00:00","2026-04-16 11:56:29"
273,77,"2024-11-16 00:00:00",18.36,25.00,"2024-11-16 00:00:00","2026-04-16 11:56:29"
274,160,"2025-04-10 00:00:00",15.46,25.00,"2025-04-10 00:00:00","2026-04-16 11:56:29"
275,200,"2026-03-23 00:00:00",75.95,0.00,"2026-03-23 00:00:00","2026-04-16 11:56:29"
276,75,"2026-04-14 00:00:00",259.47,0.00,"2026-04-14 00:00:00","2026-04-16 11:56:29"
277,93,"2025-12-14 00:00:00",37.50,10.00,"2025-12-14 00:00:00","2026-04-16 11:56:29"
278,236,"2025-12-16 00:00:00",69.59,5.00,"2025-12-16 00:00:00","2026-04-16 11:56:29"
279,229,"2026-04-01 00:00:00",62.31,5.00,"2026-04-01 00:00:00","2026-04-16 11:56:29"
280,192,"2023-09-03 00:00:00",120.22,0.00,"2023-09-03 00:00:00","2026-04-16 11:56:29"
281,79,"2025-09-03 00:00:00",104.26,0.00,"2025-09-03 00:00:00","2026-04-16 11:56:29"
282,289,"2024-12-25 00:00:00",268.10,0.00,"2024-12-25 00:00:00","2026-04-16 11:56:29"
283,298,"2026-04-01 00:00:00",34.90,10.00,"2026-04-01 00:00:00","2026-04-16 11:56:29"
284,132,"2022-09-05 00:00:00",191.14,0.00,"2022-09-05 00:00:00","2026-04-16 11:56:29"
285,239,"2026-01-31 00:00:00",169.07,0.00,"2026-01-31 00:00:00","2026-04-16 11:56:29"
286,8,"2025-09-01 00:00:00",385.48,0.00,"2025-09-01 00:00:00","2026-04-16 11:56:29"
287,247,"2026-03-21 00:00:00",180.04,0.00,"2026-03-21 00:00:00","2026-04-16 11:56:29"
288,139,"2026-04-14 00:00:00",187.36,0.00,"2026-04-14 00:00:00","2026-04-16 11:56:29"
289,191,"2026-01-24 00:00:00",203.68,0.00,"2026-01-24 00:00:00","2026-04-16 11:56:29"
290,84,"2024-02-27 00:00:00",434.05,0.00,"2024-02-27 00:00:00","2026-04-16 11:56:29"
291,17,"2025-12-13 00:00:00",25.11,10.00,"2025-12-13 00:00:00","2026-04-16 11:56:29"
292,229,"2026-04-06 00:00:00",253.11,0.00,"2026-04-06 00:00:00","2026-04-16 11:56:29"
293,103,"2023-12-06 00:00:00",274.73,0.00,"2023-12-06 00:00:00","2026-04-16 11:56:29"
294,177,"2023-11-15 00:00:00",150.63,0.00,"2023-11-15 00:00:00","2026-04-16 11:56:29"
295,86,"2024-01-15 00:00:00",2.03,25.00,"2024-01-15 00:00:00","2026-04-16 11:56:29"
296,285,"2024-09-09 00:00:00",61.87,5.00,"2024-09-09 00:00:00","2026-04-16 11:56:29"
297,258,"2026-01-25 00:00:00",75.48,0.00,"2026-01-25 00:00:00","2026-04-16 11:56:29"
298,217,"2026-02-07 00:00:00",61.72,5.00,"2026-02-07 00:00:00","2026-04-16 11:56:29"
299,55,"2023-02-27 00:00:00",184.66,0.00,"2023-02-27 00:00:00","2026-04-16 11:56:29"
300,169,"2026-01-19 00:00:00",65.80,5.00,"2026-01-19 00:00:00","2026-04-16 11:56:29"
301,226,"2024-08-21 00:00:00",119.17,0.00,"2024-08-21 00:00:00","2026-04-16 11:56:29"
302,6,"2025-02-16 00:00:00",73.27,5.00,"2025-02-16 00:00:00","2026-04-16 11:56:29"
303,233,"2025-02-08 00:00:00",241.45,0.00,"2025-02-08 00:00:00","2026-04-16 11:56:29"
304,256,"2022-08-27 00:00:00",74.75,5.00,"2022-08-27 00:00:00","2026-04-16 11:56:29"
305,64,"2025-08-26 00:00:00",222.91,0.00,"2025-08-26 00:00:00","2026-04-16 11:56:29"
306,123,"2025-10-06 00:00:00",200.85,0.00,"2025-10-06 00:00:00","2026-04-16 11:56:29"
307,197,"2025-06-20 00:00:00",110.93,0.00,"2025-06-20 00:00:00","2026-04-16 11:56:29"
308,191,"2026-03-08 00:00:00",129.70,0.00,"2026-03-08 00:00:00","2026-04-16 11:56:29"
309,127,"2026-04-09 00:00:00",167.19,0.00,"2026-04-09 00:00:00","2026-04-16 11:56:29"
310,296,"2025-11-04 00:00:00",90.94,0.00,"2025-11-04 00:00:00","2026-04-16 11:56:29"
311,15,"2024-12-11 00:00:00",222.62,0.00,"2024-12-11 00:00:00","2026-04-16 11:56:29"
312,78,"2026-01-22 00:00:00",138.06,0.00,"2026-01-22 00:00:00","2026-04-16 11:56:29"
313,31,"2022-01-25 00:00:00",142.48,0.00,"2022-01-25 00:00:00","2026-04-16 11:56:29"
314,192,"2024-01-27 00:00:00",85.83,0.00,"2024-01-27 00:00:00","2026-04-16 11:56:29"
315,143,"2025-12-26 00:00:00",262.92,0.00,"2025-12-26 00:00:00","2026-04-16 11:56:29"
316,212,"2022-11-20 00:00:00",115.88,0.00,"2022-11-20 00:00:00","2026-04-16 11:56:29"
317,258,"2026-04-05 00:00:00",10.02,25.00,"2026-04-05 00:00:00","2026-04-16 11:56:29"
318,29,"2025-12-30 00:00:00",147.54,0.00,"2025-12-30 00:00:00","2026-04-16 11:56:29"
319,285,"2026-04-09 00:00:00",7.85,25.00,"2026-04-09 00:00:00","2026-04-16 11:56:29"
320,82,"2023-09-24 00:00:00",35.00,10.00,"2023-09-24 00:00:00","2026-04-16 11:56:29"
321,286,"2025-03-04 00:00:00",17.48,25.00,"2025-03-04 00:00:00","2026-04-16 11:56:29"
322,67,"2025-08-13 00:00:00",138.70,0.00,"2025-08-13 00:00:00","2026-04-16 11:56:29"
323,213,"2024-12-18 00:00:00",31.35,10.00,"2024-12-18 00:00:00","2026-04-16 11:56:29"
324,54,"2025-09-25 00:00:00",218.95,0.00,"2025-09-25 00:00:00","2026-04-16 11:56:29"
325,252,"2026-04-03 00:00:00",129.58,0.00,"2026-04-03 00:00:00","2026-04-16 11:56:29"
326,86,"2024-06-10 00:00:00",63.30,5.00,"2024-06-10 00:00:00","2026-04-16 11:56:29"
327,121,"2021-06-05 00:00:00",327.75,0.00,"2021-06-05 00:00:00","2026-04-16 11:56:29"
328,105,"2024-06-12 00:00:00",231.41,0.00,"2024-06-12 00:00:00","2026-04-16 11:56:29"
329,284,"2022-06-18 00:00:00",298.28,0.00,"2022-06-18 00:00:00","2026-04-16 11:56:29"
330,272,"2026-04-03 00:00:00",271.26,0.00,"2026-04-03 00:00:00","2026-04-16 11:56:29"
331,259,"2025-08-29 00:00:00",53.06,5.00,"2025-08-29 00:00:00","2026-04-16 11:56:29"
332,230,"2022-11-06 00:00:00",41.80,10.00,"2022-11-06 00:00:00","2026-04-16 11:56:29"
333,249,"2024-10-09 00:00:00",102.18,0.00,"2024-10-09 00:00:00","2026-04-16 11:56:29"
334,60,"2025-09-19 00:00:00",84.12,0.00,"2025-09-19 00:00:00","2026-04-16 11:56:29"
335,102,"2025-05-19 00:00:00",45.28,10.00,"2025-05-19 00:00:00","2026-04-16 11:56:29"
336,292,"2025-06-21 00:00:00",40.94,10.00,"2025-06-21 00:00:00","2026-04-16 11:56:29"
337,295,"2025-04-01 00:00:00",188.60,0.00,"2025-04-01 00:00:00","2026-04-16 11:56:29"
338,58,"2023-10-30 00:00:00",159.98,0.00,"2023-10-30 00:00:00","2026-04-16 11:56:29"
339,214,"2024-10-13 00:00:00",87.34,0.00,"2024-10-13 00:00:00","2026-04-16 11:56:29"
340,49,"2023-09-12 00:00:00",244.98,0.00,"2023-09-12 00:00:00","2026-04-16 11:56:29"
341,127,"2026-03-11 00:00:00",80.43,0.00,"2026-03-11 00:00:00","2026-04-16 11:56:29"
342,156,"2025-08-31 00:00:00",35.89,10.00,"2025-08-31 00:00:00","2026-04-16 11:56:29"
343,47,"2023-09-09 00:00:00",220.35,0.00,"2023-09-09 00:00:00","2026-04-16 11:56:29"
344,273,"2020-11-04 00:00:00",86.83,0.00,"2020-11-04 00:00:00","2026-04-16 11:56:29"
345,60,"2025-06-20 00:00:00",25.10,10.00,"2025-06-20 00:00:00","2026-04-16 11:56:29"
346,250,"2022-12-08 00:00:00",172.57,0.00,"2022-12-08 00:00:00","2026-04-16 11:56:29"
347,35,"2026-02-03 00:00:00",141.75,0.00,"2026-02-03 00:00:00","2026-04-16 11:56:29"
348,149,"2026-03-28 00:00:00",72.81,5.00,"2026-03-28 00:00:00","2026-04-16 11:56:29"
349,88,"2025-09-21 00:00:00",199.39,0.00,"2025-09-21 00:00:00","2026-04-16 11:56:29"
350,80,"2025-03-16 00:00:00",132.30,0.00,"2025-03-16 00:00:00","2026-04-16 11:56:29"
351,185,"2023-11-04 00:00:00",70.05,5.00,"2023-11-04 00:00:00","2026-04-16 11:56:29"
352,55,"2026-03-24 00:00:00",149.32,0.00,"2026-03-24 00:00:00","2026-04-16 11:56:29"
353,101,"2024-10-06 00:00:00",283.76,0.00,"2024-10-06 00:00:00","2026-04-16 11:56:29"
354,25,"2025-12-18 00:00:00",130.75,0.00,"2025-12-18 00:00:00","2026-04-16 11:56:29"
355,128,"2023-08-22 00:00:00",66.34,5.00,"2023-08-22 00:00:00","2026-04-16 11:56:29"
356,19,"2026-03-21 00:00:00",71.71,5.00,"2026-03-21 00:00:00","2026-04-16 11:56:29"
357,147,"2023-03-02 00:00:00",173.18,0.00,"2023-03-02 00:00:00","2026-04-16 11:56:29"
358,153,"2021-10-17 00:00:00",38.96,10.00,"2021-10-17 00:00:00","2026-04-16 11:56:29"
359,52,"2026-01-14 00:00:00",32.99,10.00,"2026-01-14 00:00:00","2026-04-16 11:56:29"
360,194,"2023-08-23 00:00:00",166.17,0.00,"2023-08-23 00:00:00","2026-04-16 11:56:29"
361,173,"2026-03-07 00:00:00",30.05,10.00,"2026-03-07 00:00:00","2026-04-16 11:56:29"
362,299,"2022-11-17 00:00:00",44.64,10.00,"2022-11-17 00:00:00","2026-04-16 11:56:29"
363,147,"2023-08-13 00:00:00",71.34,5.00,"2023-08-13 00:00:00","2026-04-16 11:56:29"
364,78,"2026-02-10 00:00:00",55.98,5.00,"2026-02-10 00:00:00","2026-04-16 11:56:29"
365,175,"2025-01-15 00:00:00",223.70,0.00,"2025-01-15 00:00:00","2026-04-16 11:56:29"
366,139,"2025-08-09 00:00:00",95.34,0.00,"2025-08-09 00:00:00","2026-04-16 11:56:29"
367,19,"2026-01-24 00:00:00",27.95,10.00,"2026-01-24 00:00:00","2026-04-16 11:56:29"
368,136,"2024-10-27 00:00:00",70.40,5.00,"2024-10-27 00:00:00","2026-04-16 11:56:29"
369,123,"2025-12-27 00:00:00",204.59,0.00,"2025-12-27 00:00:00","2026-04-16 11:56:29"
370,186,"2026-02-04 00:00:00",72.47,5.00,"2026-02-04 00:00:00","2026-04-16 11:56:29"
371,154,"2026-01-29 00:00:00",359.73,0.00,"2026-01-29 00:00:00","2026-04-16 11:56:29"
372,127,"2026-01-12 00:00:00",35.30,10.00,"2026-01-12 00:00:00","2026-04-16 11:56:29"
373,199,"2023-10-14 00:00:00",57.43,5.00,"2023-10-14 00:00:00","2026-04-16 11:56:29"
374,170,"2026-02-15 00:00:00",123.72,0.00,"2026-02-15 00:00:00","2026-04-16 11:56:29"
375,188,"2025-12-27 00:00:00",121.09,0.00,"2025-12-27 00:00:00","2026-04-16 11:56:29"
376,14,"2020-03-09 00:00:00",120.26,0.00,"2020-03-09 00:00:00","2026-04-16 11:56:29"
377,57,"2025-06-08 00:00:00",56.63,5.00,"2025-06-08 00:00:00","2026-04-16 11:56:29"
378,62,"2024-11-10 00:00:00",51.95,5.00,"2024-11-10 00:00:00","2026-04-16 11:56:29"
379,23,"2025-10-05 00:00:00",288.41,0.00,"2025-10-05 00:00:00","2026-04-16 11:56:29"
380,112,"2026-03-07 00:00:00",148.89,0.00,"2026-03-07 00:00:00","2026-04-16 11:56:29"
381,160,"2025-08-26 00:00:00",211.91,0.00,"2025-08-26 00:00:00","2026-04-16 11:56:29"
382,208,"2020-09-13 00:00:00",289.35,0.00,"2020-09-13 00:00:00","2026-04-16 11:56:29"
383,263,"2020-01-31 00:00:00",162.86,0.00,"2020-01-31 00:00:00","2026-04-16 11:56:29"
384,78,"2026-03-19 00:00:00",189.76,0.00,"2026-03-19 00:00:00","2026-04-16 11:56:29"
385,134,"2021-06-09 00:00:00",128.28,0.00,"2021-06-09 00:00:00","2026-04-16 11:56:29"
386,146,"2024-10-21 00:00:00",153.79,0.00,"2024-10-21 00:00:00","2026-04-16 11:56:29"
387,199,"2024-11-02 00:00:00",167.82,0.00,"2024-11-02 00:00:00","2026-04-16 11:56:29"
388,58,"2022-09-10 00:00:00",482.72,0.00,"2022-09-10 00:00:00","2026-04-16 11:56:29"
389,31,"2020-09-06 00:00:00",67.31,5.00,"2020-09-06 00:00:00","2026-04-16 11:56:29"
390,189,"2025-12-09 00:00:00",157.84,0.00,"2025-12-09 00:00:00","2026-04-16 11:56:29"
391,114,"2022-04-25 00:00:00",38.60,10.00,"2022-04-25 00:00:00","2026-04-16 11:56:29"
392,59,"2026-03-08 00:00:00",34.10,10.00,"2026-03-08 00:00:00","2026-04-16 11:56:29"
393,83,"2025-12-17 00:00:00",83.25,0.00,"2025-12-17 00:00:00","2026-04-16 11:56:29"
394,199,"2025-04-22 00:00:00",83.73,0.00,"2025-04-22 00:00:00","2026-04-16 11:56:29"
395,257,"2025-04-23 00:00:00",148.26,0.00,"2025-04-23 00:00:00","2026-04-16 11:56:29"
396,164,"2025-05-26 00:00:00",196.58,0.00,"2025-05-26 00:00:00","2026-04-16 11:56:29"
397,212,"2022-12-26 00:00:00",281.47,0.00,"2022-12-26 00:00:00","2026-04-16 11:56:29"
398,222,"2025-06-30 00:00:00",89.39,0.00,"2025-06-30 00:00:00","2026-04-16 11:56:29"
399,124,"2023-11-18 00:00:00",14.25,25.00,"2023-11-18 00:00:00","2026-04-16 11:56:29"
400,104,"2024-06-17 00:00:00",104.46,0.00,"2024-06-17 00:00:00","2026-04-16 11:56:29"
401,180,"2025-02-11 00:00:00",236.17,0.00,"2025-02-11 00:00:00","2026-04-16 11:56:29"
402,232,"2025-08-04 00:00:00",15.90,25.00,"2025-08-04 00:00:00","2026-04-16 11:56:29"
403,86,"2021-07-20 00:00:00",103.50,0.00,"2021-07-20 00:00:00","2026-04-16 11:56:29"
404,298,"2025-12-13 00:00:00",351.11,0.00,"2025-12-13 00:00:00","2026-04-16 11:56:29"
405,236,"2023-01-04 00:00:00",153.58,0.00,"2023-01-04 00:00:00","2026-04-16 11:56:29"
406,33,"2026-03-30 00:00:00",228.87,0.00,"2026-03-30 00:00:00","2026-04-16 11:56:29"
407,128,"2023-07-30 00:00:00",46.24,10.00,"2023-07-30 00:00:00","2026-04-16 11:56:29"
408,182,"2025-12-30 00:00:00",204.50,0.00,"2025-12-30 00:00:00","2026-04-16 11:56:29"
409,135,"2026-02-22 00:00:00",116.12,0.00,"2026-02-22 00:00:00","2026-04-16 11:56:29"
410,56,"2024-08-12 00:00:00",185.82,0.00,"2024-08-12 00:00:00","2026-04-16 11:56:29"
411,194,"2022-02-18 00:00:00",121.65,0.00,"2022-02-18 00:00:00","2026-04-16 11:56:29"
412,100,"2024-06-23 00:00:00",79.28,0.00,"2024-06-23 00:00:00","2026-04-16 11:56:29"
413,287,"2022-01-07 00:00:00",49.17,10.00,"2022-01-07 00:00:00","2026-04-16 11:56:29"
414,145,"2025-04-22 00:00:00",150.79,0.00,"2025-04-22 00:00:00","2026-04-16 11:56:29"
415,55,"2024-11-02 00:00:00",193.82,0.00,"2024-11-02 00:00:00","2026-04-16 11:56:29"
416,279,"2022-10-01 00:00:00",308.11,0.00,"2022-10-01 00:00:00","2026-04-16 11:56:29"
417,237,"2026-03-13 00:00:00",177.42,0.00,"2026-03-13 00:00:00","2026-04-16 11:56:29"
418,48,"2026-04-09 00:00:00",54.48,5.00,"2026-04-09 00:00:00","2026-04-16 11:56:29"
419,245,"2025-05-19 00:00:00",171.39,0.00,"2025-05-19 00:00:00","2026-04-16 11:56:29"
420,295,"2026-01-19 00:00:00",6.85,25.00,"2026-01-19 00:00:00","2026-04-16 11:56:29"
421,73,"2024-09-29 00:00:00",20.24,25.00,"2024-09-29 00:00:00","2026-04-16 11:56:29"
422,141,"2025-01-04 00:00:00",219.49,0.00,"2025-01-04 00:00:00","2026-04-16 11:56:29"
423,279,"2024-09-01 00:00:00",106.76,0.00,"2024-09-01 00:00:00","2026-04-16 11:56:29"
424,123,"2024-01-04 00:00:00",161.64,0.00,"2024-01-04 00:00:00","2026-04-16 11:56:29"
425,153,"2021-10-19 00:00:00",140.11,0.00,"2021-10-19 00:00:00","2026-04-16 11:56:29"
426,157,"2021-09-26 00:00:00",60.87,5.00,"2021-09-26 00:00:00","2026-04-16 11:56:29"
427,64,"2025-08-05 00:00:00",128.65,0.00,"2025-08-05 00:00:00","2026-04-16 11:56:29"
428,253,"2024-12-09 00:00:00",142.26,0.00,"2024-12-09 00:00:00","2026-04-16 11:56:29"
429,239,"2025-10-09 00:00:00",57.30,5.00,"2025-10-09 00:00:00","2026-04-16 11:56:29"
430,133,"2024-02-24 00:00:00",73.11,5.00,"2024-02-24 00:00:00","2026-04-16 11:56:29"
431,206,"2024-01-17 00:00:00",25.72,10.00,"2024-01-17 00:00:00","2026-04-16 11:56:29"
432,274,"2021-10-10 00:00:00",87.55,0.00,"2021-10-10 00:00:00","2026-04-16 11:56:29"
433,262,"2023-07-30 00:00:00",81.86,0.00,"2023-07-30 00:00:00","2026-04-16 11:56:29"
434,2,"2025-05-15 00:00:00",325.11,0.00,"2025-05-15 00:00:00","2026-04-16 11:56:29"
435,294,"2024-12-02 00:00:00",48.20,10.00,"2024-12-02 00:00:00","2026-04-16 11:56:29"
436,73,"2025-05-10 00:00:00",138.42,0.00,"2025-05-10 00:00:00","2026-04-16 11:56:29"
437,137,"2026-03-16 00:00:00",76.40,0.00,"2026-03-16 00:00:00","2026-04-16 11:56:29"
438,44,"2026-04-04 00:00:00",22.25,25.00,"2026-04-04 00:00:00","2026-04-16 11:56:29"
439,181,"2023-05-30 00:00:00",144.46,0.00,"2023-05-30 00:00:00","2026-04-16 11:56:29"
440,94,"2024-12-17 00:00:00",138.65,0.00,"2024-12-17 00:00:00","2026-04-16 11:56:29"
441,177,"2024-01-11 00:00:00",83.34,0.00,"2024-01-11 00:00:00","2026-04-16 11:56:29"
442,22,"2024-07-31 00:00:00",99.32,0.00,"2024-07-31 00:00:00","2026-04-16 11:56:29"
443,61,"2026-04-05 00:00:00",211.22,0.00,"2026-04-05 00:00:00","2026-04-16 11:56:29"
444,54,"2024-02-15 00:00:00",162.32,0.00,"2024-02-15 00:00:00","2026-04-16 11:56:29"
445,69,"2026-02-07 00:00:00",72.69,5.00,"2026-02-07 00:00:00","2026-04-16 11:56:29"
446,286,"2023-12-13 00:00:00",160.76,0.00,"2023-12-13 00:00:00","2026-04-16 11:56:29"
447,161,"2025-05-09 00:00:00",280.43,0.00,"2025-05-09 00:00:00","2026-04-16 11:56:29"
448,157,"2020-11-19 00:00:00",96.94,0.00,"2020-11-19 00:00:00","2026-04-16 11:56:29"
449,248,"2024-07-25 00:00:00",56.54,5.00,"2024-07-25 00:00:00","2026-04-16 11:56:29"
450,214,"2026-02-02 00:00:00",31.46,10.00,"2026-02-02 00:00:00","2026-04-16 11:56:29"
451,48,"2025-07-02 00:00:00",8.18,25.00,"2025-07-02 00:00:00","2026-04-16 11:56:29"
452,169,"2025-03-16 00:00:00",122.61,0.00,"2025-03-16 00:00:00","2026-04-16 11:56:29"
453,158,"2025-12-04 00:00:00",264.36,0.00,"2025-12-04 00:00:00","2026-04-16 11:56:29"
454,45,"2022-02-19 00:00:00",67.09,5.00,"2022-02-19 00:00:00","2026-04-16 11:56:29"
455,249,"2025-01-13 00:00:00",99.99,0.00,"2025-01-13 00:00:00","2026-04-16 11:56:29"
456,294,"2024-10-14 00:00:00",10.30,25.00,"2024-10-14 00:00:00","2026-04-16 11:56:29"
457,184,"2026-04-03 00:00:00",94.58,0.00,"2026-04-03 00:00:00","2026-04-16 11:56:29"
458,292,"2023-01-01 00:00:00",77.69,0.00,"2023-01-01 00:00:00","2026-04-16 11:56:29"
459,56,"2025-09-01 00:00:00",23.76,25.00,"2025-09-01 00:00:00","2026-04-16 11:56:29"
460,244,"2025-12-14 00:00:00",74.45,5.00,"2025-12-14 00:00:00","2026-04-16 11:56:29"
461,81,"2024-05-27 00:00:00",76.95,0.00,"2024-05-27 00:00:00","2026-04-16 11:56:29"
462,74,"2022-01-05 00:00:00",183.41,0.00,"2022-01-05 00:00:00","2026-04-16 11:56:29"
463,99,"2025-10-11 00:00:00",45.24,10.00,"2025-10-11 00:00:00","2026-04-16 11:56:29"
464,159,"2025-10-29 00:00:00",112.82,0.00,"2025-10-29 00:00:00","2026-04-16 11:56:29"
465,98,"2025-11-27 00:00:00",17.72,25.00,"2025-11-27 00:00:00","2026-04-16 11:56:29"
466,39,"2022-11-10 00:00:00",109.01,0.00,"2022-11-10 00:00:00","2026-04-16 11:56:29"
467,152,"2025-04-17 00:00:00",220.20,0.00,"2025-04-17 00:00:00","2026-04-16 11:56:29"
468,255,"2020-12-06 00:00:00",132.54,0.00,"2020-12-06 00:00:00","2026-04-16 11:56:29"
469,46,"2025-12-08 00:00:00",74.37,5.00,"2025-12-08 00:00:00","2026-04-16 11:56:29"
470,168,"2024-02-15 00:00:00",129.09,0.00,"2024-02-15 00:00:00","2026-04-16 11:56:29"
471,267,"2023-10-19 00:00:00",122.49,0.00,"2023-10-19 00:00:00","2026-04-16 11:56:29"
472,134,"2023-12-15 00:00:00",68.54,5.00,"2023-12-15 00:00:00","2026-04-16 11:56:29"
473,240,"2025-12-23 00:00:00",111.37,0.00,"2025-12-23 00:00:00","2026-04-16 11:56:29"
474,202,"2025-06-09 00:00:00",249.20,0.00,"2025-06-09 00:00:00","2026-04-16 11:56:29"
475,61,"2025-03-16 00:00:00",36.39,10.00,"2025-03-16 00:00:00","2026-04-16 11:56:29"
476,172,"2025-08-16 00:00:00",105.41,0.00,"2025-08-16 00:00:00","2026-04-16 11:56:29"
477,114,"2026-03-13 00:00:00",71.62,5.00,"2026-03-13 00:00:00","2026-04-16 11:56:29"
478,126,"2022-11-29 00:00:00",260.65,0.00,"2022-11-29 00:00:00","2026-04-16 11:56:29"
479,115,"2024-09-04 00:00:00",54.17,5.00,"2024-09-04 00:00:00","2026-04-16 11:56:29"
480,78,"2026-03-17 00:00:00",211.77,0.00,"2026-03-17 00:00:00","2026-04-16 11:56:29"
481,103,"2022-10-01 00:00:00",19.17,25.00,"2022-10-01 00:00:00","2026-04-16 11:56:29"
482,172,"2023-12-02 00:00:00",308.44,0.00,"2023-12-02 00:00:00","2026-04-16 11:56:29"
483,112,"2023-04-05 00:00:00",55.49,5.00,"2023-04-05 00:00:00","2026-04-16 11:56:29"
484,118,"2021-12-16 00:00:00",163.20,0.00,"2021-12-16 00:00:00","2026-04-16 11:56:29"
485,152,"2024-12-24 00:00:00",202.06,0.00,"2024-12-24 00:00:00","2026-04-16 11:56:29"
486,269,"2026-01-15 00:00:00",39.90,10.00,"2026-01-15 00:00:00","2026-04-16 11:56:29"
487,14,"2021-08-08 00:00:00",54.31,5.00,"2021-08-08 00:00:00","2026-04-16 11:56:29"
488,241,"2025-03-26 00:00:00",254.56,0.00,"2025-03-26 00:00:00","2026-04-16 11:56:29"
489,127,"2026-03-28 00:00:00",44.28,10.00,"2026-03-28 00:00:00","2026-04-16 11:56:29"
490,293,"2026-02-16 00:00:00",260.64,0.00,"2026-02-16 00:00:00","2026-04-16 11:56:29"
491,148,"2025-12-28 00:00:00",38.62,10.00,"2025-12-28 00:00:00","2026-04-16 11:56:29"
492,117,"2026-04-08 00:00:00",232.21,0.00,"2026-04-08 00:00:00","2026-04-16 11:56:29"
493,110,"2025-11-01 00:00:00",94.32,0.00,"2025-11-01 00:00:00","2026-04-16 11:56:29"
494,241,"2026-03-16 00:00:00",25.24,10.00,"2026-03-16 00:00:00","2026-04-16 11:56:29"
495,49,"2024-09-14 00:00:00",228.92,0.00,"2024-09-14 00:00:00","2026-04-16 11:56:29"
496,126,"2022-05-03 00:00:00",129.15,0.00,"2022-05-03 00:00:00","2026-04-16 11:56:29"
497,150,"2026-04-06 00:00:00",310.69,0.00,"2026-04-06 00:00:00","2026-04-16 11:56:29"
498,210,"2025-09-05 00:00:00",238.14,0.00,"2025-09-05 00:00:00","2026-04-16 11:56:29"
499,68,"2026-03-31 00:00:00",61.80,5.00,"2026-03-31 00:00:00","2026-04-16 11:56:29"
500,61,"2025-11-24 00:00:00",175.64,0.00,"2025-11-24 00:00:00","2026-04-16 11:56:29"
501,181,"2023-09-25 00:00:00",201.58,0.00,"2023-09-25 00:00:00","2026-04-16 11:56:29"
502,272,"2023-09-27 00:00:00",231.60,0.00,"2023-09-27 00:00:00","2026-04-16 11:56:29"
503,101,"2026-01-15 00:00:00",140.32,0.00,"2026-01-15 00:00:00","2026-04-16 11:56:29"
504,69,"2024-03-10 00:00:00",58.48,5.00,"2024-03-10 00:00:00","2026-04-16 11:56:29"
505,225,"2026-02-09 00:00:00",171.20,0.00,"2026-02-09 00:00:00","2026-04-16 11:56:29"
506,59,"2022-06-04 00:00:00",169.95,0.00,"2022-06-04 00:00:00","2026-04-16 11:56:29"
507,299,"2025-07-18 00:00:00",49.00,10.00,"2025-07-18 00:00:00","2026-04-16 11:56:29"
508,178,"2023-10-11 00:00:00",198.45,0.00,"2023-10-11 00:00:00","2026-04-16 11:56:29"
509,178,"2021-08-13 00:00:00",185.65,0.00,"2021-08-13 00:00:00","2026-04-16 11:56:29"
510,234,"2025-11-16 00:00:00",427.59,0.00,"2025-11-16 00:00:00","2026-04-16 11:56:29"
511,285,"2024-07-04 00:00:00",53.55,5.00,"2024-07-04 00:00:00","2026-04-16 11:56:29"
512,240,"2025-12-17 00:00:00",72.60,5.00,"2025-12-17 00:00:00","2026-04-16 11:56:29"
513,97,"2025-03-20 00:00:00",260.76,0.00,"2025-03-20 00:00:00","2026-04-16 11:56:29"
514,299,"2025-11-18 00:00:00",151.35,0.00,"2025-11-18 00:00:00","2026-04-16 11:56:29"
515,61,"2026-01-29 00:00:00",24.90,25.00,"2026-01-29 00:00:00","2026-04-16 11:56:29"
516,247,"2024-02-14 00:00:00",286.75,0.00,"2024-02-14 00:00:00","2026-04-16 11:56:29"
517,171,"2024-03-08 00:00:00",344.31,0.00,"2024-03-08 00:00:00","2026-04-16 11:56:29"
518,110,"2026-02-28 00:00:00",302.00,0.00,"2026-02-28 00:00:00","2026-04-16 11:56:29"
519,137,"2026-03-25 00:00:00",164.58,0.00,"2026-03-25 00:00:00","2026-04-16 11:56:29"
520,281,"2026-02-05 00:00:00",134.55,0.00,"2026-02-05 00:00:00","2026-04-16 11:56:29"
521,297,"2026-01-13 00:00:00",156.45,0.00,"2026-01-13 00:00:00","2026-04-16 11:56:29"
522,217,"2026-02-20 00:00:00",73.34,5.00,"2026-02-20 00:00:00","2026-04-16 11:56:29"
523,210,"2026-04-05 00:00:00",218.07,0.00,"2026-04-05 00:00:00","2026-04-16 11:56:29"
524,299,"2025-06-08 00:00:00",33.51,10.00,"2025-06-08 00:00:00","2026-04-16 11:56:29"
525,262,"2024-03-31 00:00:00",287.82,0.00,"2024-03-31 00:00:00","2026-04-16 11:56:29"
526,295,"2026-04-09 00:00:00",290.26,0.00,"2026-04-09 00:00:00","2026-04-16 11:56:29"
527,256,"2021-05-18 00:00:00",165.19,0.00,"2021-05-18 00:00:00","2026-04-16 11:56:29"
528,120,"2024-02-10 00:00:00",19.35,25.00,"2024-02-10 00:00:00","2026-04-16 11:56:29"
529,28,"2023-07-08 00:00:00",260.35,0.00,"2023-07-08 00:00:00","2026-04-16 11:56:29"
530,88,"2025-09-07 00:00:00",33.80,10.00,"2025-09-07 00:00:00","2026-04-16 11:56:29"
531,228,"2024-04-07 00:00:00",130.77,0.00,"2024-04-07 00:00:00","2026-04-16 11:56:29"
532,186,"2026-04-08 00:00:00",63.54,5.00,"2026-04-08 00:00:00","2026-04-16 11:56:29"
533,2,"2023-07-14 00:00:00",146.06,0.00,"2023-07-14 00:00:00","2026-04-16 11:56:29"
534,138,"2021-05-21 00:00:00",94.04,0.00,"2021-05-21 00:00:00","2026-04-16 11:56:29"
535,191,"2026-03-08 00:00:00",97.69,0.00,"2026-03-08 00:00:00","2026-04-16 11:56:29"
536,88,"2025-09-12 00:00:00",169.65,0.00,"2025-09-12 00:00:00","2026-04-16 11:56:29"
537,137,"2026-03-20 00:00:00",102.06,0.00,"2026-03-20 00:00:00","2026-04-16 11:56:29"
538,121,"2021-06-20 00:00:00",7.92,25.00,"2021-06-20 00:00:00","2026-04-16 11:56:29"
539,229,"2026-04-02 00:00:00",74.61,5.00,"2026-04-02 00:00:00","2026-04-16 11:56:29"
540,225,"2025-11-06 00:00:00",140.32,0.00,"2025-11-06 00:00:00","2026-04-16 11:56:29"
541,263,"2020-03-25 00:00:00",309.87,0.00,"2020-03-25 00:00:00","2026-04-16 11:56:29"
542,217,"2025-10-19 00:00:00",338.94,0.00,"2025-10-19 00:00:00","2026-04-16 11:56:29"
543,190,"2025-06-29 00:00:00",279.83,0.00,"2025-06-29 00:00:00","2026-04-16 11:56:29"
544,296,"2022-06-08 00:00:00",66.55,5.00,"2022-06-08 00:00:00","2026-04-16 11:56:29"
545,248,"2025-11-06 00:00:00",101.22,0.00,"2025-11-06 00:00:00","2026-04-16 11:56:29"
546,249,"2025-04-21 00:00:00",70.10,5.00,"2025-04-21 00:00:00","2026-04-16 11:56:29"
547,158,"2025-12-27 00:00:00",14.34,25.00,"2025-12-27 00:00:00","2026-04-16 11:56:29"
548,294,"2025-07-30 00:00:00",16.92,25.00,"2025-07-30 00:00:00","2026-04-16 11:56:29"
549,278,"2026-02-16 00:00:00",172.23,0.00,"2026-02-16 00:00:00","2026-04-16 11:56:29"
550,16,"2026-04-10 00:00:00",9.64,25.00,"2026-04-10 00:00:00","2026-04-16 11:56:29"
551,286,"2021-08-21 00:00:00",48.46,10.00,"2021-08-21 00:00:00","2026-04-16 11:56:29"
552,7,"2024-11-29 00:00:00",247.99,0.00,"2024-11-29 00:00:00","2026-04-16 11:56:29"
553,56,"2025-08-17 00:00:00",367.35,0.00,"2025-08-17 00:00:00","2026-04-16 11:56:29"
554,116,"2026-01-27 00:00:00",193.14,0.00,"2026-01-27 00:00:00","2026-04-16 11:56:29"
555,155,"2026-01-07 00:00:00",281.64,0.00,"2026-01-07 00:00:00","2026-04-16 11:56:29"
556,293,"2025-11-12 00:00:00",77.22,0.00,"2025-11-12 00:00:00","2026-04-16 11:56:29"
557,90,"2025-09-28 00:00:00",139.35,0.00,"2025-09-28 00:00:00","2026-04-16 11:56:29"
558,130,"2025-11-10 00:00:00",321.29,0.00,"2025-11-10 00:00:00","2026-04-16 11:56:29"
559,138,"2021-08-18 00:00:00",231.43,0.00,"2021-08-18 00:00:00","2026-04-16 11:56:29"
560,172,"2025-03-17 00:00:00",187.35,0.00,"2025-03-17 00:00:00","2026-04-16 11:56:29"
561,10,"2025-07-14 00:00:00",147.38,0.00,"2025-07-14 00:00:00","2026-04-16 11:56:29"
562,66,"2025-07-05 00:00:00",70.99,5.00,"2025-07-05 00:00:00","2026-04-16 11:56:29"
563,243,"2024-07-23 00:00:00",167.99,0.00,"2024-07-23 00:00:00","2026-04-16 11:56:29"
564,183,"2024-07-23 00:00:00",67.49,5.00,"2024-07-23 00:00:00","2026-04-16 11:56:29"
565,1,"2026-03-22 00:00:00",46.12,10.00,"2026-03-22 00:00:00","2026-04-16 11:56:29"
566,148,"2025-11-28 00:00:00",359.16,0.00,"2025-11-28 00:00:00","2026-04-16 11:56:29"
567,155,"2026-03-17 00:00:00",159.25,0.00,"2026-03-17 00:00:00","2026-04-16 11:56:29"
568,28,"2023-12-09 00:00:00",266.02,0.00,"2023-12-09 00:00:00","2026-04-16 11:56:29"
569,93,"2025-10-16 00:00:00",85.77,0.00,"2025-10-16 00:00:00","2026-04-16 11:56:29"
570,109,"2022-09-25 00:00:00",153.07,0.00,"2022-09-25 00:00:00","2026-04-16 11:56:29"
571,35,"2021-05-02 00:00:00",206.98,0.00,"2021-05-02 00:00:00","2026-04-16 11:56:29"
572,70,"2025-09-19 00:00:00",18.11,25.00,"2025-09-19 00:00:00","2026-04-16 11:56:29"
573,185,"2025-03-29 00:00:00",27.62,10.00,"2025-03-29 00:00:00","2026-04-16 11:56:29"
574,50,"2024-01-08 00:00:00",238.82,0.00,"2024-01-08 00:00:00","2026-04-16 11:56:29"
575,7,"2025-08-13 00:00:00",189.97,0.00,"2025-08-13 00:00:00","2026-04-16 11:56:29"
576,198,"2026-02-04 00:00:00",149.06,0.00,"2026-02-04 00:00:00","2026-04-16 11:56:29"
577,169,"2024-06-08 00:00:00",367.48,0.00,"2024-06-08 00:00:00","2026-04-16 11:56:29"
578,80,"2026-04-02 00:00:00",212.31,0.00,"2026-04-02 00:00:00","2026-04-16 11:56:29"
579,38,"2024-11-17 00:00:00",306.79,0.00,"2024-11-17 00:00:00","2026-04-16 11:56:29"
580,33,"2026-04-11 00:00:00",6.05,25.00,"2026-04-11 00:00:00","2026-04-16 11:56:29"
581,59,"2025-12-26 00:00:00",67.59,5.00,"2025-12-26 00:00:00","2026-04-16 11:56:29"
582,298,"2023-11-19 00:00:00",368.38,0.00,"2023-11-19 00:00:00","2026-04-16 11:56:29"
583,123,"2023-07-25 00:00:00",51.94,5.00,"2023-07-25 00:00:00","2026-04-16 11:56:29"
584,124,"2022-06-15 00:00:00",55.84,5.00,"2022-06-15 00:00:00","2026-04-16 11:56:29"
585,84,"2025-06-20 00:00:00",84.85,0.00,"2025-06-20 00:00:00","2026-04-16 11:56:29"
586,65,"2025-07-11 00:00:00",273.45,0.00,"2025-07-11 00:00:00","2026-04-16 11:56:29"
587,272,"2025-01-27 00:00:00",102.15,0.00,"2025-01-27 00:00:00","2026-04-16 11:56:29"
588,90,"2025-11-30 00:00:00",319.33,0.00,"2025-11-30 00:00:00","2026-04-16 11:56:29"
589,294,"2025-10-29 00:00:00",28.74,10.00,"2025-10-29 00:00:00","2026-04-16 11:56:29"
590,137,"2025-12-26 00:00:00",29.80,10.00,"2025-12-26 00:00:00","2026-04-16 11:56:29"
591,221,"2024-09-03 00:00:00",127.29,0.00,"2024-09-03 00:00:00","2026-04-16 11:56:29"
592,159,"2026-02-03 00:00:00",36.70,10.00,"2026-02-03 00:00:00","2026-04-16 11:56:29"
593,190,"2025-02-26 00:00:00",246.08,0.00,"2025-02-26 00:00:00","2026-04-16 11:56:29"
594,177,"2024-07-07 00:00:00",73.00,5.00,"2024-07-07 00:00:00","2026-04-16 11:56:29"
595,122,"2025-11-24 00:00:00",28.48,10.00,"2025-11-24 00:00:00","2026-04-16 11:56:29"
596,142,"2026-02-11 00:00:00",44.29,10.00,"2026-02-11 00:00:00","2026-04-16 11:56:29"
597,104,"2023-04-15 00:00:00",125.27,0.00,"2023-04-15 00:00:00","2026-04-16 11:56:29"
598,9,"2023-01-07 00:00:00",37.88,10.00,"2023-01-07 00:00:00","2026-04-16 11:56:29"
599,149,"2026-04-10 00:00:00",10.29,25.00,"2026-04-10 00:00:00","2026-04-16 11:56:29"
600,54,"2025-12-04 00:00:00",206.76,0.00,"2025-12-04 00:00:00","2026-04-16 11:56:29"
601,107,"2024-10-06 00:00:00",429.03,0.00,"2024-10-06 00:00:00","2026-04-16 11:56:29"
602,77,"2024-10-29 00:00:00",45.64,10.00,"2024-10-29 00:00:00","2026-04-16 11:56:29"
603,142,"2025-06-20 00:00:00",150.48,0.00,"2025-06-20 00:00:00","2026-04-16 11:56:29"
604,215,"2026-01-16 00:00:00",138.73,0.00,"2026-01-16 00:00:00","2026-04-16 11:56:29"
605,243,"2025-07-27 00:00:00",118.83,0.00,"2025-07-27 00:00:00","2026-04-16 11:56:29"
606,45,"2022-10-19 00:00:00",94.57,0.00,"2022-10-19 00:00:00","2026-04-16 11:56:29"
607,226,"2024-04-26 00:00:00",106.11,0.00,"2024-04-26 00:00:00","2026-04-16 11:56:29"
608,169,"2023-11-22 00:00:00",278.31,0.00,"2023-11-22 00:00:00","2026-04-16 11:56:29"
609,130,"2025-07-27 00:00:00",120.49,0.00,"2025-07-27 00:00:00","2026-04-16 11:56:29"
610,179,"2023-08-19 00:00:00",116.07,0.00,"2023-08-19 00:00:00","2026-04-16 11:56:29"
611,92,"2026-04-14 00:00:00",76.24,0.00,"2026-04-14 00:00:00","2026-04-16 11:56:29"
612,133,"2024-12-19 00:00:00",8.63,25.00,"2024-12-19 00:00:00","2026-04-16 11:56:29"
613,101,"2026-03-14 00:00:00",114.94,0.00,"2026-03-14 00:00:00","2026-04-16 11:56:29"
614,150,"2026-02-17 00:00:00",67.06,5.00,"2026-02-17 00:00:00","2026-04-16 11:56:29"
615,149,"2026-02-23 00:00:00",112.13,0.00,"2026-02-23 00:00:00","2026-04-16 11:56:29"
616,103,"2022-07-03 00:00:00",188.98,0.00,"2022-07-03 00:00:00","2026-04-16 11:56:29"
617,236,"2024-10-22 00:00:00",208.88,0.00,"2024-10-22 00:00:00","2026-04-16 11:56:29"
618,290,"2021-07-23 00:00:00",15.13,25.00,"2021-07-23 00:00:00","2026-04-16 11:56:29"
619,204,"2025-10-20 00:00:00",77.51,0.00,"2025-10-20 00:00:00","2026-04-16 11:56:29"
620,283,"2021-12-12 00:00:00",19.76,25.00,"2021-12-12 00:00:00","2026-04-16 11:56:29"
621,285,"2023-12-31 00:00:00",125.75,0.00,"2023-12-31 00:00:00","2026-04-16 11:56:29"
622,243,"2025-03-08 00:00:00",77.46,0.00,"2025-03-08 00:00:00","2026-04-16 11:56:29"
623,255,"2022-09-25 00:00:00",235.00,0.00,"2022-09-25 00:00:00","2026-04-16 11:56:29"
624,281,"2026-03-01 00:00:00",175.55,0.00,"2026-03-01 00:00:00","2026-04-16 11:56:29"
625,4,"2024-12-01 00:00:00",55.47,5.00,"2024-12-01 00:00:00","2026-04-16 11:56:29"
626,298,"2025-10-23 00:00:00",32.23,10.00,"2025-10-23 00:00:00","2026-04-16 11:56:29"
627,137,"2026-04-08 00:00:00",201.66,0.00,"2026-04-08 00:00:00","2026-04-16 11:56:29"
628,203,"2024-12-28 00:00:00",19.24,25.00,"2024-12-28 00:00:00","2026-04-16 11:56:29"
629,257,"2026-01-29 00:00:00",103.36,0.00,"2026-01-29 00:00:00","2026-04-16 11:56:29"
630,188,"2026-02-06 00:00:00",81.40,0.00,"2026-02-06 00:00:00","2026-04-16 11:56:29"
631,127,"2026-02-26 00:00:00",4.80,25.00,"2026-02-26 00:00:00","2026-04-16 11:56:29"
632,130,"2025-09-20 00:00:00",106.07,0.00,"2025-09-20 00:00:00","2026-04-16 11:56:29"
633,273,"2021-10-20 00:00:00",132.73,0.00,"2021-10-20 00:00:00","2026-04-16 11:56:29"
634,197,"2026-02-16 00:00:00",68.65,5.00,"2026-02-16 00:00:00","2026-04-16 11:56:29"
635,130,"2025-02-10 00:00:00",103.86,0.00,"2025-02-10 00:00:00","2026-04-16 11:56:29"
636,54,"2025-01-27 00:00:00",107.51,0.00,"2025-01-27 00:00:00","2026-04-16 11:56:29"
637,121,"2021-11-04 00:00:00",171.51,0.00,"2021-11-04 00:00:00","2026-04-16 11:56:29"
638,119,"2025-06-11 00:00:00",24.39,25.00,"2025-06-11 00:00:00","2026-04-16 11:56:29"
639,172,"2024-08-07 00:00:00",38.87,10.00,"2024-08-07 00:00:00","2026-04-16 11:56:29"
640,88,"2025-12-12 00:00:00",56.89,5.00,"2025-12-12 00:00:00","2026-04-16 11:56:29"
641,103,"2023-07-24 00:00:00",130.21,0.00,"2023-07-24 00:00:00","2026-04-16 11:56:29"
642,7,"2025-12-30 00:00:00",154.72,0.00,"2025-12-30 00:00:00","2026-04-16 11:56:29"
643,97,"2025-07-02 00:00:00",224.31,0.00,"2025-07-02 00:00:00","2026-04-16 11:56:29"
644,146,"2023-06-08 00:00:00",215.95,0.00,"2023-06-08 00:00:00","2026-04-16 11:56:29"
645,115,"2024-01-08 00:00:00",75.00,0.00,"2024-01-08 00:00:00","2026-04-16 11:56:29"
646,75,"2026-02-01 00:00:00",8.47,25.00,"2026-02-01 00:00:00","2026-04-16 11:56:29"
647,276,"2026-03-18 00:00:00",65.38,5.00,"2026-03-18 00:00:00","2026-04-16 11:56:29"
648,82,"2025-04-14 00:00:00",26.87,10.00,"2025-04-14 00:00:00","2026-04-16 11:56:29"
649,20,"2020-06-20 00:00:00",173.04,0.00,"2020-06-20 00:00:00","2026-04-16 11:56:29"
650,205,"2024-01-26 00:00:00",223.92,0.00,"2024-01-26 00:00:00","2026-04-16 11:56:29"
651,124,"2025-08-28 00:00:00",109.86,0.00,"2025-08-28 00:00:00","2026-04-16 11:56:29"
652,54,"2025-11-19 00:00:00",80.02,0.00,"2025-11-19 00:00:00","2026-04-16 11:56:29"
653,98,"2024-08-20 00:00:00",61.44,5.00,"2024-08-20 00:00:00","2026-04-16 11:56:29"
654,120,"2024-11-02 00:00:00",113.20,0.00,"2024-11-02 00:00:00","2026-04-16 11:56:29"
655,87,"2026-03-04 00:00:00",11.44,25.00,"2026-03-04 00:00:00","2026-04-16 11:56:29"
656,86,"2025-07-30 00:00:00",67.72,5.00,"2025-07-30 00:00:00","2026-04-16 11:56:29"
657,167,"2024-09-02 00:00:00",53.62,5.00,"2024-09-02 00:00:00","2026-04-16 11:56:29"
658,172,"2025-06-20 00:00:00",145.03,0.00,"2025-06-20 00:00:00","2026-04-16 11:56:29"
659,280,"2023-10-09 00:00:00",177.26,0.00,"2023-10-09 00:00:00","2026-04-16 11:56:29"
660,4,"2026-04-06 00:00:00",130.07,0.00,"2026-04-06 00:00:00","2026-04-16 11:56:29"
661,175,"2025-11-23 00:00:00",324.38,0.00,"2025-11-23 00:00:00","2026-04-16 11:56:29"
662,20,"2022-07-01 00:00:00",22.74,25.00,"2022-07-01 00:00:00","2026-04-16 11:56:29"
663,230,"2022-07-29 00:00:00",137.81,0.00,"2022-07-29 00:00:00","2026-04-16 11:56:29"
664,261,"2023-12-12 00:00:00",70.47,5.00,"2023-12-12 00:00:00","2026-04-16 11:56:29"
665,39,"2021-11-01 00:00:00",129.71,0.00,"2021-11-01 00:00:00","2026-04-16 11:56:29"
666,230,"2023-12-04 00:00:00",48.53,10.00,"2023-12-04 00:00:00","2026-04-16 11:56:29"
667,229,"2026-04-15 00:00:00",137.92,0.00,"2026-04-15 00:00:00","2026-04-16 11:56:29"
668,282,"2024-08-27 00:00:00",125.69,0.00,"2024-08-27 00:00:00","2026-04-16 11:56:29"
669,86,"2024-03-01 00:00:00",139.25,0.00,"2024-03-01 00:00:00","2026-04-16 11:56:29"
670,133,"2023-12-30 00:00:00",150.67,0.00,"2023-12-30 00:00:00","2026-04-16 11:56:29"
671,222,"2023-01-23 00:00:00",170.72,0.00,"2023-01-23 00:00:00","2026-04-16 11:56:29"
672,297,"2025-06-22 00:00:00",17.57,25.00,"2025-06-22 00:00:00","2026-04-16 11:56:29"
673,128,"2023-04-30 00:00:00",169.95,0.00,"2023-04-30 00:00:00","2026-04-16 11:56:29"
674,220,"2024-02-19 00:00:00",98.20,0.00,"2024-02-19 00:00:00","2026-04-16 11:56:29"
675,123,"2025-03-15 00:00:00",5.62,25.00,"2025-03-15 00:00:00","2026-04-16 11:56:29"
676,12,"2026-01-21 00:00:00",205.82,0.00,"2026-01-21 00:00:00","2026-04-16 11:56:29"
677,201,"2025-12-21 00:00:00",70.35,5.00,"2025-12-21 00:00:00","2026-04-16 11:56:29"
678,9,"2025-06-19 00:00:00",236.55,0.00,"2025-06-19 00:00:00","2026-04-16 11:56:29"
679,271,"2022-11-30 00:00:00",71.04,5.00,"2022-11-30 00:00:00","2026-04-16 11:56:29"
680,246,"2024-06-24 00:00:00",274.26,0.00,"2024-06-24 00:00:00","2026-04-16 11:56:29"
681,55,"2022-03-03 00:00:00",88.64,0.00,"2022-03-03 00:00:00","2026-04-16 11:56:29"
682,123,"2025-11-10 00:00:00",3.77,25.00,"2025-11-10 00:00:00","2026-04-16 11:56:29"
683,84,"2025-04-10 00:00:00",111.83,0.00,"2025-04-10 00:00:00","2026-04-16 11:56:29"
684,20,"2021-09-12 00:00:00",285.68,0.00,"2021-09-12 00:00:00","2026-04-16 11:56:29"
685,205,"2022-09-14 00:00:00",150.15,0.00,"2022-09-14 00:00:00","2026-04-16 11:56:29"
686,219,"2021-10-01 00:00:00",200.13,0.00,"2021-10-01 00:00:00","2026-04-16 11:56:29"
687,263,"2020-04-13 00:00:00",165.81,0.00,"2020-04-13 00:00:00","2026-04-16 11:56:29"
688,77,"2024-11-25 00:00:00",151.63,0.00,"2024-11-25 00:00:00","2026-04-16 11:56:29"
689,99,"2024-09-06 00:00:00",226.00,0.00,"2024-09-06 00:00:00","2026-04-16 11:56:29"
690,143,"2023-11-23 00:00:00",81.63,0.00,"2023-11-23 00:00:00","2026-04-16 11:56:29"
691,125,"2022-02-15 00:00:00",200.46,0.00,"2022-02-15 00:00:00","2026-04-16 11:56:29"
692,96,"2025-12-13 00:00:00",21.36,25.00,"2025-12-13 00:00:00","2026-04-16 11:56:29"
693,45,"2022-12-24 00:00:00",119.76,0.00,"2022-12-24 00:00:00","2026-04-16 11:56:29"
694,227,"2026-04-14 00:00:00",153.44,0.00,"2026-04-14 00:00:00","2026-04-16 11:56:29"
695,83,"2026-03-22 00:00:00",305.94,0.00,"2026-03-22 00:00:00","2026-04-16 11:56:29"
696,165,"2024-05-15 00:00:00",92.42,0.00,"2024-05-15 00:00:00","2026-04-16 11:56:29"
697,203,"2026-02-03 00:00:00",253.07,0.00,"2026-02-03 00:00:00","2026-04-16 11:56:29"
698,22,"2023-08-19 00:00:00",65.92,5.00,"2023-08-19 00:00:00","2026-04-16 11:56:29"
699,212,"2022-12-31 00:00:00",227.77,0.00,"2022-12-31 00:00:00","2026-04-16 11:56:29"
700,202,"2026-03-30 00:00:00",291.42,0.00,"2026-03-30 00:00:00","2026-04-16 11:56:29"
701,103,"2022-06-23 00:00:00",139.05,0.00,"2022-06-23 00:00:00","2026-04-16 11:56:29"
702,57,"2026-03-04 00:00:00",88.97,0.00,"2026-03-04 00:00:00","2026-04-16 11:56:29"
703,282,"2023-05-31 00:00:00",213.65,0.00,"2023-05-31 00:00:00","2026-04-16 11:56:29"
704,270,"2024-08-25 00:00:00",292.76,0.00,"2024-08-25 00:00:00","2026-04-16 11:56:29"
705,100,"2022-09-21 00:00:00",25.64,10.00,"2022-09-21 00:00:00","2026-04-16 11:56:29"
706,100,"2023-09-05 00:00:00",30.51,10.00,"2023-09-05 00:00:00","2026-04-16 11:56:29"
707,166,"2024-02-15 00:00:00",326.31,0.00,"2024-02-15 00:00:00","2026-04-16 11:56:30"
708,293,"2024-12-02 00:00:00",165.14,0.00,"2024-12-02 00:00:00","2026-04-16 11:56:30"
709,277,"2025-07-13 00:00:00",263.97,0.00,"2025-07-13 00:00:00","2026-04-16 11:56:30"
710,221,"2024-05-04 00:00:00",110.09,0.00,"2024-05-04 00:00:00","2026-04-16 11:56:30"
711,201,"2026-01-21 00:00:00",105.48,0.00,"2026-01-21 00:00:00","2026-04-16 11:56:30"
712,280,"2025-05-05 00:00:00",98.28,0.00,"2025-05-05 00:00:00","2026-04-16 11:56:30"
713,214,"2024-09-02 00:00:00",52.57,5.00,"2024-09-02 00:00:00","2026-04-16 11:56:30"
714,246,"2024-01-13 00:00:00",168.39,0.00,"2024-01-13 00:00:00","2026-04-16 11:56:30"
715,161,"2022-04-26 00:00:00",79.24,0.00,"2022-04-26 00:00:00","2026-04-16 11:56:30"
716,189,"2025-05-22 00:00:00",202.62,0.00,"2025-05-22 00:00:00","2026-04-16 11:56:30"
717,222,"2022-11-07 00:00:00",106.39,0.00,"2022-11-07 00:00:00","2026-04-16 11:56:30"
718,295,"2025-09-23 00:00:00",213.43,0.00,"2025-09-23 00:00:00","2026-04-16 11:56:30"
719,74,"2023-09-08 00:00:00",186.79,0.00,"2023-09-08 00:00:00","2026-04-16 11:56:30"
720,27,"2024-11-13 00:00:00",176.01,0.00,"2024-11-13 00:00:00","2026-04-16 11:56:30"
721,269,"2026-03-27 00:00:00",236.46,0.00,"2026-03-27 00:00:00","2026-04-16 11:56:30"
722,191,"2025-12-15 00:00:00",104.90,0.00,"2025-12-15 00:00:00","2026-04-16 11:56:30"
723,155,"2026-03-13 00:00:00",29.16,10.00,"2026-03-13 00:00:00","2026-04-16 11:56:30"
724,114,"2025-11-18 00:00:00",229.19,0.00,"2025-11-18 00:00:00","2026-04-16 11:56:30"
725,197,"2025-01-02 00:00:00",213.05,0.00,"2025-01-02 00:00:00","2026-04-16 11:56:30"
726,202,"2024-09-01 00:00:00",14.31,25.00,"2024-09-01 00:00:00","2026-04-16 11:56:30"
727,35,"2025-10-04 00:00:00",270.55,0.00,"2025-10-04 00:00:00","2026-04-16 11:56:30"
728,245,"2025-10-28 00:00:00",135.61,0.00,"2025-10-28 00:00:00","2026-04-16 11:56:30"
729,283,"2021-12-27 00:00:00",234.32,0.00,"2021-12-27 00:00:00","2026-04-16 11:56:30"
730,94,"2025-02-01 00:00:00",228.36,0.00,"2025-02-01 00:00:00","2026-04-16 11:56:30"
731,50,"2020-12-03 00:00:00",155.69,0.00,"2020-12-03 00:00:00","2026-04-16 11:56:30"
732,232,"2026-01-30 00:00:00",102.53,0.00,"2026-01-30 00:00:00","2026-04-16 11:56:30"
733,68,"2025-12-21 00:00:00",176.36,0.00,"2025-12-21 00:00:00","2026-04-16 11:56:30"
734,108,"2026-04-10 00:00:00",11.84,25.00,"2026-04-10 00:00:00","2026-04-16 11:56:30"
735,167,"2026-03-19 00:00:00",28.65,10.00,"2026-03-19 00:00:00","2026-04-16 11:56:30"
736,254,"2022-06-24 00:00:00",56.68,5.00,"2022-06-24 00:00:00","2026-04-16 11:56:30"
737,127,"2025-11-07 00:00:00",90.69,0.00,"2025-11-07 00:00:00","2026-04-16 11:56:30"
738,147,"2024-03-29 00:00:00",215.00,0.00,"2024-03-29 00:00:00","2026-04-16 11:56:30"
739,7,"2025-05-06 00:00:00",167.08,0.00,"2025-05-06 00:00:00","2026-04-16 11:56:30"
740,171,"2024-07-12 00:00:00",155.75,0.00,"2024-07-12 00:00:00","2026-04-16 11:56:30"
741,207,"2025-05-08 00:00:00",121.45,0.00,"2025-05-08 00:00:00","2026-04-16 11:56:30"
742,184,"2026-03-30 00:00:00",141.14,0.00,"2026-03-30 00:00:00","2026-04-16 11:56:30"
743,239,"2025-09-12 00:00:00",237.62,0.00,"2025-09-12 00:00:00","2026-04-16 11:56:30"
744,99,"2024-10-20 00:00:00",95.85,0.00,"2024-10-20 00:00:00","2026-04-16 11:56:30"
745,39,"2023-01-14 00:00:00",79.87,0.00,"2023-01-14 00:00:00","2026-04-16 11:56:30"
746,196,"2025-10-29 00:00:00",129.40,0.00,"2025-10-29 00:00:00","2026-04-16 11:56:30"
747,243,"2025-10-08 00:00:00",181.08,0.00,"2025-10-08 00:00:00","2026-04-16 11:56:30"
748,127,"2026-03-13 00:00:00",42.88,10.00,"2026-03-13 00:00:00","2026-04-16 11:56:30"
749,12,"2022-03-23 00:00:00",185.29,0.00,"2022-03-23 00:00:00","2026-04-16 11:56:30"
750,256,"2021-07-04 00:00:00",256.80,0.00,"2021-07-04 00:00:00","2026-04-16 11:56:30"
751,211,"2024-11-05 00:00:00",172.26,0.00,"2024-11-05 00:00:00","2026-04-16 11:56:30"
752,244,"2025-01-23 00:00:00",170.94,0.00,"2025-01-23 00:00:00","2026-04-16 11:56:30"
753,49,"2023-04-09 00:00:00",41.33,10.00,"2023-04-09 00:00:00","2026-04-16 11:56:30"
754,112,"2023-05-08 00:00:00",83.47,0.00,"2023-05-08 00:00:00","2026-04-16 11:56:30"
755,181,"2023-11-27 00:00:00",201.88,0.00,"2023-11-27 00:00:00","2026-04-16 11:56:30"
756,117,"2024-12-14 00:00:00",249.56,0.00,"2024-12-14 00:00:00","2026-04-16 11:56:30"
757,181,"2025-10-05 00:00:00",244.44,0.00,"2025-10-05 00:00:00","2026-04-16 11:56:30"
758,257,"2025-03-29 00:00:00",69.00,5.00,"2025-03-29 00:00:00","2026-04-16 11:56:30"
759,136,"2025-01-29 00:00:00",128.09,0.00,"2025-01-29 00:00:00","2026-04-16 11:56:30"
760,26,"2025-10-10 00:00:00",161.60,0.00,"2025-10-10 00:00:00","2026-04-16 11:56:30"
761,296,"2025-04-30 00:00:00",362.71,0.00,"2025-04-30 00:00:00","2026-04-16 11:56:30"
762,268,"2025-08-04 00:00:00",147.83,0.00,"2025-08-04 00:00:00","2026-04-16 11:56:30"
763,175,"2024-06-16 00:00:00",57.92,5.00,"2024-06-16 00:00:00","2026-04-16 11:56:30"
764,271,"2022-06-13 00:00:00",44.60,10.00,"2022-06-13 00:00:00","2026-04-16 11:56:30"
765,200,"2025-07-12 00:00:00",29.82,10.00,"2025-07-12 00:00:00","2026-04-16 11:56:30"
766,155,"2025-10-04 00:00:00",246.07,0.00,"2025-10-04 00:00:00","2026-04-16 11:56:30"
767,110,"2025-12-02 00:00:00",226.84,0.00,"2025-12-02 00:00:00","2026-04-16 11:56:30"
768,214,"2022-03-26 00:00:00",86.95,0.00,"2022-03-26 00:00:00","2026-04-16 11:56:30"
769,282,"2025-08-02 00:00:00",77.87,0.00,"2025-08-02 00:00:00","2026-04-16 11:56:30"
770,191,"2025-11-27 00:00:00",15.60,25.00,"2025-11-27 00:00:00","2026-04-16 11:56:30"
771,39,"2021-07-29 00:00:00",169.51,0.00,"2021-07-29 00:00:00","2026-04-16 11:56:30"
772,57,"2025-10-29 00:00:00",115.67,0.00,"2025-10-29 00:00:00","2026-04-16 11:56:30"
773,63,"2025-05-02 00:00:00",214.14,0.00,"2025-05-02 00:00:00","2026-04-16 11:56:30"
774,224,"2021-04-19 00:00:00",120.95,0.00,"2021-04-19 00:00:00","2026-04-16 11:56:30"
775,46,"2026-04-15 00:00:00",169.54,0.00,"2026-04-15 00:00:00","2026-04-16 11:56:30"
776,41,"2025-10-27 00:00:00",113.19,0.00,"2025-10-27 00:00:00","2026-04-16 11:56:30"
777,216,"2023-09-29 00:00:00",133.74,0.00,"2023-09-29 00:00:00","2026-04-16 11:56:30"
778,157,"2021-11-16 00:00:00",46.80,10.00,"2021-11-16 00:00:00","2026-04-16 11:56:30"
779,238,"2020-03-03 00:00:00",181.98,0.00,"2020-03-03 00:00:00","2026-04-16 11:56:30"
780,37,"2025-06-14 00:00:00",187.71,0.00,"2025-06-14 00:00:00","2026-04-16 11:56:30"
781,237,"2026-02-09 00:00:00",40.14,10.00,"2026-02-09 00:00:00","2026-04-16 11:56:30"
782,70,"2025-09-12 00:00:00",154.21,0.00,"2025-09-12 00:00:00","2026-04-16 11:56:30"
783,22,"2023-11-08 00:00:00",250.96,0.00,"2023-11-08 00:00:00","2026-04-16 11:56:30"
784,233,"2025-06-17 00:00:00",113.19,0.00,"2025-06-17 00:00:00","2026-04-16 11:56:30"
785,168,"2025-07-18 00:00:00",185.12,0.00,"2025-07-18 00:00:00","2026-04-16 11:56:30"
786,28,"2023-05-22 00:00:00",54.49,5.00,"2023-05-22 00:00:00","2026-04-16 11:56:30"
787,76,"2025-08-18 00:00:00",28.12,10.00,"2025-08-18 00:00:00","2026-04-16 11:56:30"
788,25,"2024-11-05 00:00:00",159.70,0.00,"2024-11-05 00:00:00","2026-04-16 11:56:30"
789,209,"2026-02-15 00:00:00",53.01,5.00,"2026-02-15 00:00:00","2026-04-16 11:56:30"
790,287,"2020-12-18 00:00:00",10.14,25.00,"2020-12-18 00:00:00","2026-04-16 11:56:30"
791,231,"2025-05-14 00:00:00",48.74,10.00,"2025-05-14 00:00:00","2026-04-16 11:56:30"
792,37,"2025-05-30 00:00:00",455.03,0.00,"2025-05-30 00:00:00","2026-04-16 11:56:30"
793,79,"2025-11-09 00:00:00",24.40,25.00,"2025-11-09 00:00:00","2026-04-16 11:56:30"
794,64,"2025-07-16 00:00:00",282.85,0.00,"2025-07-16 00:00:00","2026-04-16 11:56:30"
795,176,"2026-03-15 00:00:00",255.87,0.00,"2026-03-15 00:00:00","2026-04-16 11:56:30"
796,38,"2025-01-04 00:00:00",207.36,0.00,"2025-01-04 00:00:00","2026-04-16 11:56:30"
797,89,"2025-12-27 00:00:00",15.69,25.00,"2025-12-27 00:00:00","2026-04-16 11:56:30"
798,299,"2025-01-16 00:00:00",104.58,0.00,"2025-01-16 00:00:00","2026-04-16 11:56:30"
799,126,"2023-10-20 00:00:00",158.98,0.00,"2023-10-20 00:00:00","2026-04-16 11:56:30"
800,165,"2025-10-12 00:00:00",229.35,0.00,"2025-10-12 00:00:00","2026-04-16 11:56:30"
801,296,"2024-11-22 00:00:00",128.41,0.00,"2024-11-22 00:00:00","2026-04-16 11:56:30"
802,282,"2022-11-20 00:00:00",130.67,0.00,"2022-11-20 00:00:00","2026-04-16 11:56:30"
803,7,"2025-08-12 00:00:00",313.27,0.00,"2025-08-12 00:00:00","2026-04-16 11:56:30"
804,124,"2024-12-17 00:00:00",54.84,5.00,"2024-12-17 00:00:00","2026-04-16 11:56:30"
805,166,"2020-04-03 00:00:00",125.67,0.00,"2020-04-03 00:00:00","2026-04-16 11:56:30"
806,204,"2025-07-22 00:00:00",216.77,0.00,"2025-07-22 00:00:00","2026-04-16 11:56:30"
807,22,"2024-05-19 00:00:00",199.46,0.00,"2024-05-19 00:00:00","2026-04-16 11:56:30"
808,263,"2020-04-09 00:00:00",20.90,25.00,"2020-04-09 00:00:00","2026-04-16 11:56:30"
809,24,"2022-10-23 00:00:00",200.84,0.00,"2022-10-23 00:00:00","2026-04-16 11:56:30"
810,206,"2024-10-19 00:00:00",237.04,0.00,"2024-10-19 00:00:00","2026-04-16 11:56:30"
811,25,"2025-10-01 00:00:00",75.63,0.00,"2025-10-01 00:00:00","2026-04-16 11:56:30"
812,57,"2022-08-28 00:00:00",22.48,25.00,"2022-08-28 00:00:00","2026-04-16 11:56:30"
813,288,"2025-11-22 00:00:00",150.90,0.00,"2025-11-22 00:00:00","2026-04-16 11:56:30"
814,136,"2025-10-16 00:00:00",51.75,5.00,"2025-10-16 00:00:00","2026-04-16 11:56:30"
815,124,"2026-04-12 00:00:00",45.39,10.00,"2026-04-12 00:00:00","2026-04-16 11:56:30"
816,93,"2023-01-16 00:00:00",316.01,0.00,"2023-01-16 00:00:00","2026-04-16 11:56:30"
817,299,"2023-08-10 00:00:00",387.56,0.00,"2023-08-10 00:00:00","2026-04-16 11:56:30"
818,222,"2024-09-15 00:00:00",133.96,0.00,"2024-09-15 00:00:00","2026-04-16 11:56:30"
819,145,"2025-09-12 00:00:00",192.80,0.00,"2025-09-12 00:00:00","2026-04-16 11:56:30"
820,241,"2026-01-20 00:00:00",134.94,0.00,"2026-01-20 00:00:00","2026-04-16 11:56:30"
821,226,"2026-03-20 00:00:00",210.87,0.00,"2026-03-20 00:00:00","2026-04-16 11:56:30"
822,242,"2021-09-23 00:00:00",191.97,0.00,"2021-09-23 00:00:00","2026-04-16 11:56:30"
823,218,"2025-03-16 00:00:00",261.57,0.00,"2025-03-16 00:00:00","2026-04-16 11:56:30"
824,125,"2021-02-10 00:00:00",58.77,5.00,"2021-02-10 00:00:00","2026-04-16 11:56:30"
825,160,"2025-05-10 00:00:00",88.62,0.00,"2025-05-10 00:00:00","2026-04-16 11:56:30"
826,104,"2023-09-14 00:00:00",108.60,0.00,"2023-09-14 00:00:00","2026-04-16 11:56:30"
827,261,"2025-11-21 00:00:00",68.37,5.00,"2025-11-21 00:00:00","2026-04-16 11:56:30"
828,200,"2024-11-28 00:00:00",69.57,5.00,"2024-11-28 00:00:00","2026-04-16 11:56:30"
829,243,"2025-07-06 00:00:00",132.03,0.00,"2025-07-06 00:00:00","2026-04-16 11:56:30"
830,161,"2023-06-12 00:00:00",21.43,25.00,"2023-06-12 00:00:00","2026-04-16 11:56:30"
831,56,"2025-08-01 00:00:00",151.72,0.00,"2025-08-01 00:00:00","2026-04-16 11:56:30"
832,259,"2025-10-01 00:00:00",177.66,0.00,"2025-10-01 00:00:00","2026-04-16 11:56:30"
833,168,"2025-07-05 00:00:00",9.11,25.00,"2025-07-05 00:00:00","2026-04-16 11:56:30"
834,246,"2024-06-06 00:00:00",317.66,0.00,"2024-06-06 00:00:00","2026-04-16 11:56:30"
835,270,"2024-06-14 00:00:00",32.94,10.00,"2024-06-14 00:00:00","2026-04-16 11:56:30"
836,211,"2025-04-06 00:00:00",97.90,0.00,"2025-04-06 00:00:00","2026-04-16 11:56:30"
837,152,"2023-05-02 00:00:00",237.31,0.00,"2023-05-02 00:00:00","2026-04-16 11:56:30"
838,217,"2023-04-03 00:00:00",159.05,0.00,"2023-04-03 00:00:00","2026-04-16 11:56:30"
839,260,"2021-10-30 00:00:00",118.12,0.00,"2021-10-30 00:00:00","2026-04-16 11:56:30"
840,244,"2025-06-12 00:00:00",130.20,0.00,"2025-06-12 00:00:00","2026-04-16 11:56:30"
841,277,"2026-03-22 00:00:00",77.67,0.00,"2026-03-22 00:00:00","2026-04-16 11:56:30"
842,142,"2025-12-28 00:00:00",192.96,0.00,"2025-12-28 00:00:00","2026-04-16 11:56:30"
843,26,"2025-12-18 00:00:00",40.21,10.00,"2025-12-18 00:00:00","2026-04-16 11:56:30"
844,238,"2023-03-22 00:00:00",189.79,0.00,"2023-03-22 00:00:00","2026-04-16 11:56:30"
845,144,"2020-07-12 00:00:00",100.69,0.00,"2020-07-12 00:00:00","2026-04-16 11:56:30"
846,134,"2024-11-24 00:00:00",70.49,5.00,"2024-11-24 00:00:00","2026-04-16 11:56:30"
847,229,"2026-04-01 00:00:00",287.70,0.00,"2026-04-01 00:00:00","2026-04-16 11:56:30"
848,221,"2024-05-01 00:00:00",167.75,0.00,"2024-05-01 00:00:00","2026-04-16 11:56:30"
849,183,"2024-08-26 00:00:00",32.52,10.00,"2024-08-26 00:00:00","2026-04-16 11:56:30"
850,146,"2021-08-28 00:00:00",49.30,10.00,"2021-08-28 00:00:00","2026-04-16 11:56:30"
851,233,"2025-02-27 00:00:00",162.38,0.00,"2025-02-27 00:00:00","2026-04-16 11:56:30"
852,193,"2024-04-05 00:00:00",71.24,5.00,"2024-04-05 00:00:00","2026-04-16 11:56:30"
853,50,"2022-05-28 00:00:00",33.54,10.00,"2022-05-28 00:00:00","2026-04-16 11:56:30"
854,213,"2026-02-23 00:00:00",75.59,0.00,"2026-02-23 00:00:00","2026-04-16 11:56:30"
855,45,"2023-08-25 00:00:00",252.62,0.00,"2023-08-25 00:00:00","2026-04-16 11:56:30"
856,86,"2026-03-08 00:00:00",126.93,0.00,"2026-03-08 00:00:00","2026-04-16 11:56:30"
857,295,"2026-01-23 00:00:00",127.03,0.00,"2026-01-23 00:00:00","2026-04-16 11:56:30"
858,22,"2023-11-21 00:00:00",189.97,0.00,"2023-11-21 00:00:00","2026-04-16 11:56:30"
859,156,"2025-08-22 00:00:00",76.04,0.00,"2025-08-22 00:00:00","2026-04-16 11:56:30"
860,158,"2025-09-30 00:00:00",27.48,10.00,"2025-09-30 00:00:00","2026-04-16 11:56:30"
861,244,"2025-09-11 00:00:00",173.83,0.00,"2025-09-11 00:00:00","2026-04-16 11:56:30"
862,174,"2024-08-29 00:00:00",160.21,0.00,"2024-08-29 00:00:00","2026-04-16 11:56:30"
863,22,"2024-07-26 00:00:00",232.10,0.00,"2024-07-26 00:00:00","2026-04-16 11:56:30"
864,220,"2024-06-16 00:00:00",31.55,10.00,"2024-06-16 00:00:00","2026-04-16 11:56:30"
865,256,"2026-03-11 00:00:00",11.10,25.00,"2026-03-11 00:00:00","2026-04-16 11:56:30"
866,114,"2025-10-22 00:00:00",108.61,0.00,"2025-10-22 00:00:00","2026-04-16 11:56:30"
867,190,"2025-10-15 00:00:00",24.07,25.00,"2025-10-15 00:00:00","2026-04-16 11:56:30"
868,24,"2022-10-12 00:00:00",14.34,25.00,"2022-10-12 00:00:00","2026-04-16 11:56:30"
869,95,"2025-02-20 00:00:00",215.63,0.00,"2025-02-20 00:00:00","2026-04-16 11:56:30"
870,127,"2026-02-27 00:00:00",180.91,0.00,"2026-02-27 00:00:00","2026-04-16 11:56:30"
871,216,"2026-04-10 00:00:00",303.75,0.00,"2026-04-10 00:00:00","2026-04-16 11:56:30"
872,170,"2022-07-15 00:00:00",34.94,10.00,"2022-07-15 00:00:00","2026-04-16 11:56:30"
873,88,"2025-02-16 00:00:00",69.38,5.00,"2025-02-16 00:00:00","2026-04-16 11:56:30"
874,148,"2023-06-16 00:00:00",213.25,0.00,"2023-06-16 00:00:00","2026-04-16 11:56:30"
875,252,"2024-11-19 00:00:00",200.55,0.00,"2024-11-19 00:00:00","2026-04-16 11:56:30"
876,71,"2025-03-27 00:00:00",218.34,0.00,"2025-03-27 00:00:00","2026-04-16 11:56:30"
877,254,"2024-05-19 00:00:00",73.90,5.00,"2024-05-19 00:00:00","2026-04-16 11:56:30"
878,221,"2024-08-29 00:00:00",236.18,0.00,"2024-08-29 00:00:00","2026-04-16 11:56:30"
879,113,"2025-05-26 00:00:00",48.34,10.00,"2025-05-26 00:00:00","2026-04-16 11:56:30"
880,295,"2025-05-28 00:00:00",64.80,5.00,"2025-05-28 00:00:00","2026-04-16 11:56:30"
881,219,"2022-04-08 00:00:00",107.12,0.00,"2022-04-08 00:00:00","2026-04-16 11:56:30"
882,215,"2025-10-13 00:00:00",87.64,0.00,"2025-10-13 00:00:00","2026-04-16 11:56:30"
883,176,"2024-11-01 00:00:00",11.06,25.00,"2024-11-01 00:00:00","2026-04-16 11:56:30"
884,252,"2024-04-12 00:00:00",165.76,0.00,"2024-04-12 00:00:00","2026-04-16 11:56:30"
885,99,"2025-07-18 00:00:00",262.44,0.00,"2025-07-18 00:00:00","2026-04-16 11:56:30"
886,124,"2025-09-11 00:00:00",49.21,10.00,"2025-09-11 00:00:00","2026-04-16 11:56:30"
887,94,"2025-02-17 00:00:00",169.06,0.00,"2025-02-17 00:00:00","2026-04-16 11:56:30"
888,263,"2020-02-27 00:00:00",45.62,10.00,"2020-02-27 00:00:00","2026-04-16 11:56:30"
889,14,"2023-08-02 00:00:00",149.92,0.00,"2023-08-02 00:00:00","2026-04-16 11:56:30"
890,238,"2025-04-06 00:00:00",113.79,0.00,"2025-04-06 00:00:00","2026-04-16 11:56:30"
891,5,"2025-09-03 00:00:00",217.21,0.00,"2025-09-03 00:00:00","2026-04-16 11:56:30"
892,268,"2026-04-10 00:00:00",218.34,0.00,"2026-04-10 00:00:00","2026-04-16 11:56:30"
893,215,"2025-09-06 00:00:00",213.99,0.00,"2025-09-06 00:00:00","2026-04-16 11:56:30"
894,275,"2023-01-24 00:00:00",163.89,0.00,"2023-01-24 00:00:00","2026-04-16 11:56:30"
895,279,"2024-05-27 00:00:00",63.24,5.00,"2024-05-27 00:00:00","2026-04-16 11:56:30"
896,4,"2024-10-12 00:00:00",136.17,0.00,"2024-10-12 00:00:00","2026-04-16 11:56:30"
897,266,"2026-03-31 00:00:00",108.09,0.00,"2026-03-31 00:00:00","2026-04-16 11:56:30"
898,43,"2025-09-16 00:00:00",17.87,25.00,"2025-09-16 00:00:00","2026-04-16 11:56:30"
899,167,"2024-08-25 00:00:00",194.47,0.00,"2024-08-25 00:00:00","2026-04-16 11:56:30"
900,99,"2026-03-17 00:00:00",177.29,0.00,"2026-03-17 00:00:00","2026-04-16 11:56:30"
901,238,"2025-09-15 00:00:00",68.11,5.00,"2025-09-15 00:00:00","2026-04-16 11:56:30"
902,110,"2026-02-12 00:00:00",90.56,0.00,"2026-02-12 00:00:00","2026-04-16 11:56:30"
903,191,"2026-04-14 00:00:00",60.25,5.00,"2026-04-14 00:00:00","2026-04-16 11:56:30"
904,178,"2026-02-06 00:00:00",46.18,10.00,"2026-02-06 00:00:00","2026-04-16 11:56:30"
905,218,"2024-08-30 00:00:00",146.98,0.00,"2024-08-30 00:00:00","2026-04-16 11:56:30"
906,177,"2025-03-02 00:00:00",11.40,25.00,"2025-03-02 00:00:00","2026-04-16 11:56:30"
907,187,"2022-10-07 00:00:00",61.05,5.00,"2022-10-07 00:00:00","2026-04-16 11:56:30"
908,222,"2021-12-27 00:00:00",49.18,10.00,"2021-12-27 00:00:00","2026-04-16 11:56:30"
909,268,"2026-02-28 00:00:00",204.35,0.00,"2026-02-28 00:00:00","2026-04-16 11:56:30"
910,17,"2024-11-16 00:00:00",267.41,0.00,"2024-11-16 00:00:00","2026-04-16 11:56:30"
911,128,"2023-06-13 00:00:00",49.88,10.00,"2023-06-13 00:00:00","2026-04-16 11:56:30"
912,112,"2021-09-27 00:00:00",35.10,10.00,"2021-09-27 00:00:00","2026-04-16 11:56:30"
913,112,"2025-05-01 00:00:00",51.82,5.00,"2025-05-01 00:00:00","2026-04-16 11:56:30"
914,179,"2021-12-31 00:00:00",216.84,0.00,"2021-12-31 00:00:00","2026-04-16 11:56:30"
915,184,"2026-04-03 00:00:00",50.04,5.00,"2026-04-03 00:00:00","2026-04-16 11:56:30"
916,24,"2022-07-13 00:00:00",93.41,0.00,"2022-07-13 00:00:00","2026-04-16 11:56:30"
917,116,"2025-10-04 00:00:00",102.01,0.00,"2025-10-04 00:00:00","2026-04-16 11:56:30"
918,76,"2023-08-06 00:00:00",78.35,0.00,"2023-08-06 00:00:00","2026-04-16 11:56:30"
919,177,"2025-05-19 00:00:00",268.93,0.00,"2025-05-19 00:00:00","2026-04-16 11:56:30"
920,139,"2025-04-19 00:00:00",185.16,0.00,"2025-04-19 00:00:00","2026-04-16 11:56:30"
921,69,"2025-02-07 00:00:00",153.32,0.00,"2025-02-07 00:00:00","2026-04-16 11:56:30"
922,128,"2023-03-21 00:00:00",244.82,0.00,"2023-03-21 00:00:00","2026-04-16 11:56:30"
923,271,"2021-11-10 00:00:00",138.27,0.00,"2021-11-10 00:00:00","2026-04-16 11:56:30"
924,229,"2026-04-11 00:00:00",43.54,10.00,"2026-04-11 00:00:00","2026-04-16 11:56:30"
925,216,"2024-08-21 00:00:00",221.10,0.00,"2024-08-21 00:00:00","2026-04-16 11:56:30"
926,12,"2024-12-08 00:00:00",135.99,0.00,"2024-12-08 00:00:00","2026-04-16 11:56:30"
927,214,"2024-05-12 00:00:00",99.55,0.00,"2024-05-12 00:00:00","2026-04-16 11:56:30"
928,71,"2025-07-04 00:00:00",79.58,0.00,"2025-07-04 00:00:00","2026-04-16 11:56:30"
929,219,"2022-05-19 00:00:00",2.24,25.00,"2022-05-19 00:00:00","2026-04-16 11:56:30"
930,106,"2025-05-09 00:00:00",67.38,5.00,"2025-05-09 00:00:00","2026-04-16 11:56:30"
931,219,"2022-09-20 00:00:00",147.38,0.00,"2022-09-20 00:00:00","2026-04-16 11:56:30"
932,77,"2024-11-29 00:00:00",124.22,0.00,"2024-11-29 00:00:00","2026-04-16 11:56:30"
933,223,"2026-01-29 00:00:00",109.34,0.00,"2026-01-29 00:00:00","2026-04-16 11:56:30"
934,3,"2026-01-27 00:00:00",60.66,5.00,"2026-01-27 00:00:00","2026-04-16 11:56:30"
935,225,"2026-01-07 00:00:00",89.63,0.00,"2026-01-07 00:00:00","2026-04-16 11:56:30"
936,292,"2024-03-28 00:00:00",151.32,0.00,"2024-03-28 00:00:00","2026-04-16 11:56:30"
937,16,"2026-04-15 00:00:00",152.11,0.00,"2026-04-15 00:00:00","2026-04-16 11:56:30"
938,52,"2025-08-12 00:00:00",9.81,25.00,"2025-08-12 00:00:00","2026-04-16 11:56:30"
939,167,"2025-03-29 00:00:00",222.57,0.00,"2025-03-29 00:00:00","2026-04-16 11:56:30"
940,157,"2021-03-26 00:00:00",110.32,0.00,"2021-03-26 00:00:00","2026-04-16 11:56:30"
941,30,"2025-06-24 00:00:00",6.03,25.00,"2025-06-24 00:00:00","2026-04-16 11:56:30"
942,51,"2025-10-17 00:00:00",275.54,0.00,"2025-10-17 00:00:00","2026-04-16 11:56:30"
943,95,"2025-01-10 00:00:00",106.31,0.00,"2025-01-10 00:00:00","2026-04-16 11:56:30"
944,133,"2025-09-22 00:00:00",54.53,5.00,"2025-09-22 00:00:00","2026-04-16 11:56:30"
945,289,"2024-05-23 00:00:00",78.94,0.00,"2024-05-23 00:00:00","2026-04-16 11:56:30"
946,26,"2025-12-01 00:00:00",127.30,0.00,"2025-12-01 00:00:00","2026-04-16 11:56:30"
947,140,"2026-04-01 00:00:00",201.37,0.00,"2026-04-01 00:00:00","2026-04-16 11:56:30"
948,19,"2026-01-17 00:00:00",69.53,5.00,"2026-01-17 00:00:00","2026-04-16 11:56:30"
949,294,"2024-07-17 00:00:00",127.28,0.00,"2024-07-17 00:00:00","2026-04-16 11:56:30"
950,187,"2022-10-09 00:00:00",14.42,25.00,"2022-10-09 00:00:00","2026-04-16 11:56:30"
951,239,"2025-09-23 00:00:00",196.54,0.00,"2025-09-23 00:00:00","2026-04-16 11:56:30"
952,160,"2025-01-10 00:00:00",439.95,0.00,"2025-01-10 00:00:00","2026-04-16 11:56:30"
953,18,"2021-05-05 00:00:00",39.17,10.00,"2021-05-05 00:00:00","2026-04-16 11:56:30"
954,180,"2025-11-06 00:00:00",38.52,10.00,"2025-11-06 00:00:00","2026-04-16 11:56:30"
955,49,"2024-06-15 00:00:00",24.32,25.00,"2024-06-15 00:00:00","2026-04-16 11:56:30"
956,211,"2024-07-10 00:00:00",24.87,25.00,"2024-07-10 00:00:00","2026-04-16 11:56:30"
957,249,"2024-10-08 00:00:00",121.59,0.00,"2024-10-08 00:00:00","2026-04-16 11:56:30"
958,215,"2024-07-06 00:00:00",27.04,10.00,"2024-07-06 00:00:00","2026-04-16 11:56:30"
959,198,"2025-12-19 00:00:00",321.67,0.00,"2025-12-19 00:00:00","2026-04-16 11:56:30"
960,56,"2024-05-17 00:00:00",32.20,10.00,"2024-05-17 00:00:00","2026-04-16 11:56:30"
961,300,"2021-10-22 00:00:00",143.70,0.00,"2021-10-22 00:00:00","2026-04-16 11:56:30"
962,220,"2025-02-07 00:00:00",253.03,0.00,"2025-02-07 00:00:00","2026-04-16 11:56:30"
963,255,"2024-07-30 00:00:00",262.15,0.00,"2024-07-30 00:00:00","2026-04-16 11:56:30"
964,95,"2024-06-15 00:00:00",129.89,0.00,"2024-06-15 00:00:00","2026-04-16 11:56:30"
965,277,"2023-07-31 00:00:00",9.40,25.00,"2023-07-31 00:00:00","2026-04-16 11:56:30"
966,134,"2022-07-25 00:00:00",256.09,0.00,"2022-07-25 00:00:00","2026-04-16 11:56:30"
967,214,"2023-05-03 00:00:00",206.34,0.00,"2023-05-03 00:00:00","2026-04-16 11:56:30"
968,145,"2026-03-21 00:00:00",25.44,10.00,"2026-03-21 00:00:00","2026-04-16 11:56:30"
969,69,"2022-11-19 00:00:00",12.44,25.00,"2022-11-19 00:00:00","2026-04-16 11:56:30"
970,191,"2026-03-31 00:00:00",241.06,0.00,"2026-03-31 00:00:00","2026-04-16 11:56:30"
971,139,"2023-10-25 00:00:00",134.33,0.00,"2023-10-25 00:00:00","2026-04-16 11:56:30"
972,186,"2026-02-23 00:00:00",210.44,0.00,"2026-02-23 00:00:00","2026-04-16 11:56:30"
973,272,"2025-07-31 00:00:00",136.88,0.00,"2025-07-31 00:00:00","2026-04-16 11:56:30"
974,51,"2026-04-05 00:00:00",20.48,25.00,"2026-04-05 00:00:00","2026-04-16 11:56:30"
975,127,"2025-10-31 00:00:00",189.29,0.00,"2025-10-31 00:00:00","2026-04-16 11:56:30"
976,57,"2025-05-14 00:00:00",237.26,0.00,"2025-05-14 00:00:00","2026-04-16 11:56:30"
977,122,"2025-12-25 00:00:00",85.14,0.00,"2025-12-25 00:00:00","2026-04-16 11:56:30"
978,223,"2022-09-22 00:00:00",32.40,10.00,"2022-09-22 00:00:00","2026-04-16 11:56:30"
979,124,"2025-07-25 00:00:00",223.94,0.00,"2025-07-25 00:00:00","2026-04-16 11:56:30"
980,236,"2023-01-08 00:00:00",138.80,0.00,"2023-01-08 00:00:00","2026-04-16 11:56:30"
981,131,"2023-04-01 00:00:00",75.31,0.00,"2023-04-01 00:00:00","2026-04-16 11:56:30"
982,180,"2025-05-11 00:00:00",141.94,0.00,"2025-05-11 00:00:00","2026-04-16 11:56:30"
983,47,"2023-09-18 00:00:00",115.61,0.00,"2023-09-18 00:00:00","2026-04-16 11:56:30"
984,51,"2025-09-10 00:00:00",82.71,0.00,"2025-09-10 00:00:00","2026-04-16 11:56:30"
985,101,"2025-12-31 00:00:00",162.21,0.00,"2025-12-31 00:00:00","2026-04-16 11:56:30"
986,82,"2025-07-02 00:00:00",15.28,25.00,"2025-07-02 00:00:00","2026-04-16 11:56:30"
987,71,"2024-09-29 00:00:00",168.88,0.00,"2024-09-29 00:00:00","2026-04-16 11:56:30"
988,274,"2023-07-14 00:00:00",93.85,0.00,"2023-07-14 00:00:00","2026-04-16 11:56:30"
989,25,"2026-01-06 00:00:00",211.41,0.00,"2026-01-06 00:00:00","2026-04-16 11:56:30"
990,13,"2025-10-14 00:00:00",78.40,0.00,"2025-10-14 00:00:00","2026-04-16 11:56:30"
991,180,"2025-08-29 00:00:00",93.05,0.00,"2025-08-29 00:00:00","2026-04-16 11:56:30"
992,189,"2025-11-21 00:00:00",21.74,25.00,"2025-11-21 00:00:00","2026-04-16 11:56:30"
993,40,"2025-08-15 00:00:00",184.00,0.00,"2025-08-15 00:00:00","2026-04-16 11:56:30"
994,71,"2024-09-08 00:00:00",142.83,0.00,"2024-09-08 00:00:00","2026-04-16 11:56:30"
995,152,"2026-04-04 00:00:00",159.11,0.00,"2026-04-04 00:00:00","2026-04-16 11:56:30"
996,195,"2025-01-30 00:00:00",64.33,5.00,"2025-01-30 00:00:00","2026-04-16 11:56:30"
997,251,"2026-03-24 00:00:00",41.77,10.00,"2026-03-24 00:00:00","2026-04-16 11:56:30"
998,227,"2026-03-11 00:00:00",131.11,0.00,"2026-03-11 00:00:00","2026-04-16 11:56:30"
999,38,"2025-07-28 00:00:00",146.66,0.00,"2025-07-28 00:00:00","2026-04-16 11:56:30"
1000,33,"2026-04-04 00:00:00",44.72,10.00,"2026-04-04 00:00:00","2026-04-16 11:56:30"
1001,300,"2024-06-19 00:00:00",122.87,0.00,"2024-06-19 00:00:00","2026-04-16 11:56:30"
1002,192,"2024-07-02 00:00:00",105.56,0.00,"2024-07-02 00:00:00","2026-04-16 11:56:30"
1003,251,"2026-04-11 00:00:00",335.07,0.00,"2026-04-11 00:00:00","2026-04-16 11:56:30"
1004,132,"2021-10-19 00:00:00",251.75,0.00,"2021-10-19 00:00:00","2026-04-16 11:56:30"
1005,287,"2021-11-22 00:00:00",62.20,5.00,"2021-11-22 00:00:00","2026-04-16 11:56:30"
1006,49,"2024-07-17 00:00:00",5.00,25.00,"2024-07-17 00:00:00","2026-04-16 11:56:30"
1007,244,"2026-03-22 00:00:00",19.68,25.00,"2026-03-22 00:00:00","2026-04-16 11:56:30"
1008,218,"2024-06-21 00:00:00",270.97,0.00,"2024-06-21 00:00:00","2026-04-16 11:56:30"
1009,157,"2021-11-12 00:00:00",160.70,0.00,"2021-11-12 00:00:00","2026-04-16 11:56:30"
1010,285,"2025-09-23 00:00:00",247.77,0.00,"2025-09-23 00:00:00","2026-04-16 11:56:30"
1011,267,"2025-03-19 00:00:00",88.54,0.00,"2025-03-19 00:00:00","2026-04-16 11:56:30"
1012,124,"2025-01-10 00:00:00",45.28,10.00,"2025-01-10 00:00:00","2026-04-16 11:56:30"
1013,113,"2025-08-03 00:00:00",42.14,10.00,"2025-08-03 00:00:00","2026-04-16 11:56:30"
1014,31,"2022-10-29 00:00:00",95.78,0.00,"2022-10-29 00:00:00","2026-04-16 11:56:30"
1015,123,"2024-02-18 00:00:00",125.19,0.00,"2024-02-18 00:00:00","2026-04-16 11:56:30"
1016,276,"2024-09-13 00:00:00",179.23,0.00,"2024-09-13 00:00:00","2026-04-16 11:56:30"
1017,80,"2025-12-18 00:00:00",32.12,10.00,"2025-12-18 00:00:00","2026-04-16 11:56:30"
1018,43,"2024-06-26 00:00:00",70.50,5.00,"2024-06-26 00:00:00","2026-04-16 11:56:30"
1019,232,"2025-06-21 00:00:00",66.57,5.00,"2025-06-21 00:00:00","2026-04-16 11:56:30"
1020,50,"2024-09-03 00:00:00",242.40,0.00,"2024-09-03 00:00:00","2026-04-16 11:56:30"
1021,6,"2026-03-26 00:00:00",235.20,0.00,"2026-03-26 00:00:00","2026-04-16 11:56:30"
1022,18,"2022-03-12 00:00:00",79.38,0.00,"2022-03-12 00:00:00","2026-04-16 11:56:30"
1023,82,"2026-01-26 00:00:00",143.48,0.00,"2026-01-26 00:00:00","2026-04-16 11:56:30"
1024,195,"2025-12-27 00:00:00",111.79,0.00,"2025-12-27 00:00:00","2026-04-16 11:56:30"
1025,111,"2025-02-16 00:00:00",123.42,0.00,"2025-02-16 00:00:00","2026-04-16 11:56:30"
1026,84,"2026-02-03 00:00:00",45.49,10.00,"2026-02-03 00:00:00","2026-04-16 11:56:30"
1027,261,"2026-03-21 00:00:00",410.39,0.00,"2026-03-21 00:00:00","2026-04-16 11:56:30"
1028,109,"2023-04-24 00:00:00",162.32,0.00,"2023-04-24 00:00:00","2026-04-16 11:56:30"
1029,152,"2023-02-16 00:00:00",110.34,0.00,"2023-02-16 00:00:00","2026-04-16 11:56:30"
1030,233,"2025-06-03 00:00:00",140.98,0.00,"2025-06-03 00:00:00","2026-04-16 11:56:30"
1031,113,"2025-12-28 00:00:00",79.42,0.00,"2025-12-28 00:00:00","2026-04-16 11:56:30"
1032,167,"2025-09-03 00:00:00",208.89,0.00,"2025-09-03 00:00:00","2026-04-16 11:56:30"
1033,293,"2024-12-15 00:00:00",230.31,0.00,"2024-12-15 00:00:00","2026-04-16 11:56:30"
1034,198,"2025-06-05 00:00:00",4.86,25.00,"2025-06-05 00:00:00","2026-04-16 11:56:30"
1035,260,"2021-09-30 00:00:00",90.82,0.00,"2021-09-30 00:00:00","2026-04-16 11:56:30"
1036,66,"2023-01-29 00:00:00",101.49,0.00,"2023-01-29 00:00:00","2026-04-16 11:56:30"
1037,46,"2025-11-14 00:00:00",121.60,0.00,"2025-11-14 00:00:00","2026-04-16 11:56:30"
1038,100,"2024-01-20 00:00:00",254.27,0.00,"2024-01-20 00:00:00","2026-04-16 11:56:30"
1039,276,"2025-09-12 00:00:00",152.73,0.00,"2025-09-12 00:00:00","2026-04-16 11:56:30"
1040,92,"2026-01-05 00:00:00",92.36,0.00,"2026-01-05 00:00:00","2026-04-16 11:56:30"
1041,72,"2025-02-16 00:00:00",154.27,0.00,"2025-02-16 00:00:00","2026-04-16 11:56:30"
1042,12,"2025-12-29 00:00:00",112.57,0.00,"2025-12-29 00:00:00","2026-04-16 11:56:30"
1043,47,"2023-09-18 00:00:00",139.52,0.00,"2023-09-18 00:00:00","2026-04-16 11:56:30"
1044,199,"2023-10-20 00:00:00",229.41,0.00,"2023-10-20 00:00:00","2026-04-16 11:56:30"
1045,44,"2026-04-03 00:00:00",150.99,0.00,"2026-04-03 00:00:00","2026-04-16 11:56:30"
1046,74,"2024-03-13 00:00:00",252.27,0.00,"2024-03-13 00:00:00","2026-04-16 11:56:30"
1047,36,"2025-12-28 00:00:00",108.69,0.00,"2025-12-28 00:00:00","2026-04-16 11:56:30"
1048,123,"2024-12-05 00:00:00",9.72,25.00,"2024-12-05 00:00:00","2026-04-16 11:56:30"
1049,255,"2023-05-28 00:00:00",86.07,0.00,"2023-05-28 00:00:00","2026-04-16 11:56:30"
1050,98,"2026-01-17 00:00:00",48.56,10.00,"2026-01-17 00:00:00","2026-04-16 11:56:30"
1051,276,"2025-11-16 00:00:00",89.40,0.00,"2025-11-16 00:00:00","2026-04-16 11:56:30"
1052,184,"2026-04-04 00:00:00",257.84,0.00,"2026-04-04 00:00:00","2026-04-16 11:56:30"
1053,125,"2025-12-26 00:00:00",178.15,0.00,"2025-12-26 00:00:00","2026-04-16 11:56:30"
1054,62,"2024-06-11 00:00:00",119.71,0.00,"2024-06-11 00:00:00","2026-04-16 11:56:30"
1055,1,"2025-10-19 00:00:00",55.83,5.00,"2025-10-19 00:00:00","2026-04-16 11:56:30"
1056,296,"2023-10-27 00:00:00",205.09,0.00,"2023-10-27 00:00:00","2026-04-16 11:56:30"
1057,121,"2024-08-23 00:00:00",150.12,0.00,"2024-08-23 00:00:00","2026-04-16 11:56:30"
1058,187,"2022-10-14 00:00:00",120.11,0.00,"2022-10-14 00:00:00","2026-04-16 11:56:30"
1059,185,"2025-09-07 00:00:00",139.11,0.00,"2025-09-07 00:00:00","2026-04-16 11:56:30"
1060,209,"2025-07-23 00:00:00",182.81,0.00,"2025-07-23 00:00:00","2026-04-16 11:56:30"
1061,5,"2025-08-04 00:00:00",102.89,0.00,"2025-08-04 00:00:00","2026-04-16 11:56:30"
1062,41,"2023-12-16 00:00:00",62.63,5.00,"2023-12-16 00:00:00","2026-04-16 11:56:30"
1063,122,"2025-12-06 00:00:00",28.98,10.00,"2025-12-06 00:00:00","2026-04-16 11:56:30"
1064,277,"2025-01-14 00:00:00",5.92,25.00,"2025-01-14 00:00:00","2026-04-16 11:56:30"
1065,164,"2024-11-30 00:00:00",279.46,0.00,"2024-11-30 00:00:00","2026-04-16 11:56:30"
1066,91,"2023-02-24 00:00:00",194.23,0.00,"2023-02-24 00:00:00","2026-04-16 11:56:30"
1067,263,"2020-04-12 00:00:00",289.35,0.00,"2020-04-12 00:00:00","2026-04-16 11:56:30"
1068,216,"2026-03-16 00:00:00",350.43,0.00,"2026-03-16 00:00:00","2026-04-16 11:56:30"
1069,218,"2025-12-27 00:00:00",89.71,0.00,"2025-12-27 00:00:00","2026-04-16 11:56:30"
1070,241,"2025-05-10 00:00:00",64.21,5.00,"2025-05-10 00:00:00","2026-04-16 11:56:30"
1071,120,"2025-06-20 00:00:00",45.99,10.00,"2025-06-20 00:00:00","2026-04-16 11:56:30"
1072,238,"2023-11-15 00:00:00",109.70,0.00,"2023-11-15 00:00:00","2026-04-16 11:56:30"
1073,155,"2026-03-15 00:00:00",175.33,0.00,"2026-03-15 00:00:00","2026-04-16 11:56:30"
1074,2,"2025-06-19 00:00:00",87.52,0.00,"2025-06-19 00:00:00","2026-04-16 11:56:30"
1075,23,"2025-01-30 00:00:00",192.77,0.00,"2025-01-30 00:00:00","2026-04-16 11:56:30"
1076,26,"2024-10-28 00:00:00",101.91,0.00,"2024-10-28 00:00:00","2026-04-16 11:56:30"
1077,134,"2023-09-19 00:00:00",237.32,0.00,"2023-09-19 00:00:00","2026-04-16 11:56:30"
1078,83,"2025-11-18 00:00:00",267.62,0.00,"2025-11-18 00:00:00","2026-04-16 11:56:30"
1079,13,"2024-02-02 00:00:00",80.20,0.00,"2024-02-02 00:00:00","2026-04-16 11:56:30"
1080,246,"2024-01-26 00:00:00",134.51,0.00,"2024-01-26 00:00:00","2026-04-16 11:56:30"
1081,212,"2023-03-11 00:00:00",128.88,0.00,"2023-03-11 00:00:00","2026-04-16 11:56:30"
1082,80,"2026-01-07 00:00:00",153.24,0.00,"2026-01-07 00:00:00","2026-04-16 11:56:30"
1083,222,"2025-01-30 00:00:00",154.11,0.00,"2025-01-30 00:00:00","2026-04-16 11:56:30"
1084,96,"2024-07-06 00:00:00",149.99,0.00,"2024-07-06 00:00:00","2026-04-16 11:56:30"
1085,276,"2024-08-29 00:00:00",112.51,0.00,"2024-08-29 00:00:00","2026-04-16 11:56:30"
1086,267,"2025-03-08 00:00:00",35.52,10.00,"2025-03-08 00:00:00","2026-04-16 11:56:30"
1087,186,"2026-03-20 00:00:00",12.29,25.00,"2026-03-20 00:00:00","2026-04-16 11:56:30"
1088,278,"2026-02-25 00:00:00",32.59,10.00,"2026-02-25 00:00:00","2026-04-16 11:56:30"
1089,226,"2025-05-18 00:00:00",196.34,0.00,"2025-05-18 00:00:00","2026-04-16 11:56:30"
1090,203,"2025-08-14 00:00:00",101.22,0.00,"2025-08-14 00:00:00","2026-04-16 11:56:30"
1091,32,"2024-07-06 00:00:00",71.28,5.00,"2024-07-06 00:00:00","2026-04-16 11:56:30"
1092,136,"2026-04-01 00:00:00",15.78,25.00,"2026-04-01 00:00:00","2026-04-16 11:56:30"
1093,163,"2025-06-13 00:00:00",52.60,5.00,"2025-06-13 00:00:00","2026-04-16 11:56:30"
1094,86,"2025-12-27 00:00:00",145.88,0.00,"2025-12-27 00:00:00","2026-04-16 11:56:30"
1095,171,"2026-03-22 00:00:00",155.08,0.00,"2026-03-22 00:00:00","2026-04-16 11:56:30"
1096,39,"2022-01-19 00:00:00",36.18,10.00,"2022-01-19 00:00:00","2026-04-16 11:56:30"
1097,36,"2025-04-27 00:00:00",138.00,0.00,"2025-04-27 00:00:00","2026-04-16 11:56:30"
1098,218,"2026-01-04 00:00:00",47.34,10.00,"2026-01-04 00:00:00","2026-04-16 11:56:30"
1099,93,"2026-03-28 00:00:00",9.34,25.00,"2026-03-28 00:00:00","2026-04-16 11:56:30"
1100,235,"2026-04-15 00:00:00",18.26,25.00,"2026-04-15 00:00:00","2026-04-16 11:56:30"
1101,231,"2023-06-19 00:00:00",297.77,0.00,"2023-06-19 00:00:00","2026-04-16 11:56:30"
1102,282,"2022-05-28 00:00:00",257.21,0.00,"2022-05-28 00:00:00","2026-04-16 11:56:30"
1103,130,"2025-06-18 00:00:00",116.20,0.00,"2025-06-18 00:00:00","2026-04-16 11:56:30"
1104,260,"2021-10-24 00:00:00",44.34,10.00,"2021-10-24 00:00:00","2026-04-16 11:56:30"
1105,269,"2025-04-13 00:00:00",153.36,0.00,"2025-04-13 00:00:00","2026-04-16 11:56:30"
1106,44,"2026-03-19 00:00:00",7.25,25.00,"2026-03-19 00:00:00","2026-04-16 11:56:30"
1107,209,"2025-11-19 00:00:00",148.52,0.00,"2025-11-19 00:00:00","2026-04-16 11:56:30"
1108,162,"2023-05-23 00:00:00",220.95,0.00,"2023-05-23 00:00:00","2026-04-16 11:56:30"
1109,183,"2024-03-07 00:00:00",192.32,0.00,"2024-03-07 00:00:00","2026-04-16 11:56:30"
1110,169,"2025-11-14 00:00:00",5.68,25.00,"2025-11-14 00:00:00","2026-04-16 11:56:30"
1111,44,"2026-03-27 00:00:00",317.14,0.00,"2026-03-27 00:00:00","2026-04-16 11:56:30"
1112,201,"2026-03-31 00:00:00",53.17,5.00,"2026-03-31 00:00:00","2026-04-16 11:56:30"
1113,131,"2023-05-06 00:00:00",203.55,0.00,"2023-05-06 00:00:00","2026-04-16 11:56:30"
1114,20,"2021-01-17 00:00:00",261.10,0.00,"2021-01-17 00:00:00","2026-04-16 11:56:30"
1115,35,"2026-01-07 00:00:00",269.12,0.00,"2026-01-07 00:00:00","2026-04-16 11:56:30"
1116,199,"2024-06-18 00:00:00",22.22,25.00,"2024-06-18 00:00:00","2026-04-16 11:56:30"
1117,231,"2024-11-12 00:00:00",125.03,0.00,"2024-11-12 00:00:00","2026-04-16 11:56:30"
1118,129,"2024-01-06 00:00:00",117.51,0.00,"2024-01-06 00:00:00","2026-04-16 11:56:30"
1119,171,"2022-12-27 00:00:00",315.23,0.00,"2022-12-27 00:00:00","2026-04-16 11:56:30"
1120,195,"2025-02-10 00:00:00",284.61,0.00,"2025-02-10 00:00:00","2026-04-16 11:56:30"
1121,298,"2025-12-17 00:00:00",55.85,5.00,"2025-12-17 00:00:00","2026-04-16 11:56:30"
1122,66,"2023-06-27 00:00:00",43.77,10.00,"2023-06-27 00:00:00","2026-04-16 11:56:30"
1123,130,"2025-02-20 00:00:00",172.03,0.00,"2025-02-20 00:00:00","2026-04-16 11:56:30"
1124,239,"2023-12-17 00:00:00",164.52,0.00,"2023-12-17 00:00:00","2026-04-16 11:56:30"
1125,81,"2023-02-03 00:00:00",33.69,10.00,"2023-02-03 00:00:00","2026-04-16 11:56:30"
1126,14,"2021-08-13 00:00:00",294.41,0.00,"2021-08-13 00:00:00","2026-04-16 11:56:30"
1127,44,"2026-03-23 00:00:00",41.08,10.00,"2026-03-23 00:00:00","2026-04-16 11:56:30"
1128,87,"2026-02-12 00:00:00",38.42,10.00,"2026-02-12 00:00:00","2026-04-16 11:56:30"
1129,202,"2025-09-21 00:00:00",161.09,0.00,"2025-09-21 00:00:00","2026-04-16 11:56:30"
1130,228,"2026-04-01 00:00:00",313.49,0.00,"2026-04-01 00:00:00","2026-04-16 11:56:30"
1131,252,"2024-05-31 00:00:00",110.88,0.00,"2024-05-31 00:00:00","2026-04-16 11:56:30"
1132,142,"2023-11-16 00:00:00",28.82,10.00,"2023-11-16 00:00:00","2026-04-16 11:56:30"
1133,98,"2025-09-11 00:00:00",19.56,25.00,"2025-09-11 00:00:00","2026-04-16 11:56:30"
1134,25,"2023-10-06 00:00:00",74.56,5.00,"2023-10-06 00:00:00","2026-04-16 11:56:30"
1135,154,"2025-03-23 00:00:00",184.74,0.00,"2025-03-23 00:00:00","2026-04-16 11:56:30"
1136,297,"2025-10-31 00:00:00",196.55,0.00,"2025-10-31 00:00:00","2026-04-16 11:56:30"
1137,239,"2026-04-02 00:00:00",164.37,0.00,"2026-04-02 00:00:00","2026-04-16 11:56:30"
1138,279,"2026-01-05 00:00:00",263.14,0.00,"2026-01-05 00:00:00","2026-04-16 11:56:30"
1139,64,"2025-08-11 00:00:00",88.41,0.00,"2025-08-11 00:00:00","2026-04-16 11:56:30"
1140,59,"2025-09-11 00:00:00",65.12,5.00,"2025-09-11 00:00:00","2026-04-16 11:56:30"
1141,95,"2026-04-04 00:00:00",78.77,0.00,"2026-04-04 00:00:00","2026-04-16 11:56:30"
1142,68,"2026-03-10 00:00:00",45.69,10.00,"2026-03-10 00:00:00","2026-04-16 11:56:30"
1143,277,"2024-11-19 00:00:00",251.85,0.00,"2024-11-19 00:00:00","2026-04-16 11:56:30"
1144,275,"2022-10-06 00:00:00",33.03,10.00,"2022-10-06 00:00:00","2026-04-16 11:56:30"
1145,273,"2025-10-06 00:00:00",45.13,10.00,"2025-10-06 00:00:00","2026-04-16 11:56:30"
1146,263,"2020-01-02 00:00:00",30.24,10.00,"2020-01-02 00:00:00","2026-04-16 11:56:30"
1147,11,"2026-02-11 00:00:00",29.48,10.00,"2026-02-11 00:00:00","2026-04-16 11:56:30"
1148,140,"2026-04-02 00:00:00",186.75,0.00,"2026-04-02 00:00:00","2026-04-16 11:56:30"
1149,212,"2023-02-04 00:00:00",411.94,0.00,"2023-02-04 00:00:00","2026-04-16 11:56:30"
1150,49,"2021-08-25 00:00:00",118.28,0.00,"2021-08-25 00:00:00","2026-04-16 11:56:30"
1151,114,"2025-02-11 00:00:00",39.05,10.00,"2025-02-11 00:00:00","2026-04-16 11:56:30"
1152,221,"2025-11-14 00:00:00",369.06,0.00,"2025-11-14 00:00:00","2026-04-16 11:56:30"
1153,124,"2024-01-05 00:00:00",16.65,25.00,"2024-01-05 00:00:00","2026-04-16 11:56:30"
1154,52,"2026-01-21 00:00:00",183.24,0.00,"2026-01-21 00:00:00","2026-04-16 11:56:30"
1155,266,"2026-03-21 00:00:00",229.10,0.00,"2026-03-21 00:00:00","2026-04-16 11:56:30"
1156,280,"2024-04-28 00:00:00",74.55,5.00,"2024-04-28 00:00:00","2026-04-16 11:56:30"
1157,213,"2024-02-21 00:00:00",43.13,10.00,"2024-02-21 00:00:00","2026-04-16 11:56:30"
1158,60,"2025-12-05 00:00:00",275.80,0.00,"2025-12-05 00:00:00","2026-04-16 11:56:30"
1159,199,"2025-06-27 00:00:00",168.31,0.00,"2025-06-27 00:00:00","2026-04-16 11:56:30"
1160,217,"2024-08-18 00:00:00",153.30,0.00,"2024-08-18 00:00:00","2026-04-16 11:56:30"
1161,135,"2026-02-16 00:00:00",116.73,0.00,"2026-02-16 00:00:00","2026-04-16 11:56:30"
1162,84,"2024-01-05 00:00:00",200.53,0.00,"2024-01-05 00:00:00","2026-04-16 11:56:30"
1163,15,"2026-02-17 00:00:00",226.56,0.00,"2026-02-17 00:00:00","2026-04-16 11:56:30"
1164,43,"2022-05-08 00:00:00",90.79,0.00,"2022-05-08 00:00:00","2026-04-16 11:56:30"
1165,157,"2022-03-19 00:00:00",134.95,0.00,"2022-03-19 00:00:00","2026-04-16 11:56:30"
1166,185,"2022-01-08 00:00:00",68.00,5.00,"2022-01-08 00:00:00","2026-04-16 11:56:30"
1167,254,"2024-09-23 00:00:00",42.90,10.00,"2024-09-23 00:00:00","2026-04-16 11:56:30"
1168,97,"2026-01-03 00:00:00",162.58,0.00,"2026-01-03 00:00:00","2026-04-16 11:56:30"
1169,117,"2025-04-21 00:00:00",94.39,0.00,"2025-04-21 00:00:00","2026-04-16 11:56:30"
1170,252,"2025-05-23 00:00:00",49.84,10.00,"2025-05-23 00:00:00","2026-04-16 11:56:30"
1171,66,"2022-07-02 00:00:00",54.52,5.00,"2022-07-02 00:00:00","2026-04-16 11:56:30"
1172,223,"2025-09-09 00:00:00",232.00,0.00,"2025-09-09 00:00:00","2026-04-16 11:56:30"
1173,253,"2022-09-02 00:00:00",143.97,0.00,"2022-09-02 00:00:00","2026-04-16 11:56:30"
1174,269,"2025-06-15 00:00:00",21.12,25.00,"2025-06-15 00:00:00","2026-04-16 11:56:30"
1175,256,"2021-11-25 00:00:00",55.42,5.00,"2021-11-25 00:00:00","2026-04-16 11:56:30"
1176,207,"2025-12-19 00:00:00",169.40,0.00,"2025-12-19 00:00:00","2026-04-16 11:56:30"
1177,226,"2025-02-03 00:00:00",9.30,25.00,"2025-02-03 00:00:00","2026-04-16 11:56:30"
1178,246,"2023-04-18 00:00:00",100.25,0.00,"2023-04-18 00:00:00","2026-04-16 11:56:30"
1179,132,"2022-08-18 00:00:00",190.97,0.00,"2022-08-18 00:00:00","2026-04-16 11:56:30"
1180,262,"2024-09-17 00:00:00",140.49,0.00,"2024-09-17 00:00:00","2026-04-16 11:56:30"
1181,156,"2025-07-08 00:00:00",246.13,0.00,"2025-07-08 00:00:00","2026-04-16 11:56:30"
1182,149,"2026-02-24 00:00:00",186.45,0.00,"2026-02-24 00:00:00","2026-04-16 11:56:30"
1183,237,"2026-03-24 00:00:00",29.88,10.00,"2026-03-24 00:00:00","2026-04-16 11:56:30"
1184,273,"2022-04-07 00:00:00",183.27,0.00,"2022-04-07 00:00:00","2026-04-16 11:56:30"
1185,159,"2025-12-02 00:00:00",121.98,0.00,"2025-12-02 00:00:00","2026-04-16 11:56:30"
1186,87,"2025-12-07 00:00:00",4.92,25.00,"2025-12-07 00:00:00","2026-04-16 11:56:30"
1187,104,"2025-07-02 00:00:00",150.95,0.00,"2025-07-02 00:00:00","2026-04-16 11:56:30"
1188,110,"2025-12-01 00:00:00",147.31,0.00,"2025-12-01 00:00:00","2026-04-16 11:56:30"
1189,260,"2021-10-25 00:00:00",13.59,25.00,"2021-10-25 00:00:00","2026-04-16 11:56:30"
1190,198,"2025-03-17 00:00:00",222.91,0.00,"2025-03-17 00:00:00","2026-04-16 11:56:30"
1191,53,"2024-05-15 00:00:00",39.27,10.00,"2024-05-15 00:00:00","2026-04-16 11:56:30"
1192,160,"2024-04-23 00:00:00",94.00,0.00,"2024-04-23 00:00:00","2026-04-16 11:56:30"
1193,281,"2025-01-08 00:00:00",170.06,0.00,"2025-01-08 00:00:00","2026-04-16 11:56:30"
1194,209,"2025-04-13 00:00:00",16.65,25.00,"2025-04-13 00:00:00","2026-04-16 11:56:30"
1195,155,"2025-06-22 00:00:00",143.28,0.00,"2025-06-22 00:00:00","2026-04-16 11:56:30"
1196,45,"2023-03-21 00:00:00",221.82,0.00,"2023-03-21 00:00:00","2026-04-16 11:56:30"
1197,76,"2024-04-15 00:00:00",52.76,5.00,"2024-04-15 00:00:00","2026-04-16 11:56:30"
1198,76,"2024-12-09 00:00:00",250.46,0.00,"2024-12-09 00:00:00","2026-04-16 11:56:30"
1199,227,"2026-04-13 00:00:00",60.44,5.00,"2026-04-13 00:00:00","2026-04-16 11:56:30"
1200,84,"2025-10-10 00:00:00",133.06,0.00,"2025-10-10 00:00:00","2026-04-16 11:56:30"
1201,148,"2024-12-25 00:00:00",138.44,0.00,"2024-12-25 00:00:00","2026-04-16 11:56:30"
1202,170,"2025-01-15 00:00:00",113.52,0.00,"2025-01-15 00:00:00","2026-04-16 11:56:30"
1203,256,"2026-03-13 00:00:00",205.34,0.00,"2026-03-13 00:00:00","2026-04-16 11:56:30"
1204,217,"2025-06-24 00:00:00",206.43,0.00,"2025-06-24 00:00:00","2026-04-16 11:56:30"
1205,162,"2025-11-19 00:00:00",174.74,0.00,"2025-11-19 00:00:00","2026-04-16 11:56:30"
1206,223,"2023-12-13 00:00:00",36.17,10.00,"2023-12-13 00:00:00","2026-04-16 11:56:30"
1207,254,"2023-01-07 00:00:00",97.26,0.00,"2023-01-07 00:00:00","2026-04-16 11:56:30"
1208,283,"2021-09-13 00:00:00",3.96,25.00,"2021-09-13 00:00:00","2026-04-16 11:56:30"
1209,11,"2025-05-24 00:00:00",180.26,0.00,"2025-05-24 00:00:00","2026-04-16 11:56:30"
1210,223,"2023-11-21 00:00:00",192.68,0.00,"2023-11-21 00:00:00","2026-04-16 11:56:30"
1211,17,"2025-10-18 00:00:00",134.47,0.00,"2025-10-18 00:00:00","2026-04-16 11:56:30"
1212,39,"2022-05-01 00:00:00",233.63,0.00,"2022-05-01 00:00:00","2026-04-16 11:56:30"
1213,234,"2024-04-04 00:00:00",215.90,0.00,"2024-04-04 00:00:00","2026-04-16 11:56:30"
1214,135,"2026-02-15 00:00:00",236.06,0.00,"2026-02-15 00:00:00","2026-04-16 11:56:30"
1215,270,"2023-06-08 00:00:00",246.55,0.00,"2023-06-08 00:00:00","2026-04-16 11:56:30"
1216,245,"2025-10-10 00:00:00",128.87,0.00,"2025-10-10 00:00:00","2026-04-16 11:56:30"
1217,245,"2025-01-30 00:00:00",166.99,0.00,"2025-01-30 00:00:00","2026-04-16 11:56:30"
1218,71,"2024-12-16 00:00:00",6.86,25.00,"2024-12-16 00:00:00","2026-04-16 11:56:30"
1219,290,"2022-05-02 00:00:00",101.01,0.00,"2022-05-02 00:00:00","2026-04-16 11:56:30"
1220,111,"2024-12-30 00:00:00",113.77,0.00,"2024-12-30 00:00:00","2026-04-16 11:56:30"
1221,133,"2022-05-23 00:00:00",54.12,5.00,"2022-05-23 00:00:00","2026-04-16 11:56:30"
1222,144,"2020-06-07 00:00:00",106.20,0.00,"2020-06-07 00:00:00","2026-04-16 11:56:30"
1223,214,"2025-08-12 00:00:00",235.87,0.00,"2025-08-12 00:00:00","2026-04-16 11:56:30"
1224,63,"2023-02-27 00:00:00",31.78,10.00,"2023-02-27 00:00:00","2026-04-16 11:56:30"
1225,194,"2024-06-02 00:00:00",92.53,0.00,"2024-06-02 00:00:00","2026-04-16 11:56:30"
1226,142,"2025-03-03 00:00:00",95.62,0.00,"2025-03-03 00:00:00","2026-04-16 11:56:30"
1227,224,"2026-01-15 00:00:00",67.95,5.00,"2026-01-15 00:00:00","2026-04-16 11:56:30"
1228,151,"2023-08-27 00:00:00",162.15,0.00,"2023-08-27 00:00:00","2026-04-16 11:56:30"
1229,239,"2025-08-29 00:00:00",61.05,5.00,"2025-08-29 00:00:00","2026-04-16 11:56:30"
1230,53,"2025-12-29 00:00:00",104.57,0.00,"2025-12-29 00:00:00","2026-04-16 11:56:30"
1231,54,"2025-10-06 00:00:00",142.01,0.00,"2025-10-06 00:00:00","2026-04-16 11:56:30"
1232,212,"2023-02-09 00:00:00",36.50,10.00,"2023-02-09 00:00:00","2026-04-16 11:56:30"
1233,104,"2024-05-16 00:00:00",158.26,0.00,"2024-05-16 00:00:00","2026-04-16 11:56:30"
1234,66,"2026-03-08 00:00:00",243.51,0.00,"2026-03-08 00:00:00","2026-04-16 11:56:30"
1235,182,"2025-09-25 00:00:00",111.66,0.00,"2025-09-25 00:00:00","2026-04-16 11:56:30"
1236,264,"2025-04-08 00:00:00",132.61,0.00,"2025-04-08 00:00:00","2026-04-16 11:56:30"
1237,284,"2025-08-01 00:00:00",6.04,25.00,"2025-08-01 00:00:00","2026-04-16 11:56:30"
1238,71,"2025-12-12 00:00:00",49.86,10.00,"2025-12-12 00:00:00","2026-04-16 11:56:30"
1239,20,"2022-06-13 00:00:00",23.76,25.00,"2022-06-13 00:00:00","2026-04-16 11:56:30"
1240,157,"2021-05-28 00:00:00",140.43,0.00,"2021-05-28 00:00:00","2026-04-16 11:56:30"
1241,33,"2026-04-02 00:00:00",111.95,0.00,"2026-04-02 00:00:00","2026-04-16 11:56:30"
1242,122,"2026-01-21 00:00:00",250.98,0.00,"2026-01-21 00:00:00","2026-04-16 11:56:30"
1243,39,"2023-07-24 00:00:00",50.70,5.00,"2023-07-24 00:00:00","2026-04-16 11:56:30"
1244,187,"2022-09-22 00:00:00",76.07,0.00,"2022-09-22 00:00:00","2026-04-16 11:56:30"
1245,190,"2025-08-07 00:00:00",1.75,25.00,"2025-08-07 00:00:00","2026-04-16 11:56:30"
1246,300,"2023-04-11 00:00:00",288.60,0.00,"2023-04-11 00:00:00","2026-04-16 11:56:30"
1247,114,"2023-11-20 00:00:00",235.48,0.00,"2023-11-20 00:00:00","2026-04-16 11:56:30"
1248,65,"2025-09-26 00:00:00",131.58,0.00,"2025-09-26 00:00:00","2026-04-16 11:56:30"
1249,289,"2025-10-22 00:00:00",127.31,0.00,"2025-10-22 00:00:00","2026-04-16 11:56:30"
1250,180,"2025-11-05 00:00:00",184.35,0.00,"2025-11-05 00:00:00","2026-04-16 11:56:30"
1251,187,"2022-09-20 00:00:00",45.02,10.00,"2022-09-20 00:00:00","2026-04-16 11:56:30"
1252,188,"2026-01-16 00:00:00",8.10,25.00,"2026-01-16 00:00:00","2026-04-16 11:56:30"
1253,225,"2026-03-29 00:00:00",86.93,0.00,"2026-03-29 00:00:00","2026-04-16 11:56:30"
1254,218,"2023-08-22 00:00:00",75.17,0.00,"2023-08-22 00:00:00","2026-04-16 11:56:30"
1255,92,"2026-01-20 00:00:00",148.91,0.00,"2026-01-20 00:00:00","2026-04-16 11:56:30"
1256,198,"2026-02-11 00:00:00",152.33,0.00,"2026-02-11 00:00:00","2026-04-16 11:56:30"
1257,127,"2026-02-17 00:00:00",99.02,0.00,"2026-02-17 00:00:00","2026-04-16 11:56:30"
1258,261,"2025-05-06 00:00:00",269.41,0.00,"2025-05-06 00:00:00","2026-04-16 11:56:30"
1259,207,"2026-02-20 00:00:00",228.41,0.00,"2026-02-20 00:00:00","2026-04-16 11:56:30"
1260,49,"2023-01-29 00:00:00",191.94,0.00,"2023-01-29 00:00:00","2026-04-16 11:56:30"
1261,272,"2023-05-22 00:00:00",80.77,0.00,"2023-05-22 00:00:00","2026-04-16 11:56:30"
1262,164,"2025-04-06 00:00:00",136.21,0.00,"2025-04-06 00:00:00","2026-04-16 11:56:30"
1263,260,"2021-09-26 00:00:00",93.23,0.00,"2021-09-26 00:00:00","2026-04-16 11:56:30"
1264,150,"2026-04-07 00:00:00",114.82,0.00,"2026-04-07 00:00:00","2026-04-16 11:56:30"
1265,218,"2025-06-03 00:00:00",267.06,0.00,"2025-06-03 00:00:00","2026-04-16 11:56:30"
1266,224,"2024-07-12 00:00:00",118.89,0.00,"2024-07-12 00:00:00","2026-04-16 11:56:30"
1267,242,"2021-07-22 00:00:00",100.37,0.00,"2021-07-22 00:00:00","2026-04-16 11:56:30"
1268,152,"2024-04-15 00:00:00",262.68,0.00,"2024-04-15 00:00:00","2026-04-16 11:56:30"
1269,1,"2024-10-01 00:00:00",142.93,0.00,"2024-10-01 00:00:00","2026-04-16 11:56:30"
1270,139,"2024-12-14 00:00:00",325.86,0.00,"2024-12-14 00:00:00","2026-04-16 11:56:30"
1271,263,"2020-02-21 00:00:00",288.26,0.00,"2020-02-21 00:00:00","2026-04-16 11:56:30"
1272,295,"2025-11-21 00:00:00",111.98,0.00,"2025-11-21 00:00:00","2026-04-16 11:56:30"
1273,123,"2024-05-20 00:00:00",156.95,0.00,"2024-05-20 00:00:00","2026-04-16 11:56:30"
1274,216,"2025-12-05 00:00:00",166.93,0.00,"2025-12-05 00:00:00","2026-04-16 11:56:30"
1275,17,"2026-01-28 00:00:00",70.77,5.00,"2026-01-28 00:00:00","2026-04-16 11:56:30"
1276,281,"2025-06-04 00:00:00",228.71,0.00,"2025-06-04 00:00:00","2026-04-16 11:56:30"
1277,242,"2022-06-11 00:00:00",63.46,5.00,"2022-06-11 00:00:00","2026-04-16 11:56:30"
1278,206,"2024-06-18 00:00:00",180.61,0.00,"2024-06-18 00:00:00","2026-04-16 11:56:30"
1279,22,"2024-07-06 00:00:00",205.42,0.00,"2024-07-06 00:00:00","2026-04-16 11:56:30"
1280,239,"2026-01-25 00:00:00",180.90,0.00,"2026-01-25 00:00:00","2026-04-16 11:56:30"
1281,100,"2021-01-17 00:00:00",230.33,0.00,"2021-01-17 00:00:00","2026-04-16 11:56:30"
1282,260,"2021-09-02 00:00:00",271.92,0.00,"2021-09-02 00:00:00","2026-04-16 11:56:30"
1283,63,"2024-02-15 00:00:00",14.96,25.00,"2024-02-15 00:00:00","2026-04-16 11:56:30"
1284,264,"2025-01-13 00:00:00",98.21,0.00,"2025-01-13 00:00:00","2026-04-16 11:56:30"
1285,219,"2022-09-23 00:00:00",77.35,0.00,"2022-09-23 00:00:00","2026-04-16 11:56:30"
1286,40,"2025-10-27 00:00:00",209.00,0.00,"2025-10-27 00:00:00","2026-04-16 11:56:30"
1287,93,"2024-01-27 00:00:00",46.79,10.00,"2024-01-27 00:00:00","2026-04-16 11:56:30"
1288,30,"2026-04-15 00:00:00",132.10,0.00,"2026-04-15 00:00:00","2026-04-16 11:56:30"
1289,110,"2025-12-21 00:00:00",161.68,0.00,"2025-12-21 00:00:00","2026-04-16 11:56:30"
1290,63,"2022-10-02 00:00:00",144.68,0.00,"2022-10-02 00:00:00","2026-04-16 11:56:30"
1291,89,"2026-03-23 00:00:00",234.04,0.00,"2026-03-23 00:00:00","2026-04-16 11:56:30"
1292,182,"2025-05-09 00:00:00",161.25,0.00,"2025-05-09 00:00:00","2026-04-16 11:56:30"
1293,173,"2025-12-25 00:00:00",123.84,0.00,"2025-12-25 00:00:00","2026-04-16 11:56:30"
1294,131,"2024-05-12 00:00:00",36.00,10.00,"2024-05-12 00:00:00","2026-04-16 11:56:30"
1295,263,"2020-04-12 00:00:00",44.78,10.00,"2020-04-12 00:00:00","2026-04-16 11:56:30"
1296,1,"2025-09-02 00:00:00",60.05,5.00,"2025-09-02 00:00:00","2026-04-16 11:56:30"
1297,230,"2026-01-26 00:00:00",198.04,0.00,"2026-01-26 00:00:00","2026-04-16 11:56:30"
1298,297,"2025-11-12 00:00:00",163.10,0.00,"2025-11-12 00:00:00","2026-04-16 11:56:30"
1299,48,"2025-10-16 00:00:00",336.95,0.00,"2025-10-16 00:00:00","2026-04-16 11:56:30"
1300,82,"2025-05-22 00:00:00",29.52,10.00,"2025-05-22 00:00:00","2026-04-16 11:56:30"
1301,219,"2022-11-17 00:00:00",198.53,0.00,"2022-11-17 00:00:00","2026-04-16 11:56:30"
1302,25,"2026-01-30 00:00:00",101.04,0.00,"2026-01-30 00:00:00","2026-04-16 11:56:30"
1303,6,"2022-01-13 00:00:00",205.72,0.00,"2022-01-13 00:00:00","2026-04-16 11:56:30"
1304,164,"2023-02-07 00:00:00",209.83,0.00,"2023-02-07 00:00:00","2026-04-16 11:56:30"
1305,171,"2025-01-15 00:00:00",229.49,0.00,"2025-01-15 00:00:00","2026-04-16 11:56:30"
1306,61,"2024-03-05 00:00:00",358.38,0.00,"2024-03-05 00:00:00","2026-04-16 11:56:30"
1307,17,"2024-12-18 00:00:00",174.76,0.00,"2024-12-18 00:00:00","2026-04-16 11:56:30"
1308,253,"2022-08-25 00:00:00",72.34,5.00,"2022-08-25 00:00:00","2026-04-16 11:56:30"
1309,40,"2026-03-06 00:00:00",34.63,10.00,"2026-03-06 00:00:00","2026-04-16 11:56:30"
1310,269,"2024-09-12 00:00:00",48.19,10.00,"2024-09-12 00:00:00","2026-04-16 11:56:30"
1311,218,"2024-04-22 00:00:00",10.32,25.00,"2024-04-22 00:00:00","2026-04-16 11:56:30"
1312,181,"2025-06-08 00:00:00",66.97,5.00,"2025-06-08 00:00:00","2026-04-16 11:56:30"
1313,59,"2025-08-18 00:00:00",127.75,0.00,"2025-08-18 00:00:00","2026-04-16 11:56:30"
1314,286,"2025-02-06 00:00:00",83.76,0.00,"2025-02-06 00:00:00","2026-04-16 11:56:30"
1315,56,"2022-08-10 00:00:00",145.80,0.00,"2022-08-10 00:00:00","2026-04-16 11:56:30"
1316,156,"2024-11-01 00:00:00",143.04,0.00,"2024-11-01 00:00:00","2026-04-16 11:56:30"
1317,172,"2024-07-15 00:00:00",183.41,0.00,"2024-07-15 00:00:00","2026-04-16 11:56:30"
1318,45,"2023-10-08 00:00:00",15.12,25.00,"2023-10-08 00:00:00","2026-04-16 11:56:30"
1319,55,"2022-02-08 00:00:00",53.97,5.00,"2022-02-08 00:00:00","2026-04-16 11:56:30"
1320,115,"2024-08-17 00:00:00",124.22,0.00,"2024-08-17 00:00:00","2026-04-16 11:56:30"
1321,236,"2024-04-05 00:00:00",291.48,0.00,"2024-04-05 00:00:00","2026-04-16 11:56:30"
1322,52,"2026-01-10 00:00:00",36.90,10.00,"2026-01-10 00:00:00","2026-04-16 11:56:30"
1323,111,"2025-05-27 00:00:00",46.87,10.00,"2025-05-27 00:00:00","2026-04-16 11:56:30"
1324,95,"2025-06-11 00:00:00",262.53,0.00,"2025-06-11 00:00:00","2026-04-16 11:56:30"
1325,129,"2025-08-17 00:00:00",39.12,10.00,"2025-08-17 00:00:00","2026-04-16 11:56:30"
1326,171,"2024-01-24 00:00:00",63.31,5.00,"2024-01-24 00:00:00","2026-04-16 11:56:30"
1327,249,"2025-04-15 00:00:00",139.22,0.00,"2025-04-15 00:00:00","2026-04-16 11:56:30"
1328,19,"2026-01-15 00:00:00",130.15,0.00,"2026-01-15 00:00:00","2026-04-16 11:56:30"
1329,104,"2024-01-08 00:00:00",126.02,0.00,"2024-01-08 00:00:00","2026-04-16 11:56:30"
1330,286,"2024-11-15 00:00:00",254.42,0.00,"2024-11-15 00:00:00","2026-04-16 11:56:30"
1331,289,"2024-12-08 00:00:00",278.97,0.00,"2024-12-08 00:00:00","2026-04-16 11:56:30"
1332,58,"2022-10-22 00:00:00",209.97,0.00,"2022-10-22 00:00:00","2026-04-16 11:56:30"
1333,226,"2024-09-28 00:00:00",298.50,0.00,"2024-09-28 00:00:00","2026-04-16 11:56:30"
1334,241,"2026-03-04 00:00:00",59.31,5.00,"2026-03-04 00:00:00","2026-04-16 11:56:30"
1335,14,"2024-01-22 00:00:00",134.17,0.00,"2024-01-22 00:00:00","2026-04-16 11:56:30"
1336,282,"2021-10-18 00:00:00",14.02,25.00,"2021-10-18 00:00:00","2026-04-16 11:56:30"
1337,226,"2023-12-27 00:00:00",256.38,0.00,"2023-12-27 00:00:00","2026-04-16 11:56:30"
1338,264,"2026-01-18 00:00:00",6.08,25.00,"2026-01-18 00:00:00","2026-04-16 11:56:30"
1339,219,"2022-10-02 00:00:00",99.68,0.00,"2022-10-02 00:00:00","2026-04-16 11:56:30"
1340,226,"2024-08-11 00:00:00",166.48,0.00,"2024-08-11 00:00:00","2026-04-16 11:56:30"
1341,187,"2022-10-11 00:00:00",77.31,0.00,"2022-10-11 00:00:00","2026-04-16 11:56:30"
1342,163,"2025-07-07 00:00:00",197.90,0.00,"2025-07-07 00:00:00","2026-04-16 11:56:30"
1343,272,"2024-07-12 00:00:00",90.22,0.00,"2024-07-12 00:00:00","2026-04-16 11:56:30"
1344,226,"2021-06-16 00:00:00",62.88,5.00,"2021-06-16 00:00:00","2026-04-16 11:56:30"
1345,73,"2026-04-09 00:00:00",186.87,0.00,"2026-04-09 00:00:00","2026-04-16 11:56:30"
1346,114,"2023-10-23 00:00:00",226.74,0.00,"2023-10-23 00:00:00","2026-04-16 11:56:30"
1347,283,"2021-11-06 00:00:00",174.98,0.00,"2021-11-06 00:00:00","2026-04-16 11:56:30"
1348,53,"2026-03-25 00:00:00",161.13,0.00,"2026-03-25 00:00:00","2026-04-16 11:56:30"
1349,284,"2024-09-16 00:00:00",7.40,25.00,"2024-09-16 00:00:00","2026-04-16 11:56:30"
1350,238,"2021-08-05 00:00:00",210.50,0.00,"2021-08-05 00:00:00","2026-04-16 11:56:30"
1351,109,"2025-12-01 00:00:00",147.01,0.00,"2025-12-01 00:00:00","2026-04-16 11:56:30"
1352,52,"2026-03-01 00:00:00",311.13,0.00,"2026-03-01 00:00:00","2026-04-16 11:56:30"
1353,77,"2024-10-04 00:00:00",213.00,0.00,"2024-10-04 00:00:00","2026-04-16 11:56:30"
1354,158,"2025-06-05 00:00:00",158.84,0.00,"2025-06-05 00:00:00","2026-04-16 11:56:30"
1355,207,"2025-04-11 00:00:00",212.47,0.00,"2025-04-11 00:00:00","2026-04-16 11:56:30"
1356,204,"2025-10-14 00:00:00",48.70,10.00,"2025-10-14 00:00:00","2026-04-16 11:56:30"
1357,168,"2026-01-18 00:00:00",98.30,0.00,"2026-01-18 00:00:00","2026-04-16 11:56:30"
1358,71,"2025-02-03 00:00:00",32.93,10.00,"2025-02-03 00:00:00","2026-04-16 11:56:30"
1359,109,"2025-09-03 00:00:00",118.85,0.00,"2025-09-03 00:00:00","2026-04-16 11:56:30"
1360,266,"2026-04-02 00:00:00",56.39,5.00,"2026-04-02 00:00:00","2026-04-16 11:56:30"
1361,79,"2026-04-04 00:00:00",97.08,0.00,"2026-04-04 00:00:00","2026-04-16 11:56:30"
1362,25,"2024-10-15 00:00:00",192.24,0.00,"2024-10-15 00:00:00","2026-04-16 11:56:30"
1363,133,"2026-04-01 00:00:00",235.23,0.00,"2026-04-01 00:00:00","2026-04-16 11:56:30"
1364,14,"2024-04-16 00:00:00",205.56,0.00,"2024-04-16 00:00:00","2026-04-16 11:56:30"
1365,87,"2026-04-13 00:00:00",124.67,0.00,"2026-04-13 00:00:00","2026-04-16 11:56:30"
1366,174,"2025-10-04 00:00:00",6.52,25.00,"2025-10-04 00:00:00","2026-04-16 11:56:30"
1367,51,"2025-11-16 00:00:00",112.71,0.00,"2025-11-16 00:00:00","2026-04-16 11:56:30"
1368,235,"2026-01-15 00:00:00",158.70,0.00,"2026-01-15 00:00:00","2026-04-16 11:56:30"
1369,200,"2024-05-28 00:00:00",87.17,0.00,"2024-05-28 00:00:00","2026-04-16 11:56:30"
1370,53,"2023-09-14 00:00:00",81.29,0.00,"2023-09-14 00:00:00","2026-04-16 11:56:30"
1371,160,"2025-08-20 00:00:00",193.43,0.00,"2025-08-20 00:00:00","2026-04-16 11:56:30"
1372,286,"2024-11-02 00:00:00",284.52,0.00,"2024-11-02 00:00:00","2026-04-16 11:56:30"
1373,196,"2026-02-02 00:00:00",98.32,0.00,"2026-02-02 00:00:00","2026-04-16 11:56:30"
1374,102,"2025-10-12 00:00:00",215.74,0.00,"2025-10-12 00:00:00","2026-04-16 11:56:30"
1375,255,"2022-12-09 00:00:00",7.44,25.00,"2022-12-09 00:00:00","2026-04-16 11:56:30"
1376,253,"2023-06-18 00:00:00",30.86,10.00,"2023-06-18 00:00:00","2026-04-16 11:56:30"
1377,270,"2025-01-31 00:00:00",35.80,10.00,"2025-01-31 00:00:00","2026-04-16 11:56:30"
1378,99,"2024-11-23 00:00:00",60.24,5.00,"2024-11-23 00:00:00","2026-04-16 11:56:30"
1379,114,"2021-10-02 00:00:00",143.52,0.00,"2021-10-02 00:00:00","2026-04-16 11:56:30"
1380,159,"2024-05-23 00:00:00",243.46,0.00,"2024-05-23 00:00:00","2026-04-16 11:56:30"
1381,126,"2023-08-16 00:00:00",287.48,0.00,"2023-08-16 00:00:00","2026-04-16 11:56:30"
1382,20,"2022-01-28 00:00:00",111.80,0.00,"2022-01-28 00:00:00","2026-04-16 11:56:30"
1383,92,"2025-10-15 00:00:00",89.58,0.00,"2025-10-15 00:00:00","2026-04-16 11:56:30"
1384,126,"2023-11-03 00:00:00",192.17,0.00,"2023-11-03 00:00:00","2026-04-16 11:56:30"
1385,183,"2022-04-06 00:00:00",126.77,0.00,"2022-04-06 00:00:00","2026-04-16 11:56:30"
1386,259,"2025-10-18 00:00:00",331.82,0.00,"2025-10-18 00:00:00","2026-04-16 11:56:30"
1387,57,"2023-12-01 00:00:00",16.87,25.00,"2023-12-01 00:00:00","2026-04-16 11:56:30"
1388,141,"2025-06-13 00:00:00",28.42,10.00,"2025-06-13 00:00:00","2026-04-16 11:56:30"
1389,169,"2023-04-08 00:00:00",42.90,10.00,"2023-04-08 00:00:00","2026-04-16 11:56:30"
1390,144,"2020-06-29 00:00:00",272.54,0.00,"2020-06-29 00:00:00","2026-04-16 11:56:30"
1391,241,"2026-01-05 00:00:00",101.52,0.00,"2026-01-05 00:00:00","2026-04-16 11:56:30"
1392,94,"2025-01-23 00:00:00",166.27,0.00,"2025-01-23 00:00:00","2026-04-16 11:56:30"
1393,33,"2026-04-07 00:00:00",58.01,5.00,"2026-04-07 00:00:00","2026-04-16 11:56:30"
1394,43,"2025-07-16 00:00:00",109.44,0.00,"2025-07-16 00:00:00","2026-04-16 11:56:30"
1395,61,"2024-06-28 00:00:00",91.00,0.00,"2024-06-28 00:00:00","2026-04-16 11:56:30"
1396,63,"2025-05-16 00:00:00",97.07,0.00,"2025-05-16 00:00:00","2026-04-16 11:56:30"
1397,167,"2026-03-22 00:00:00",252.52,0.00,"2026-03-22 00:00:00","2026-04-16 11:56:30"
1398,115,"2024-06-21 00:00:00",166.40,0.00,"2024-06-21 00:00:00","2026-04-16 11:56:30"
1399,233,"2025-06-12 00:00:00",228.04,0.00,"2025-06-12 00:00:00","2026-04-16 11:56:30"
1400,161,"2021-05-06 00:00:00",122.11,0.00,"2021-05-06 00:00:00","2026-04-16 11:56:30"
1401,147,"2025-04-19 00:00:00",280.37,0.00,"2025-04-19 00:00:00","2026-04-16 11:56:30"
1402,298,"2024-08-11 00:00:00",235.57,0.00,"2024-08-11 00:00:00","2026-04-16 11:56:30"
1403,36,"2025-10-12 00:00:00",90.54,0.00,"2025-10-12 00:00:00","2026-04-16 11:56:30"
1404,280,"2024-09-25 00:00:00",175.96,0.00,"2024-09-25 00:00:00","2026-04-16 11:56:30"
1405,276,"2024-10-28 00:00:00",34.72,10.00,"2024-10-28 00:00:00","2026-04-16 11:56:30"
1406,16,"2026-04-13 00:00:00",60.30,5.00,"2026-04-13 00:00:00","2026-04-16 11:56:30"
1407,163,"2025-10-14 00:00:00",96.14,0.00,"2025-10-14 00:00:00","2026-04-16 11:56:30"
1408,46,"2025-12-07 00:00:00",76.94,0.00,"2025-12-07 00:00:00","2026-04-16 11:56:30"
1409,262,"2023-09-12 00:00:00",199.07,0.00,"2023-09-12 00:00:00","2026-04-16 11:56:30"
1410,162,"2022-07-14 00:00:00",58.62,5.00,"2022-07-14 00:00:00","2026-04-16 11:56:30"
1411,213,"2024-02-10 00:00:00",242.28,0.00,"2024-02-10 00:00:00","2026-04-16 11:56:30"
1412,183,"2022-02-04 00:00:00",149.29,0.00,"2022-02-04 00:00:00","2026-04-16 11:56:30"
1413,236,"2025-11-03 00:00:00",164.69,0.00,"2025-11-03 00:00:00","2026-04-16 11:56:30"
1414,147,"2024-04-23 00:00:00",60.81,5.00,"2024-04-23 00:00:00","2026-04-16 11:56:30"
1415,38,"2021-08-18 00:00:00",154.80,0.00,"2021-08-18 00:00:00","2026-04-16 11:56:30"
1416,131,"2023-07-20 00:00:00",109.40,0.00,"2023-07-20 00:00:00","2026-04-16 11:56:30"
1417,82,"2025-04-21 00:00:00",149.79,0.00,"2025-04-21 00:00:00","2026-04-16 11:56:30"
1418,79,"2025-12-07 00:00:00",16.40,25.00,"2025-12-07 00:00:00","2026-04-16 11:56:30"
1419,57,"2022-05-27 00:00:00",262.84,0.00,"2022-05-27 00:00:00","2026-04-16 11:56:30"
1420,80,"2025-07-20 00:00:00",237.02,0.00,"2025-07-20 00:00:00","2026-04-16 11:56:30"
1421,3,"2025-11-09 00:00:00",158.21,0.00,"2025-11-09 00:00:00","2026-04-16 11:56:30"
1422,121,"2022-08-19 00:00:00",401.68,0.00,"2022-08-19 00:00:00","2026-04-16 11:56:30"
1423,22,"2023-06-09 00:00:00",299.66,0.00,"2023-06-09 00:00:00","2026-04-16 11:56:30"
1424,164,"2025-09-08 00:00:00",256.84,0.00,"2025-09-08 00:00:00","2026-04-16 11:56:30"
1425,6,"2025-07-31 00:00:00",67.75,5.00,"2025-07-31 00:00:00","2026-04-16 11:56:30"
1426,285,"2026-02-02 00:00:00",151.69,0.00,"2026-02-02 00:00:00","2026-04-16 11:56:30"
1427,99,"2025-04-16 00:00:00",53.54,5.00,"2025-04-16 00:00:00","2026-04-16 11:56:30"
1428,214,"2025-08-17 00:00:00",217.68,0.00,"2025-08-17 00:00:00","2026-04-16 11:56:30"
1429,184,"2026-04-01 00:00:00",88.86,0.00,"2026-04-01 00:00:00","2026-04-16 11:56:30"
1430,299,"2023-02-19 00:00:00",137.78,0.00,"2023-02-19 00:00:00","2026-04-16 11:56:30"
1431,42,"2024-06-20 00:00:00",113.45,0.00,"2024-06-20 00:00:00","2026-04-16 11:56:30"
1432,46,"2025-12-15 00:00:00",64.66,5.00,"2025-12-15 00:00:00","2026-04-16 11:56:30"
1433,62,"2023-04-24 00:00:00",94.91,0.00,"2023-04-24 00:00:00","2026-04-16 11:56:30"
1434,254,"2022-03-26 00:00:00",220.47,0.00,"2022-03-26 00:00:00","2026-04-16 11:56:30"
1435,78,"2025-07-30 00:00:00",257.04,0.00,"2025-07-30 00:00:00","2026-04-16 11:56:30"
1436,277,"2023-10-10 00:00:00",8.52,25.00,"2023-10-10 00:00:00","2026-04-16 11:56:30"
1437,125,"2025-03-27 00:00:00",204.78,0.00,"2025-03-27 00:00:00","2026-04-16 11:56:30"
1438,288,"2024-05-07 00:00:00",208.96,0.00,"2024-05-07 00:00:00","2026-04-16 11:56:30"
1439,9,"2025-07-31 00:00:00",31.86,10.00,"2025-07-31 00:00:00","2026-04-16 11:56:30"
1440,165,"2025-05-16 00:00:00",76.42,0.00,"2025-05-16 00:00:00","2026-04-16 11:56:30"
1441,76,"2024-08-04 00:00:00",101.37,0.00,"2024-08-04 00:00:00","2026-04-16 11:56:30"
1442,87,"2026-03-18 00:00:00",239.16,0.00,"2026-03-18 00:00:00","2026-04-16 11:56:30"
1443,86,"2024-05-27 00:00:00",47.71,10.00,"2024-05-27 00:00:00","2026-04-16 11:56:30"
1444,87,"2026-02-22 00:00:00",87.57,0.00,"2026-02-22 00:00:00","2026-04-16 11:56:30"
1445,22,"2024-06-30 00:00:00",221.36,0.00,"2024-06-30 00:00:00","2026-04-16 11:56:30"
1446,38,"2025-10-23 00:00:00",22.68,25.00,"2025-10-23 00:00:00","2026-04-16 11:56:30"
1447,93,"2023-01-14 00:00:00",179.72,0.00,"2023-01-14 00:00:00","2026-04-16 11:56:30"
1448,110,"2026-04-06 00:00:00",35.15,10.00,"2026-04-06 00:00:00","2026-04-16 11:56:30"
1449,47,"2023-10-02 00:00:00",149.04,0.00,"2023-10-02 00:00:00","2026-04-16 11:56:30"
1450,191,"2026-03-24 00:00:00",27.51,10.00,"2026-03-24 00:00:00","2026-04-16 11:56:30"
1451,218,"2025-01-31 00:00:00",49.68,10.00,"2025-01-31 00:00:00","2026-04-16 11:56:30"
1452,164,"2025-11-24 00:00:00",82.47,0.00,"2025-11-24 00:00:00","2026-04-16 11:56:30"
1453,166,"2022-03-24 00:00:00",35.61,10.00,"2022-03-24 00:00:00","2026-04-16 11:56:30"
1454,167,"2026-04-15 00:00:00",72.04,5.00,"2026-04-15 00:00:00","2026-04-16 11:56:30"
1455,209,"2026-03-02 00:00:00",192.75,0.00,"2026-03-02 00:00:00","2026-04-16 11:56:30"
1456,131,"2025-02-16 00:00:00",170.41,0.00,"2025-02-16 00:00:00","2026-04-16 11:56:30"
1457,80,"2025-11-24 00:00:00",95.18,0.00,"2025-11-24 00:00:00","2026-04-16 11:56:30"
1458,71,"2025-06-05 00:00:00",33.86,10.00,"2025-06-05 00:00:00","2026-04-16 11:56:30"
1459,30,"2023-12-16 00:00:00",161.51,0.00,"2023-12-16 00:00:00","2026-04-16 11:56:30"
1460,21,"2023-11-24 00:00:00",23.37,25.00,"2023-11-24 00:00:00","2026-04-16 11:56:30"
1461,73,"2021-05-23 00:00:00",159.31,0.00,"2021-05-23 00:00:00","2026-04-16 11:56:30"
1462,214,"2024-01-29 00:00:00",175.94,0.00,"2024-01-29 00:00:00","2026-04-16 11:56:30"
1463,88,"2025-11-09 00:00:00",96.66,0.00,"2025-11-09 00:00:00","2026-04-16 11:56:30"
1464,280,"2026-01-08 00:00:00",192.86,0.00,"2026-01-08 00:00:00","2026-04-16 11:56:30"
1465,249,"2025-04-09 00:00:00",157.07,0.00,"2025-04-09 00:00:00","2026-04-16 11:56:30"
1466,44,"2026-03-30 00:00:00",128.32,0.00,"2026-03-30 00:00:00","2026-04-16 11:56:30"
1467,200,"2026-04-01 00:00:00",120.72,0.00,"2026-04-01 00:00:00","2026-04-16 11:56:30"
1468,70,"2025-09-22 00:00:00",456.17,0.00,"2025-09-22 00:00:00","2026-04-16 11:56:30"
1469,119,"2025-11-04 00:00:00",237.10,0.00,"2025-11-04 00:00:00","2026-04-16 11:56:30"
1470,46,"2026-03-10 00:00:00",92.66,0.00,"2026-03-10 00:00:00","2026-04-16 11:56:30"
1471,8,"2025-12-08 00:00:00",196.15,0.00,"2025-12-08 00:00:00","2026-04-16 11:56:30"
1472,271,"2022-07-15 00:00:00",45.10,10.00,"2022-07-15 00:00:00","2026-04-16 11:56:30"
1473,171,"2025-06-18 00:00:00",219.98,0.00,"2025-06-18 00:00:00","2026-04-16 11:56:30"
1474,119,"2026-01-18 00:00:00",142.40,0.00,"2026-01-18 00:00:00","2026-04-16 11:56:30"
1475,275,"2021-12-02 00:00:00",30.35,10.00,"2021-12-02 00:00:00","2026-04-16 11:56:30"
1476,226,"2026-04-15 00:00:00",12.81,25.00,"2026-04-15 00:00:00","2026-04-16 11:56:30"
1477,1,"2025-11-08 00:00:00",282.88,0.00,"2025-11-08 00:00:00","2026-04-16 11:56:30"
1478,247,"2023-07-18 00:00:00",8.71,25.00,"2023-07-18 00:00:00","2026-04-16 11:56:30"
1479,67,"2023-03-06 00:00:00",57.18,5.00,"2023-03-06 00:00:00","2026-04-16 11:56:30"
1480,44,"2026-03-09 00:00:00",6.01,25.00,"2026-03-09 00:00:00","2026-04-16 11:56:30"
1481,6,"2025-06-10 00:00:00",99.67,0.00,"2025-06-10 00:00:00","2026-04-16 11:56:30"
1482,196,"2025-12-22 00:00:00",6.16,25.00,"2025-12-22 00:00:00","2026-04-16 11:56:30"
1483,271,"2022-04-21 00:00:00",15.18,25.00,"2022-04-21 00:00:00","2026-04-16 11:56:30"
1484,79,"2025-10-08 00:00:00",126.14,0.00,"2025-10-08 00:00:00","2026-04-16 11:56:30"
1485,115,"2024-04-30 00:00:00",153.15,0.00,"2024-04-30 00:00:00","2026-04-16 11:56:30"
1486,265,"2025-09-26 00:00:00",40.81,10.00,"2025-09-26 00:00:00","2026-04-16 11:56:30"
1487,60,"2025-12-04 00:00:00",61.95,5.00,"2025-12-04 00:00:00","2026-04-16 11:56:30"
1488,143,"2023-05-15 00:00:00",44.64,10.00,"2023-05-15 00:00:00","2026-04-16 11:56:30"
1489,19,"2025-12-23 00:00:00",119.22,0.00,"2025-12-23 00:00:00","2026-04-16 11:56:30"
1490,110,"2025-06-29 00:00:00",122.47,0.00,"2025-06-29 00:00:00","2026-04-16 11:56:30"
1491,241,"2025-06-26 00:00:00",18.69,25.00,"2025-06-26 00:00:00","2026-04-16 11:56:30"
1492,37,"2021-06-02 00:00:00",206.53,0.00,"2021-06-02 00:00:00","2026-04-16 11:56:30"
1493,246,"2022-11-16 00:00:00",14.83,25.00,"2022-11-16 00:00:00","2026-04-16 11:56:30"
1494,279,"2026-03-01 00:00:00",192.64,0.00,"2026-03-01 00:00:00","2026-04-16 11:56:30"
1495,29,"2025-08-09 00:00:00",150.81,0.00,"2025-08-09 00:00:00","2026-04-16 11:56:30"
1496,205,"2024-05-23 00:00:00",183.62,0.00,"2024-05-23 00:00:00","2026-04-16 11:56:30"
1497,179,"2024-08-09 00:00:00",97.33,0.00,"2024-08-09 00:00:00","2026-04-16 11:56:30"
1498,215,"2024-03-16 00:00:00",147.17,0.00,"2024-03-16 00:00:00","2026-04-16 11:56:30"
1499,140,"2026-04-13 00:00:00",283.36,0.00,"2026-04-13 00:00:00","2026-04-16 11:56:30"
1500,27,"2024-08-27 00:00:00",78.61,0.00,"2024-08-27 00:00:00","2026-04-16 11:56:30"
1501,200,"2024-10-28 00:00:00",58.61,5.00,"2024-10-28 00:00:00","2026-04-16 11:56:30"
1502,265,"2025-09-12 00:00:00",247.83,0.00,"2025-09-12 00:00:00","2026-04-16 11:56:30"
1503,157,"2022-04-25 00:00:00",57.88,5.00,"2022-04-25 00:00:00","2026-04-16 11:56:30"
1504,238,"2025-11-22 00:00:00",24.69,25.00,"2025-11-22 00:00:00","2026-04-16 11:56:30"
1505,223,"2022-11-21 00:00:00",43.66,10.00,"2022-11-21 00:00:00","2026-04-16 11:56:30"
1506,80,"2025-02-07 00:00:00",82.75,0.00,"2025-02-07 00:00:00","2026-04-16 11:56:30"
1507,235,"2025-12-18 00:00:00",65.68,5.00,"2025-12-18 00:00:00","2026-04-16 11:56:30"
1508,146,"2025-05-04 00:00:00",143.50,0.00,"2025-05-04 00:00:00","2026-04-16 11:56:30"
1509,101,"2024-11-02 00:00:00",55.76,5.00,"2024-11-02 00:00:00","2026-04-16 11:56:30"
1510,94,"2025-02-25 00:00:00",154.46,0.00,"2025-02-25 00:00:00","2026-04-16 11:56:30"
1511,79,"2025-10-29 00:00:00",104.43,0.00,"2025-10-29 00:00:00","2026-04-16 11:56:30"
1512,29,"2023-10-03 00:00:00",4.82,25.00,"2023-10-03 00:00:00","2026-04-16 11:56:30"
1513,58,"2024-11-16 00:00:00",118.48,0.00,"2024-11-16 00:00:00","2026-04-16 11:56:30"
1514,177,"2025-11-04 00:00:00",161.28,0.00,"2025-11-04 00:00:00","2026-04-16 11:56:30"
1515,140,"2026-03-28 00:00:00",168.88,0.00,"2026-03-28 00:00:00","2026-04-16 11:56:30"
1516,243,"2025-07-12 00:00:00",34.08,10.00,"2025-07-12 00:00:00","2026-04-16 11:56:30"
1517,161,"2023-08-12 00:00:00",5.18,25.00,"2023-08-12 00:00:00","2026-04-16 11:56:30"
1518,72,"2024-06-23 00:00:00",121.38,0.00,"2024-06-23 00:00:00","2026-04-16 11:56:30"
1519,42,"2025-08-13 00:00:00",252.20,0.00,"2025-08-13 00:00:00","2026-04-16 11:56:30"
1520,160,"2024-10-30 00:00:00",166.29,0.00,"2024-10-30 00:00:00","2026-04-16 11:56:30"
1521,112,"2021-03-19 00:00:00",6.10,25.00,"2021-03-19 00:00:00","2026-04-16 11:56:30"
1522,13,"2022-12-09 00:00:00",121.33,0.00,"2022-12-09 00:00:00","2026-04-16 11:56:30"
1523,185,"2025-02-08 00:00:00",57.42,5.00,"2025-02-08 00:00:00","2026-04-16 11:56:30"
1524,7,"2024-03-21 00:00:00",160.91,0.00,"2024-03-21 00:00:00","2026-04-16 11:56:30"
1525,68,"2026-04-04 00:00:00",116.54,0.00,"2026-04-04 00:00:00","2026-04-16 11:56:30"
1526,89,"2025-08-31 00:00:00",121.15,0.00,"2025-08-31 00:00:00","2026-04-16 11:56:30"
1527,50,"2021-03-04 00:00:00",59.01,5.00,"2021-03-04 00:00:00","2026-04-16 11:56:30"
1528,160,"2024-09-26 00:00:00",102.36,0.00,"2024-09-26 00:00:00","2026-04-16 11:56:30"
1529,178,"2023-06-07 00:00:00",164.51,0.00,"2023-06-07 00:00:00","2026-04-16 11:56:30"
1530,3,"2026-03-27 00:00:00",28.08,10.00,"2026-03-27 00:00:00","2026-04-16 11:56:30"
1531,202,"2025-07-18 00:00:00",121.48,0.00,"2025-07-18 00:00:00","2026-04-16 11:56:30"
1532,252,"2025-12-16 00:00:00",53.90,5.00,"2025-12-16 00:00:00","2026-04-16 11:56:30"
1533,132,"2020-04-12 00:00:00",177.80,0.00,"2020-04-12 00:00:00","2026-04-16 11:56:30"
1534,62,"2022-11-03 00:00:00",234.64,0.00,"2022-11-03 00:00:00","2026-04-16 11:56:30"
1535,30,"2026-03-10 00:00:00",151.53,0.00,"2026-03-10 00:00:00","2026-04-16 11:56:30"
1536,129,"2025-03-23 00:00:00",209.06,0.00,"2025-03-23 00:00:00","2026-04-16 11:56:30"
1537,11,"2025-04-07 00:00:00",145.93,0.00,"2025-04-07 00:00:00","2026-04-16 11:56:30"
1538,155,"2026-03-13 00:00:00",186.41,0.00,"2026-03-13 00:00:00","2026-04-16 11:56:30"
1539,212,"2022-09-28 00:00:00",203.18,0.00,"2022-09-28 00:00:00","2026-04-16 11:56:30"
1540,32,"2023-09-22 00:00:00",21.20,25.00,"2023-09-22 00:00:00","2026-04-16 11:56:30"
1541,265,"2026-02-09 00:00:00",37.85,10.00,"2026-02-09 00:00:00","2026-04-16 11:56:30"
1542,90,"2025-02-25 00:00:00",54.12,5.00,"2025-02-25 00:00:00","2026-04-16 11:56:30"
1543,139,"2024-12-21 00:00:00",103.75,0.00,"2024-12-21 00:00:00","2026-04-16 11:56:30"
1544,205,"2024-02-29 00:00:00",90.39,0.00,"2024-02-29 00:00:00","2026-04-16 11:56:30"
1545,250,"2022-04-15 00:00:00",125.47,0.00,"2022-04-15 00:00:00","2026-04-16 11:56:30"
1546,180,"2025-07-14 00:00:00",200.81,0.00,"2025-07-14 00:00:00","2026-04-16 11:56:30"
1547,123,"2025-02-24 00:00:00",69.78,5.00,"2025-02-24 00:00:00","2026-04-16 11:56:30"
1548,237,"2026-04-10 00:00:00",114.84,0.00,"2026-04-10 00:00:00","2026-04-16 11:56:30"
1549,267,"2023-01-29 00:00:00",231.60,0.00,"2023-01-29 00:00:00","2026-04-16 11:56:30"
1550,134,"2026-02-28 00:00:00",159.20,0.00,"2026-02-28 00:00:00","2026-04-16 11:56:30"
1551,145,"2025-02-24 00:00:00",121.45,0.00,"2025-02-24 00:00:00","2026-04-16 11:56:30"
1552,182,"2023-02-17 00:00:00",2.52,25.00,"2023-02-17 00:00:00","2026-04-16 11:56:30"
1553,130,"2025-11-10 00:00:00",16.10,25.00,"2025-11-10 00:00:00","2026-04-16 11:56:30"
1554,234,"2022-09-01 00:00:00",436.67,0.00,"2022-09-01 00:00:00","2026-04-16 11:56:30"
1555,149,"2026-04-03 00:00:00",201.59,0.00,"2026-04-03 00:00:00","2026-04-16 11:56:30"
1556,151,"2023-07-28 00:00:00",44.04,10.00,"2023-07-28 00:00:00","2026-04-16 11:56:30"
1557,203,"2025-12-18 00:00:00",47.89,10.00,"2025-12-18 00:00:00","2026-04-16 11:56:30"
1558,234,"2025-05-24 00:00:00",109.40,0.00,"2025-05-24 00:00:00","2026-04-16 11:56:30"
1559,203,"2025-01-05 00:00:00",160.10,0.00,"2025-01-05 00:00:00","2026-04-16 11:56:30"
1560,14,"2024-12-18 00:00:00",47.80,10.00,"2024-12-18 00:00:00","2026-04-16 11:56:30"
1561,223,"2025-11-19 00:00:00",60.21,5.00,"2025-11-19 00:00:00","2026-04-16 11:56:30"
1562,67,"2024-04-03 00:00:00",233.42,0.00,"2024-04-03 00:00:00","2026-04-16 11:56:30"
1563,200,"2025-10-04 00:00:00",97.60,0.00,"2025-10-04 00:00:00","2026-04-16 11:56:30"
1564,95,"2025-07-29 00:00:00",154.45,0.00,"2025-07-29 00:00:00","2026-04-16 11:56:30"
1565,88,"2026-01-01 00:00:00",118.64,0.00,"2026-01-01 00:00:00","2026-04-16 11:56:30"
1566,225,"2025-10-30 00:00:00",111.56,0.00,"2025-10-30 00:00:00","2026-04-16 11:56:30"
1567,16,"2026-04-11 00:00:00",147.76,0.00,"2026-04-11 00:00:00","2026-04-16 11:56:30"
1568,205,"2022-09-30 00:00:00",252.42,0.00,"2022-09-30 00:00:00","2026-04-16 11:56:30"
1569,174,"2024-06-05 00:00:00",178.23,0.00,"2024-06-05 00:00:00","2026-04-16 11:56:30"
1570,178,"2024-03-23 00:00:00",58.78,5.00,"2024-03-23 00:00:00","2026-04-16 11:56:30"
1571,48,"2026-03-19 00:00:00",37.92,10.00,"2026-03-19 00:00:00","2026-04-16 11:56:30"
1572,258,"2024-10-07 00:00:00",8.04,25.00,"2024-10-07 00:00:00","2026-04-16 11:56:30"
1573,226,"2024-11-22 00:00:00",132.97,0.00,"2024-11-22 00:00:00","2026-04-16 11:56:30"
1574,70,"2025-09-20 00:00:00",136.54,0.00,"2025-09-20 00:00:00","2026-04-16 11:56:30"
1575,106,"2024-02-28 00:00:00",72.07,5.00,"2024-02-28 00:00:00","2026-04-16 11:56:30"
1576,50,"2021-12-05 00:00:00",186.82,0.00,"2021-12-05 00:00:00","2026-04-16 11:56:30"
1577,230,"2023-07-03 00:00:00",95.19,0.00,"2023-07-03 00:00:00","2026-04-16 11:56:31"
1578,198,"2025-04-15 00:00:00",121.34,0.00,"2025-04-15 00:00:00","2026-04-16 11:56:31"
1579,7,"2025-12-15 00:00:00",38.79,10.00,"2025-12-15 00:00:00","2026-04-16 11:56:31"
1580,232,"2026-02-22 00:00:00",43.80,10.00,"2026-02-22 00:00:00","2026-04-16 11:56:31"
1581,61,"2025-11-09 00:00:00",210.29,0.00,"2025-11-09 00:00:00","2026-04-16 11:56:31"
1582,193,"2025-12-29 00:00:00",103.97,0.00,"2025-12-29 00:00:00","2026-04-16 11:56:31"
1583,135,"2026-01-25 00:00:00",130.44,0.00,"2026-01-25 00:00:00","2026-04-16 11:56:31"
1584,107,"2024-07-18 00:00:00",98.92,0.00,"2024-07-18 00:00:00","2026-04-16 11:56:31"
1585,280,"2023-11-17 00:00:00",16.30,25.00,"2023-11-17 00:00:00","2026-04-16 11:56:31"
1586,198,"2026-04-07 00:00:00",232.36,0.00,"2026-04-07 00:00:00","2026-04-16 11:56:31"
1587,240,"2024-09-22 00:00:00",215.41,0.00,"2024-09-22 00:00:00","2026-04-16 11:56:31"
1588,61,"2024-09-23 00:00:00",141.92,0.00,"2024-09-23 00:00:00","2026-04-16 11:56:31"
1589,148,"2024-03-23 00:00:00",108.63,0.00,"2024-03-23 00:00:00","2026-04-16 11:56:31"
1590,92,"2026-03-11 00:00:00",319.24,0.00,"2026-03-11 00:00:00","2026-04-16 11:56:31"
1591,114,"2023-11-22 00:00:00",357.54,0.00,"2023-11-22 00:00:00","2026-04-16 11:56:31"
1592,256,"2022-11-17 00:00:00",253.45,0.00,"2022-11-17 00:00:00","2026-04-16 11:56:31"
1593,165,"2025-10-15 00:00:00",91.44,0.00,"2025-10-15 00:00:00","2026-04-16 11:56:31"
1594,120,"2024-08-25 00:00:00",112.75,0.00,"2024-08-25 00:00:00","2026-04-16 11:56:31"
1595,62,"2021-11-15 00:00:00",153.71,0.00,"2021-11-15 00:00:00","2026-04-16 11:56:31"
1596,44,"2026-03-15 00:00:00",95.04,0.00,"2026-03-15 00:00:00","2026-04-16 11:56:31"
1597,144,"2020-07-02 00:00:00",67.39,5.00,"2020-07-02 00:00:00","2026-04-16 11:56:31"
1598,88,"2026-04-01 00:00:00",169.16,0.00,"2026-04-01 00:00:00","2026-04-16 11:56:31"
1599,95,"2024-05-18 00:00:00",147.58,0.00,"2024-05-18 00:00:00","2026-04-16 11:56:31"
1600,291,"2025-11-29 00:00:00",119.20,0.00,"2025-11-29 00:00:00","2026-04-16 11:56:31"
1601,281,"2023-08-23 00:00:00",85.12,0.00,"2023-08-23 00:00:00","2026-04-16 11:56:31"
1602,155,"2026-02-28 00:00:00",115.88,0.00,"2026-02-28 00:00:00","2026-04-16 11:56:31"
1603,133,"2024-07-14 00:00:00",127.13,0.00,"2024-07-14 00:00:00","2026-04-16 11:56:31"
1604,157,"2021-12-16 00:00:00",157.34,0.00,"2021-12-16 00:00:00","2026-04-16 11:56:31"
1605,237,"2026-03-30 00:00:00",76.57,0.00,"2026-03-30 00:00:00","2026-04-16 11:56:31"
1606,148,"2022-09-04 00:00:00",211.58,0.00,"2022-09-04 00:00:00","2026-04-16 11:56:31"
1607,46,"2026-03-21 00:00:00",114.58,0.00,"2026-03-21 00:00:00","2026-04-16 11:56:31"
1608,175,"2025-07-07 00:00:00",27.66,10.00,"2025-07-07 00:00:00","2026-04-16 11:56:31"
1609,214,"2022-10-05 00:00:00",155.04,0.00,"2022-10-05 00:00:00","2026-04-16 11:56:31"
1610,82,"2023-07-05 00:00:00",16.63,25.00,"2023-07-05 00:00:00","2026-04-16 11:56:31"
1611,105,"2024-12-02 00:00:00",113.23,0.00,"2024-12-02 00:00:00","2026-04-16 11:56:31"
1612,79,"2024-06-11 00:00:00",26.58,10.00,"2024-06-11 00:00:00","2026-04-16 11:56:31"
1613,141,"2026-01-20 00:00:00",118.21,0.00,"2026-01-20 00:00:00","2026-04-16 11:56:31"
1614,300,"2025-03-26 00:00:00",36.03,10.00,"2025-03-26 00:00:00","2026-04-16 11:56:31"
1615,53,"2026-03-02 00:00:00",56.90,5.00,"2026-03-02 00:00:00","2026-04-16 11:56:31"
1616,273,"2024-10-18 00:00:00",212.38,0.00,"2024-10-18 00:00:00","2026-04-16 11:56:31"
1617,156,"2025-05-16 00:00:00",48.69,10.00,"2025-05-16 00:00:00","2026-04-16 11:56:31"
1618,20,"2021-04-29 00:00:00",56.17,5.00,"2021-04-29 00:00:00","2026-04-16 11:56:31"
1619,198,"2025-04-15 00:00:00",300.50,0.00,"2025-04-15 00:00:00","2026-04-16 11:56:31"
1620,200,"2025-03-23 00:00:00",95.01,0.00,"2025-03-23 00:00:00","2026-04-16 11:56:31"
1621,126,"2022-07-25 00:00:00",112.04,0.00,"2022-07-25 00:00:00","2026-04-16 11:56:31"
1622,171,"2023-12-21 00:00:00",130.28,0.00,"2023-12-21 00:00:00","2026-04-16 11:56:31"
1623,102,"2024-04-03 00:00:00",158.64,0.00,"2024-04-03 00:00:00","2026-04-16 11:56:31"
1624,237,"2026-03-26 00:00:00",176.70,0.00,"2026-03-26 00:00:00","2026-04-16 11:56:31"
1625,289,"2024-06-18 00:00:00",127.11,0.00,"2024-06-18 00:00:00","2026-04-16 11:56:31"
1626,265,"2026-04-04 00:00:00",115.31,0.00,"2026-04-04 00:00:00","2026-04-16 11:56:31"
1627,32,"2022-11-28 00:00:00",110.70,0.00,"2022-11-28 00:00:00","2026-04-16 11:56:31"
1628,115,"2024-07-27 00:00:00",2.94,25.00,"2024-07-27 00:00:00","2026-04-16 11:56:31"
1629,106,"2025-04-20 00:00:00",18.84,25.00,"2025-04-20 00:00:00","2026-04-16 11:56:31"
1630,216,"2025-11-07 00:00:00",137.65,0.00,"2025-11-07 00:00:00","2026-04-16 11:56:31"
1631,233,"2025-06-17 00:00:00",122.05,0.00,"2025-06-17 00:00:00","2026-04-16 11:56:31"
1632,114,"2023-04-18 00:00:00",275.80,0.00,"2023-04-18 00:00:00","2026-04-16 11:56:31"
1633,245,"2025-10-29 00:00:00",186.57,0.00,"2025-10-29 00:00:00","2026-04-16 11:56:31"
1634,116,"2025-09-09 00:00:00",43.22,10.00,"2025-09-09 00:00:00","2026-04-16 11:56:31"
1635,79,"2024-11-18 00:00:00",296.33,0.00,"2024-11-18 00:00:00","2026-04-16 11:56:31"
1636,171,"2026-03-21 00:00:00",156.85,0.00,"2026-03-21 00:00:00","2026-04-16 11:56:31"
1637,67,"2024-05-06 00:00:00",253.53,0.00,"2024-05-06 00:00:00","2026-04-16 11:56:31"
1638,79,"2024-10-23 00:00:00",217.61,0.00,"2024-10-23 00:00:00","2026-04-16 11:56:31"
1639,282,"2023-11-15 00:00:00",59.79,5.00,"2023-11-15 00:00:00","2026-04-16 11:56:31"
1640,86,"2024-11-24 00:00:00",210.67,0.00,"2024-11-24 00:00:00","2026-04-16 11:56:31"
1641,7,"2023-11-29 00:00:00",103.88,0.00,"2023-11-29 00:00:00","2026-04-16 11:56:31"
1642,83,"2022-06-24 00:00:00",210.19,0.00,"2022-06-24 00:00:00","2026-04-16 11:56:31"
1643,167,"2025-08-27 00:00:00",61.97,5.00,"2025-08-27 00:00:00","2026-04-16 11:56:31"
1644,151,"2023-09-23 00:00:00",264.94,0.00,"2023-09-23 00:00:00","2026-04-16 11:56:31"
1645,77,"2024-09-29 00:00:00",292.93,0.00,"2024-09-29 00:00:00","2026-04-16 11:56:31"
1646,128,"2023-08-10 00:00:00",62.24,5.00,"2023-08-10 00:00:00","2026-04-16 11:56:31"
1647,161,"2022-12-02 00:00:00",212.96,0.00,"2022-12-02 00:00:00","2026-04-16 11:56:31"
1648,168,"2025-10-06 00:00:00",136.20,0.00,"2025-10-06 00:00:00","2026-04-16 11:56:31"
1649,21,"2025-12-08 00:00:00",83.17,0.00,"2025-12-08 00:00:00","2026-04-16 11:56:31"
1650,102,"2025-08-05 00:00:00",206.20,0.00,"2025-08-05 00:00:00","2026-04-16 11:56:31"
1651,240,"2026-02-26 00:00:00",26.24,10.00,"2026-02-26 00:00:00","2026-04-16 11:56:31"
1652,260,"2021-11-12 00:00:00",192.71,0.00,"2021-11-12 00:00:00","2026-04-16 11:56:31"
1653,239,"2022-09-03 00:00:00",92.55,0.00,"2022-09-03 00:00:00","2026-04-16 11:56:31"
1654,190,"2025-11-02 00:00:00",74.47,5.00,"2025-11-02 00:00:00","2026-04-16 11:56:31"
1655,227,"2026-02-14 00:00:00",113.44,0.00,"2026-02-14 00:00:00","2026-04-16 11:56:31"
1656,90,"2025-11-22 00:00:00",214.56,0.00,"2025-11-22 00:00:00","2026-04-16 11:56:31"
1657,220,"2025-02-22 00:00:00",206.73,0.00,"2025-02-22 00:00:00","2026-04-16 11:56:31"
1658,269,"2024-08-12 00:00:00",168.24,0.00,"2024-08-12 00:00:00","2026-04-16 11:56:31"
1659,220,"2025-10-18 00:00:00",96.22,0.00,"2025-10-18 00:00:00","2026-04-16 11:56:31"
1660,120,"2025-09-02 00:00:00",142.38,0.00,"2025-09-02 00:00:00","2026-04-16 11:56:31"
1661,292,"2025-04-18 00:00:00",15.93,25.00,"2025-04-18 00:00:00","2026-04-16 11:56:31"
1662,136,"2026-03-21 00:00:00",184.61,0.00,"2026-03-21 00:00:00","2026-04-16 11:56:31"
1663,168,"2025-11-20 00:00:00",89.83,0.00,"2025-11-20 00:00:00","2026-04-16 11:56:31"
1664,92,"2025-02-19 00:00:00",100.79,0.00,"2025-02-19 00:00:00","2026-04-16 11:56:31"
1665,183,"2022-06-16 00:00:00",129.80,0.00,"2022-06-16 00:00:00","2026-04-16 11:56:31"
1666,277,"2025-12-21 00:00:00",301.36,0.00,"2025-12-21 00:00:00","2026-04-16 11:56:31"
1667,292,"2022-12-27 00:00:00",137.88,0.00,"2022-12-27 00:00:00","2026-04-16 11:56:31"
1668,154,"2024-04-26 00:00:00",15.11,25.00,"2024-04-26 00:00:00","2026-04-16 11:56:31"
1669,241,"2025-12-25 00:00:00",164.99,0.00,"2025-12-25 00:00:00","2026-04-16 11:56:31"
1670,186,"2025-12-30 00:00:00",95.04,0.00,"2025-12-30 00:00:00","2026-04-16 11:56:31"
1671,168,"2026-03-04 00:00:00",157.27,0.00,"2026-03-04 00:00:00","2026-04-16 11:56:31"
1672,229,"2026-04-02 00:00:00",242.05,0.00,"2026-04-02 00:00:00","2026-04-16 11:56:31"
1673,57,"2026-01-16 00:00:00",27.28,10.00,"2026-01-16 00:00:00","2026-04-16 11:56:31"
1674,43,"2024-08-02 00:00:00",174.39,0.00,"2024-08-02 00:00:00","2026-04-16 11:56:31"
1675,126,"2022-09-06 00:00:00",4.04,25.00,"2022-09-06 00:00:00","2026-04-16 11:56:31"
1676,237,"2026-03-21 00:00:00",149.09,0.00,"2026-03-21 00:00:00","2026-04-16 11:56:31"
1677,23,"2025-05-14 00:00:00",96.99,0.00,"2025-05-14 00:00:00","2026-04-16 11:56:31"
1678,34,"2025-07-19 00:00:00",120.59,0.00,"2025-07-19 00:00:00","2026-04-16 11:56:31"
1679,244,"2025-11-26 00:00:00",180.06,0.00,"2025-11-26 00:00:00","2026-04-16 11:56:31"
1680,291,"2026-02-24 00:00:00",68.36,5.00,"2026-02-24 00:00:00","2026-04-16 11:56:31"
1681,44,"2026-04-04 00:00:00",62.94,5.00,"2026-04-04 00:00:00","2026-04-16 11:56:31"
1682,171,"2023-08-29 00:00:00",58.67,5.00,"2023-08-29 00:00:00","2026-04-16 11:56:31"
1683,122,"2026-01-04 00:00:00",170.27,0.00,"2026-01-04 00:00:00","2026-04-16 11:56:31"
1684,57,"2021-12-02 00:00:00",128.36,0.00,"2021-12-02 00:00:00","2026-04-16 11:56:31"
1685,25,"2025-11-15 00:00:00",14.78,25.00,"2025-11-15 00:00:00","2026-04-16 11:56:31"
1686,188,"2026-02-15 00:00:00",126.32,0.00,"2026-02-15 00:00:00","2026-04-16 11:56:31"
1687,31,"2022-08-05 00:00:00",50.19,5.00,"2022-08-05 00:00:00","2026-04-16 11:56:31"
1688,126,"2024-01-16 00:00:00",57.24,5.00,"2024-01-16 00:00:00","2026-04-16 11:56:31"
1689,40,"2025-06-09 00:00:00",233.47,0.00,"2025-06-09 00:00:00","2026-04-16 11:56:31"
1690,89,"2024-03-30 00:00:00",241.44,0.00,"2024-03-30 00:00:00","2026-04-16 11:56:31"
1691,236,"2024-04-16 00:00:00",345.88,0.00,"2024-04-16 00:00:00","2026-04-16 11:56:31"
1692,297,"2025-09-23 00:00:00",148.23,0.00,"2025-09-23 00:00:00","2026-04-16 11:56:31"
1693,171,"2025-09-21 00:00:00",137.94,0.00,"2025-09-21 00:00:00","2026-04-16 11:56:31"
1694,112,"2020-04-16 00:00:00",52.40,5.00,"2020-04-16 00:00:00","2026-04-16 11:56:31"
1695,98,"2025-03-03 00:00:00",50.40,5.00,"2025-03-03 00:00:00","2026-04-16 11:56:31"
1696,272,"2025-06-28 00:00:00",40.18,10.00,"2025-06-28 00:00:00","2026-04-16 11:56:31"
1697,76,"2023-11-16 00:00:00",63.50,5.00,"2023-11-16 00:00:00","2026-04-16 11:56:31"
1698,134,"2025-09-15 00:00:00",131.92,0.00,"2025-09-15 00:00:00","2026-04-16 11:56:31"
1699,276,"2025-10-08 00:00:00",79.89,0.00,"2025-10-08 00:00:00","2026-04-16 11:56:31"
1700,238,"2023-12-22 00:00:00",211.45,0.00,"2023-12-22 00:00:00","2026-04-16 11:56:31"
1701,147,"2025-08-11 00:00:00",172.44,0.00,"2025-08-11 00:00:00","2026-04-16 11:56:31"
1702,128,"2023-04-03 00:00:00",350.11,0.00,"2023-04-03 00:00:00","2026-04-16 11:56:31"
1703,134,"2022-06-11 00:00:00",79.37,0.00,"2022-06-11 00:00:00","2026-04-16 11:56:31"
1704,71,"2025-07-07 00:00:00",48.12,10.00,"2025-07-07 00:00:00","2026-04-16 11:56:31"
1705,76,"2025-10-10 00:00:00",161.23,0.00,"2025-10-10 00:00:00","2026-04-16 11:56:31"
1706,214,"2025-06-23 00:00:00",143.99,0.00,"2025-06-23 00:00:00","2026-04-16 11:56:31"
1707,23,"2025-12-30 00:00:00",230.22,0.00,"2025-12-30 00:00:00","2026-04-16 11:56:31"
1708,235,"2024-08-09 00:00:00",19.56,25.00,"2024-08-09 00:00:00","2026-04-16 11:56:31"
1709,46,"2025-09-27 00:00:00",135.71,0.00,"2025-09-27 00:00:00","2026-04-16 11:56:31"
1710,145,"2025-06-30 00:00:00",82.07,0.00,"2025-06-30 00:00:00","2026-04-16 11:56:31"
1711,65,"2025-09-30 00:00:00",67.67,5.00,"2025-09-30 00:00:00","2026-04-16 11:56:31"
1712,84,"2024-11-27 00:00:00",112.38,0.00,"2024-11-27 00:00:00","2026-04-16 11:56:31"
1713,149,"2026-03-29 00:00:00",312.82,0.00,"2026-03-29 00:00:00","2026-04-16 11:56:31"
1714,39,"2022-06-27 00:00:00",52.22,5.00,"2022-06-27 00:00:00","2026-04-16 11:56:31"
1715,256,"2023-11-10 00:00:00",278.48,0.00,"2023-11-10 00:00:00","2026-04-16 11:56:31"
1716,35,"2024-05-05 00:00:00",162.78,0.00,"2024-05-05 00:00:00","2026-04-16 11:56:31"
1717,143,"2023-04-04 00:00:00",226.69,0.00,"2023-04-04 00:00:00","2026-04-16 11:56:31"
1718,76,"2024-02-19 00:00:00",182.47,0.00,"2024-02-19 00:00:00","2026-04-16 11:56:31"
1719,21,"2026-02-12 00:00:00",128.14,0.00,"2026-02-12 00:00:00","2026-04-16 11:56:31"
1720,279,"2025-10-21 00:00:00",93.21,0.00,"2025-10-21 00:00:00","2026-04-16 11:56:31"
1721,114,"2023-06-17 00:00:00",66.56,5.00,"2023-06-17 00:00:00","2026-04-16 11:56:31"
1722,78,"2026-03-28 00:00:00",19.74,25.00,"2026-03-28 00:00:00","2026-04-16 11:56:31"
1723,91,"2025-09-25 00:00:00",13.88,25.00,"2025-09-25 00:00:00","2026-04-16 11:56:31"
1724,273,"2024-07-08 00:00:00",252.46,0.00,"2024-07-08 00:00:00","2026-04-16 11:56:31"
1725,43,"2021-11-06 00:00:00",59.19,5.00,"2021-11-06 00:00:00","2026-04-16 11:56:31"
1726,20,"2022-06-25 00:00:00",33.83,10.00,"2022-06-25 00:00:00","2026-04-16 11:56:31"
1727,184,"2026-03-31 00:00:00",120.05,0.00,"2026-03-31 00:00:00","2026-04-16 11:56:31"
1728,286,"2023-03-04 00:00:00",168.96,0.00,"2023-03-04 00:00:00","2026-04-16 11:56:31"
1729,103,"2023-05-15 00:00:00",28.94,10.00,"2023-05-15 00:00:00","2026-04-16 11:56:31"
1730,121,"2025-11-05 00:00:00",9.75,25.00,"2025-11-05 00:00:00","2026-04-16 11:56:31"
1731,18,"2024-05-24 00:00:00",148.99,0.00,"2024-05-24 00:00:00","2026-04-16 11:56:31"
1732,152,"2022-12-10 00:00:00",149.80,0.00,"2022-12-10 00:00:00","2026-04-16 11:56:31"
1733,294,"2023-12-09 00:00:00",182.40,0.00,"2023-12-09 00:00:00","2026-04-16 11:56:31"
1734,51,"2026-01-25 00:00:00",18.20,25.00,"2026-01-25 00:00:00","2026-04-16 11:56:31"
1735,200,"2026-04-11 00:00:00",171.94,0.00,"2026-04-11 00:00:00","2026-04-16 11:56:31"
1736,58,"2024-01-15 00:00:00",152.25,0.00,"2024-01-15 00:00:00","2026-04-16 11:56:31"
1737,13,"2025-12-29 00:00:00",153.73,0.00,"2025-12-29 00:00:00","2026-04-16 11:56:31"
1738,21,"2026-02-20 00:00:00",347.56,0.00,"2026-02-20 00:00:00","2026-04-16 11:56:31"
1739,280,"2025-06-22 00:00:00",195.45,0.00,"2025-06-22 00:00:00","2026-04-16 11:56:31"
1740,74,"2022-05-23 00:00:00",69.94,5.00,"2022-05-23 00:00:00","2026-04-16 11:56:31"
1741,185,"2026-04-11 00:00:00",154.27,0.00,"2026-04-11 00:00:00","2026-04-16 11:56:31"
1742,34,"2025-04-01 00:00:00",343.13,0.00,"2025-04-01 00:00:00","2026-04-16 11:56:31"
1743,253,"2024-09-19 00:00:00",116.47,0.00,"2024-09-19 00:00:00","2026-04-16 11:56:31"
1744,262,"2024-06-29 00:00:00",5.96,25.00,"2024-06-29 00:00:00","2026-04-16 11:56:31"
1745,160,"2023-08-24 00:00:00",57.75,5.00,"2023-08-24 00:00:00","2026-04-16 11:56:31"
1746,33,"2026-03-31 00:00:00",152.05,0.00,"2026-03-31 00:00:00","2026-04-16 11:56:31"
1747,24,"2022-12-11 00:00:00",20.54,25.00,"2022-12-11 00:00:00","2026-04-16 11:56:31"
1748,182,"2022-10-03 00:00:00",169.71,0.00,"2022-10-03 00:00:00","2026-04-16 11:56:31"
1749,224,"2025-12-14 00:00:00",180.07,0.00,"2025-12-14 00:00:00","2026-04-16 11:56:31"
1750,76,"2025-03-19 00:00:00",49.16,10.00,"2025-03-19 00:00:00","2026-04-16 11:56:31"
1751,9,"2025-12-10 00:00:00",14.42,25.00,"2025-12-10 00:00:00","2026-04-16 11:56:31"
1752,252,"2025-04-27 00:00:00",196.27,0.00,"2025-04-27 00:00:00","2026-04-16 11:56:31"
1753,15,"2026-01-12 00:00:00",377.95,0.00,"2026-01-12 00:00:00","2026-04-16 11:56:31"
1754,193,"2024-10-20 00:00:00",219.46,0.00,"2024-10-20 00:00:00","2026-04-16 11:56:31"
1755,245,"2025-11-17 00:00:00",99.11,0.00,"2025-11-17 00:00:00","2026-04-16 11:56:31"
1756,169,"2025-12-17 00:00:00",439.53,0.00,"2025-12-17 00:00:00","2026-04-16 11:56:31"
1757,203,"2024-08-12 00:00:00",120.39,0.00,"2024-08-12 00:00:00","2026-04-16 11:56:31"
1758,165,"2025-07-25 00:00:00",132.03,0.00,"2025-07-25 00:00:00","2026-04-16 11:56:31"
1759,299,"2024-04-03 00:00:00",158.26,0.00,"2024-04-03 00:00:00","2026-04-16 11:56:31"
1760,237,"2026-03-30 00:00:00",152.29,0.00,"2026-03-30 00:00:00","2026-04-16 11:56:31"
1761,251,"2026-03-17 00:00:00",100.16,0.00,"2026-03-17 00:00:00","2026-04-16 11:56:31"
1762,60,"2025-10-22 00:00:00",298.10,0.00,"2025-10-22 00:00:00","2026-04-16 11:56:31"
1763,250,"2021-08-26 00:00:00",195.53,0.00,"2021-08-26 00:00:00","2026-04-16 11:56:31"
1764,225,"2025-06-17 00:00:00",241.90,0.00,"2025-06-17 00:00:00","2026-04-16 11:56:31"
1765,34,"2026-01-27 00:00:00",110.72,0.00,"2026-01-27 00:00:00","2026-04-16 11:56:31"
1766,32,"2023-10-22 00:00:00",17.02,25.00,"2023-10-22 00:00:00","2026-04-16 11:56:31"
1767,85,"2025-08-30 00:00:00",147.96,0.00,"2025-08-30 00:00:00","2026-04-16 11:56:31"
1768,17,"2026-01-21 00:00:00",141.14,0.00,"2026-01-21 00:00:00","2026-04-16 11:56:31"
1769,49,"2022-09-01 00:00:00",66.10,5.00,"2022-09-01 00:00:00","2026-04-16 11:56:31"
1770,168,"2026-03-23 00:00:00",102.69,0.00,"2026-03-23 00:00:00","2026-04-16 11:56:31"
1771,102,"2019-11-17 00:00:00",51.47,5.00,"2019-11-17 00:00:00","2026-04-16 11:56:31"
1772,101,"2025-02-19 00:00:00",66.44,5.00,"2025-02-19 00:00:00","2026-04-16 11:56:31"
1773,151,"2023-11-26 00:00:00",41.75,10.00,"2023-11-26 00:00:00","2026-04-16 11:56:31"
1774,95,"2023-10-27 00:00:00",9.93,25.00,"2023-10-27 00:00:00","2026-04-16 11:56:31"
1775,63,"2024-07-01 00:00:00",69.20,5.00,"2024-07-01 00:00:00","2026-04-16 11:56:31"
1776,2,"2024-07-18 00:00:00",37.81,10.00,"2024-07-18 00:00:00","2026-04-16 11:56:31"
1777,108,"2026-03-31 00:00:00",100.45,0.00,"2026-03-31 00:00:00","2026-04-16 11:56:31"
1778,167,"2024-01-27 00:00:00",140.50,0.00,"2024-01-27 00:00:00","2026-04-16 11:56:31"
1779,243,"2025-04-29 00:00:00",19.78,25.00,"2025-04-29 00:00:00","2026-04-16 11:56:31"
1780,234,"2026-03-07 00:00:00",167.62,0.00,"2026-03-07 00:00:00","2026-04-16 11:56:31"
1781,275,"2022-09-30 00:00:00",176.27,0.00,"2022-09-30 00:00:00","2026-04-16 11:56:31"
1782,175,"2024-08-13 00:00:00",415.60,0.00,"2024-08-13 00:00:00","2026-04-16 11:56:31"
1783,287,"2021-07-15 00:00:00",26.24,10.00,"2021-07-15 00:00:00","2026-04-16 11:56:31"
1784,276,"2026-03-09 00:00:00",278.64,0.00,"2026-03-09 00:00:00","2026-04-16 11:56:31"
1785,172,"2025-09-18 00:00:00",377.64,0.00,"2025-09-18 00:00:00","2026-04-16 11:56:31"
1786,140,"2026-04-15 00:00:00",113.46,0.00,"2026-04-15 00:00:00","2026-04-16 11:56:31"
1787,100,"2022-05-18 00:00:00",211.64,0.00,"2022-05-18 00:00:00","2026-04-16 11:56:31"
1788,293,"2022-07-10 00:00:00",87.80,0.00,"2022-07-10 00:00:00","2026-04-16 11:56:31"
1789,36,"2026-03-25 00:00:00",20.48,25.00,"2026-03-25 00:00:00","2026-04-16 11:56:31"
1790,110,"2025-10-04 00:00:00",268.59,0.00,"2025-10-04 00:00:00","2026-04-16 11:56:31"
1791,214,"2023-09-25 00:00:00",167.33,0.00,"2023-09-25 00:00:00","2026-04-16 11:56:31"
1792,34,"2025-04-01 00:00:00",117.82,0.00,"2025-04-01 00:00:00","2026-04-16 11:56:31"
1793,53,"2024-12-24 00:00:00",90.61,0.00,"2024-12-24 00:00:00","2026-04-16 11:56:31"
1794,257,"2025-09-15 00:00:00",185.03,0.00,"2025-09-15 00:00:00","2026-04-16 11:56:31"
1795,35,"2023-12-23 00:00:00",43.55,10.00,"2023-12-23 00:00:00","2026-04-16 11:56:31"
1796,64,"2025-07-24 00:00:00",137.47,0.00,"2025-07-24 00:00:00","2026-04-16 11:56:31"
1797,280,"2025-05-08 00:00:00",17.74,25.00,"2025-05-08 00:00:00","2026-04-16 11:56:31"
1798,132,"2021-06-07 00:00:00",215.90,0.00,"2021-06-07 00:00:00","2026-04-16 11:56:31"
1799,56,"2025-03-26 00:00:00",161.72,0.00,"2025-03-26 00:00:00","2026-04-16 11:56:31"
1800,200,"2025-09-25 00:00:00",155.28,0.00,"2025-09-25 00:00:00","2026-04-16 11:56:31"
1801,254,"2021-04-28 00:00:00",149.28,0.00,"2021-04-28 00:00:00","2026-04-16 11:56:31"
1802,52,"2025-10-17 00:00:00",128.34,0.00,"2025-10-17 00:00:00","2026-04-16 11:56:31"
1803,246,"2023-03-14 00:00:00",306.87,0.00,"2023-03-14 00:00:00","2026-04-16 11:56:31"
1804,178,"2023-02-18 00:00:00",237.02,0.00,"2023-02-18 00:00:00","2026-04-16 11:56:31"
1805,141,"2023-10-12 00:00:00",191.38,0.00,"2023-10-12 00:00:00","2026-04-16 11:56:31"
1806,148,"2025-05-06 00:00:00",102.65,0.00,"2025-05-06 00:00:00","2026-04-16 11:56:31"
1807,104,"2026-03-15 00:00:00",148.79,0.00,"2026-03-15 00:00:00","2026-04-16 11:56:31"
1808,285,"2025-07-28 00:00:00",43.45,10.00,"2025-07-28 00:00:00","2026-04-16 11:56:31"
1809,50,"2024-02-25 00:00:00",133.81,0.00,"2024-02-25 00:00:00","2026-04-16 11:56:31"
1810,68,"2026-02-21 00:00:00",65.83,5.00,"2026-02-21 00:00:00","2026-04-16 11:56:31"
1811,284,"2025-01-12 00:00:00",202.05,0.00,"2025-01-12 00:00:00","2026-04-16 11:56:31"
1812,73,"2023-01-17 00:00:00",90.88,0.00,"2023-01-17 00:00:00","2026-04-16 11:56:31"
1813,82,"2026-04-05 00:00:00",186.99,0.00,"2026-04-05 00:00:00","2026-04-16 11:56:31"
1814,198,"2026-01-05 00:00:00",192.67,0.00,"2026-01-05 00:00:00","2026-04-16 11:56:31"
1815,216,"2024-05-03 00:00:00",34.16,10.00,"2024-05-03 00:00:00","2026-04-16 11:56:31"
1816,299,"2022-11-02 00:00:00",64.65,5.00,"2022-11-02 00:00:00","2026-04-16 11:56:31"
1817,52,"2025-07-31 00:00:00",100.17,0.00,"2025-07-31 00:00:00","2026-04-16 11:56:31"
1818,30,"2025-08-19 00:00:00",80.08,0.00,"2025-08-19 00:00:00","2026-04-16 11:56:31"
1819,161,"2025-04-28 00:00:00",177.04,0.00,"2025-04-28 00:00:00","2026-04-16 11:56:31"
1820,245,"2025-12-15 00:00:00",139.56,0.00,"2025-12-15 00:00:00","2026-04-16 11:56:31"
1821,270,"2025-03-28 00:00:00",209.62,0.00,"2025-03-28 00:00:00","2026-04-16 11:56:31"
1822,121,"2021-10-12 00:00:00",123.06,0.00,"2021-10-12 00:00:00","2026-04-16 11:56:31"
1823,220,"2024-04-15 00:00:00",155.38,0.00,"2024-04-15 00:00:00","2026-04-16 11:56:31"
1824,199,"2024-05-21 00:00:00",34.77,10.00,"2024-05-21 00:00:00","2026-04-16 11:56:31"
1825,281,"2025-11-07 00:00:00",254.78,0.00,"2025-11-07 00:00:00","2026-04-16 11:56:31"
1826,198,"2025-09-09 00:00:00",276.76,0.00,"2025-09-09 00:00:00","2026-04-16 11:56:31"
1827,136,"2026-03-31 00:00:00",237.31,0.00,"2026-03-31 00:00:00","2026-04-16 11:56:31"
1828,16,"2026-04-12 00:00:00",106.36,0.00,"2026-04-12 00:00:00","2026-04-16 11:56:31"
1829,173,"2026-03-10 00:00:00",154.17,0.00,"2026-03-10 00:00:00","2026-04-16 11:56:31"
1830,233,"2025-03-04 00:00:00",369.70,0.00,"2025-03-04 00:00:00","2026-04-16 11:56:31"
1831,108,"2026-03-23 00:00:00",102.16,0.00,"2026-03-23 00:00:00","2026-04-16 11:56:31"
1832,79,"2026-02-03 00:00:00",168.02,0.00,"2026-02-03 00:00:00","2026-04-16 11:56:31"
1833,256,"2022-05-01 00:00:00",46.16,10.00,"2022-05-01 00:00:00","2026-04-16 11:56:31"
1834,167,"2024-11-20 00:00:00",148.58,0.00,"2024-11-20 00:00:00","2026-04-16 11:56:31"
1835,182,"2025-02-05 00:00:00",107.38,0.00,"2025-02-05 00:00:00","2026-04-16 11:56:31"
1836,11,"2025-09-06 00:00:00",28.25,10.00,"2025-09-06 00:00:00","2026-04-16 11:56:31"
1837,82,"2026-02-18 00:00:00",123.76,0.00,"2026-02-18 00:00:00","2026-04-16 11:56:31"
1838,181,"2025-09-19 00:00:00",138.96,0.00,"2025-09-19 00:00:00","2026-04-16 11:56:31"
1839,256,"2025-08-09 00:00:00",181.94,0.00,"2025-08-09 00:00:00","2026-04-16 11:56:31"
1840,262,"2024-08-23 00:00:00",236.61,0.00,"2024-08-23 00:00:00","2026-04-16 11:56:31"
1841,86,"2025-12-09 00:00:00",61.49,5.00,"2025-12-09 00:00:00","2026-04-16 11:56:31"
1842,201,"2026-02-04 00:00:00",15.39,25.00,"2026-02-04 00:00:00","2026-04-16 11:56:31"
1843,70,"2025-12-29 00:00:00",19.84,25.00,"2025-12-29 00:00:00","2026-04-16 11:56:31"
1844,172,"2024-05-07 00:00:00",169.57,0.00,"2024-05-07 00:00:00","2026-04-16 11:56:31"
1845,280,"2025-11-08 00:00:00",67.32,5.00,"2025-11-08 00:00:00","2026-04-16 11:56:31"
1846,274,"2022-01-18 00:00:00",19.44,25.00,"2022-01-18 00:00:00","2026-04-16 11:56:31"
1847,151,"2023-07-11 00:00:00",109.35,0.00,"2023-07-11 00:00:00","2026-04-16 11:56:31"
1848,270,"2024-10-19 00:00:00",97.76,0.00,"2024-10-19 00:00:00","2026-04-16 11:56:31"
1849,164,"2026-03-01 00:00:00",33.99,10.00,"2026-03-01 00:00:00","2026-04-16 11:56:31"
1850,117,"2024-03-05 00:00:00",104.99,0.00,"2024-03-05 00:00:00","2026-04-16 11:56:31"
1851,145,"2024-08-12 00:00:00",289.21,0.00,"2024-08-12 00:00:00","2026-04-16 11:56:31"
1852,78,"2026-01-11 00:00:00",80.58,0.00,"2026-01-11 00:00:00","2026-04-16 11:56:31"
1853,156,"2024-07-06 00:00:00",22.77,25.00,"2024-07-06 00:00:00","2026-04-16 11:56:31"
1854,85,"2025-08-18 00:00:00",85.40,0.00,"2025-08-18 00:00:00","2026-04-16 11:56:31"
1855,46,"2026-02-09 00:00:00",108.78,0.00,"2026-02-09 00:00:00","2026-04-16 11:56:31"
1856,63,"2025-12-01 00:00:00",54.07,5.00,"2025-12-01 00:00:00","2026-04-16 11:56:31"
1857,174,"2026-02-15 00:00:00",181.05,0.00,"2026-02-15 00:00:00","2026-04-16 11:56:31"
1858,34,"2026-01-09 00:00:00",154.66,0.00,"2026-01-09 00:00:00","2026-04-16 11:56:31"
1859,63,"2024-05-18 00:00:00",122.34,0.00,"2024-05-18 00:00:00","2026-04-16 11:56:31"
1860,107,"2025-06-20 00:00:00",59.11,5.00,"2025-06-20 00:00:00","2026-04-16 11:56:31"
1861,138,"2021-10-12 00:00:00",96.07,0.00,"2021-10-12 00:00:00","2026-04-16 11:56:31"
1862,217,"2025-08-04 00:00:00",292.65,0.00,"2025-08-04 00:00:00","2026-04-16 11:56:31"
1863,220,"2023-12-12 00:00:00",240.61,0.00,"2023-12-12 00:00:00","2026-04-16 11:56:31"
1864,102,"2022-07-30 00:00:00",46.62,10.00,"2022-07-30 00:00:00","2026-04-16 11:56:31"
1865,191,"2026-01-26 00:00:00",30.96,10.00,"2026-01-26 00:00:00","2026-04-16 11:56:31"
1866,285,"2024-03-28 00:00:00",154.88,0.00,"2024-03-28 00:00:00","2026-04-16 11:56:31"
1867,180,"2026-02-13 00:00:00",168.61,0.00,"2026-02-13 00:00:00","2026-04-16 11:56:31"
1868,243,"2025-12-10 00:00:00",59.37,5.00,"2025-12-10 00:00:00","2026-04-16 11:56:31"
1869,60,"2025-12-25 00:00:00",142.81,0.00,"2025-12-25 00:00:00","2026-04-16 11:56:31"
1870,271,"2022-06-25 00:00:00",99.14,0.00,"2022-06-25 00:00:00","2026-04-16 11:56:31"
1871,152,"2025-12-01 00:00:00",220.37,0.00,"2025-12-01 00:00:00","2026-04-16 11:56:31"
1872,139,"2026-02-26 00:00:00",143.03,0.00,"2026-02-26 00:00:00","2026-04-16 11:56:31"
1873,33,"2026-03-27 00:00:00",288.55,0.00,"2026-03-27 00:00:00","2026-04-16 11:56:31"
1874,189,"2026-02-12 00:00:00",73.94,5.00,"2026-02-12 00:00:00","2026-04-16 11:56:31"
1875,123,"2022-01-26 00:00:00",131.22,0.00,"2022-01-26 00:00:00","2026-04-16 11:56:31"
1876,145,"2024-08-21 00:00:00",149.04,0.00,"2024-08-21 00:00:00","2026-04-16 11:56:31"
1877,99,"2026-03-18 00:00:00",73.55,5.00,"2026-03-18 00:00:00","2026-04-16 11:56:31"
1878,290,"2022-09-14 00:00:00",175.06,0.00,"2022-09-14 00:00:00","2026-04-16 11:56:31"
1879,108,"2026-03-16 00:00:00",245.49,0.00,"2026-03-16 00:00:00","2026-04-16 11:56:31"
1880,176,"2026-02-03 00:00:00",150.91,0.00,"2026-02-03 00:00:00","2026-04-16 11:56:31"
1881,7,"2024-08-20 00:00:00",293.42,0.00,"2024-08-20 00:00:00","2026-04-16 11:56:31"
1882,244,"2026-02-16 00:00:00",8.19,25.00,"2026-02-16 00:00:00","2026-04-16 11:56:31"
1883,51,"2025-08-16 00:00:00",159.09,0.00,"2025-08-16 00:00:00","2026-04-16 11:56:31"
1884,258,"2025-04-27 00:00:00",26.16,10.00,"2025-04-27 00:00:00","2026-04-16 11:56:31"
1885,268,"2025-12-20 00:00:00",70.77,5.00,"2025-12-20 00:00:00","2026-04-16 11:56:31"
1886,214,"2024-01-14 00:00:00",178.37,0.00,"2024-01-14 00:00:00","2026-04-16 11:56:31"
1887,166,"2024-01-25 00:00:00",93.05,0.00,"2024-01-25 00:00:00","2026-04-16 11:56:31"
1888,293,"2023-06-21 00:00:00",143.09,0.00,"2023-06-21 00:00:00","2026-04-16 11:56:31"
1889,225,"2026-03-04 00:00:00",32.12,10.00,"2026-03-04 00:00:00","2026-04-16 11:56:31"
1890,45,"2023-03-05 00:00:00",99.51,0.00,"2023-03-05 00:00:00","2026-04-16 11:56:31"
1891,153,"2021-10-18 00:00:00",49.75,10.00,"2021-10-18 00:00:00","2026-04-16 11:56:31"
1892,28,"2024-01-17 00:00:00",234.78,0.00,"2024-01-17 00:00:00","2026-04-16 11:56:31"
1893,49,"2023-04-20 00:00:00",200.61,0.00,"2023-04-20 00:00:00","2026-04-16 11:56:31"
1894,259,"2025-08-31 00:00:00",148.39,0.00,"2025-08-31 00:00:00","2026-04-16 11:56:31"
1895,190,"2026-01-08 00:00:00",63.34,5.00,"2026-01-08 00:00:00","2026-04-16 11:56:31"
1896,250,"2021-10-05 00:00:00",128.54,0.00,"2021-10-05 00:00:00","2026-04-16 11:56:31"
1897,165,"2024-08-20 00:00:00",105.01,0.00,"2024-08-20 00:00:00","2026-04-16 11:56:31"
1898,66,"2025-09-25 00:00:00",123.86,0.00,"2025-09-25 00:00:00","2026-04-16 11:56:31"
1899,165,"2025-12-11 00:00:00",207.61,0.00,"2025-12-11 00:00:00","2026-04-16 11:56:31"
1900,129,"2025-07-02 00:00:00",82.42,0.00,"2025-07-02 00:00:00","2026-04-16 11:56:31"
1901,5,"2025-12-09 00:00:00",86.67,0.00,"2025-12-09 00:00:00","2026-04-16 11:56:31"
1902,275,"2022-08-18 00:00:00",26.81,10.00,"2022-08-18 00:00:00","2026-04-16 11:56:31"
1903,236,"2025-08-26 00:00:00",170.97,0.00,"2025-08-26 00:00:00","2026-04-16 11:56:31"
1904,161,"2024-03-06 00:00:00",219.65,0.00,"2024-03-06 00:00:00","2026-04-16 11:56:31"
1905,289,"2025-02-11 00:00:00",201.58,0.00,"2025-02-11 00:00:00","2026-04-16 11:56:31"
1906,223,"2024-10-22 00:00:00",25.60,10.00,"2024-10-22 00:00:00","2026-04-16 11:56:31"
1907,74,"2023-08-07 00:00:00",333.42,0.00,"2023-08-07 00:00:00","2026-04-16 11:56:31"
1908,237,"2026-03-22 00:00:00",95.57,0.00,"2026-03-22 00:00:00","2026-04-16 11:56:31"
1909,64,"2025-06-27 00:00:00",36.38,10.00,"2025-06-27 00:00:00","2026-04-16 11:56:31"
1910,6,"2022-10-24 00:00:00",83.45,0.00,"2022-10-24 00:00:00","2026-04-16 11:56:31"
1911,8,"2026-02-05 00:00:00",140.35,0.00,"2026-02-05 00:00:00","2026-04-16 11:56:31"
1912,286,"2024-04-25 00:00:00",109.49,0.00,"2024-04-25 00:00:00","2026-04-16 11:56:31"
1913,110,"2025-11-07 00:00:00",139.27,0.00,"2025-11-07 00:00:00","2026-04-16 11:56:31"
1914,127,"2026-03-04 00:00:00",129.60,0.00,"2026-03-04 00:00:00","2026-04-16 11:56:31"
1915,103,"2023-12-25 00:00:00",212.50,0.00,"2023-12-25 00:00:00","2026-04-16 11:56:31"
1916,115,"2024-02-20 00:00:00",110.21,0.00,"2024-02-20 00:00:00","2026-04-16 11:56:31"
1917,210,"2024-11-20 00:00:00",8.84,25.00,"2024-11-20 00:00:00","2026-04-16 11:56:31"
1918,13,"2022-08-16 00:00:00",89.49,0.00,"2022-08-16 00:00:00","2026-04-16 11:56:31"
1919,55,"2024-12-15 00:00:00",66.28,5.00,"2024-12-15 00:00:00","2026-04-16 11:56:31"
1920,13,"2024-03-01 00:00:00",44.78,10.00,"2024-03-01 00:00:00","2026-04-16 11:56:31"
1921,49,"2023-04-29 00:00:00",203.96,0.00,"2023-04-29 00:00:00","2026-04-16 11:56:31"
1922,134,"2024-12-25 00:00:00",134.56,0.00,"2024-12-25 00:00:00","2026-04-16 11:56:31"
1923,195,"2025-11-13 00:00:00",46.42,10.00,"2025-11-13 00:00:00","2026-04-16 11:56:31"
1924,192,"2025-11-16 00:00:00",167.80,0.00,"2025-11-16 00:00:00","2026-04-16 11:56:31"
1925,114,"2023-02-01 00:00:00",152.66,0.00,"2023-02-01 00:00:00","2026-04-16 11:56:31"
1926,269,"2023-08-11 00:00:00",71.66,5.00,"2023-08-11 00:00:00","2026-04-16 11:56:31"
1927,13,"2023-01-01 00:00:00",302.25,0.00,"2023-01-01 00:00:00","2026-04-16 11:56:31"
1928,139,"2026-04-07 00:00:00",240.87,0.00,"2026-04-07 00:00:00","2026-04-16 11:56:31"
1929,213,"2025-01-20 00:00:00",170.07,0.00,"2025-01-20 00:00:00","2026-04-16 11:56:31"
1930,42,"2025-02-25 00:00:00",225.02,0.00,"2025-02-25 00:00:00","2026-04-16 11:56:31"
1931,146,"2021-10-22 00:00:00",192.61,0.00,"2021-10-22 00:00:00","2026-04-16 11:56:31"
1932,297,"2025-09-30 00:00:00",207.10,0.00,"2025-09-30 00:00:00","2026-04-16 11:56:31"
1933,223,"2023-12-15 00:00:00",308.38,0.00,"2023-12-15 00:00:00","2026-04-16 11:56:31"
1934,139,"2026-04-13 00:00:00",19.08,25.00,"2026-04-13 00:00:00","2026-04-16 11:56:31"
1935,255,"2024-10-18 00:00:00",141.42,0.00,"2024-10-18 00:00:00","2026-04-16 11:56:31"
1936,163,"2025-09-25 00:00:00",247.32,0.00,"2025-09-25 00:00:00","2026-04-16 11:56:31"
1937,133,"2025-11-01 00:00:00",232.40,0.00,"2025-11-01 00:00:00","2026-04-16 11:56:31"
1938,37,"2024-12-01 00:00:00",74.40,5.00,"2024-12-01 00:00:00","2026-04-16 11:56:31"
1939,193,"2025-12-07 00:00:00",188.68,0.00,"2025-12-07 00:00:00","2026-04-16 11:56:31"
1940,168,"2025-07-24 00:00:00",13.22,25.00,"2025-07-24 00:00:00","2026-04-16 11:56:31"
1941,63,"2024-11-27 00:00:00",53.72,5.00,"2024-11-27 00:00:00","2026-04-16 11:56:31"
1942,255,"2024-08-29 00:00:00",51.20,5.00,"2024-08-29 00:00:00","2026-04-16 11:56:31"
1943,245,"2025-11-04 00:00:00",49.10,10.00,"2025-11-04 00:00:00","2026-04-16 11:56:31"
1944,86,"2022-10-23 00:00:00",95.42,0.00,"2022-10-23 00:00:00","2026-04-16 11:56:31"
1945,70,"2025-09-02 00:00:00",149.09,0.00,"2025-09-02 00:00:00","2026-04-16 11:56:31"
1946,49,"2022-12-10 00:00:00",70.08,5.00,"2022-12-10 00:00:00","2026-04-16 11:56:31"
1947,56,"2025-01-19 00:00:00",150.04,0.00,"2025-01-19 00:00:00","2026-04-16 11:56:31"
1948,289,"2025-09-16 00:00:00",66.62,5.00,"2025-09-16 00:00:00","2026-04-16 11:56:31"
1949,256,"2023-11-17 00:00:00",187.36,0.00,"2023-11-17 00:00:00","2026-04-16 11:56:31"
1950,35,"2025-03-20 00:00:00",8.32,25.00,"2025-03-20 00:00:00","2026-04-16 11:56:31"
1951,160,"2025-04-26 00:00:00",116.82,0.00,"2025-04-26 00:00:00","2026-04-16 11:56:31"
1952,43,"2024-06-17 00:00:00",291.08,0.00,"2024-06-17 00:00:00","2026-04-16 11:56:31"
1953,172,"2025-09-02 00:00:00",177.52,0.00,"2025-09-02 00:00:00","2026-04-16 11:56:31"
1954,74,"2023-08-05 00:00:00",181.78,0.00,"2023-08-05 00:00:00","2026-04-16 11:56:31"
1955,249,"2025-07-06 00:00:00",28.98,10.00,"2025-07-06 00:00:00","2026-04-16 11:56:31"
1956,187,"2022-10-19 00:00:00",136.82,0.00,"2022-10-19 00:00:00","2026-04-16 11:56:31"
1957,39,"2022-11-17 00:00:00",57.25,5.00,"2022-11-17 00:00:00","2026-04-16 11:56:31"
1958,1,"2024-10-14 00:00:00",19.41,25.00,"2024-10-14 00:00:00","2026-04-16 11:56:31"
1959,44,"2026-03-28 00:00:00",245.70,0.00,"2026-03-28 00:00:00","2026-04-16 11:56:31"
1960,26,"2024-04-25 00:00:00",77.50,0.00,"2024-04-25 00:00:00","2026-04-16 11:56:31"
1961,3,"2025-12-31 00:00:00",87.09,0.00,"2025-12-31 00:00:00","2026-04-16 11:56:31"
1962,58,"2024-10-25 00:00:00",125.42,0.00,"2024-10-25 00:00:00","2026-04-16 11:56:31"
1963,266,"2026-04-12 00:00:00",170.23,0.00,"2026-04-12 00:00:00","2026-04-16 11:56:31"
1964,23,"2026-01-06 00:00:00",157.09,0.00,"2026-01-06 00:00:00","2026-04-16 11:56:31"
1965,41,"2021-02-16 00:00:00",120.78,0.00,"2021-02-16 00:00:00","2026-04-16 11:56:31"
1966,285,"2026-02-10 00:00:00",65.35,5.00,"2026-02-10 00:00:00","2026-04-16 11:56:31"
1967,108,"2026-04-02 00:00:00",70.59,5.00,"2026-04-02 00:00:00","2026-04-16 11:56:31"
1968,138,"2021-06-06 00:00:00",139.52,0.00,"2021-06-06 00:00:00","2026-04-16 11:56:31"
1969,291,"2025-01-31 00:00:00",172.49,0.00,"2025-01-31 00:00:00","2026-04-16 11:56:31"
1970,58,"2024-01-16 00:00:00",151.51,0.00,"2024-01-16 00:00:00","2026-04-16 11:56:31"
1971,34,"2025-11-27 00:00:00",215.46,0.00,"2025-11-27 00:00:00","2026-04-16 11:56:31"
1972,25,"2024-11-28 00:00:00",95.32,0.00,"2024-11-28 00:00:00","2026-04-16 11:56:31"
1973,84,"2025-08-06 00:00:00",64.90,5.00,"2025-08-06 00:00:00","2026-04-16 11:56:31"
1974,96,"2026-02-19 00:00:00",274.61,0.00,"2026-02-19 00:00:00","2026-04-16 11:56:31"
1975,116,"2025-11-01 00:00:00",224.72,0.00,"2025-11-01 00:00:00","2026-04-16 11:56:31"
1976,103,"2023-12-11 00:00:00",164.84,0.00,"2023-12-11 00:00:00","2026-04-16 11:56:31"
1977,122,"2026-01-07 00:00:00",143.97,0.00,"2026-01-07 00:00:00","2026-04-16 11:56:31"
1978,179,"2025-12-10 00:00:00",44.46,10.00,"2025-12-10 00:00:00","2026-04-16 11:56:31"
1979,285,"2024-09-18 00:00:00",223.59,0.00,"2024-09-18 00:00:00","2026-04-16 11:56:31"
1980,161,"2025-03-29 00:00:00",282.75,0.00,"2025-03-29 00:00:00","2026-04-16 11:56:31"
1981,72,"2025-10-20 00:00:00",33.58,10.00,"2025-10-20 00:00:00","2026-04-16 11:56:31"
1982,50,"2025-01-20 00:00:00",134.89,0.00,"2025-01-20 00:00:00","2026-04-16 11:56:31"
1983,191,"2026-03-06 00:00:00",243.93,0.00,"2026-03-06 00:00:00","2026-04-16 11:56:31"
1984,218,"2025-09-24 00:00:00",233.01,0.00,"2025-09-24 00:00:00","2026-04-16 11:56:31"
1985,272,"2025-07-12 00:00:00",280.91,0.00,"2025-07-12 00:00:00","2026-04-16 11:56:31"
1986,274,"2023-04-12 00:00:00",19.66,25.00,"2023-04-12 00:00:00","2026-04-16 11:56:31"
1987,96,"2024-07-13 00:00:00",106.83,0.00,"2024-07-13 00:00:00","2026-04-16 11:56:31"
1988,262,"2023-04-17 00:00:00",183.96,0.00,"2023-04-17 00:00:00","2026-04-16 11:56:31"
1989,145,"2025-09-06 00:00:00",104.05,0.00,"2025-09-06 00:00:00","2026-04-16 11:56:31"
1990,173,"2025-09-15 00:00:00",38.17,10.00,"2025-09-15 00:00:00","2026-04-16 11:56:31"
1991,67,"2025-12-13 00:00:00",158.15,0.00,"2025-12-13 00:00:00","2026-04-16 11:56:31"
1992,42,"2024-04-03 00:00:00",84.77,0.00,"2024-04-03 00:00:00","2026-04-16 11:56:31"
1993,286,"2023-12-15 00:00:00",174.39,0.00,"2023-12-15 00:00:00","2026-04-16 11:56:31"
1994,210,"2024-11-08 00:00:00",41.62,10.00,"2024-11-08 00:00:00","2026-04-16 11:56:31"
1995,63,"2026-01-17 00:00:00",176.82,0.00,"2026-01-17 00:00:00","2026-04-16 11:56:31"
1996,288,"2025-04-29 00:00:00",109.20,0.00,"2025-04-29 00:00:00","2026-04-16 11:56:31"
1997,258,"2025-05-24 00:00:00",137.71,0.00,"2025-05-24 00:00:00","2026-04-16 11:56:31"
1998,73,"2025-05-30 00:00:00",66.75,5.00,"2025-05-30 00:00:00","2026-04-16 11:56:31"
1999,238,"2023-01-15 00:00:00",77.77,0.00,"2023-01-15 00:00:00","2026-04-16 11:56:31"
2000,249,"2025-01-31 00:00:00",95.54,0.00,"2025-01-31 00:00:00","2026-04-16 11:56:31"
2001,200,"2025-07-20 00:00:00",76.13,0.00,"2025-07-20 00:00:00","2026-04-16 11:56:31"
2002,208,"2025-09-18 00:00:00",68.24,5.00,"2025-09-18 00:00:00","2026-04-16 11:56:31"
2003,292,"2024-09-18 00:00:00",70.34,5.00,"2024-09-18 00:00:00","2026-04-16 11:56:31"
2004,47,"2023-09-25 00:00:00",129.98,0.00,"2023-09-25 00:00:00","2026-04-16 11:56:31"
2005,45,"2022-06-27 00:00:00",243.36,0.00,"2022-06-27 00:00:00","2026-04-16 11:56:31"
2006,294,"2024-02-25 00:00:00",156.77,0.00,"2024-02-25 00:00:00","2026-04-16 11:56:31"
2007,265,"2026-02-11 00:00:00",125.78,0.00,"2026-02-11 00:00:00","2026-04-16 11:56:31"
2008,132,"2020-12-21 00:00:00",64.76,5.00,"2020-12-21 00:00:00","2026-04-16 11:56:31"
2009,141,"2025-01-06 00:00:00",86.90,0.00,"2025-01-06 00:00:00","2026-04-16 11:56:31"
2010,280,"2024-11-30 00:00:00",41.88,10.00,"2024-11-30 00:00:00","2026-04-16 11:56:31"
2011,6,"2023-06-27 00:00:00",110.31,0.00,"2023-06-27 00:00:00","2026-04-16 11:56:31"
2012,112,"2025-06-06 00:00:00",67.73,5.00,"2025-06-06 00:00:00","2026-04-16 11:56:31"
2013,294,"2024-04-27 00:00:00",232.17,0.00,"2024-04-27 00:00:00","2026-04-16 11:56:31"
2014,111,"2024-10-21 00:00:00",131.02,0.00,"2024-10-21 00:00:00","2026-04-16 11:56:31"
2015,126,"2022-11-25 00:00:00",247.39,0.00,"2022-11-25 00:00:00","2026-04-16 11:56:31"
2016,261,"2024-05-26 00:00:00",57.60,5.00,"2024-05-26 00:00:00","2026-04-16 11:56:31"
2017,129,"2023-02-06 00:00:00",47.88,10.00,"2023-02-06 00:00:00","2026-04-16 11:56:31"
2018,141,"2024-10-27 00:00:00",35.13,10.00,"2024-10-27 00:00:00","2026-04-16 11:56:31"
2019,213,"2025-09-01 00:00:00",189.17,0.00,"2025-09-01 00:00:00","2026-04-16 11:56:31"
2020,124,"2024-12-05 00:00:00",58.64,5.00,"2024-12-05 00:00:00","2026-04-16 11:56:31"
2021,201,"2026-01-10 00:00:00",178.43,0.00,"2026-01-10 00:00:00","2026-04-16 11:56:31"
2022,187,"2022-09-11 00:00:00",13.36,25.00,"2022-09-11 00:00:00","2026-04-16 11:56:31"
2023,149,"2026-03-27 00:00:00",230.06,0.00,"2026-03-27 00:00:00","2026-04-16 11:56:31"
2024,103,"2023-12-19 00:00:00",72.60,5.00,"2023-12-19 00:00:00","2026-04-16 11:56:31"
2025,222,"2025-08-03 00:00:00",149.15,0.00,"2025-08-03 00:00:00","2026-04-16 11:56:31"
2026,217,"2022-12-07 00:00:00",19.24,25.00,"2022-12-07 00:00:00","2026-04-16 11:56:31"
2027,211,"2025-02-02 00:00:00",4.47,25.00,"2025-02-02 00:00:00","2026-04-16 11:56:31"
2028,289,"2025-11-07 00:00:00",36.96,10.00,"2025-11-07 00:00:00","2026-04-16 11:56:31"
2029,69,"2024-02-14 00:00:00",10.72,25.00,"2024-02-14 00:00:00","2026-04-16 11:56:31"
2030,139,"2026-03-03 00:00:00",31.09,10.00,"2026-03-03 00:00:00","2026-04-16 11:56:31"
2031,220,"2025-10-28 00:00:00",30.65,10.00,"2025-10-28 00:00:00","2026-04-16 11:56:31"
2032,60,"2025-08-15 00:00:00",10.01,25.00,"2025-08-15 00:00:00","2026-04-16 11:56:31"
2033,230,"2022-09-14 00:00:00",210.78,0.00,"2022-09-14 00:00:00","2026-04-16 11:56:31"
2034,129,"2026-04-01 00:00:00",341.43,0.00,"2026-04-01 00:00:00","2026-04-16 11:56:31"
2035,255,"2024-07-06 00:00:00",300.70,0.00,"2024-07-06 00:00:00","2026-04-16 11:56:31"
2036,189,"2026-02-17 00:00:00",113.84,0.00,"2026-02-17 00:00:00","2026-04-16 11:56:31"
2037,18,"2024-07-17 00:00:00",47.40,10.00,"2024-07-17 00:00:00","2026-04-16 11:56:31"
2038,12,"2024-12-30 00:00:00",222.63,0.00,"2024-12-30 00:00:00","2026-04-16 11:56:31"
2039,20,"2021-12-07 00:00:00",33.40,10.00,"2021-12-07 00:00:00","2026-04-16 11:56:31"
2040,249,"2025-04-30 00:00:00",72.05,5.00,"2025-04-30 00:00:00","2026-04-16 11:56:31"
2041,72,"2025-01-15 00:00:00",182.69,0.00,"2025-01-15 00:00:00","2026-04-16 11:56:31"
2042,196,"2026-01-22 00:00:00",43.23,10.00,"2026-01-22 00:00:00","2026-04-16 11:56:31"
2043,242,"2023-06-07 00:00:00",231.65,0.00,"2023-06-07 00:00:00","2026-04-16 11:56:31"
2044,123,"2025-05-26 00:00:00",284.60,0.00,"2025-05-26 00:00:00","2026-04-16 11:56:31"
2045,189,"2025-12-09 00:00:00",23.82,25.00,"2025-12-09 00:00:00","2026-04-16 11:56:31"
2046,53,"2025-07-10 00:00:00",127.60,0.00,"2025-07-10 00:00:00","2026-04-16 11:56:31"
2047,145,"2025-12-27 00:00:00",120.55,0.00,"2025-12-27 00:00:00","2026-04-16 11:56:31"
2048,126,"2023-08-17 00:00:00",443.28,0.00,"2023-08-17 00:00:00","2026-04-16 11:56:31"
2049,190,"2026-03-04 00:00:00",157.40,0.00,"2026-03-04 00:00:00","2026-04-16 11:56:31"
2050,213,"2026-04-07 00:00:00",239.34,0.00,"2026-04-07 00:00:00","2026-04-16 11:56:31"
2051,205,"2023-03-21 00:00:00",9.17,25.00,"2023-03-21 00:00:00","2026-04-16 11:56:31"
2052,151,"2023-08-15 00:00:00",70.17,5.00,"2023-08-15 00:00:00","2026-04-16 11:56:31"
2053,225,"2025-11-08 00:00:00",11.42,25.00,"2025-11-08 00:00:00","2026-04-16 11:56:31"
2054,286,"2024-09-13 00:00:00",225.11,0.00,"2024-09-13 00:00:00","2026-04-16 11:56:31"
2055,80,"2025-07-25 00:00:00",270.86,0.00,"2025-07-25 00:00:00","2026-04-16 11:56:31"
2056,236,"2024-02-25 00:00:00",269.02,0.00,"2024-02-25 00:00:00","2026-04-16 11:56:31"
2057,16,"2026-04-13 00:00:00",26.85,10.00,"2026-04-13 00:00:00","2026-04-16 11:56:31"
2058,137,"2026-04-10 00:00:00",9.84,25.00,"2026-04-10 00:00:00","2026-04-16 11:56:31"
2059,34,"2025-09-02 00:00:00",41.05,10.00,"2025-09-02 00:00:00","2026-04-16 11:56:31"
2060,298,"2026-02-09 00:00:00",117.64,0.00,"2026-02-09 00:00:00","2026-04-16 11:56:31"
2061,30,"2025-05-04 00:00:00",51.36,5.00,"2025-05-04 00:00:00","2026-04-16 11:56:31"
2062,86,"2026-04-15 00:00:00",130.02,0.00,"2026-04-15 00:00:00","2026-04-16 11:56:31"
2063,88,"2026-03-22 00:00:00",93.58,0.00,"2026-03-22 00:00:00","2026-04-16 11:56:31"
2064,19,"2025-08-29 00:00:00",182.81,0.00,"2025-08-29 00:00:00","2026-04-16 11:56:31"
2065,108,"2026-04-15 00:00:00",108.03,0.00,"2026-04-15 00:00:00","2026-04-16 11:56:31"
2066,198,"2025-03-28 00:00:00",109.86,0.00,"2025-03-28 00:00:00","2026-04-16 11:56:31"
2067,248,"2026-04-11 00:00:00",206.76,0.00,"2026-04-11 00:00:00","2026-04-16 11:56:31"
2068,190,"2026-02-12 00:00:00",14.07,25.00,"2026-02-12 00:00:00","2026-04-16 11:56:31"
2069,265,"2025-10-17 00:00:00",122.71,0.00,"2025-10-17 00:00:00","2026-04-16 11:56:31"
2070,28,"2023-12-30 00:00:00",59.08,5.00,"2023-12-30 00:00:00","2026-04-16 11:56:31"
2071,108,"2026-04-09 00:00:00",81.70,0.00,"2026-04-09 00:00:00","2026-04-16 11:56:31"
2072,286,"2022-12-24 00:00:00",74.67,5.00,"2022-12-24 00:00:00","2026-04-16 11:56:31"
2073,231,"2025-05-23 00:00:00",204.78,0.00,"2025-05-23 00:00:00","2026-04-16 11:56:31"
2074,257,"2025-03-26 00:00:00",48.04,10.00,"2025-03-26 00:00:00","2026-04-16 11:56:31"
2075,170,"2025-05-04 00:00:00",288.15,0.00,"2025-05-04 00:00:00","2026-04-16 11:56:31"
2076,229,"2026-04-15 00:00:00",109.95,0.00,"2026-04-15 00:00:00","2026-04-16 11:56:31"
2077,298,"2025-11-13 00:00:00",176.57,0.00,"2025-11-13 00:00:00","2026-04-16 11:56:32"
2078,249,"2025-03-30 00:00:00",252.80,0.00,"2025-03-30 00:00:00","2026-04-16 11:56:32"
2079,165,"2025-03-27 00:00:00",57.40,5.00,"2025-03-27 00:00:00","2026-04-16 11:56:32"
2080,249,"2025-06-27 00:00:00",34.84,10.00,"2025-06-27 00:00:00","2026-04-16 11:56:32"
2081,247,"2025-06-08 00:00:00",99.27,0.00,"2025-06-08 00:00:00","2026-04-16 11:56:32"
2082,39,"2023-08-13 00:00:00",290.60,0.00,"2023-08-13 00:00:00","2026-04-16 11:56:32"
2083,271,"2021-09-16 00:00:00",32.53,10.00,"2021-09-16 00:00:00","2026-04-16 11:56:32"
2084,247,"2025-12-28 00:00:00",176.28,0.00,"2025-12-28 00:00:00","2026-04-16 11:56:32"
2085,51,"2025-12-04 00:00:00",23.50,25.00,"2025-12-04 00:00:00","2026-04-16 11:56:32"
2086,280,"2025-01-28 00:00:00",30.30,10.00,"2025-01-28 00:00:00","2026-04-16 11:56:32"
2087,92,"2025-08-28 00:00:00",55.78,5.00,"2025-08-28 00:00:00","2026-04-16 11:56:32"
2088,20,"2021-09-10 00:00:00",110.00,0.00,"2021-09-10 00:00:00","2026-04-16 11:56:32"
2089,26,"2022-07-14 00:00:00",232.10,0.00,"2022-07-14 00:00:00","2026-04-16 11:56:32"
2090,108,"2026-04-07 00:00:00",19.05,25.00,"2026-04-07 00:00:00","2026-04-16 11:56:32"
2091,64,"2025-06-22 00:00:00",142.71,0.00,"2025-06-22 00:00:00","2026-04-16 11:56:32"
2092,111,"2025-11-17 00:00:00",32.92,10.00,"2025-11-17 00:00:00","2026-04-16 11:56:32"
2093,180,"2026-02-20 00:00:00",218.02,0.00,"2026-02-20 00:00:00","2026-04-16 11:56:32"
2094,106,"2022-11-17 00:00:00",194.73,0.00,"2022-11-17 00:00:00","2026-04-16 11:56:32"
2095,288,"2025-10-04 00:00:00",226.83,0.00,"2025-10-04 00:00:00","2026-04-16 11:56:32"
2096,208,"2021-09-03 00:00:00",304.90,0.00,"2021-09-03 00:00:00","2026-04-16 11:56:32"
2097,94,"2024-08-07 00:00:00",51.36,5.00,"2024-08-07 00:00:00","2026-04-16 11:56:32"
2098,279,"2026-01-14 00:00:00",30.00,10.00,"2026-01-14 00:00:00","2026-04-16 11:56:32"
2099,2,"2023-06-24 00:00:00",21.43,25.00,"2023-06-24 00:00:00","2026-04-16 11:56:32"
2100,92,"2025-10-08 00:00:00",60.37,5.00,"2025-10-08 00:00:00","2026-04-16 11:56:32"
2101,182,"2023-08-09 00:00:00",267.59,0.00,"2023-08-09 00:00:00","2026-04-16 11:56:32"
2102,71,"2026-02-14 00:00:00",97.90,0.00,"2026-02-14 00:00:00","2026-04-16 11:56:32"
2103,287,"2022-02-22 00:00:00",40.66,10.00,"2022-02-22 00:00:00","2026-04-16 11:56:32"
2104,186,"2026-04-07 00:00:00",101.63,0.00,"2026-04-07 00:00:00","2026-04-16 11:56:32"
2105,235,"2025-02-05 00:00:00",24.87,25.00,"2025-02-05 00:00:00","2026-04-16 11:56:32"
2106,40,"2025-10-27 00:00:00",31.40,10.00,"2025-10-27 00:00:00","2026-04-16 11:56:32"
2107,91,"2024-01-12 00:00:00",19.74,25.00,"2024-01-12 00:00:00","2026-04-16 11:56:32"
2108,171,"2025-09-27 00:00:00",233.90,0.00,"2025-09-27 00:00:00","2026-04-16 11:56:32"
2109,39,"2022-09-03 00:00:00",39.24,10.00,"2022-09-03 00:00:00","2026-04-16 11:56:32"
2110,282,"2025-12-02 00:00:00",77.71,0.00,"2025-12-02 00:00:00","2026-04-16 11:56:32"
2111,113,"2026-02-24 00:00:00",88.65,0.00,"2026-02-24 00:00:00","2026-04-16 11:56:32"
2112,182,"2024-01-08 00:00:00",8.34,25.00,"2024-01-08 00:00:00","2026-04-16 11:56:32"
2113,292,"2025-07-16 00:00:00",30.24,10.00,"2025-07-16 00:00:00","2026-04-16 11:56:32"
2114,254,"2023-09-07 00:00:00",248.91,0.00,"2023-09-07 00:00:00","2026-04-16 11:56:32"
2115,166,"2024-01-01 00:00:00",125.62,0.00,"2024-01-01 00:00:00","2026-04-16 11:56:32"
2116,9,"2026-03-08 00:00:00",17.74,25.00,"2026-03-08 00:00:00","2026-04-16 11:56:32"
2117,182,"2025-08-04 00:00:00",14.45,25.00,"2025-08-04 00:00:00","2026-04-16 11:56:32"
2118,281,"2023-12-19 00:00:00",91.61,0.00,"2023-12-19 00:00:00","2026-04-16 11:56:32"
2119,193,"2024-03-01 00:00:00",84.30,0.00,"2024-03-01 00:00:00","2026-04-16 11:56:32"
2120,177,"2025-11-15 00:00:00",74.18,5.00,"2025-11-15 00:00:00","2026-04-16 11:56:32"
2121,289,"2024-09-22 00:00:00",94.89,0.00,"2024-09-22 00:00:00","2026-04-16 11:56:32"
2122,139,"2025-03-18 00:00:00",228.79,0.00,"2025-03-18 00:00:00","2026-04-16 11:56:32"
2123,269,"2024-11-04 00:00:00",312.14,0.00,"2024-11-04 00:00:00","2026-04-16 11:56:32"
2124,57,"2026-03-10 00:00:00",114.11,0.00,"2026-03-10 00:00:00","2026-04-16 11:56:32"
2125,204,"2025-05-23 00:00:00",174.79,0.00,"2025-05-23 00:00:00","2026-04-16 11:56:32"
2126,121,"2024-06-12 00:00:00",243.55,0.00,"2024-06-12 00:00:00","2026-04-16 11:56:32"
2127,70,"2026-01-25 00:00:00",147.36,0.00,"2026-01-25 00:00:00","2026-04-16 11:56:32"
2128,280,"2024-11-23 00:00:00",262.58,0.00,"2024-11-23 00:00:00","2026-04-16 11:56:32"
2129,270,"2023-05-02 00:00:00",84.49,0.00,"2023-05-02 00:00:00","2026-04-16 11:56:32"
2130,15,"2024-08-18 00:00:00",130.86,0.00,"2024-08-18 00:00:00","2026-04-16 11:56:32"
2131,201,"2026-02-17 00:00:00",325.42,0.00,"2026-02-17 00:00:00","2026-04-16 11:56:32"
2132,214,"2025-08-30 00:00:00",20.00,25.00,"2025-08-30 00:00:00","2026-04-16 11:56:32"
2133,214,"2025-05-23 00:00:00",186.03,0.00,"2025-05-23 00:00:00","2026-04-16 11:56:32"
2134,233,"2025-05-03 00:00:00",232.10,0.00,"2025-05-03 00:00:00","2026-04-16 11:56:32"
2135,51,"2026-03-30 00:00:00",37.10,10.00,"2026-03-30 00:00:00","2026-04-16 11:56:32"
2136,74,"2023-06-29 00:00:00",87.28,0.00,"2023-06-29 00:00:00","2026-04-16 11:56:32"
2137,56,"2026-03-17 00:00:00",70.31,5.00,"2026-03-17 00:00:00","2026-04-16 11:56:32"
2138,163,"2025-09-14 00:00:00",200.85,0.00,"2025-09-14 00:00:00","2026-04-16 11:56:32"
2139,198,"2026-02-13 00:00:00",294.68,0.00,"2026-02-13 00:00:00","2026-04-16 11:56:32"
2140,268,"2026-02-26 00:00:00",194.28,0.00,"2026-02-26 00:00:00","2026-04-16 11:56:32"
2141,238,"2023-07-21 00:00:00",224.68,0.00,"2023-07-21 00:00:00","2026-04-16 11:56:32"
2142,139,"2025-01-09 00:00:00",126.85,0.00,"2025-01-09 00:00:00","2026-04-16 11:56:32"
2143,84,"2023-12-16 00:00:00",70.15,5.00,"2023-12-16 00:00:00","2026-04-16 11:56:32"
2144,4,"2024-11-01 00:00:00",60.49,5.00,"2024-11-01 00:00:00","2026-04-16 11:56:32"
2145,209,"2025-10-15 00:00:00",69.79,5.00,"2025-10-15 00:00:00","2026-04-16 11:56:32"
2146,13,"2022-08-04 00:00:00",24.06,25.00,"2022-08-04 00:00:00","2026-04-16 11:56:32"
2147,139,"2025-05-19 00:00:00",117.11,0.00,"2025-05-19 00:00:00","2026-04-16 11:56:32"
2148,263,"2019-12-22 00:00:00",190.91,0.00,"2019-12-22 00:00:00","2026-04-16 11:56:32"
2149,256,"2020-08-12 00:00:00",161.36,0.00,"2020-08-12 00:00:00","2026-04-16 11:56:32"
2150,129,"2023-09-20 00:00:00",148.05,0.00,"2023-09-20 00:00:00","2026-04-16 11:56:32"
2151,114,"2025-03-24 00:00:00",17.28,25.00,"2025-03-24 00:00:00","2026-04-16 11:56:32"
2152,14,"2022-07-19 00:00:00",205.31,0.00,"2022-07-19 00:00:00","2026-04-16 11:56:32"
2153,219,"2021-12-03 00:00:00",31.84,10.00,"2021-12-03 00:00:00","2026-04-16 11:56:32"
2154,87,"2026-04-14 00:00:00",158.12,0.00,"2026-04-14 00:00:00","2026-04-16 11:56:32"
2155,32,"2023-08-21 00:00:00",298.15,0.00,"2023-08-21 00:00:00","2026-04-16 11:56:32"
2156,63,"2025-07-24 00:00:00",196.72,0.00,"2025-07-24 00:00:00","2026-04-16 11:56:32"
2157,70,"2026-02-13 00:00:00",92.08,0.00,"2026-02-13 00:00:00","2026-04-16 11:56:32"
2158,164,"2025-08-30 00:00:00",223.89,0.00,"2025-08-30 00:00:00","2026-04-16 11:56:32"
2159,154,"2025-06-23 00:00:00",121.42,0.00,"2025-06-23 00:00:00","2026-04-16 11:56:32"
2160,80,"2024-11-08 00:00:00",213.68,0.00,"2024-11-08 00:00:00","2026-04-16 11:56:32"
2161,95,"2023-12-16 00:00:00",120.89,0.00,"2023-12-16 00:00:00","2026-04-16 11:56:32"
2162,109,"2024-07-16 00:00:00",150.69,0.00,"2024-07-16 00:00:00","2026-04-16 11:56:32"
2163,136,"2025-10-16 00:00:00",116.30,0.00,"2025-10-16 00:00:00","2026-04-16 11:56:32"
2164,220,"2024-09-07 00:00:00",132.19,0.00,"2024-09-07 00:00:00","2026-04-16 11:56:32"
2165,170,"2023-10-20 00:00:00",51.43,5.00,"2023-10-20 00:00:00","2026-04-16 11:56:32"
2166,238,"2024-05-14 00:00:00",138.95,0.00,"2024-05-14 00:00:00","2026-04-16 11:56:32"
2167,230,"2024-11-23 00:00:00",137.45,0.00,"2024-11-23 00:00:00","2026-04-16 11:56:32"
2168,224,"2026-01-02 00:00:00",175.36,0.00,"2026-01-02 00:00:00","2026-04-16 11:56:32"
2169,286,"2023-10-27 00:00:00",158.41,0.00,"2023-10-27 00:00:00","2026-04-16 11:56:32"
2170,215,"2022-02-20 00:00:00",167.08,0.00,"2022-02-20 00:00:00","2026-04-16 11:56:32"
2171,193,"2025-07-23 00:00:00",120.88,0.00,"2025-07-23 00:00:00","2026-04-16 11:56:32"
2172,277,"2025-03-23 00:00:00",174.55,0.00,"2025-03-23 00:00:00","2026-04-16 11:56:32"
2173,100,"2022-12-09 00:00:00",456.30,0.00,"2022-12-09 00:00:00","2026-04-16 11:56:32"
2174,174,"2026-01-23 00:00:00",8.54,25.00,"2026-01-23 00:00:00","2026-04-16 11:56:32"
2175,124,"2023-10-19 00:00:00",104.87,0.00,"2023-10-19 00:00:00","2026-04-16 11:56:32"
2176,249,"2025-06-17 00:00:00",216.60,0.00,"2025-06-17 00:00:00","2026-04-16 11:56:32"
2177,189,"2025-11-10 00:00:00",97.13,0.00,"2025-11-10 00:00:00","2026-04-16 11:56:32"
2178,254,"2020-05-06 00:00:00",73.99,5.00,"2020-05-06 00:00:00","2026-04-16 11:56:32"
2179,233,"2025-07-04 00:00:00",245.46,0.00,"2025-07-04 00:00:00","2026-04-16 11:56:32"
2180,45,"2022-11-01 00:00:00",51.88,5.00,"2022-11-01 00:00:00","2026-04-16 11:56:32"
2181,161,"2023-09-03 00:00:00",92.80,0.00,"2023-09-03 00:00:00","2026-04-16 11:56:32"
2182,245,"2024-09-09 00:00:00",244.64,0.00,"2024-09-09 00:00:00","2026-04-16 11:56:32"
2183,73,"2024-02-10 00:00:00",7.00,25.00,"2024-02-10 00:00:00","2026-04-16 11:56:32"
2184,237,"2026-02-26 00:00:00",338.96,0.00,"2026-02-26 00:00:00","2026-04-16 11:56:32"
2185,204,"2025-05-10 00:00:00",231.02,0.00,"2025-05-10 00:00:00","2026-04-16 11:56:32"
2186,193,"2026-01-06 00:00:00",126.74,0.00,"2026-01-06 00:00:00","2026-04-16 11:56:32"
2187,283,"2021-09-18 00:00:00",52.91,5.00,"2021-09-18 00:00:00","2026-04-16 11:56:32"
2188,82,"2024-01-23 00:00:00",132.14,0.00,"2024-01-23 00:00:00","2026-04-16 11:56:32"
2189,109,"2024-08-21 00:00:00",164.27,0.00,"2024-08-21 00:00:00","2026-04-16 11:56:32"
2190,220,"2024-12-09 00:00:00",48.96,10.00,"2024-12-09 00:00:00","2026-04-16 11:56:32"
2191,67,"2025-02-23 00:00:00",194.51,0.00,"2025-02-23 00:00:00","2026-04-16 11:56:32"
2192,227,"2026-03-02 00:00:00",56.08,5.00,"2026-03-02 00:00:00","2026-04-16 11:56:32"
2193,124,"2024-08-01 00:00:00",185.23,0.00,"2024-08-01 00:00:00","2026-04-16 11:56:32"
2194,28,"2024-01-19 00:00:00",24.48,25.00,"2024-01-19 00:00:00","2026-04-16 11:56:32"
2195,233,"2025-07-03 00:00:00",96.78,0.00,"2025-07-03 00:00:00","2026-04-16 11:56:32"
2196,200,"2025-05-22 00:00:00",18.05,25.00,"2025-05-22 00:00:00","2026-04-16 11:56:32"
2197,48,"2026-03-13 00:00:00",150.59,0.00,"2026-03-13 00:00:00","2026-04-16 11:56:32"
2198,284,"2024-10-12 00:00:00",187.18,0.00,"2024-10-12 00:00:00","2026-04-16 11:56:32"
2199,77,"2024-11-13 00:00:00",26.80,10.00,"2024-11-13 00:00:00","2026-04-16 11:56:32"
2200,105,"2025-09-27 00:00:00",121.34,0.00,"2025-09-27 00:00:00","2026-04-16 11:56:32"
2201,35,"2024-03-04 00:00:00",192.53,0.00,"2024-03-04 00:00:00","2026-04-16 11:56:32"
2202,183,"2023-09-18 00:00:00",54.40,5.00,"2023-09-18 00:00:00","2026-04-16 11:56:32"
2203,238,"2023-06-05 00:00:00",6.18,25.00,"2023-06-05 00:00:00","2026-04-16 11:56:32"
2204,202,"2025-03-09 00:00:00",66.03,5.00,"2025-03-09 00:00:00","2026-04-16 11:56:32"
2205,89,"2024-06-20 00:00:00",187.09,0.00,"2024-06-20 00:00:00","2026-04-16 11:56:32"
2206,104,"2024-05-05 00:00:00",5.42,25.00,"2024-05-05 00:00:00","2026-04-16 11:56:32"
2207,231,"2024-09-20 00:00:00",42.10,10.00,"2024-09-20 00:00:00","2026-04-16 11:56:32"
2208,295,"2025-10-18 00:00:00",96.72,0.00,"2025-10-18 00:00:00","2026-04-16 11:56:32"
2209,133,"2024-06-07 00:00:00",26.96,10.00,"2024-06-07 00:00:00","2026-04-16 11:56:32"
2210,108,"2026-03-30 00:00:00",33.96,10.00,"2026-03-30 00:00:00","2026-04-16 11:56:32"
2211,147,"2026-01-02 00:00:00",187.25,0.00,"2026-01-02 00:00:00","2026-04-16 11:56:32"
2212,165,"2026-03-14 00:00:00",38.22,10.00,"2026-03-14 00:00:00","2026-04-16 11:56:32"
2213,245,"2025-02-25 00:00:00",215.74,0.00,"2025-02-25 00:00:00","2026-04-16 11:56:32"
2214,205,"2020-05-29 00:00:00",231.70,0.00,"2020-05-29 00:00:00","2026-04-16 11:56:32"
2215,198,"2026-01-21 00:00:00",82.52,0.00,"2026-01-21 00:00:00","2026-04-16 11:56:32"
2216,75,"2026-02-05 00:00:00",106.32,0.00,"2026-02-05 00:00:00","2026-04-16 11:56:32"
2217,24,"2022-09-17 00:00:00",261.71,0.00,"2022-09-17 00:00:00","2026-04-16 11:56:32"
2218,11,"2025-11-01 00:00:00",39.36,10.00,"2025-11-01 00:00:00","2026-04-16 11:56:32"
2219,13,"2025-08-01 00:00:00",129.40,0.00,"2025-08-01 00:00:00","2026-04-16 11:56:32"
2220,219,"2022-09-04 00:00:00",23.10,25.00,"2022-09-04 00:00:00","2026-04-16 11:56:32"
2221,100,"2026-01-19 00:00:00",218.43,0.00,"2026-01-19 00:00:00","2026-04-16 11:56:32"
2222,124,"2025-06-19 00:00:00",107.49,0.00,"2025-06-19 00:00:00","2026-04-16 11:56:32"
2223,74,"2023-04-01 00:00:00",42.24,10.00,"2023-04-01 00:00:00","2026-04-16 11:56:32"
2224,240,"2025-11-14 00:00:00",30.18,10.00,"2025-11-14 00:00:00","2026-04-16 11:56:32"
2225,149,"2026-03-08 00:00:00",71.36,5.00,"2026-03-08 00:00:00","2026-04-16 11:56:32"
2226,47,"2023-09-28 00:00:00",23.01,25.00,"2023-09-28 00:00:00","2026-04-16 11:56:32"
2227,135,"2026-02-17 00:00:00",32.38,10.00,"2026-02-17 00:00:00","2026-04-16 11:56:32"
2228,49,"2024-04-23 00:00:00",164.14,0.00,"2024-04-23 00:00:00","2026-04-16 11:56:32"
2229,178,"2025-05-26 00:00:00",153.17,0.00,"2025-05-26 00:00:00","2026-04-16 11:56:32"
2230,135,"2026-04-13 00:00:00",188.18,0.00,"2026-04-13 00:00:00","2026-04-16 11:56:32"
2231,39,"2023-02-13 00:00:00",91.81,0.00,"2023-02-13 00:00:00","2026-04-16 11:56:32"
2232,92,"2025-02-21 00:00:00",4.44,25.00,"2025-02-21 00:00:00","2026-04-16 11:56:32"
2233,263,"2020-02-04 00:00:00",4.91,25.00,"2020-02-04 00:00:00","2026-04-16 11:56:32"
2234,54,"2026-02-10 00:00:00",355.07,0.00,"2026-02-10 00:00:00","2026-04-16 11:56:32"
2235,231,"2023-08-21 00:00:00",104.46,0.00,"2023-08-21 00:00:00","2026-04-16 11:56:32"
2236,234,"2025-10-02 00:00:00",175.06,0.00,"2025-10-02 00:00:00","2026-04-16 11:56:32"
2237,51,"2025-11-17 00:00:00",63.84,5.00,"2025-11-17 00:00:00","2026-04-16 11:56:32"
2238,94,"2024-07-22 00:00:00",335.28,0.00,"2024-07-22 00:00:00","2026-04-16 11:56:32"
2239,233,"2025-03-23 00:00:00",13.41,25.00,"2025-03-23 00:00:00","2026-04-16 11:56:32"
2240,19,"2025-12-17 00:00:00",252.38,0.00,"2025-12-17 00:00:00","2026-04-16 11:56:32"
2241,133,"2025-03-15 00:00:00",191.50,0.00,"2025-03-15 00:00:00","2026-04-16 11:56:32"
2242,29,"2025-12-02 00:00:00",153.92,0.00,"2025-12-02 00:00:00","2026-04-16 11:56:32"
2243,172,"2025-04-24 00:00:00",273.34,0.00,"2025-04-24 00:00:00","2026-04-16 11:56:32"
2244,81,"2025-01-29 00:00:00",300.96,0.00,"2025-01-29 00:00:00","2026-04-16 11:56:32"
2245,203,"2025-12-12 00:00:00",46.73,10.00,"2025-12-12 00:00:00","2026-04-16 11:56:32"
2246,223,"2025-01-30 00:00:00",36.48,10.00,"2025-01-30 00:00:00","2026-04-16 11:56:32"
2247,238,"2024-04-08 00:00:00",42.69,10.00,"2024-04-08 00:00:00","2026-04-16 11:56:32"
2248,119,"2025-11-04 00:00:00",88.37,0.00,"2025-11-04 00:00:00","2026-04-16 11:56:32"
2249,176,"2025-12-12 00:00:00",19.37,25.00,"2025-12-12 00:00:00","2026-04-16 11:56:32"
2250,143,"2026-02-22 00:00:00",95.57,0.00,"2026-02-22 00:00:00","2026-04-16 11:56:32"
2251,276,"2025-05-01 00:00:00",247.92,0.00,"2025-05-01 00:00:00","2026-04-16 11:56:32"
2252,167,"2026-03-16 00:00:00",133.99,0.00,"2026-03-16 00:00:00","2026-04-16 11:56:32"
2253,78,"2025-06-21 00:00:00",187.65,0.00,"2025-06-21 00:00:00","2026-04-16 11:56:32"
2254,148,"2026-03-19 00:00:00",77.86,0.00,"2026-03-19 00:00:00","2026-04-16 11:56:32"
2255,286,"2025-09-11 00:00:00",200.08,0.00,"2025-09-11 00:00:00","2026-04-16 11:56:32"
2256,140,"2026-04-12 00:00:00",167.46,0.00,"2026-04-12 00:00:00","2026-04-16 11:56:32"
2257,124,"2025-01-09 00:00:00",60.61,5.00,"2025-01-09 00:00:00","2026-04-16 11:56:32"
2258,173,"2026-02-27 00:00:00",330.89,0.00,"2026-02-27 00:00:00","2026-04-16 11:56:32"
2259,62,"2025-05-04 00:00:00",9.95,25.00,"2025-05-04 00:00:00","2026-04-16 11:56:32"
2260,22,"2024-06-12 00:00:00",295.27,0.00,"2024-06-12 00:00:00","2026-04-16 11:56:32"
2261,275,"2022-01-20 00:00:00",248.60,0.00,"2022-01-20 00:00:00","2026-04-16 11:56:32"
2262,48,"2025-11-16 00:00:00",12.16,25.00,"2025-11-16 00:00:00","2026-04-16 11:56:32"
2263,18,"2023-10-16 00:00:00",134.15,0.00,"2023-10-16 00:00:00","2026-04-16 11:56:32"
2264,256,"2024-08-13 00:00:00",4.32,25.00,"2024-08-13 00:00:00","2026-04-16 11:56:32"
2265,241,"2025-12-28 00:00:00",227.99,0.00,"2025-12-28 00:00:00","2026-04-16 11:56:32"
2266,69,"2023-11-08 00:00:00",149.63,0.00,"2023-11-08 00:00:00","2026-04-16 11:56:32"
2267,126,"2023-08-09 00:00:00",73.90,5.00,"2023-08-09 00:00:00","2026-04-16 11:56:32"
2268,118,"2023-10-10 00:00:00",128.23,0.00,"2023-10-10 00:00:00","2026-04-16 11:56:32"
2269,41,"2026-02-25 00:00:00",231.41,0.00,"2026-02-25 00:00:00","2026-04-16 11:56:32"
2270,146,"2026-01-20 00:00:00",210.98,0.00,"2026-01-20 00:00:00","2026-04-16 11:56:32"
2271,109,"2025-11-15 00:00:00",177.63,0.00,"2025-11-15 00:00:00","2026-04-16 11:56:32"
2272,246,"2024-04-04 00:00:00",185.85,0.00,"2024-04-04 00:00:00","2026-04-16 11:56:32"
2273,161,"2023-01-10 00:00:00",67.12,5.00,"2023-01-10 00:00:00","2026-04-16 11:56:32"
2274,125,"2024-06-15 00:00:00",115.40,0.00,"2024-06-15 00:00:00","2026-04-16 11:56:32"
2275,177,"2026-03-30 00:00:00",33.54,10.00,"2026-03-30 00:00:00","2026-04-16 11:56:32"
2276,134,"2022-11-11 00:00:00",76.19,0.00,"2022-11-11 00:00:00","2026-04-16 11:56:32"
2277,173,"2026-01-07 00:00:00",85.50,0.00,"2026-01-07 00:00:00","2026-04-16 11:56:32"
2278,50,"2022-08-30 00:00:00",161.22,0.00,"2022-08-30 00:00:00","2026-04-16 11:56:32"
2279,78,"2026-02-15 00:00:00",220.44,0.00,"2026-02-15 00:00:00","2026-04-16 11:56:32"
2280,262,"2024-05-31 00:00:00",21.24,25.00,"2024-05-31 00:00:00","2026-04-16 11:56:32"
2281,221,"2023-10-10 00:00:00",102.21,0.00,"2023-10-10 00:00:00","2026-04-16 11:56:32"
2282,226,"2025-12-09 00:00:00",117.79,0.00,"2025-12-09 00:00:00","2026-04-16 11:56:32"
2283,218,"2025-07-10 00:00:00",322.11,0.00,"2025-07-10 00:00:00","2026-04-16 11:56:32"
2284,158,"2026-01-15 00:00:00",134.53,0.00,"2026-01-15 00:00:00","2026-04-16 11:56:32"
2285,83,"2025-07-15 00:00:00",103.96,0.00,"2025-07-15 00:00:00","2026-04-16 11:56:32"
2286,139,"2023-09-24 00:00:00",104.95,0.00,"2023-09-24 00:00:00","2026-04-16 11:56:32"
2287,257,"2025-08-04 00:00:00",138.10,0.00,"2025-08-04 00:00:00","2026-04-16 11:56:32"
2288,225,"2025-12-31 00:00:00",224.42,0.00,"2025-12-31 00:00:00","2026-04-16 11:56:32"
2289,53,"2026-03-22 00:00:00",128.68,0.00,"2026-03-22 00:00:00","2026-04-16 11:56:32"
2290,106,"2023-10-18 00:00:00",254.19,0.00,"2023-10-18 00:00:00","2026-04-16 11:56:32"
2291,293,"2025-12-29 00:00:00",69.43,5.00,"2025-12-29 00:00:00","2026-04-16 11:56:32"
2292,84,"2025-01-06 00:00:00",72.16,5.00,"2025-01-06 00:00:00","2026-04-16 11:56:32"
2293,245,"2025-12-17 00:00:00",126.09,0.00,"2025-12-17 00:00:00","2026-04-16 11:56:32"
2294,28,"2023-10-07 00:00:00",124.32,0.00,"2023-10-07 00:00:00","2026-04-16 11:56:32"
2295,103,"2024-01-24 00:00:00",84.98,0.00,"2024-01-24 00:00:00","2026-04-16 11:56:32"
2296,194,"2024-03-28 00:00:00",181.86,0.00,"2024-03-28 00:00:00","2026-04-16 11:56:32"
2297,237,"2026-02-25 00:00:00",8.07,25.00,"2026-02-25 00:00:00","2026-04-16 11:56:32"
2298,116,"2025-12-09 00:00:00",233.70,0.00,"2025-12-09 00:00:00","2026-04-16 11:56:32"
2299,89,"2026-03-15 00:00:00",41.64,10.00,"2026-03-15 00:00:00","2026-04-16 11:56:32"
2300,12,"2024-10-27 00:00:00",36.71,10.00,"2024-10-27 00:00:00","2026-04-16 11:56:32"
2301,12,"2025-03-12 00:00:00",410.24,0.00,"2025-03-12 00:00:00","2026-04-16 11:56:32"
2302,254,"2022-07-25 00:00:00",7.80,25.00,"2022-07-25 00:00:00","2026-04-16 11:56:32"
2303,113,"2025-11-18 00:00:00",57.56,5.00,"2025-11-18 00:00:00","2026-04-16 11:56:32"
2304,226,"2024-06-13 00:00:00",292.57,0.00,"2024-06-13 00:00:00","2026-04-16 11:56:32"
2305,108,"2026-04-11 00:00:00",143.17,0.00,"2026-04-11 00:00:00","2026-04-16 11:56:32"
2306,37,"2024-09-15 00:00:00",56.38,5.00,"2024-09-15 00:00:00","2026-04-16 11:56:32"
2307,230,"2025-03-06 00:00:00",44.45,10.00,"2025-03-06 00:00:00","2026-04-16 11:56:32"
2308,152,"2025-02-03 00:00:00",11.32,25.00,"2025-02-03 00:00:00","2026-04-16 11:56:32"
2309,263,"2020-04-08 00:00:00",177.59,0.00,"2020-04-08 00:00:00","2026-04-16 11:56:32"
2310,158,"2025-08-14 00:00:00",88.83,0.00,"2025-08-14 00:00:00","2026-04-16 11:56:32"
2311,267,"2023-01-21 00:00:00",159.96,0.00,"2023-01-21 00:00:00","2026-04-16 11:56:32"
2312,277,"2025-05-16 00:00:00",18.04,25.00,"2025-05-16 00:00:00","2026-04-16 11:56:32"
2313,189,"2025-05-22 00:00:00",201.13,0.00,"2025-05-22 00:00:00","2026-04-16 11:56:32"
2314,189,"2024-06-18 00:00:00",52.55,5.00,"2024-06-18 00:00:00","2026-04-16 11:56:32"
2315,169,"2025-08-25 00:00:00",52.78,5.00,"2025-08-25 00:00:00","2026-04-16 11:56:32"
2316,221,"2023-11-25 00:00:00",196.11,0.00,"2023-11-25 00:00:00","2026-04-16 11:56:32"
2317,97,"2025-06-20 00:00:00",171.05,0.00,"2025-06-20 00:00:00","2026-04-16 11:56:32"
2318,148,"2025-04-04 00:00:00",84.90,0.00,"2025-04-04 00:00:00","2026-04-16 11:56:32"
2319,228,"2025-06-27 00:00:00",69.24,5.00,"2025-06-27 00:00:00","2026-04-16 11:56:32"
2320,239,"2022-09-13 00:00:00",198.26,0.00,"2022-09-13 00:00:00","2026-04-16 11:56:32"
2321,289,"2024-10-14 00:00:00",46.89,10.00,"2024-10-14 00:00:00","2026-04-16 11:56:32"
2322,179,"2024-07-05 00:00:00",103.54,0.00,"2024-07-05 00:00:00","2026-04-16 11:56:32"
2323,98,"2024-09-18 00:00:00",175.29,0.00,"2024-09-18 00:00:00","2026-04-16 11:56:32"
2324,159,"2025-12-10 00:00:00",92.39,0.00,"2025-12-10 00:00:00","2026-04-16 11:56:32"
2325,4,"2025-02-27 00:00:00",209.41,0.00,"2025-02-27 00:00:00","2026-04-16 11:56:32"
2326,120,"2025-11-04 00:00:00",185.85,0.00,"2025-11-04 00:00:00","2026-04-16 11:56:32"
2327,279,"2024-12-12 00:00:00",91.69,0.00,"2024-12-12 00:00:00","2026-04-16 11:56:32"
2328,215,"2020-11-13 00:00:00",15.54,25.00,"2020-11-13 00:00:00","2026-04-16 11:56:32"
2329,26,"2025-01-25 00:00:00",10.04,25.00,"2025-01-25 00:00:00","2026-04-16 11:56:32"
2330,212,"2022-09-26 00:00:00",146.07,0.00,"2022-09-26 00:00:00","2026-04-16 11:56:32"
2331,202,"2024-10-15 00:00:00",83.61,0.00,"2024-10-15 00:00:00","2026-04-16 11:56:32"
2332,74,"2023-04-06 00:00:00",131.54,0.00,"2023-04-06 00:00:00","2026-04-16 11:56:32"
2333,59,"2025-04-20 00:00:00",18.61,25.00,"2025-04-20 00:00:00","2026-04-16 11:56:32"
2334,129,"2024-09-13 00:00:00",90.52,0.00,"2024-09-13 00:00:00","2026-04-16 11:56:32"
2335,299,"2024-12-25 00:00:00",36.46,10.00,"2024-12-25 00:00:00","2026-04-16 11:56:32"
2336,105,"2025-08-02 00:00:00",151.47,0.00,"2025-08-02 00:00:00","2026-04-16 11:56:32"
2337,79,"2026-03-16 00:00:00",26.78,10.00,"2026-03-16 00:00:00","2026-04-16 11:56:32"
2338,81,"2025-11-09 00:00:00",78.54,0.00,"2025-11-09 00:00:00","2026-04-16 11:56:32"
2339,277,"2023-02-05 00:00:00",8.14,25.00,"2023-02-05 00:00:00","2026-04-16 11:56:32"
2340,134,"2022-04-01 00:00:00",92.03,0.00,"2022-04-01 00:00:00","2026-04-16 11:56:32"
2341,207,"2026-02-28 00:00:00",3.70,25.00,"2026-02-28 00:00:00","2026-04-16 11:56:32"
2342,51,"2026-02-15 00:00:00",34.88,10.00,"2026-02-15 00:00:00","2026-04-16 11:56:32"
2343,146,"2024-12-23 00:00:00",133.98,0.00,"2024-12-23 00:00:00","2026-04-16 11:56:32"
2344,176,"2025-10-12 00:00:00",370.62,0.00,"2025-10-12 00:00:00","2026-04-16 11:56:32"
2345,254,"2025-05-07 00:00:00",85.64,0.00,"2025-05-07 00:00:00","2026-04-16 11:56:32"
2346,164,"2025-06-25 00:00:00",258.83,0.00,"2025-06-25 00:00:00","2026-04-16 11:56:32"
2347,128,"2022-11-11 00:00:00",325.28,0.00,"2022-11-11 00:00:00","2026-04-16 11:56:32"
2348,187,"2022-09-24 00:00:00",126.19,0.00,"2022-09-24 00:00:00","2026-04-16 11:56:32"
2349,54,"2025-11-24 00:00:00",61.16,5.00,"2025-11-24 00:00:00","2026-04-16 11:56:32"
2350,201,"2026-01-30 00:00:00",6.94,25.00,"2026-01-30 00:00:00","2026-04-16 11:56:32"
2351,286,"2025-09-01 00:00:00",196.72,0.00,"2025-09-01 00:00:00","2026-04-16 11:56:32"
2352,207,"2026-01-22 00:00:00",136.48,0.00,"2026-01-22 00:00:00","2026-04-16 11:56:32"
2353,32,"2023-07-04 00:00:00",87.21,0.00,"2023-07-04 00:00:00","2026-04-16 11:56:32"
2354,190,"2026-03-14 00:00:00",197.50,0.00,"2026-03-14 00:00:00","2026-04-16 11:56:32"
2355,209,"2026-03-01 00:00:00",83.57,0.00,"2026-03-01 00:00:00","2026-04-16 11:56:32"
2356,275,"2022-10-26 00:00:00",163.92,0.00,"2022-10-26 00:00:00","2026-04-16 11:56:32"
2357,19,"2025-12-02 00:00:00",216.29,0.00,"2025-12-02 00:00:00","2026-04-16 11:56:32"
2358,52,"2025-11-08 00:00:00",108.64,0.00,"2025-11-08 00:00:00","2026-04-16 11:56:32"
2359,61,"2024-09-28 00:00:00",160.71,0.00,"2024-09-28 00:00:00","2026-04-16 11:56:32"
2360,147,"2026-01-15 00:00:00",158.71,0.00,"2026-01-15 00:00:00","2026-04-16 11:56:32"
2361,6,"2025-06-08 00:00:00",8.40,25.00,"2025-06-08 00:00:00","2026-04-16 11:56:32"
2362,284,"2023-11-22 00:00:00",58.76,5.00,"2023-11-22 00:00:00","2026-04-16 11:56:32"
2363,127,"2026-03-14 00:00:00",57.76,5.00,"2026-03-14 00:00:00","2026-04-16 11:56:32"
2364,161,"2024-01-22 00:00:00",172.07,0.00,"2024-01-22 00:00:00","2026-04-16 11:56:32"
2365,230,"2025-11-21 00:00:00",47.95,10.00,"2025-11-21 00:00:00","2026-04-16 11:56:32"
2366,98,"2024-06-17 00:00:00",230.86,0.00,"2024-06-17 00:00:00","2026-04-16 11:56:32"
2367,4,"2025-07-28 00:00:00",346.47,0.00,"2025-07-28 00:00:00","2026-04-16 11:56:32"
2368,62,"2023-09-08 00:00:00",11.67,25.00,"2023-09-08 00:00:00","2026-04-16 11:56:32"
2369,78,"2026-01-14 00:00:00",85.09,0.00,"2026-01-14 00:00:00","2026-04-16 11:56:32"
2370,39,"2023-05-24 00:00:00",50.49,5.00,"2023-05-24 00:00:00","2026-04-16 11:56:32"
2371,15,"2022-09-14 00:00:00",85.53,0.00,"2022-09-14 00:00:00","2026-04-16 11:56:32"
2372,93,"2025-11-03 00:00:00",273.73,0.00,"2025-11-03 00:00:00","2026-04-16 11:56:32"
2373,213,"2024-02-20 00:00:00",21.44,25.00,"2024-02-20 00:00:00","2026-04-16 11:56:32"
2374,170,"2025-01-12 00:00:00",9.78,25.00,"2025-01-12 00:00:00","2026-04-16 11:56:32"
2375,208,"2025-07-03 00:00:00",59.80,5.00,"2025-07-03 00:00:00","2026-04-16 11:56:32"
2376,174,"2024-03-13 00:00:00",181.82,0.00,"2024-03-13 00:00:00","2026-04-16 11:56:32"
2377,155,"2025-08-11 00:00:00",5.70,25.00,"2025-08-11 00:00:00","2026-04-16 11:56:32"
2378,23,"2025-12-09 00:00:00",94.79,0.00,"2025-12-09 00:00:00","2026-04-16 11:56:32"
2379,43,"2026-03-19 00:00:00",29.15,10.00,"2026-03-19 00:00:00","2026-04-16 11:56:32"
2380,44,"2026-04-06 00:00:00",78.69,0.00,"2026-04-06 00:00:00","2026-04-16 11:56:32"
2381,287,"2022-07-11 00:00:00",67.80,5.00,"2022-07-11 00:00:00","2026-04-16 11:56:32"
2382,57,"2026-01-17 00:00:00",47.79,10.00,"2026-01-17 00:00:00","2026-04-16 11:56:32"
2383,20,"2021-08-18 00:00:00",109.71,0.00,"2021-08-18 00:00:00","2026-04-16 11:56:32"
2384,94,"2024-12-10 00:00:00",208.49,0.00,"2024-12-10 00:00:00","2026-04-16 11:56:32"
2385,99,"2024-02-21 00:00:00",7.84,25.00,"2024-02-21 00:00:00","2026-04-16 11:56:32"
2386,164,"2025-07-11 00:00:00",108.23,0.00,"2025-07-11 00:00:00","2026-04-16 11:56:32"
2387,26,"2025-06-03 00:00:00",80.90,0.00,"2025-06-03 00:00:00","2026-04-16 11:56:32"
2388,279,"2023-05-18 00:00:00",91.78,0.00,"2023-05-18 00:00:00","2026-04-16 11:56:32"
2389,169,"2024-09-02 00:00:00",130.65,0.00,"2024-09-02 00:00:00","2026-04-16 11:56:32"
2390,127,"2026-01-18 00:00:00",149.24,0.00,"2026-01-18 00:00:00","2026-04-16 11:56:32"
2391,116,"2025-04-27 00:00:00",176.59,0.00,"2025-04-27 00:00:00","2026-04-16 11:56:32"
2392,198,"2025-06-25 00:00:00",257.84,0.00,"2025-06-25 00:00:00","2026-04-16 11:56:32"
2393,248,"2025-01-15 00:00:00",147.79,0.00,"2025-01-15 00:00:00","2026-04-16 11:56:32"
2394,19,"2025-12-20 00:00:00",73.36,5.00,"2025-12-20 00:00:00","2026-04-16 11:56:32"
2395,298,"2026-03-29 00:00:00",92.31,0.00,"2026-03-29 00:00:00","2026-04-16 11:56:32"
2396,117,"2025-05-20 00:00:00",148.50,0.00,"2025-05-20 00:00:00","2026-04-16 11:56:32"
2397,135,"2026-03-20 00:00:00",163.52,0.00,"2026-03-20 00:00:00","2026-04-16 11:56:32"
2398,112,"2026-01-25 00:00:00",145.48,0.00,"2026-01-25 00:00:00","2026-04-16 11:56:32"
2399,250,"2022-04-30 00:00:00",277.12,0.00,"2022-04-30 00:00:00","2026-04-16 11:56:32"
2400,103,"2023-03-10 00:00:00",261.15,0.00,"2023-03-10 00:00:00","2026-04-16 11:56:32"
2401,162,"2022-12-18 00:00:00",86.20,0.00,"2022-12-18 00:00:00","2026-04-16 11:56:32"
2402,222,"2024-07-30 00:00:00",13.15,25.00,"2024-07-30 00:00:00","2026-04-16 11:56:32"
2403,102,"2023-11-13 00:00:00",106.39,0.00,"2023-11-13 00:00:00","2026-04-16 11:56:32"
2404,287,"2022-10-12 00:00:00",241.33,0.00,"2022-10-12 00:00:00","2026-04-16 11:56:32"
2405,6,"2024-01-01 00:00:00",19.07,25.00,"2024-01-01 00:00:00","2026-04-16 11:56:32"
2406,215,"2023-06-17 00:00:00",324.12,0.00,"2023-06-17 00:00:00","2026-04-16 11:56:32"
2407,94,"2024-12-19 00:00:00",203.75,0.00,"2024-12-19 00:00:00","2026-04-16 11:56:32"
2408,36,"2024-09-20 00:00:00",262.28,0.00,"2024-09-20 00:00:00","2026-04-16 11:56:32"
2409,147,"2025-12-16 00:00:00",355.06,0.00,"2025-12-16 00:00:00","2026-04-16 11:56:32"
2410,144,"2020-05-21 00:00:00",144.05,0.00,"2020-05-21 00:00:00","2026-04-16 11:56:32"
2411,179,"2023-08-18 00:00:00",26.85,10.00,"2023-08-18 00:00:00","2026-04-16 11:56:32"
2412,15,"2023-11-28 00:00:00",12.15,25.00,"2023-11-28 00:00:00","2026-04-16 11:56:32"
2413,7,"2026-03-29 00:00:00",81.03,0.00,"2026-03-29 00:00:00","2026-04-16 11:56:32"
2414,82,"2025-01-12 00:00:00",112.87,0.00,"2025-01-12 00:00:00","2026-04-16 11:56:32"
2415,286,"2025-08-02 00:00:00",117.24,0.00,"2025-08-02 00:00:00","2026-04-16 11:56:32"
2416,250,"2022-11-18 00:00:00",160.93,0.00,"2022-11-18 00:00:00","2026-04-16 11:56:32"
2417,261,"2025-08-15 00:00:00",195.18,0.00,"2025-08-15 00:00:00","2026-04-16 11:56:32"
2418,21,"2024-06-26 00:00:00",336.60,0.00,"2024-06-26 00:00:00","2026-04-16 11:56:32"
2419,148,"2024-07-24 00:00:00",31.19,10.00,"2024-07-24 00:00:00","2026-04-16 11:56:32"
2420,27,"2024-10-07 00:00:00",133.90,0.00,"2024-10-07 00:00:00","2026-04-16 11:56:32"
2421,288,"2025-01-01 00:00:00",115.71,0.00,"2025-01-01 00:00:00","2026-04-16 11:56:32"
2422,133,"2025-10-15 00:00:00",29.11,10.00,"2025-10-15 00:00:00","2026-04-16 11:56:32"
2423,76,"2025-03-07 00:00:00",251.97,0.00,"2025-03-07 00:00:00","2026-04-16 11:56:32"
2424,49,"2024-05-11 00:00:00",44.13,10.00,"2024-05-11 00:00:00","2026-04-16 11:56:32"
2425,200,"2025-12-22 00:00:00",206.04,0.00,"2025-12-22 00:00:00","2026-04-16 11:56:32"
2426,77,"2024-11-23 00:00:00",193.60,0.00,"2024-11-23 00:00:00","2026-04-16 11:56:32"
2427,42,"2026-02-10 00:00:00",43.84,10.00,"2026-02-10 00:00:00","2026-04-16 11:56:32"
2428,185,"2025-08-07 00:00:00",260.26,0.00,"2025-08-07 00:00:00","2026-04-16 11:56:32"
2429,139,"2025-12-15 00:00:00",231.51,0.00,"2025-12-15 00:00:00","2026-04-16 11:56:32"
2430,218,"2022-11-23 00:00:00",58.32,5.00,"2022-11-23 00:00:00","2026-04-16 11:56:32"
2431,88,"2025-06-06 00:00:00",178.00,0.00,"2025-06-06 00:00:00","2026-04-16 11:56:32"
2432,250,"2022-02-05 00:00:00",174.76,0.00,"2022-02-05 00:00:00","2026-04-16 11:56:32"
2433,62,"2023-04-09 00:00:00",298.35,0.00,"2023-04-09 00:00:00","2026-04-16 11:56:32"
2434,108,"2026-03-13 00:00:00",85.24,0.00,"2026-03-13 00:00:00","2026-04-16 11:56:32"
2435,281,"2024-09-10 00:00:00",83.30,0.00,"2024-09-10 00:00:00","2026-04-16 11:56:32"
2436,105,"2026-02-20 00:00:00",55.45,5.00,"2026-02-20 00:00:00","2026-04-16 11:56:32"
2437,39,"2023-08-26 00:00:00",170.19,0.00,"2023-08-26 00:00:00","2026-04-16 11:56:32"
2438,242,"2023-05-25 00:00:00",181.52,0.00,"2023-05-25 00:00:00","2026-04-16 11:56:32"
2439,13,"2024-02-05 00:00:00",111.62,0.00,"2024-02-05 00:00:00","2026-04-16 11:56:32"
2440,221,"2025-11-13 00:00:00",97.78,0.00,"2025-11-13 00:00:00","2026-04-16 11:56:32"
2441,179,"2026-03-06 00:00:00",98.72,0.00,"2026-03-06 00:00:00","2026-04-16 11:56:32"
2442,217,"2023-06-08 00:00:00",65.79,5.00,"2023-06-08 00:00:00","2026-04-16 11:56:32"
2443,118,"2023-06-21 00:00:00",70.68,5.00,"2023-06-21 00:00:00","2026-04-16 11:56:32"
2444,111,"2023-12-21 00:00:00",86.69,0.00,"2023-12-21 00:00:00","2026-04-16 11:56:32"
2445,181,"2023-12-19 00:00:00",3.00,25.00,"2023-12-19 00:00:00","2026-04-16 11:56:32"
2446,25,"2025-06-01 00:00:00",160.59,0.00,"2025-06-01 00:00:00","2026-04-16 11:56:32"
2447,277,"2025-05-17 00:00:00",99.39,0.00,"2025-05-17 00:00:00","2026-04-16 11:56:32"
2448,20,"2021-05-18 00:00:00",300.15,0.00,"2021-05-18 00:00:00","2026-04-16 11:56:32"
2449,247,"2025-05-21 00:00:00",226.94,0.00,"2025-05-21 00:00:00","2026-04-16 11:56:32"
2450,57,"2021-10-16 00:00:00",58.95,5.00,"2021-10-16 00:00:00","2026-04-16 11:56:32"
2451,62,"2025-08-21 00:00:00",254.13,0.00,"2025-08-21 00:00:00","2026-04-16 11:56:32"
2452,136,"2025-11-13 00:00:00",38.95,10.00,"2025-11-13 00:00:00","2026-04-16 11:56:32"
2453,247,"2025-02-10 00:00:00",233.13,0.00,"2025-02-10 00:00:00","2026-04-16 11:56:32"
2454,59,"2025-12-15 00:00:00",74.53,5.00,"2025-12-15 00:00:00","2026-04-16 11:56:32"
2455,111,"2023-04-19 00:00:00",59.53,5.00,"2023-04-19 00:00:00","2026-04-16 11:56:32"
2456,226,"2025-06-12 00:00:00",24.84,25.00,"2025-06-12 00:00:00","2026-04-16 11:56:32"
2457,39,"2022-02-12 00:00:00",361.72,0.00,"2022-02-12 00:00:00","2026-04-16 11:56:32"
2458,17,"2022-10-17 00:00:00",163.24,0.00,"2022-10-17 00:00:00","2026-04-16 11:56:32"
2459,171,"2025-09-08 00:00:00",176.89,0.00,"2025-09-08 00:00:00","2026-04-16 11:56:32"
2460,186,"2026-03-05 00:00:00",204.11,0.00,"2026-03-05 00:00:00","2026-04-16 11:56:32"
2461,248,"2022-12-27 00:00:00",146.30,0.00,"2022-12-27 00:00:00","2026-04-16 11:56:32"
2462,221,"2024-08-14 00:00:00",108.76,0.00,"2024-08-14 00:00:00","2026-04-16 11:56:32"
2463,235,"2026-01-30 00:00:00",182.38,0.00,"2026-01-30 00:00:00","2026-04-16 11:56:32"
2464,224,"2023-03-21 00:00:00",79.55,0.00,"2023-03-21 00:00:00","2026-04-16 11:56:32"
2465,1,"2025-08-14 00:00:00",150.26,0.00,"2025-08-14 00:00:00","2026-04-16 11:56:32"
2466,63,"2023-01-14 00:00:00",418.14,0.00,"2023-01-14 00:00:00","2026-04-16 11:56:32"
2467,16,"2026-04-12 00:00:00",274.39,0.00,"2026-04-12 00:00:00","2026-04-16 11:56:32"
2468,51,"2025-11-20 00:00:00",271.86,0.00,"2025-11-20 00:00:00","2026-04-16 11:56:32"
2469,207,"2025-07-05 00:00:00",55.27,5.00,"2025-07-05 00:00:00","2026-04-16 11:56:32"
2470,139,"2026-02-26 00:00:00",24.64,25.00,"2026-02-26 00:00:00","2026-04-16 11:56:32"
2471,270,"2022-05-08 00:00:00",86.10,0.00,"2022-05-08 00:00:00","2026-04-16 11:56:32"
2472,29,"2024-01-13 00:00:00",223.90,0.00,"2024-01-13 00:00:00","2026-04-16 11:56:32"
2473,158,"2024-02-11 00:00:00",12.44,25.00,"2024-02-11 00:00:00","2026-04-16 11:56:32"
2474,162,"2023-06-28 00:00:00",101.50,0.00,"2023-06-28 00:00:00","2026-04-16 11:56:32"
2475,275,"2022-02-16 00:00:00",36.85,10.00,"2022-02-16 00:00:00","2026-04-16 11:56:32"
2476,281,"2025-06-16 00:00:00",261.43,0.00,"2025-06-16 00:00:00","2026-04-16 11:56:32"
2477,145,"2026-04-05 00:00:00",175.84,0.00,"2026-04-05 00:00:00","2026-04-16 11:56:32"
2478,222,"2025-11-15 00:00:00",228.20,0.00,"2025-11-15 00:00:00","2026-04-16 11:56:32"
2479,84,"2025-05-13 00:00:00",95.71,0.00,"2025-05-13 00:00:00","2026-04-16 11:56:32"
2480,180,"2025-05-03 00:00:00",65.50,5.00,"2025-05-03 00:00:00","2026-04-16 11:56:32"
2481,298,"2023-08-30 00:00:00",194.90,0.00,"2023-08-30 00:00:00","2026-04-16 11:56:32"
2482,169,"2023-12-13 00:00:00",223.44,0.00,"2023-12-13 00:00:00","2026-04-16 11:56:32"
2483,252,"2026-03-18 00:00:00",182.55,0.00,"2026-03-18 00:00:00","2026-04-16 11:56:32"
2484,172,"2025-09-05 00:00:00",122.20,0.00,"2025-09-05 00:00:00","2026-04-16 11:56:32"
2485,11,"2022-11-29 00:00:00",331.94,0.00,"2022-11-29 00:00:00","2026-04-16 11:56:32"
2486,5,"2026-03-31 00:00:00",151.11,0.00,"2026-03-31 00:00:00","2026-04-16 11:56:32"
2487,222,"2021-10-09 00:00:00",115.27,0.00,"2021-10-09 00:00:00","2026-04-16 11:56:32"
2488,252,"2024-05-06 00:00:00",119.96,0.00,"2024-05-06 00:00:00","2026-04-16 11:56:32"
2489,103,"2023-11-09 00:00:00",124.44,0.00,"2023-11-09 00:00:00","2026-04-16 11:56:32"
2490,108,"2026-03-31 00:00:00",70.98,5.00,"2026-03-31 00:00:00","2026-04-16 11:56:32"
2491,163,"2025-10-01 00:00:00",25.18,10.00,"2025-10-01 00:00:00","2026-04-16 11:56:32"
2492,36,"2025-08-05 00:00:00",42.49,10.00,"2025-08-05 00:00:00","2026-04-16 11:56:32"
2493,85,"2025-12-30 00:00:00",183.49,0.00,"2025-12-30 00:00:00","2026-04-16 11:56:32"
2494,221,"2025-01-07 00:00:00",80.11,0.00,"2025-01-07 00:00:00","2026-04-16 11:56:32"
2495,25,"2024-05-21 00:00:00",138.86,0.00,"2024-05-21 00:00:00","2026-04-16 11:56:32"
2496,215,"2023-07-07 00:00:00",106.00,0.00,"2023-07-07 00:00:00","2026-04-16 11:56:32"
2497,228,"2026-04-12 00:00:00",91.83,0.00,"2026-04-12 00:00:00","2026-04-16 11:56:32"
2498,33,"2026-04-15 00:00:00",51.97,5.00,"2026-04-15 00:00:00","2026-04-16 11:56:32"
2499,298,"2025-10-17 00:00:00",67.54,5.00,"2025-10-17 00:00:00","2026-04-16 11:56:32"
2500,137,"2026-03-09 00:00:00",140.29,0.00,"2026-03-09 00:00:00","2026-04-16 11:56:32"
2501,51,"2026-01-17 00:00:00",108.77,0.00,"2026-01-17 00:00:00","2026-04-16 11:56:32"
2502,68,"2025-12-19 00:00:00",301.03,0.00,"2025-12-19 00:00:00","2026-04-16 11:56:32"
2503,43,"2023-12-09 00:00:00",120.79,0.00,"2023-12-09 00:00:00","2026-04-16 11:56:32"
2504,57,"2025-06-10 00:00:00",6.72,25.00,"2025-06-10 00:00:00","2026-04-16 11:56:32"
2505,149,"2026-03-20 00:00:00",139.10,0.00,"2026-03-20 00:00:00","2026-04-16 11:56:32"
2506,265,"2026-01-01 00:00:00",396.25,0.00,"2026-01-01 00:00:00","2026-04-16 11:56:32"
2507,143,"2025-02-19 00:00:00",109.40,0.00,"2025-02-19 00:00:00","2026-04-16 11:56:32"
2508,45,"2023-04-24 00:00:00",175.15,0.00,"2023-04-24 00:00:00","2026-04-16 11:56:32"
2509,134,"2021-03-05 00:00:00",3.18,25.00,"2021-03-05 00:00:00","2026-04-16 11:56:32"
2510,88,"2025-09-02 00:00:00",42.12,10.00,"2025-09-02 00:00:00","2026-04-16 11:56:32"
2511,141,"2025-03-09 00:00:00",204.75,0.00,"2025-03-09 00:00:00","2026-04-16 11:56:32"
2512,2,"2024-05-20 00:00:00",149.79,0.00,"2024-05-20 00:00:00","2026-04-16 11:56:32"
2513,33,"2026-04-03 00:00:00",168.40,0.00,"2026-04-03 00:00:00","2026-04-16 11:56:32"
2514,3,"2023-11-27 00:00:00",131.00,0.00,"2023-11-27 00:00:00","2026-04-16 11:56:32"
2515,64,"2025-06-21 00:00:00",26.91,10.00,"2025-06-21 00:00:00","2026-04-16 11:56:32"
2516,106,"2024-06-04 00:00:00",196.07,0.00,"2024-06-04 00:00:00","2026-04-16 11:56:32"
2517,145,"2025-04-26 00:00:00",202.18,0.00,"2025-04-26 00:00:00","2026-04-16 11:56:32"
2518,196,"2026-02-27 00:00:00",51.40,5.00,"2026-02-27 00:00:00","2026-04-16 11:56:32"
2519,259,"2025-09-19 00:00:00",190.22,0.00,"2025-09-19 00:00:00","2026-04-16 11:56:32"
2520,267,"2025-03-09 00:00:00",77.89,0.00,"2025-03-09 00:00:00","2026-04-16 11:56:32"
2521,290,"2021-10-18 00:00:00",143.94,0.00,"2021-10-18 00:00:00","2026-04-16 11:56:32"
2522,57,"2026-03-13 00:00:00",276.86,0.00,"2026-03-13 00:00:00","2026-04-16 11:56:32"
2523,37,"2024-10-11 00:00:00",68.76,5.00,"2024-10-11 00:00:00","2026-04-16 11:56:32"
2524,31,"2021-12-27 00:00:00",14.49,25.00,"2021-12-27 00:00:00","2026-04-16 11:56:32"
2525,174,"2025-03-16 00:00:00",40.63,10.00,"2025-03-16 00:00:00","2026-04-16 11:56:32"
2526,171,"2023-07-17 00:00:00",230.69,0.00,"2023-07-17 00:00:00","2026-04-16 11:56:32"
2527,189,"2026-03-14 00:00:00",144.31,0.00,"2026-03-14 00:00:00","2026-04-16 11:56:32"
2528,270,"2023-05-21 00:00:00",83.23,0.00,"2023-05-21 00:00:00","2026-04-16 11:56:32"
2529,254,"2021-06-10 00:00:00",132.12,0.00,"2021-06-10 00:00:00","2026-04-16 11:56:32"
2530,124,"2021-09-17 00:00:00",129.82,0.00,"2021-09-17 00:00:00","2026-04-16 11:56:32"
2531,26,"2025-12-28 00:00:00",260.86,0.00,"2025-12-28 00:00:00","2026-04-16 11:56:32"
2532,211,"2025-03-19 00:00:00",42.07,10.00,"2025-03-19 00:00:00","2026-04-16 11:56:32"
2533,16,"2026-04-10 00:00:00",51.65,5.00,"2026-04-10 00:00:00","2026-04-16 11:56:32"
2534,90,"2025-11-24 00:00:00",199.98,0.00,"2025-11-24 00:00:00","2026-04-16 11:56:32"
2535,143,"2022-07-08 00:00:00",211.90,0.00,"2022-07-08 00:00:00","2026-04-16 11:56:32"
2536,188,"2026-01-01 00:00:00",172.07,0.00,"2026-01-01 00:00:00","2026-04-16 11:56:32"
2537,128,"2023-06-03 00:00:00",14.48,25.00,"2023-06-03 00:00:00","2026-04-16 11:56:32"
2538,194,"2025-09-28 00:00:00",122.88,0.00,"2025-09-28 00:00:00","2026-04-16 11:56:32"
2539,153,"2021-10-20 00:00:00",220.76,0.00,"2021-10-20 00:00:00","2026-04-16 11:56:32"
2540,141,"2026-01-02 00:00:00",30.70,10.00,"2026-01-02 00:00:00","2026-04-16 11:56:32"
2541,269,"2025-06-17 00:00:00",231.71,0.00,"2025-06-17 00:00:00","2026-04-16 11:56:32"
2542,9,"2024-10-14 00:00:00",157.65,0.00,"2024-10-14 00:00:00","2026-04-16 11:56:32"
2543,104,"2023-08-17 00:00:00",137.58,0.00,"2023-08-17 00:00:00","2026-04-16 11:56:32"
2544,7,"2023-11-16 00:00:00",126.46,0.00,"2023-11-16 00:00:00","2026-04-16 11:56:32"
2545,218,"2024-11-05 00:00:00",355.33,0.00,"2024-11-05 00:00:00","2026-04-16 11:56:32"
2546,255,"2021-09-07 00:00:00",274.75,0.00,"2021-09-07 00:00:00","2026-04-16 11:56:32"
2547,8,"2025-10-03 00:00:00",6.88,25.00,"2025-10-03 00:00:00","2026-04-16 11:56:32"
2548,182,"2025-12-26 00:00:00",76.61,0.00,"2025-12-26 00:00:00","2026-04-16 11:56:32"
2549,175,"2026-01-09 00:00:00",40.10,10.00,"2026-01-09 00:00:00","2026-04-16 11:56:32"
2550,260,"2021-10-03 00:00:00",238.07,0.00,"2021-10-03 00:00:00","2026-04-16 11:56:32"
2551,94,"2024-12-05 00:00:00",15.98,25.00,"2024-12-05 00:00:00","2026-04-16 11:56:32"
2552,212,"2023-02-04 00:00:00",69.19,5.00,"2023-02-04 00:00:00","2026-04-16 11:56:32"
2553,220,"2024-05-14 00:00:00",217.22,0.00,"2024-05-14 00:00:00","2026-04-16 11:56:32"
2554,199,"2024-11-21 00:00:00",10.72,25.00,"2024-11-21 00:00:00","2026-04-16 11:56:32"
2555,231,"2025-09-20 00:00:00",156.23,0.00,"2025-09-20 00:00:00","2026-04-16 11:56:32"
2556,255,"2025-07-06 00:00:00",117.03,0.00,"2025-07-06 00:00:00","2026-04-16 11:56:32"
2557,177,"2026-02-22 00:00:00",55.80,5.00,"2026-02-22 00:00:00","2026-04-16 11:56:32"
2558,234,"2023-10-14 00:00:00",17.54,25.00,"2023-10-14 00:00:00","2026-04-16 11:56:32"
2559,101,"2026-04-04 00:00:00",32.25,10.00,"2026-04-04 00:00:00","2026-04-16 11:56:32"
2560,252,"2025-06-12 00:00:00",70.09,5.00,"2025-06-12 00:00:00","2026-04-16 11:56:32"
2561,194,"2026-04-06 00:00:00",199.62,0.00,"2026-04-06 00:00:00","2026-04-16 11:56:32"
2562,52,"2026-03-21 00:00:00",40.81,10.00,"2026-03-21 00:00:00","2026-04-16 11:56:32"
2563,162,"2025-02-14 00:00:00",44.20,10.00,"2025-02-14 00:00:00","2026-04-16 11:56:32"
2564,129,"2023-04-14 00:00:00",101.60,0.00,"2023-04-14 00:00:00","2026-04-16 11:56:32"
2565,67,"2022-08-25 00:00:00",141.47,0.00,"2022-08-25 00:00:00","2026-04-16 11:56:32"
2566,63,"2025-02-22 00:00:00",154.57,0.00,"2025-02-22 00:00:00","2026-04-16 11:56:32"
2567,26,"2025-11-10 00:00:00",109.45,0.00,"2025-11-10 00:00:00","2026-04-16 11:56:32"
2568,31,"2023-07-02 00:00:00",16.90,25.00,"2023-07-02 00:00:00","2026-04-16 11:56:32"
2569,185,"2024-01-22 00:00:00",76.54,0.00,"2024-01-22 00:00:00","2026-04-16 11:56:32"
2570,20,"2022-06-05 00:00:00",300.12,0.00,"2022-06-05 00:00:00","2026-04-16 11:56:32"
2571,222,"2022-01-22 00:00:00",11.72,25.00,"2022-01-22 00:00:00","2026-04-16 11:56:32"
2572,227,"2026-02-17 00:00:00",265.39,0.00,"2026-02-17 00:00:00","2026-04-16 11:56:32"
2573,186,"2026-04-02 00:00:00",179.09,0.00,"2026-04-02 00:00:00","2026-04-16 11:56:32"
2574,226,"2025-12-13 00:00:00",93.16,0.00,"2025-12-13 00:00:00","2026-04-16 11:56:32"
2575,294,"2025-09-02 00:00:00",260.72,0.00,"2025-09-02 00:00:00","2026-04-16 11:56:32"
2576,56,"2023-02-16 00:00:00",319.33,0.00,"2023-02-16 00:00:00","2026-04-16 11:56:32"
2577,120,"2024-02-23 00:00:00",150.92,0.00,"2024-02-23 00:00:00","2026-04-16 11:56:32"
2578,10,"2026-02-23 00:00:00",164.63,0.00,"2026-02-23 00:00:00","2026-04-16 11:56:32"
2579,237,"2026-03-23 00:00:00",10.44,25.00,"2026-03-23 00:00:00","2026-04-16 11:56:32"
2580,96,"2025-08-30 00:00:00",43.62,10.00,"2025-08-30 00:00:00","2026-04-16 11:56:32"
2581,64,"2025-08-19 00:00:00",77.42,0.00,"2025-08-19 00:00:00","2026-04-16 11:56:32"
2582,169,"2024-06-07 00:00:00",264.29,0.00,"2024-06-07 00:00:00","2026-04-16 11:56:32"
2583,134,"2024-04-02 00:00:00",28.02,10.00,"2024-04-02 00:00:00","2026-04-16 11:56:32"
2584,25,"2025-12-15 00:00:00",186.51,0.00,"2025-12-15 00:00:00","2026-04-16 11:56:32"
2585,23,"2025-06-29 00:00:00",120.30,0.00,"2025-06-29 00:00:00","2026-04-16 11:56:32"
2586,172,"2025-09-11 00:00:00",232.25,0.00,"2025-09-11 00:00:00","2026-04-16 11:56:32"
2587,171,"2026-01-11 00:00:00",109.17,0.00,"2026-01-11 00:00:00","2026-04-16 11:56:32"
2588,78,"2025-06-11 00:00:00",21.47,25.00,"2025-06-11 00:00:00","2026-04-16 11:56:32"
2589,262,"2023-11-02 00:00:00",164.60,0.00,"2023-11-02 00:00:00","2026-04-16 11:56:32"
2590,16,"2026-04-07 00:00:00",133.98,0.00,"2026-04-07 00:00:00","2026-04-16 11:56:32"
2591,89,"2024-04-21 00:00:00",154.88,0.00,"2024-04-21 00:00:00","2026-04-16 11:56:32"
2592,93,"2024-09-20 00:00:00",272.80,0.00,"2024-09-20 00:00:00","2026-04-16 11:56:32"
2593,85,"2025-08-06 00:00:00",116.71,0.00,"2025-08-06 00:00:00","2026-04-16 11:56:32"
2594,198,"2025-09-26 00:00:00",73.55,5.00,"2025-09-26 00:00:00","2026-04-16 11:56:32"
2595,97,"2026-01-19 00:00:00",18.93,25.00,"2026-01-19 00:00:00","2026-04-16 11:56:32"
2596,17,"2025-02-18 00:00:00",187.11,0.00,"2025-02-18 00:00:00","2026-04-16 11:56:32"
2597,269,"2025-01-13 00:00:00",92.21,0.00,"2025-01-13 00:00:00","2026-04-16 11:56:32"
2598,198,"2025-11-10 00:00:00",90.35,0.00,"2025-11-10 00:00:00","2026-04-16 11:56:32"
2599,273,"2024-06-07 00:00:00",171.01,0.00,"2024-06-07 00:00:00","2026-04-16 11:56:32"
2600,11,"2025-10-27 00:00:00",179.50,0.00,"2025-10-27 00:00:00","2026-04-16 11:56:32"
2601,250,"2022-07-05 00:00:00",21.25,25.00,"2022-07-05 00:00:00","2026-04-16 11:56:32"
2602,141,"2025-12-10 00:00:00",115.17,0.00,"2025-12-10 00:00:00","2026-04-16 11:56:32"
2603,252,"2025-07-14 00:00:00",150.15,0.00,"2025-07-14 00:00:00","2026-04-16 11:56:32"
2604,96,"2026-04-12 00:00:00",123.25,0.00,"2026-04-12 00:00:00","2026-04-16 11:56:32"
2605,50,"2024-03-15 00:00:00",41.95,10.00,"2024-03-15 00:00:00","2026-04-16 11:56:32"
2606,89,"2024-07-09 00:00:00",111.47,0.00,"2024-07-09 00:00:00","2026-04-16 11:56:32"
2607,118,"2023-04-18 00:00:00",388.73,0.00,"2023-04-18 00:00:00","2026-04-16 11:56:32"
2608,3,"2024-04-01 00:00:00",188.08,0.00,"2024-04-01 00:00:00","2026-04-16 11:56:32"
2609,216,"2024-02-27 00:00:00",152.19,0.00,"2024-02-27 00:00:00","2026-04-16 11:56:32"
2610,150,"2026-04-07 00:00:00",209.19,0.00,"2026-04-07 00:00:00","2026-04-16 11:56:32"
2611,266,"2026-02-18 00:00:00",26.91,10.00,"2026-02-18 00:00:00","2026-04-16 11:56:32"
2612,10,"2025-08-09 00:00:00",121.41,0.00,"2025-08-09 00:00:00","2026-04-16 11:56:32"
2613,43,"2023-04-17 00:00:00",140.05,0.00,"2023-04-17 00:00:00","2026-04-16 11:56:32"
2614,155,"2025-07-28 00:00:00",25.22,10.00,"2025-07-28 00:00:00","2026-04-16 11:56:32"
2615,73,"2026-02-12 00:00:00",130.62,0.00,"2026-02-12 00:00:00","2026-04-16 11:56:32"
2616,44,"2026-03-29 00:00:00",293.48,0.00,"2026-03-29 00:00:00","2026-04-16 11:56:32"
2617,37,"2024-01-30 00:00:00",193.77,0.00,"2024-01-30 00:00:00","2026-04-16 11:56:32"
2618,76,"2024-03-08 00:00:00",6.38,25.00,"2024-03-08 00:00:00","2026-04-16 11:56:32"
2619,140,"2026-04-09 00:00:00",249.23,0.00,"2026-04-09 00:00:00","2026-04-16 11:56:32"
2620,199,"2024-09-30 00:00:00",78.00,0.00,"2024-09-30 00:00:00","2026-04-16 11:56:32"
2621,288,"2024-11-30 00:00:00",254.34,0.00,"2024-11-30 00:00:00","2026-04-16 11:56:32"
2622,143,"2025-06-26 00:00:00",143.58,0.00,"2025-06-26 00:00:00","2026-04-16 11:56:32"
2623,39,"2022-12-06 00:00:00",179.13,0.00,"2022-12-06 00:00:00","2026-04-16 11:56:32"
2624,92,"2026-03-03 00:00:00",115.16,0.00,"2026-03-03 00:00:00","2026-04-16 11:56:32"
2625,156,"2025-08-19 00:00:00",41.90,10.00,"2025-08-19 00:00:00","2026-04-16 11:56:32"
2626,270,"2024-11-18 00:00:00",176.86,0.00,"2024-11-18 00:00:00","2026-04-16 11:56:32"
2627,161,"2025-12-04 00:00:00",174.25,0.00,"2025-12-04 00:00:00","2026-04-16 11:56:32"
2628,2,"2022-08-22 00:00:00",19.01,25.00,"2022-08-22 00:00:00","2026-04-16 11:56:32"
2629,187,"2022-10-16 00:00:00",40.83,10.00,"2022-10-16 00:00:00","2026-04-16 11:56:32"
2630,71,"2025-10-11 00:00:00",160.79,0.00,"2025-10-11 00:00:00","2026-04-16 11:56:32"
2631,252,"2024-03-08 00:00:00",85.38,0.00,"2024-03-08 00:00:00","2026-04-16 11:56:32"
2632,204,"2024-04-19 00:00:00",59.63,5.00,"2024-04-19 00:00:00","2026-04-16 11:56:32"
2633,116,"2026-04-12 00:00:00",42.55,10.00,"2026-04-12 00:00:00","2026-04-16 11:56:32"
2634,170,"2024-11-27 00:00:00",75.87,0.00,"2024-11-27 00:00:00","2026-04-16 11:56:32"
2635,137,"2026-01-11 00:00:00",153.74,0.00,"2026-01-11 00:00:00","2026-04-16 11:56:32"
2636,249,"2025-07-17 00:00:00",233.01,0.00,"2025-07-17 00:00:00","2026-04-16 11:56:32"
2637,293,"2025-12-15 00:00:00",308.03,0.00,"2025-12-15 00:00:00","2026-04-16 11:56:32"
2638,300,"2025-10-19 00:00:00",257.67,0.00,"2025-10-19 00:00:00","2026-04-16 11:56:32"
2639,219,"2022-05-09 00:00:00",261.63,0.00,"2022-05-09 00:00:00","2026-04-16 11:56:32"
2640,130,"2025-07-30 00:00:00",39.40,10.00,"2025-07-30 00:00:00","2026-04-16 11:56:32"
2641,74,"2023-12-01 00:00:00",32.56,10.00,"2023-12-01 00:00:00","2026-04-16 11:56:32"
2642,163,"2026-03-30 00:00:00",103.43,0.00,"2026-03-30 00:00:00","2026-04-16 11:56:32"
2643,70,"2026-01-04 00:00:00",194.66,0.00,"2026-01-04 00:00:00","2026-04-16 11:56:32"
2644,122,"2025-08-05 00:00:00",78.90,0.00,"2025-08-05 00:00:00","2026-04-16 11:56:32"
2645,240,"2024-09-28 00:00:00",217.48,0.00,"2024-09-28 00:00:00","2026-04-16 11:56:32"
2646,3,"2025-02-24 00:00:00",126.61,0.00,"2025-02-24 00:00:00","2026-04-16 11:56:32"
2647,237,"2026-03-24 00:00:00",220.76,0.00,"2026-03-24 00:00:00","2026-04-16 11:56:32"
2648,73,"2022-02-27 00:00:00",69.48,5.00,"2022-02-27 00:00:00","2026-04-16 11:56:32"
2649,99,"2025-06-02 00:00:00",227.77,0.00,"2025-06-02 00:00:00","2026-04-16 11:56:32"
2650,116,"2026-03-06 00:00:00",93.70,0.00,"2026-03-06 00:00:00","2026-04-16 11:56:32"
2651,232,"2026-03-08 00:00:00",86.73,0.00,"2026-03-08 00:00:00","2026-04-16 11:56:32"
2652,203,"2025-02-15 00:00:00",124.94,0.00,"2025-02-15 00:00:00","2026-04-16 11:56:32"
2653,232,"2025-07-31 00:00:00",60.71,5.00,"2025-07-31 00:00:00","2026-04-16 11:56:32"
2654,218,"2022-04-20 00:00:00",110.59,0.00,"2022-04-20 00:00:00","2026-04-16 11:56:32"
2655,277,"2025-09-07 00:00:00",39.15,10.00,"2025-09-07 00:00:00","2026-04-16 11:56:32"
2656,269,"2024-07-07 00:00:00",295.75,0.00,"2024-07-07 00:00:00","2026-04-16 11:56:32"
2657,218,"2025-01-15 00:00:00",43.53,10.00,"2025-01-15 00:00:00","2026-04-16 11:56:32"
2658,172,"2025-04-29 00:00:00",61.77,5.00,"2025-04-29 00:00:00","2026-04-16 11:56:32"
2659,177,"2024-10-19 00:00:00",31.05,10.00,"2024-10-19 00:00:00","2026-04-16 11:56:32"
2660,37,"2020-08-29 00:00:00",161.96,0.00,"2020-08-29 00:00:00","2026-04-16 11:56:32"
2661,284,"2024-07-21 00:00:00",141.20,0.00,"2024-07-21 00:00:00","2026-04-16 11:56:32"
2662,120,"2026-02-26 00:00:00",85.85,0.00,"2026-02-26 00:00:00","2026-04-16 11:56:32"
2663,123,"2023-01-24 00:00:00",32.28,10.00,"2023-01-24 00:00:00","2026-04-16 11:56:32"
2664,116,"2025-11-21 00:00:00",183.31,0.00,"2025-11-21 00:00:00","2026-04-16 11:56:32"
2665,172,"2025-05-01 00:00:00",195.14,0.00,"2025-05-01 00:00:00","2026-04-16 11:56:32"
2666,33,"2026-04-04 00:00:00",34.24,10.00,"2026-04-04 00:00:00","2026-04-16 11:56:32"
2667,21,"2024-07-18 00:00:00",156.71,0.00,"2024-07-18 00:00:00","2026-04-16 11:56:32"
2668,99,"2025-11-04 00:00:00",42.80,10.00,"2025-11-04 00:00:00","2026-04-16 11:56:32"
2669,279,"2025-06-12 00:00:00",165.72,0.00,"2025-06-12 00:00:00","2026-04-16 11:56:32"
2670,61,"2025-06-30 00:00:00",50.97,5.00,"2025-06-30 00:00:00","2026-04-16 11:56:32"
2671,13,"2023-09-04 00:00:00",222.78,0.00,"2023-09-04 00:00:00","2026-04-16 11:56:32"
2672,161,"2024-05-29 00:00:00",116.53,0.00,"2024-05-29 00:00:00","2026-04-16 11:56:32"
2673,239,"2024-06-01 00:00:00",100.55,0.00,"2024-06-01 00:00:00","2026-04-16 11:56:32"
2674,208,"2025-11-13 00:00:00",203.54,0.00,"2025-11-13 00:00:00","2026-04-16 11:56:32"
2675,63,"2025-02-24 00:00:00",65.10,5.00,"2025-02-24 00:00:00","2026-04-16 11:56:32"
2676,244,"2024-12-25 00:00:00",96.92,0.00,"2024-12-25 00:00:00","2026-04-16 11:56:32"
2677,132,"2021-07-18 00:00:00",140.02,0.00,"2021-07-18 00:00:00","2026-04-16 11:56:32"
2678,243,"2026-03-09 00:00:00",82.57,0.00,"2026-03-09 00:00:00","2026-04-16 11:56:32"
2679,264,"2026-03-22 00:00:00",62.17,5.00,"2026-03-22 00:00:00","2026-04-16 11:56:32"
2680,196,"2026-03-07 00:00:00",51.46,5.00,"2026-03-07 00:00:00","2026-04-16 11:56:32"
2681,267,"2024-05-30 00:00:00",97.62,0.00,"2024-05-30 00:00:00","2026-04-16 11:56:32"
2682,104,"2026-03-16 00:00:00",127.47,0.00,"2026-03-16 00:00:00","2026-04-16 11:56:32"
2683,59,"2025-10-23 00:00:00",227.04,0.00,"2025-10-23 00:00:00","2026-04-16 11:56:32"
2684,195,"2025-05-21 00:00:00",246.85,0.00,"2025-05-21 00:00:00","2026-04-16 11:56:32"
2685,122,"2026-02-09 00:00:00",8.51,25.00,"2026-02-09 00:00:00","2026-04-16 11:56:32"
2686,179,"2024-03-23 00:00:00",102.93,0.00,"2024-03-23 00:00:00","2026-04-16 11:56:32"
2687,119,"2026-01-26 00:00:00",199.96,0.00,"2026-01-26 00:00:00","2026-04-16 11:56:32"
2688,148,"2024-04-16 00:00:00",246.68,0.00,"2024-04-16 00:00:00","2026-04-16 11:56:32"
2689,247,"2025-06-19 00:00:00",27.54,10.00,"2025-06-19 00:00:00","2026-04-16 11:56:32"
2690,115,"2024-06-10 00:00:00",160.63,0.00,"2024-06-10 00:00:00","2026-04-16 11:56:32"
2691,184,"2026-04-01 00:00:00",125.80,0.00,"2026-04-01 00:00:00","2026-04-16 11:56:32"
2692,133,"2025-07-26 00:00:00",186.24,0.00,"2025-07-26 00:00:00","2026-04-16 11:56:32"
2693,52,"2026-02-14 00:00:00",116.16,0.00,"2026-02-14 00:00:00","2026-04-16 11:56:32"
2694,168,"2024-03-20 00:00:00",63.64,5.00,"2024-03-20 00:00:00","2026-04-16 11:56:32"
2695,293,"2024-07-25 00:00:00",155.56,0.00,"2024-07-25 00:00:00","2026-04-16 11:56:32"
2696,157,"2021-11-24 00:00:00",84.42,0.00,"2021-11-24 00:00:00","2026-04-16 11:56:32"
2697,110,"2025-11-18 00:00:00",49.63,10.00,"2025-11-18 00:00:00","2026-04-16 11:56:32"
2698,293,"2023-02-25 00:00:00",187.59,0.00,"2023-02-25 00:00:00","2026-04-16 11:56:32"
2699,68,"2026-03-30 00:00:00",186.57,0.00,"2026-03-30 00:00:00","2026-04-16 11:56:32"
2700,39,"2023-05-19 00:00:00",76.81,0.00,"2023-05-19 00:00:00","2026-04-16 11:56:33"
2701,281,"2023-02-27 00:00:00",112.67,0.00,"2023-02-27 00:00:00","2026-04-16 11:56:33"
2702,87,"2026-04-06 00:00:00",76.89,0.00,"2026-04-06 00:00:00","2026-04-16 11:56:33"
2703,255,"2023-07-06 00:00:00",166.73,0.00,"2023-07-06 00:00:00","2026-04-16 11:56:33"
2704,31,"2021-02-03 00:00:00",54.74,5.00,"2021-02-03 00:00:00","2026-04-16 11:56:33"
2705,132,"2022-11-30 00:00:00",23.10,25.00,"2022-11-30 00:00:00","2026-04-16 11:56:33"
2706,209,"2025-06-17 00:00:00",100.87,0.00,"2025-06-17 00:00:00","2026-04-16 11:56:33"
2707,53,"2025-04-10 00:00:00",149.20,0.00,"2025-04-10 00:00:00","2026-04-16 11:56:33"
2708,38,"2021-11-15 00:00:00",50.88,5.00,"2021-11-15 00:00:00","2026-04-16 11:56:33"
2709,222,"2026-02-28 00:00:00",130.29,0.00,"2026-02-28 00:00:00","2026-04-16 11:56:33"
2710,134,"2021-03-14 00:00:00",131.92,0.00,"2021-03-14 00:00:00","2026-04-16 11:56:33"
2711,56,"2026-03-16 00:00:00",32.35,10.00,"2026-03-16 00:00:00","2026-04-16 11:56:33"
2712,234,"2025-09-15 00:00:00",127.33,0.00,"2025-09-15 00:00:00","2026-04-16 11:56:33"
2713,77,"2024-11-19 00:00:00",74.17,5.00,"2024-11-19 00:00:00","2026-04-16 11:56:33"
2714,101,"2026-04-03 00:00:00",235.57,0.00,"2026-04-03 00:00:00","2026-04-16 11:56:33"
2715,57,"2025-08-24 00:00:00",76.60,0.00,"2025-08-24 00:00:00","2026-04-16 11:56:33"
2716,75,"2026-02-03 00:00:00",36.00,10.00,"2026-02-03 00:00:00","2026-04-16 11:56:33"
2717,15,"2024-07-29 00:00:00",44.63,10.00,"2024-07-29 00:00:00","2026-04-16 11:56:33"
2718,118,"2022-05-04 00:00:00",83.97,0.00,"2022-05-04 00:00:00","2026-04-16 11:56:33"
2719,224,"2024-10-14 00:00:00",49.05,10.00,"2024-10-14 00:00:00","2026-04-16 11:56:33"
2720,251,"2026-04-04 00:00:00",21.07,25.00,"2026-04-04 00:00:00","2026-04-16 11:56:33"
2721,30,"2025-12-10 00:00:00",361.61,0.00,"2025-12-10 00:00:00","2026-04-16 11:56:33"
2722,300,"2023-01-24 00:00:00",48.55,10.00,"2023-01-24 00:00:00","2026-04-16 11:56:33"
2723,144,"2020-07-06 00:00:00",203.01,0.00,"2020-07-06 00:00:00","2026-04-16 11:56:33"
2724,199,"2024-05-28 00:00:00",223.52,0.00,"2024-05-28 00:00:00","2026-04-16 11:56:33"
2725,224,"2022-05-01 00:00:00",56.07,5.00,"2022-05-01 00:00:00","2026-04-16 11:56:33"
2726,135,"2026-03-22 00:00:00",117.39,0.00,"2026-03-22 00:00:00","2026-04-16 11:56:33"
2727,199,"2024-11-08 00:00:00",78.54,0.00,"2024-11-08 00:00:00","2026-04-16 11:56:33"
2728,247,"2025-02-19 00:00:00",229.80,0.00,"2025-02-19 00:00:00","2026-04-16 11:56:33"
2729,25,"2024-11-11 00:00:00",230.74,0.00,"2024-11-11 00:00:00","2026-04-16 11:56:33"
2730,148,"2024-09-10 00:00:00",305.05,0.00,"2024-09-10 00:00:00","2026-04-16 11:56:33"
2731,92,"2026-02-24 00:00:00",204.40,0.00,"2026-02-24 00:00:00","2026-04-16 11:56:33"
2732,159,"2026-03-10 00:00:00",146.00,0.00,"2026-03-10 00:00:00","2026-04-16 11:56:33"
2733,3,"2024-01-18 00:00:00",158.54,0.00,"2024-01-18 00:00:00","2026-04-16 11:56:33"
2734,69,"2025-09-20 00:00:00",54.10,5.00,"2025-09-20 00:00:00","2026-04-16 11:56:33"
2735,243,"2025-08-01 00:00:00",9.46,25.00,"2025-08-01 00:00:00","2026-04-16 11:56:33"
2736,98,"2025-08-16 00:00:00",361.72,0.00,"2025-08-16 00:00:00","2026-04-16 11:56:33"
2737,208,"2026-02-06 00:00:00",196.99,0.00,"2026-02-06 00:00:00","2026-04-16 11:56:33"
2738,1,"2025-12-26 00:00:00",157.55,0.00,"2025-12-26 00:00:00","2026-04-16 11:56:33"
2739,266,"2026-01-16 00:00:00",163.15,0.00,"2026-01-16 00:00:00","2026-04-16 11:56:33"
2740,35,"2025-05-21 00:00:00",88.36,0.00,"2025-05-21 00:00:00","2026-04-16 11:56:33"
2741,89,"2025-01-17 00:00:00",167.44,0.00,"2025-01-17 00:00:00","2026-04-16 11:56:33"
2742,7,"2025-02-24 00:00:00",127.20,0.00,"2025-02-24 00:00:00","2026-04-16 11:56:33"
2743,299,"2025-12-16 00:00:00",120.27,0.00,"2025-12-16 00:00:00","2026-04-16 11:56:33"
2744,70,"2025-07-01 00:00:00",423.27,0.00,"2025-07-01 00:00:00","2026-04-16 11:56:33"
2745,103,"2023-11-29 00:00:00",178.33,0.00,"2023-11-29 00:00:00","2026-04-16 11:56:33"
2746,122,"2025-10-11 00:00:00",186.30,0.00,"2025-10-11 00:00:00","2026-04-16 11:56:33"
2747,243,"2025-12-02 00:00:00",310.33,0.00,"2025-12-02 00:00:00","2026-04-16 11:56:33"
2748,202,"2025-11-19 00:00:00",158.63,0.00,"2025-11-19 00:00:00","2026-04-16 11:56:33"
2749,270,"2020-09-03 00:00:00",137.67,0.00,"2020-09-03 00:00:00","2026-04-16 11:56:33"
2750,208,"2022-09-05 00:00:00",189.73,0.00,"2022-09-05 00:00:00","2026-04-16 11:56:33"
2751,27,"2024-03-10 00:00:00",104.41,0.00,"2024-03-10 00:00:00","2026-04-16 11:56:33"
2752,141,"2024-12-11 00:00:00",364.71,0.00,"2024-12-11 00:00:00","2026-04-16 11:56:33"
2753,46,"2026-01-26 00:00:00",290.40,0.00,"2026-01-26 00:00:00","2026-04-16 11:56:33"
2754,182,"2024-02-28 00:00:00",93.02,0.00,"2024-02-28 00:00:00","2026-04-16 11:56:33"
2755,172,"2024-08-03 00:00:00",4.74,25.00,"2024-08-03 00:00:00","2026-04-16 11:56:33"
2756,117,"2024-05-27 00:00:00",16.24,25.00,"2024-05-27 00:00:00","2026-04-16 11:56:33"
2757,62,"2022-06-25 00:00:00",117.81,0.00,"2022-06-25 00:00:00","2026-04-16 11:56:33"
2758,195,"2026-04-02 00:00:00",119.55,0.00,"2026-04-02 00:00:00","2026-04-16 11:56:33"
2759,174,"2025-06-24 00:00:00",269.85,0.00,"2025-06-24 00:00:00","2026-04-16 11:56:33"
2760,2,"2020-08-10 00:00:00",130.06,0.00,"2020-08-10 00:00:00","2026-04-16 11:56:33"
2761,254,"2024-01-12 00:00:00",94.00,0.00,"2024-01-12 00:00:00","2026-04-16 11:56:33"
2762,263,"2020-03-08 00:00:00",70.83,5.00,"2020-03-08 00:00:00","2026-04-16 11:56:33"
2763,35,"2023-10-16 00:00:00",137.65,0.00,"2023-10-16 00:00:00","2026-04-16 11:56:33"
2764,195,"2026-03-08 00:00:00",119.03,0.00,"2026-03-08 00:00:00","2026-04-16 11:56:33"
2765,280,"2026-01-08 00:00:00",199.30,0.00,"2026-01-08 00:00:00","2026-04-16 11:56:33"
2766,54,"2025-09-30 00:00:00",252.40,0.00,"2025-09-30 00:00:00","2026-04-16 11:56:33"
2767,248,"2024-05-19 00:00:00",31.16,10.00,"2024-05-19 00:00:00","2026-04-16 11:56:33"
2768,201,"2026-02-21 00:00:00",105.61,0.00,"2026-02-21 00:00:00","2026-04-16 11:56:33"
2769,76,"2025-11-03 00:00:00",117.42,0.00,"2025-11-03 00:00:00","2026-04-16 11:56:33"
2770,66,"2021-10-22 00:00:00",179.66,0.00,"2021-10-22 00:00:00","2026-04-16 11:56:33"
2771,99,"2025-05-09 00:00:00",135.07,0.00,"2025-05-09 00:00:00","2026-04-16 11:56:33"
2772,58,"2025-10-22 00:00:00",132.11,0.00,"2025-10-22 00:00:00","2026-04-16 11:56:33"
2773,78,"2025-09-07 00:00:00",133.02,0.00,"2025-09-07 00:00:00","2026-04-16 11:56:33"
2774,72,"2025-06-13 00:00:00",23.78,25.00,"2025-06-13 00:00:00","2026-04-16 11:56:33"
2775,220,"2023-07-04 00:00:00",37.83,10.00,"2023-07-04 00:00:00","2026-04-16 11:56:33"
2776,187,"2022-09-30 00:00:00",245.53,0.00,"2022-09-30 00:00:00","2026-04-16 11:56:33"
2777,190,"2026-03-28 00:00:00",144.00,0.00,"2026-03-28 00:00:00","2026-04-16 11:56:33"
2778,156,"2025-10-02 00:00:00",224.12,0.00,"2025-10-02 00:00:00","2026-04-16 11:56:33"
2779,107,"2025-10-14 00:00:00",66.15,5.00,"2025-10-14 00:00:00","2026-04-16 11:56:33"
2780,203,"2025-09-09 00:00:00",55.09,5.00,"2025-09-09 00:00:00","2026-04-16 11:56:33"
2781,246,"2024-03-18 00:00:00",81.75,0.00,"2024-03-18 00:00:00","2026-04-16 11:56:33"
2782,87,"2026-03-26 00:00:00",112.37,0.00,"2026-03-26 00:00:00","2026-04-16 11:56:33"
2783,224,"2023-05-19 00:00:00",71.71,5.00,"2023-05-19 00:00:00","2026-04-16 11:56:33"
2784,28,"2024-02-15 00:00:00",196.51,0.00,"2024-02-15 00:00:00","2026-04-16 11:56:33"
2785,102,"2024-10-07 00:00:00",162.24,0.00,"2024-10-07 00:00:00","2026-04-16 11:56:33"
2786,129,"2025-04-13 00:00:00",108.79,0.00,"2025-04-13 00:00:00","2026-04-16 11:56:33"
2787,276,"2025-01-08 00:00:00",229.39,0.00,"2025-01-08 00:00:00","2026-04-16 11:56:33"
2788,231,"2025-09-05 00:00:00",179.68,0.00,"2025-09-05 00:00:00","2026-04-16 11:56:33"
2789,217,"2026-02-01 00:00:00",11.16,25.00,"2026-02-01 00:00:00","2026-04-16 11:56:33"
2790,174,"2025-05-24 00:00:00",209.49,0.00,"2025-05-24 00:00:00","2026-04-16 11:56:33"
2791,295,"2025-11-13 00:00:00",86.75,0.00,"2025-11-13 00:00:00","2026-04-16 11:56:33"
2792,235,"2025-07-10 00:00:00",40.86,10.00,"2025-07-10 00:00:00","2026-04-16 11:56:33"
2793,202,"2025-02-21 00:00:00",46.92,10.00,"2025-02-21 00:00:00","2026-04-16 11:56:33"
2794,52,"2025-06-09 00:00:00",37.52,10.00,"2025-06-09 00:00:00","2026-04-16 11:56:33"
2795,215,"2025-04-05 00:00:00",261.91,0.00,"2025-04-05 00:00:00","2026-04-16 11:56:33"
2796,218,"2023-08-07 00:00:00",97.32,0.00,"2023-08-07 00:00:00","2026-04-16 11:56:33"
2797,65,"2025-09-04 00:00:00",308.18,0.00,"2025-09-04 00:00:00","2026-04-16 11:56:33"
2798,160,"2024-05-31 00:00:00",81.93,0.00,"2024-05-31 00:00:00","2026-04-16 11:56:33"
2799,33,"2026-03-26 00:00:00",262.58,0.00,"2026-03-26 00:00:00","2026-04-16 11:56:33"
2800,22,"2024-05-20 00:00:00",191.32,0.00,"2024-05-20 00:00:00","2026-04-16 11:56:33"
2801,39,"2023-05-27 00:00:00",151.22,0.00,"2023-05-27 00:00:00","2026-04-16 11:56:33"
2802,296,"2026-04-08 00:00:00",215.51,0.00,"2026-04-08 00:00:00","2026-04-16 11:56:33"
2803,189,"2025-08-22 00:00:00",61.04,5.00,"2025-08-22 00:00:00","2026-04-16 11:56:33"
2804,29,"2024-12-21 00:00:00",34.35,10.00,"2024-12-21 00:00:00","2026-04-16 11:56:33"
2805,296,"2026-01-15 00:00:00",61.59,5.00,"2026-01-15 00:00:00","2026-04-16 11:56:33"
2806,276,"2026-04-06 00:00:00",58.95,5.00,"2026-04-06 00:00:00","2026-04-16 11:56:33"
2807,83,"2025-08-02 00:00:00",190.70,0.00,"2025-08-02 00:00:00","2026-04-16 11:56:33"
2808,23,"2025-10-10 00:00:00",79.50,0.00,"2025-10-10 00:00:00","2026-04-16 11:56:33"
2809,211,"2024-12-03 00:00:00",102.28,0.00,"2024-12-03 00:00:00","2026-04-16 11:56:33"
2810,99,"2026-01-23 00:00:00",170.40,0.00,"2026-01-23 00:00:00","2026-04-16 11:56:33"
2811,65,"2025-08-07 00:00:00",202.25,0.00,"2025-08-07 00:00:00","2026-04-16 11:56:33"
2812,216,"2025-06-26 00:00:00",3.85,25.00,"2025-06-26 00:00:00","2026-04-16 11:56:33"
2813,203,"2023-04-12 00:00:00",251.88,0.00,"2023-04-12 00:00:00","2026-04-16 11:56:33"
2814,122,"2026-03-11 00:00:00",301.00,0.00,"2026-03-11 00:00:00","2026-04-16 11:56:33"
2815,247,"2021-10-26 00:00:00",295.66,0.00,"2021-10-26 00:00:00","2026-04-16 11:56:33"
2816,27,"2021-10-03 00:00:00",226.36,0.00,"2021-10-03 00:00:00","2026-04-16 11:56:33"
2817,8,"2026-04-05 00:00:00",173.64,0.00,"2026-04-05 00:00:00","2026-04-16 11:56:33"
2818,267,"2024-05-31 00:00:00",76.32,0.00,"2024-05-31 00:00:00","2026-04-16 11:56:33"
2819,90,"2025-11-25 00:00:00",79.63,0.00,"2025-11-25 00:00:00","2026-04-16 11:56:33"
2820,107,"2025-07-04 00:00:00",123.74,0.00,"2025-07-04 00:00:00","2026-04-16 11:56:33"
2821,63,"2024-09-03 00:00:00",145.01,0.00,"2024-09-03 00:00:00","2026-04-16 11:56:33"
2822,133,"2023-07-19 00:00:00",163.79,0.00,"2023-07-19 00:00:00","2026-04-16 11:56:33"
2823,260,"2021-09-26 00:00:00",227.93,0.00,"2021-09-26 00:00:00","2026-04-16 11:56:33"
2824,111,"2024-02-23 00:00:00",420.12,0.00,"2024-02-23 00:00:00","2026-04-16 11:56:33"
2825,52,"2025-03-28 00:00:00",176.69,0.00,"2025-03-28 00:00:00","2026-04-16 11:56:33"
2826,111,"2021-11-30 00:00:00",185.35,0.00,"2021-11-30 00:00:00","2026-04-16 11:56:33"
2827,128,"2023-09-26 00:00:00",24.23,25.00,"2023-09-26 00:00:00","2026-04-16 11:56:33"
2828,145,"2024-10-08 00:00:00",68.61,5.00,"2024-10-08 00:00:00","2026-04-16 11:56:33"
2829,59,"2023-11-03 00:00:00",334.94,0.00,"2023-11-03 00:00:00","2026-04-16 11:56:33"
2830,123,"2023-01-29 00:00:00",71.41,5.00,"2023-01-29 00:00:00","2026-04-16 11:56:33"
2831,231,"2021-01-03 00:00:00",87.87,0.00,"2021-01-03 00:00:00","2026-04-16 11:56:33"
2832,216,"2023-03-17 00:00:00",260.97,0.00,"2023-03-17 00:00:00","2026-04-16 11:56:33"
2833,46,"2026-03-13 00:00:00",16.63,25.00,"2026-03-13 00:00:00","2026-04-16 11:56:33"
2834,191,"2026-03-24 00:00:00",155.20,0.00,"2026-03-24 00:00:00","2026-04-16 11:56:33"
2835,7,"2025-03-29 00:00:00",259.55,0.00,"2025-03-29 00:00:00","2026-04-16 11:56:33"
2836,147,"2025-04-30 00:00:00",186.03,0.00,"2025-04-30 00:00:00","2026-04-16 11:56:33"
2837,102,"2025-08-12 00:00:00",144.20,0.00,"2025-08-12 00:00:00","2026-04-16 11:56:33"
2838,18,"2023-04-16 00:00:00",61.55,5.00,"2023-04-16 00:00:00","2026-04-16 11:56:33"
2839,232,"2025-11-14 00:00:00",220.73,0.00,"2025-11-14 00:00:00","2026-04-16 11:56:33"
2840,257,"2026-03-09 00:00:00",249.52,0.00,"2026-03-09 00:00:00","2026-04-16 11:56:33"
2841,77,"2024-10-15 00:00:00",179.78,0.00,"2024-10-15 00:00:00","2026-04-16 11:56:33"
2842,142,"2025-04-02 00:00:00",39.64,10.00,"2025-04-02 00:00:00","2026-04-16 11:56:33"
2843,222,"2024-10-15 00:00:00",173.81,0.00,"2024-10-15 00:00:00","2026-04-16 11:56:33"
2844,272,"2023-07-28 00:00:00",29.61,10.00,"2023-07-28 00:00:00","2026-04-16 11:56:33"
2845,218,"2024-01-05 00:00:00",3.26,25.00,"2024-01-05 00:00:00","2026-04-16 11:56:33"
2846,268,"2025-07-09 00:00:00",59.67,5.00,"2025-07-09 00:00:00","2026-04-16 11:56:33"
2847,197,"2024-08-13 00:00:00",101.72,0.00,"2024-08-13 00:00:00","2026-04-16 11:56:33"
2848,267,"2025-06-26 00:00:00",169.96,0.00,"2025-06-26 00:00:00","2026-04-16 11:56:33"
2849,133,"2023-03-31 00:00:00",140.03,0.00,"2023-03-31 00:00:00","2026-04-16 11:56:33"
2850,7,"2023-06-27 00:00:00",186.16,0.00,"2023-06-27 00:00:00","2026-04-16 11:56:33"
2851,201,"2025-12-10 00:00:00",18.24,25.00,"2025-12-10 00:00:00","2026-04-16 11:56:33"
2852,17,"2024-12-09 00:00:00",230.41,0.00,"2024-12-09 00:00:00","2026-04-16 11:56:33"
2853,249,"2025-03-16 00:00:00",132.55,0.00,"2025-03-16 00:00:00","2026-04-16 11:56:33"
2854,275,"2021-08-10 00:00:00",176.34,0.00,"2021-08-10 00:00:00","2026-04-16 11:56:33"
2855,167,"2025-03-06 00:00:00",219.58,0.00,"2025-03-06 00:00:00","2026-04-16 11:56:33"
2856,266,"2026-02-25 00:00:00",138.90,0.00,"2026-02-25 00:00:00","2026-04-16 11:56:33"
2857,43,"2024-09-04 00:00:00",182.38,0.00,"2024-09-04 00:00:00","2026-04-16 11:56:33"
2858,176,"2025-11-05 00:00:00",106.59,0.00,"2025-11-05 00:00:00","2026-04-16 11:56:33"
2859,25,"2026-03-14 00:00:00",70.37,5.00,"2026-03-14 00:00:00","2026-04-16 11:56:33"
2860,270,"2024-04-14 00:00:00",129.33,0.00,"2024-04-14 00:00:00","2026-04-16 11:56:33"
2861,55,"2024-11-22 00:00:00",107.95,0.00,"2024-11-22 00:00:00","2026-04-16 11:56:33"
2862,229,"2026-03-30 00:00:00",11.34,25.00,"2026-03-30 00:00:00","2026-04-16 11:56:33"
2863,289,"2025-08-15 00:00:00",177.26,0.00,"2025-08-15 00:00:00","2026-04-16 11:56:33"
2864,104,"2024-12-05 00:00:00",148.74,0.00,"2024-12-05 00:00:00","2026-04-16 11:56:33"
2865,139,"2024-12-21 00:00:00",167.72,0.00,"2024-12-21 00:00:00","2026-04-16 11:56:33"
2866,291,"2024-12-02 00:00:00",71.23,5.00,"2024-12-02 00:00:00","2026-04-16 11:56:33"
2867,244,"2025-05-12 00:00:00",169.95,0.00,"2025-05-12 00:00:00","2026-04-16 11:56:33"
2868,57,"2025-05-28 00:00:00",290.45,0.00,"2025-05-28 00:00:00","2026-04-16 11:56:33"
2869,221,"2025-12-19 00:00:00",29.72,10.00,"2025-12-19 00:00:00","2026-04-16 11:56:33"
2870,168,"2024-07-24 00:00:00",17.55,25.00,"2024-07-24 00:00:00","2026-04-16 11:56:33"
2871,253,"2023-06-06 00:00:00",170.10,0.00,"2023-06-06 00:00:00","2026-04-16 11:56:33"
2872,89,"2024-11-27 00:00:00",89.72,0.00,"2024-11-27 00:00:00","2026-04-16 11:56:33"
2873,27,"2023-07-17 00:00:00",91.06,0.00,"2023-07-17 00:00:00","2026-04-16 11:56:33"
2874,262,"2024-10-26 00:00:00",195.35,0.00,"2024-10-26 00:00:00","2026-04-16 11:56:33"
2875,43,"2024-11-18 00:00:00",119.07,0.00,"2024-11-18 00:00:00","2026-04-16 11:56:33"
2876,223,"2024-02-21 00:00:00",64.40,5.00,"2024-02-21 00:00:00","2026-04-16 11:56:33"
2877,66,"2024-08-22 00:00:00",27.78,10.00,"2024-08-22 00:00:00","2026-04-16 11:56:33"
2878,46,"2026-01-19 00:00:00",237.18,0.00,"2026-01-19 00:00:00","2026-04-16 11:56:33"
2879,73,"2026-01-14 00:00:00",176.57,0.00,"2026-01-14 00:00:00","2026-04-16 11:56:33"
2880,127,"2026-02-03 00:00:00",188.58,0.00,"2026-02-03 00:00:00","2026-04-16 11:56:33"
2881,47,"2023-08-22 00:00:00",23.66,25.00,"2023-08-22 00:00:00","2026-04-16 11:56:33"
2882,211,"2024-12-13 00:00:00",74.22,5.00,"2024-12-13 00:00:00","2026-04-16 11:56:33"
2883,64,"2025-06-11 00:00:00",182.15,0.00,"2025-06-11 00:00:00","2026-04-16 11:56:33"
2884,239,"2025-09-14 00:00:00",122.60,0.00,"2025-09-14 00:00:00","2026-04-16 11:56:33"
2885,20,"2021-07-13 00:00:00",164.70,0.00,"2021-07-13 00:00:00","2026-04-16 11:56:33"
2886,193,"2025-01-11 00:00:00",99.56,0.00,"2025-01-11 00:00:00","2026-04-16 11:56:33"
2887,60,"2025-12-26 00:00:00",176.68,0.00,"2025-12-26 00:00:00","2026-04-16 11:56:33"
2888,141,"2025-01-08 00:00:00",69.50,5.00,"2025-01-08 00:00:00","2026-04-16 11:56:33"
2889,207,"2025-05-28 00:00:00",21.40,25.00,"2025-05-28 00:00:00","2026-04-16 11:56:33"
2890,77,"2024-10-16 00:00:00",51.65,5.00,"2024-10-16 00:00:00","2026-04-16 11:56:33"
2891,58,"2025-05-01 00:00:00",101.82,0.00,"2025-05-01 00:00:00","2026-04-16 11:56:33"
2892,6,"2024-06-30 00:00:00",135.78,0.00,"2024-06-30 00:00:00","2026-04-16 11:56:33"
2893,182,"2025-08-05 00:00:00",203.52,0.00,"2025-08-05 00:00:00","2026-04-16 11:56:33"
2894,296,"2024-09-18 00:00:00",341.51,0.00,"2024-09-18 00:00:00","2026-04-16 11:56:33"
2895,250,"2022-11-16 00:00:00",314.61,0.00,"2022-11-16 00:00:00","2026-04-16 11:56:33"
2896,127,"2026-01-25 00:00:00",115.54,0.00,"2026-01-25 00:00:00","2026-04-16 11:56:33"
2897,291,"2024-08-22 00:00:00",164.92,0.00,"2024-08-22 00:00:00","2026-04-16 11:56:33"
2898,18,"2023-02-25 00:00:00",154.17,0.00,"2023-02-25 00:00:00","2026-04-16 11:56:33"
2899,114,"2026-01-04 00:00:00",119.35,0.00,"2026-01-04 00:00:00","2026-04-16 11:56:33"
2900,178,"2022-11-21 00:00:00",64.94,5.00,"2022-11-21 00:00:00","2026-04-16 11:56:33"
2901,229,"2026-04-01 00:00:00",112.50,0.00,"2026-04-01 00:00:00","2026-04-16 11:56:33"
2902,174,"2025-12-29 00:00:00",80.62,0.00,"2025-12-29 00:00:00","2026-04-16 11:56:33"
2903,164,"2024-06-10 00:00:00",239.21,0.00,"2024-06-10 00:00:00","2026-04-16 11:56:33"
2904,176,"2026-01-18 00:00:00",79.54,0.00,"2026-01-18 00:00:00","2026-04-16 11:56:33"
2905,283,"2020-09-19 00:00:00",54.91,5.00,"2020-09-19 00:00:00","2026-04-16 11:56:33"
2906,279,"2026-02-17 00:00:00",160.57,0.00,"2026-02-17 00:00:00","2026-04-16 11:56:33"
2907,40,"2025-05-04 00:00:00",111.17,0.00,"2025-05-04 00:00:00","2026-04-16 11:56:33"
2908,210,"2025-12-21 00:00:00",117.76,0.00,"2025-12-21 00:00:00","2026-04-16 11:56:33"
2909,42,"2025-08-19 00:00:00",325.93,0.00,"2025-08-19 00:00:00","2026-04-16 11:56:33"
2910,295,"2026-02-26 00:00:00",26.93,10.00,"2026-02-26 00:00:00","2026-04-16 11:56:33"
2911,89,"2026-03-07 00:00:00",107.41,0.00,"2026-03-07 00:00:00","2026-04-16 11:56:33"
2912,277,"2022-09-04 00:00:00",63.57,5.00,"2022-09-04 00:00:00","2026-04-16 11:56:33"
2913,274,"2023-05-03 00:00:00",184.25,0.00,"2023-05-03 00:00:00","2026-04-16 11:56:33"
2914,35,"2023-10-29 00:00:00",37.63,10.00,"2023-10-29 00:00:00","2026-04-16 11:56:33"
2915,281,"2023-10-05 00:00:00",168.92,0.00,"2023-10-05 00:00:00","2026-04-16 11:56:33"
2916,49,"2024-08-13 00:00:00",54.28,5.00,"2024-08-13 00:00:00","2026-04-16 11:56:33"
2917,292,"2023-03-10 00:00:00",288.33,0.00,"2023-03-10 00:00:00","2026-04-16 11:56:33"
2918,151,"2023-11-09 00:00:00",119.28,0.00,"2023-11-09 00:00:00","2026-04-16 11:56:33"
2919,49,"2024-07-27 00:00:00",79.26,0.00,"2024-07-27 00:00:00","2026-04-16 11:56:33"
2920,65,"2025-10-04 00:00:00",144.76,0.00,"2025-10-04 00:00:00","2026-04-16 11:56:33"
2921,9,"2025-03-11 00:00:00",70.44,5.00,"2025-03-11 00:00:00","2026-04-16 11:56:33"
2922,9,"2023-02-08 00:00:00",173.08,0.00,"2023-02-08 00:00:00","2026-04-16 11:56:33"
2923,25,"2025-01-03 00:00:00",220.36,0.00,"2025-01-03 00:00:00","2026-04-16 11:56:33"
2924,278,"2026-02-02 00:00:00",194.98,0.00,"2026-02-02 00:00:00","2026-04-16 11:56:33"
2925,2,"2022-12-29 00:00:00",40.89,10.00,"2022-12-29 00:00:00","2026-04-16 11:56:33"
2926,162,"2024-11-11 00:00:00",160.13,0.00,"2024-11-11 00:00:00","2026-04-16 11:56:33"
2927,246,"2024-09-09 00:00:00",114.24,0.00,"2024-09-09 00:00:00","2026-04-16 11:56:33"
2928,226,"2024-08-13 00:00:00",297.67,0.00,"2024-08-13 00:00:00","2026-04-16 11:56:33"
2929,209,"2025-06-06 00:00:00",50.24,5.00,"2025-06-06 00:00:00","2026-04-16 11:56:33"
2930,80,"2025-12-01 00:00:00",7.55,25.00,"2025-12-01 00:00:00","2026-04-16 11:56:33"
2931,240,"2026-02-06 00:00:00",202.56,0.00,"2026-02-06 00:00:00","2026-04-16 11:56:33"
2932,117,"2022-10-27 00:00:00",154.82,0.00,"2022-10-27 00:00:00","2026-04-16 11:56:33"
2933,286,"2024-08-13 00:00:00",30.24,10.00,"2024-08-13 00:00:00","2026-04-16 11:56:33"
2934,274,"2020-11-12 00:00:00",9.79,25.00,"2020-11-12 00:00:00","2026-04-16 11:56:33"
2935,295,"2025-11-02 00:00:00",150.40,0.00,"2025-11-02 00:00:00","2026-04-16 11:56:33"
2936,142,"2024-05-22 00:00:00",4.32,25.00,"2024-05-22 00:00:00","2026-04-16 11:56:33"
2937,201,"2025-12-24 00:00:00",69.59,5.00,"2025-12-24 00:00:00","2026-04-16 11:56:33"
2938,63,"2026-03-10 00:00:00",139.90,0.00,"2026-03-10 00:00:00","2026-04-16 11:56:33"
2939,202,"2026-04-05 00:00:00",120.72,0.00,"2026-04-05 00:00:00","2026-04-16 11:56:33"
2940,239,"2023-08-09 00:00:00",106.46,0.00,"2023-08-09 00:00:00","2026-04-16 11:56:33"
2941,70,"2025-11-09 00:00:00",86.86,0.00,"2025-11-09 00:00:00","2026-04-16 11:56:33"
2942,239,"2024-08-14 00:00:00",89.12,0.00,"2024-08-14 00:00:00","2026-04-16 11:56:33"
2943,11,"2023-12-02 00:00:00",170.53,0.00,"2023-12-02 00:00:00","2026-04-16 11:56:33"
2944,188,"2026-03-19 00:00:00",177.56,0.00,"2026-03-19 00:00:00","2026-04-16 11:56:33"
2945,271,"2022-03-25 00:00:00",58.48,5.00,"2022-03-25 00:00:00","2026-04-16 11:56:33"
2946,223,"2023-01-06 00:00:00",167.43,0.00,"2023-01-06 00:00:00","2026-04-16 11:56:33"
2947,298,"2024-10-21 00:00:00",170.89,0.00,"2024-10-21 00:00:00","2026-04-16 11:56:33"
2948,202,"2025-07-07 00:00:00",77.24,0.00,"2025-07-07 00:00:00","2026-04-16 11:56:33"
2949,187,"2022-09-06 00:00:00",154.79,0.00,"2022-09-06 00:00:00","2026-04-16 11:56:33"
2950,247,"2024-09-06 00:00:00",159.34,0.00,"2024-09-06 00:00:00","2026-04-16 11:56:33"
2951,136,"2025-09-06 00:00:00",41.71,10.00,"2025-09-06 00:00:00","2026-04-16 11:56:33"
2952,76,"2025-07-17 00:00:00",47.68,10.00,"2025-07-17 00:00:00","2026-04-16 11:56:33"
2953,223,"2025-08-05 00:00:00",58.34,5.00,"2025-08-05 00:00:00","2026-04-16 11:56:33"
2954,169,"2025-04-27 00:00:00",332.85,0.00,"2025-04-27 00:00:00","2026-04-16 11:56:33"
2955,287,"2022-12-11 00:00:00",128.22,0.00,"2022-12-11 00:00:00","2026-04-16 11:56:33"
2956,8,"2026-04-02 00:00:00",148.71,0.00,"2026-04-02 00:00:00","2026-04-16 11:56:33"
2957,219,"2022-07-30 00:00:00",64.52,5.00,"2022-07-30 00:00:00","2026-04-16 11:56:33"
2958,245,"2025-12-28 00:00:00",116.54,0.00,"2025-12-28 00:00:00","2026-04-16 11:56:33"
2959,103,"2022-11-10 00:00:00",201.27,0.00,"2022-11-10 00:00:00","2026-04-16 11:56:33"
2960,299,"2025-04-27 00:00:00",34.17,10.00,"2025-04-27 00:00:00","2026-04-16 11:56:33"
2961,212,"2022-12-12 00:00:00",93.62,0.00,"2022-12-12 00:00:00","2026-04-16 11:56:33"
2962,173,"2026-02-12 00:00:00",177.42,0.00,"2026-02-12 00:00:00","2026-04-16 11:56:33"
2963,57,"2023-03-19 00:00:00",171.93,0.00,"2023-03-19 00:00:00","2026-04-16 11:56:33"
2964,4,"2025-12-01 00:00:00",115.38,0.00,"2025-12-01 00:00:00","2026-04-16 11:56:33"
2965,124,"2022-10-21 00:00:00",170.97,0.00,"2022-10-21 00:00:00","2026-04-16 11:56:33"
2966,38,"2025-05-27 00:00:00",359.75,0.00,"2025-05-27 00:00:00","2026-04-16 11:56:33"
2967,38,"2022-09-08 00:00:00",3.13,25.00,"2022-09-08 00:00:00","2026-04-16 11:56:33"
2968,281,"2026-03-27 00:00:00",174.07,0.00,"2026-03-27 00:00:00","2026-04-16 11:56:33"
2969,42,"2026-04-05 00:00:00",218.26,0.00,"2026-04-05 00:00:00","2026-04-16 11:56:33"
2970,270,"2025-07-16 00:00:00",102.54,0.00,"2025-07-16 00:00:00","2026-04-16 11:56:33"
2971,148,"2023-09-14 00:00:00",245.44,0.00,"2023-09-14 00:00:00","2026-04-16 11:56:33"
2972,73,"2023-12-31 00:00:00",190.44,0.00,"2023-12-31 00:00:00","2026-04-16 11:56:33"
2973,290,"2020-11-30 00:00:00",175.89,0.00,"2020-11-30 00:00:00","2026-04-16 11:56:33"
2974,54,"2024-03-30 00:00:00",14.08,25.00,"2024-03-30 00:00:00","2026-04-16 11:56:33"
2975,93,"2024-10-31 00:00:00",81.61,0.00,"2024-10-31 00:00:00","2026-04-16 11:56:33"
2976,270,"2020-05-13 00:00:00",174.31,0.00,"2020-05-13 00:00:00","2026-04-16 11:56:33"
2977,96,"2024-07-03 00:00:00",167.10,0.00,"2024-07-03 00:00:00","2026-04-16 11:56:33"
2978,67,"2025-09-23 00:00:00",100.10,0.00,"2025-09-23 00:00:00","2026-04-16 11:56:33"
2979,217,"2023-08-09 00:00:00",26.36,10.00,"2023-08-09 00:00:00","2026-04-16 11:56:33"
2980,54,"2026-03-21 00:00:00",54.08,5.00,"2026-03-21 00:00:00","2026-04-16 11:56:33"
2981,221,"2024-08-11 00:00:00",238.96,0.00,"2024-08-11 00:00:00","2026-04-16 11:56:33"
2982,79,"2026-04-09 00:00:00",166.62,0.00,"2026-04-09 00:00:00","2026-04-16 11:56:33"
2983,91,"2025-03-15 00:00:00",172.48,0.00,"2025-03-15 00:00:00","2026-04-16 11:56:33"
2984,223,"2025-12-26 00:00:00",66.02,5.00,"2025-12-26 00:00:00","2026-04-16 11:56:33"
2985,5,"2025-10-01 00:00:00",326.83,0.00,"2025-10-01 00:00:00","2026-04-16 11:56:33"
2986,57,"2026-01-24 00:00:00",46.01,10.00,"2026-01-24 00:00:00","2026-04-16 11:56:33"
2987,35,"2023-05-02 00:00:00",145.08,0.00,"2023-05-02 00:00:00","2026-04-16 11:56:33"
2988,57,"2025-09-09 00:00:00",151.47,0.00,"2025-09-09 00:00:00","2026-04-16 11:56:33"
2989,197,"2026-03-01 00:00:00",83.52,0.00,"2026-03-01 00:00:00","2026-04-16 11:56:33"
2990,81,"2024-06-15 00:00:00",26.57,10.00,"2024-06-15 00:00:00","2026-04-16 11:56:33"
2991,35,"2026-01-02 00:00:00",58.85,5.00,"2026-01-02 00:00:00","2026-04-16 11:56:33"
2992,20,"2021-08-19 00:00:00",214.85,0.00,"2021-08-19 00:00:00","2026-04-16 11:56:33"
2993,165,"2025-08-04 00:00:00",34.25,10.00,"2025-08-04 00:00:00","2026-04-16 11:56:33"
2994,295,"2026-04-01 00:00:00",241.98,0.00,"2026-04-01 00:00:00","2026-04-16 11:56:33"
2995,165,"2024-12-23 00:00:00",37.09,10.00,"2024-12-23 00:00:00","2026-04-16 11:56:33"
2996,7,"2024-10-02 00:00:00",35.73,10.00,"2024-10-02 00:00:00","2026-04-16 11:56:33"
2997,103,"2023-11-11 00:00:00",175.79,0.00,"2023-11-11 00:00:00","2026-04-16 11:56:33"
2998,157,"2021-04-28 00:00:00",94.09,0.00,"2021-04-28 00:00:00","2026-04-16 11:56:33"
2999,282,"2025-07-31 00:00:00",55.76,5.00,"2025-07-31 00:00:00","2026-04-16 11:56:33"
3000,279,"2024-07-17 00:00:00",161.01,0.00,"2024-07-17 00:00:00","2026-04-16 11:56:33"
3001,27,"2024-10-19 00:00:00",143.82,0.00,"2024-10-19 00:00:00","2026-04-16 11:56:33"
3002,293,"2025-12-03 00:00:00",183.12,0.00,"2025-12-03 00:00:00","2026-04-16 11:56:33"
3003,55,"2023-02-05 00:00:00",56.60,5.00,"2023-02-05 00:00:00","2026-04-16 11:56:33"
3004,240,"2025-05-09 00:00:00",153.50,0.00,"2025-05-09 00:00:00","2026-04-16 11:56:33"
3005,3,"2023-03-02 00:00:00",201.18,0.00,"2023-03-02 00:00:00","2026-04-16 11:56:33"
3006,123,"2023-12-29 00:00:00",65.67,5.00,"2023-12-29 00:00:00","2026-04-16 11:56:33"
3007,193,"2024-01-29 00:00:00",39.85,10.00,"2024-01-29 00:00:00","2026-04-16 11:56:33"
3008,241,"2025-10-25 00:00:00",90.87,0.00,"2025-10-25 00:00:00","2026-04-16 11:56:33"
3009,227,"2026-04-02 00:00:00",61.64,5.00,"2026-04-02 00:00:00","2026-04-16 11:56:33"
3010,255,"2022-04-19 00:00:00",21.00,25.00,"2022-04-19 00:00:00","2026-04-16 11:56:33"
3011,44,"2026-04-05 00:00:00",66.92,5.00,"2026-04-05 00:00:00","2026-04-16 11:56:33"
3012,175,"2025-08-01 00:00:00",135.79,0.00,"2025-08-01 00:00:00","2026-04-16 11:56:33"
3013,7,"2024-01-29 00:00:00",36.23,10.00,"2024-01-29 00:00:00","2026-04-16 11:56:33"
3014,240,"2025-01-17 00:00:00",16.58,25.00,"2025-01-17 00:00:00","2026-04-16 11:56:33"
3015,47,"2023-09-19 00:00:00",273.25,0.00,"2023-09-19 00:00:00","2026-04-16 11:56:33"
3016,7,"2025-06-22 00:00:00",332.03,0.00,"2025-06-22 00:00:00","2026-04-16 11:56:33"
3017,222,"2024-04-17 00:00:00",96.12,0.00,"2024-04-17 00:00:00","2026-04-16 11:56:33"
3018,143,"2024-08-30 00:00:00",213.13,0.00,"2024-08-30 00:00:00","2026-04-16 11:56:33"
3019,175,"2026-02-28 00:00:00",157.97,0.00,"2026-02-28 00:00:00","2026-04-16 11:56:33"
3020,122,"2026-04-07 00:00:00",295.52,0.00,"2026-04-07 00:00:00","2026-04-16 11:56:33"
3021,91,"2024-03-31 00:00:00",189.71,0.00,"2024-03-31 00:00:00","2026-04-16 11:56:33"
3022,28,"2023-10-10 00:00:00",216.87,0.00,"2023-10-10 00:00:00","2026-04-16 11:56:33"
3023,194,"2024-10-29 00:00:00",194.19,0.00,"2024-10-29 00:00:00","2026-04-16 11:56:33"
3024,7,"2024-08-13 00:00:00",30.53,10.00,"2024-08-13 00:00:00","2026-04-16 11:56:33"
3025,281,"2025-02-11 00:00:00",133.55,0.00,"2025-02-11 00:00:00","2026-04-16 11:56:33"
3026,110,"2025-08-08 00:00:00",175.35,0.00,"2025-08-08 00:00:00","2026-04-16 11:56:33"
3027,224,"2024-06-30 00:00:00",291.17,0.00,"2024-06-30 00:00:00","2026-04-16 11:56:33"
3028,70,"2025-12-31 00:00:00",49.98,10.00,"2025-12-31 00:00:00","2026-04-16 11:56:33"
3029,18,"2024-01-17 00:00:00",186.70,0.00,"2024-01-17 00:00:00","2026-04-16 11:56:33"
3030,236,"2024-10-14 00:00:00",198.73,0.00,"2024-10-14 00:00:00","2026-04-16 11:56:33"
3031,170,"2024-05-11 00:00:00",368.16,0.00,"2024-05-11 00:00:00","2026-04-16 11:56:33"
3032,44,"2026-04-02 00:00:00",71.58,5.00,"2026-04-02 00:00:00","2026-04-16 11:56:33"
3033,265,"2025-03-22 00:00:00",145.17,0.00,"2025-03-22 00:00:00","2026-04-16 11:56:33"
3034,298,"2025-10-26 00:00:00",218.09,0.00,"2025-10-26 00:00:00","2026-04-16 11:56:33"
3035,142,"2025-10-25 00:00:00",155.87,0.00,"2025-10-25 00:00:00","2026-04-16 11:56:33"
3036,92,"2026-01-12 00:00:00",235.42,0.00,"2026-01-12 00:00:00","2026-04-16 11:56:33"
3037,36,"2025-09-21 00:00:00",239.52,0.00,"2025-09-21 00:00:00","2026-04-16 11:56:33"
3038,240,"2025-11-13 00:00:00",291.30,0.00,"2025-11-13 00:00:00","2026-04-16 11:56:33"
3039,19,"2026-02-10 00:00:00",153.59,0.00,"2026-02-10 00:00:00","2026-04-16 11:56:33"
3040,75,"2026-04-10 00:00:00",166.85,0.00,"2026-04-10 00:00:00","2026-04-16 11:56:33"
3041,261,"2025-05-13 00:00:00",216.69,0.00,"2025-05-13 00:00:00","2026-04-16 11:56:33"
3042,233,"2025-05-27 00:00:00",312.35,0.00,"2025-05-27 00:00:00","2026-04-16 11:56:33"
3043,27,"2021-09-29 00:00:00",233.61,0.00,"2021-09-29 00:00:00","2026-04-16 11:56:33"
3044,37,"2025-06-16 00:00:00",160.03,0.00,"2025-06-16 00:00:00","2026-04-16 11:56:33"
3045,175,"2022-09-30 00:00:00",88.84,0.00,"2022-09-30 00:00:00","2026-04-16 11:56:33"
3046,144,"2020-07-02 00:00:00",147.34,0.00,"2020-07-02 00:00:00","2026-04-16 11:56:33"
3047,37,"2021-12-03 00:00:00",92.69,0.00,"2021-12-03 00:00:00","2026-04-16 11:56:33"
3048,83,"2026-04-15 00:00:00",150.32,0.00,"2026-04-15 00:00:00","2026-04-16 11:56:33"
3049,176,"2026-04-09 00:00:00",205.09,0.00,"2026-04-09 00:00:00","2026-04-16 11:56:33"
3050,87,"2026-03-01 00:00:00",21.60,25.00,"2026-03-01 00:00:00","2026-04-16 11:56:33"
3051,281,"2025-07-09 00:00:00",38.60,10.00,"2025-07-09 00:00:00","2026-04-16 11:56:33"
3052,10,"2025-05-10 00:00:00",106.60,0.00,"2025-05-10 00:00:00","2026-04-16 11:56:33"
3053,232,"2026-01-13 00:00:00",70.30,5.00,"2026-01-13 00:00:00","2026-04-16 11:56:33"
3054,283,"2021-12-30 00:00:00",117.72,0.00,"2021-12-30 00:00:00","2026-04-16 11:56:33"
3055,105,"2023-06-20 00:00:00",135.74,0.00,"2023-06-20 00:00:00","2026-04-16 11:56:33"
3056,242,"2021-11-01 00:00:00",39.38,10.00,"2021-11-01 00:00:00","2026-04-16 11:56:33"
3057,157,"2021-07-31 00:00:00",127.98,0.00,"2021-07-31 00:00:00","2026-04-16 11:56:33"
3058,12,"2023-10-03 00:00:00",226.53,0.00,"2023-10-03 00:00:00","2026-04-16 11:56:33"
3059,104,"2023-10-13 00:00:00",237.42,0.00,"2023-10-13 00:00:00","2026-04-16 11:56:33"
3060,201,"2025-12-24 00:00:00",35.99,10.00,"2025-12-24 00:00:00","2026-04-16 11:56:33"
3061,39,"2022-04-14 00:00:00",330.66,0.00,"2022-04-14 00:00:00","2026-04-16 11:56:33"
3062,49,"2024-07-21 00:00:00",60.35,5.00,"2024-07-21 00:00:00","2026-04-16 11:56:33"
3063,296,"2024-01-30 00:00:00",272.65,0.00,"2024-01-30 00:00:00","2026-04-16 11:56:33"
3064,58,"2025-12-27 00:00:00",131.67,0.00,"2025-12-27 00:00:00","2026-04-16 11:56:33"
3065,8,"2025-08-20 00:00:00",49.26,10.00,"2025-08-20 00:00:00","2026-04-16 11:56:33"
3066,235,"2024-06-02 00:00:00",88.95,0.00,"2024-06-02 00:00:00","2026-04-16 11:56:33"
3067,223,"2025-06-14 00:00:00",74.05,5.00,"2025-06-14 00:00:00","2026-04-16 11:56:33"
3068,110,"2026-03-21 00:00:00",354.65,0.00,"2026-03-21 00:00:00","2026-04-16 11:56:33"
3069,84,"2026-03-05 00:00:00",206.00,0.00,"2026-03-05 00:00:00","2026-04-16 11:56:33"
3070,184,"2026-03-28 00:00:00",200.00,0.00,"2026-03-28 00:00:00","2026-04-16 11:56:33"
3071,217,"2025-04-30 00:00:00",136.28,0.00,"2025-04-30 00:00:00","2026-04-16 11:56:33"
3072,51,"2025-12-19 00:00:00",152.68,0.00,"2025-12-19 00:00:00","2026-04-16 11:56:33"
3073,136,"2026-02-12 00:00:00",60.27,5.00,"2026-02-12 00:00:00","2026-04-16 11:56:33"
3074,144,"2020-06-19 00:00:00",283.46,0.00,"2020-06-19 00:00:00","2026-04-16 11:56:33"
3075,279,"2025-03-21 00:00:00",247.22,0.00,"2025-03-21 00:00:00","2026-04-16 11:56:33"
3076,177,"2025-07-28 00:00:00",140.28,0.00,"2025-07-28 00:00:00","2026-04-16 11:56:33"
3077,205,"2024-06-28 00:00:00",394.52,0.00,"2024-06-28 00:00:00","2026-04-16 11:56:33"
3078,56,"2025-08-02 00:00:00",58.22,5.00,"2025-08-02 00:00:00","2026-04-16 11:56:33"
3079,134,"2023-09-15 00:00:00",182.82,0.00,"2023-09-15 00:00:00","2026-04-16 11:56:33"
3080,198,"2026-03-06 00:00:00",95.20,0.00,"2026-03-06 00:00:00","2026-04-16 11:56:33"
3081,102,"2021-12-18 00:00:00",18.32,25.00,"2021-12-18 00:00:00","2026-04-16 11:56:33"
3082,81,"2021-09-07 00:00:00",140.72,0.00,"2021-09-07 00:00:00","2026-04-16 11:56:33"
3083,279,"2025-11-13 00:00:00",95.39,0.00,"2025-11-13 00:00:00","2026-04-16 11:56:33"
3084,17,"2025-06-24 00:00:00",195.89,0.00,"2025-06-24 00:00:00","2026-04-16 11:56:33"
3085,277,"2022-09-11 00:00:00",26.73,10.00,"2022-09-11 00:00:00","2026-04-16 11:56:33"
3086,119,"2025-10-04 00:00:00",82.91,0.00,"2025-10-04 00:00:00","2026-04-16 11:56:33"
3087,67,"2023-09-15 00:00:00",156.28,0.00,"2023-09-15 00:00:00","2026-04-16 11:56:33"
3088,35,"2025-01-12 00:00:00",132.27,0.00,"2025-01-12 00:00:00","2026-04-16 11:56:33"
3089,142,"2026-04-13 00:00:00",109.76,0.00,"2026-04-13 00:00:00","2026-04-16 11:56:33"
3090,241,"2025-09-14 00:00:00",274.29,0.00,"2025-09-14 00:00:00","2026-04-16 11:56:33"
3091,286,"2025-02-16 00:00:00",223.27,0.00,"2025-02-16 00:00:00","2026-04-16 11:56:33"
3092,167,"2025-08-01 00:00:00",264.82,0.00,"2025-08-01 00:00:00","2026-04-16 11:56:33"
3093,208,"2024-07-17 00:00:00",53.36,5.00,"2024-07-17 00:00:00","2026-04-16 11:56:33"
3094,276,"2025-10-06 00:00:00",119.34,0.00,"2025-10-06 00:00:00","2026-04-16 11:56:33"
3095,111,"2025-06-19 00:00:00",128.36,0.00,"2025-06-19 00:00:00","2026-04-16 11:56:33"
3096,133,"2026-03-14 00:00:00",121.60,0.00,"2026-03-14 00:00:00","2026-04-16 11:56:33"
3097,33,"2026-04-03 00:00:00",34.76,10.00,"2026-04-03 00:00:00","2026-04-16 11:56:33"
3098,37,"2023-10-21 00:00:00",206.23,0.00,"2023-10-21 00:00:00","2026-04-16 11:56:33"
3099,291,"2025-07-29 00:00:00",79.12,0.00,"2025-07-29 00:00:00","2026-04-16 11:56:33"
3100,133,"2026-02-12 00:00:00",92.18,0.00,"2026-02-12 00:00:00","2026-04-16 11:56:33"
3101,119,"2026-03-13 00:00:00",56.43,5.00,"2026-03-13 00:00:00","2026-04-16 11:56:33"
3102,207,"2025-12-15 00:00:00",18.45,25.00,"2025-12-15 00:00:00","2026-04-16 11:56:33"
3103,196,"2026-03-06 00:00:00",91.27,0.00,"2026-03-06 00:00:00","2026-04-16 11:56:33"
3104,6,"2024-10-15 00:00:00",62.45,5.00,"2024-10-15 00:00:00","2026-04-16 11:56:33"
3105,65,"2025-08-19 00:00:00",204.47,0.00,"2025-08-19 00:00:00","2026-04-16 11:56:33"
3106,88,"2026-02-07 00:00:00",23.50,25.00,"2026-02-07 00:00:00","2026-04-16 11:56:33"
3107,90,"2025-10-20 00:00:00",97.86,0.00,"2025-10-20 00:00:00","2026-04-16 11:56:33"
3108,283,"2021-04-29 00:00:00",46.85,10.00,"2021-04-29 00:00:00","2026-04-16 11:56:33"
3109,57,"2022-12-20 00:00:00",159.50,0.00,"2022-12-20 00:00:00","2026-04-16 11:56:33"
3110,13,"2023-06-26 00:00:00",18.44,25.00,"2023-06-26 00:00:00","2026-04-16 11:56:33"
3111,186,"2026-03-13 00:00:00",39.24,10.00,"2026-03-13 00:00:00","2026-04-16 11:56:33"
3112,136,"2025-04-22 00:00:00",384.39,0.00,"2025-04-22 00:00:00","2026-04-16 11:56:33"
3113,223,"2024-08-14 00:00:00",19.98,25.00,"2024-08-14 00:00:00","2026-04-16 11:56:33"
3114,111,"2024-12-25 00:00:00",156.68,0.00,"2024-12-25 00:00:00","2026-04-16 11:56:33"
3115,94,"2025-01-19 00:00:00",42.32,10.00,"2025-01-19 00:00:00","2026-04-16 11:56:33"
3116,258,"2025-05-25 00:00:00",89.22,0.00,"2025-05-25 00:00:00","2026-04-16 11:56:33"
3117,294,"2024-10-12 00:00:00",154.53,0.00,"2024-10-12 00:00:00","2026-04-16 11:56:33"
3118,235,"2025-06-08 00:00:00",40.08,10.00,"2025-06-08 00:00:00","2026-04-16 11:56:33"
3119,218,"2026-04-06 00:00:00",88.79,0.00,"2026-04-06 00:00:00","2026-04-16 11:56:33"
3120,86,"2025-05-04 00:00:00",49.90,10.00,"2025-05-04 00:00:00","2026-04-16 11:56:33"
3121,200,"2026-04-09 00:00:00",222.49,0.00,"2026-04-09 00:00:00","2026-04-16 11:56:33"
3122,228,"2024-12-21 00:00:00",150.29,0.00,"2024-12-21 00:00:00","2026-04-16 11:56:33"
3123,196,"2026-02-03 00:00:00",87.94,0.00,"2026-02-03 00:00:00","2026-04-16 11:56:33"
3124,179,"2025-10-06 00:00:00",308.79,0.00,"2025-10-06 00:00:00","2026-04-16 11:56:33"
3125,209,"2024-07-19 00:00:00",12.40,25.00,"2024-07-19 00:00:00","2026-04-16 11:56:33"
3126,62,"2022-02-21 00:00:00",27.21,10.00,"2022-02-21 00:00:00","2026-04-16 11:56:33"
3127,48,"2026-01-27 00:00:00",58.26,5.00,"2026-01-27 00:00:00","2026-04-16 11:56:33"
3128,71,"2025-10-20 00:00:00",150.90,0.00,"2025-10-20 00:00:00","2026-04-16 11:56:33"
3129,203,"2025-09-28 00:00:00",153.34,0.00,"2025-09-28 00:00:00","2026-04-16 11:56:33"
3130,266,"2026-02-01 00:00:00",13.75,25.00,"2026-02-01 00:00:00","2026-04-16 11:56:33"
3131,196,"2026-02-09 00:00:00",117.62,0.00,"2026-02-09 00:00:00","2026-04-16 11:56:33"
3132,139,"2024-05-19 00:00:00",175.65,0.00,"2024-05-19 00:00:00","2026-04-16 11:56:33"
3133,126,"2023-07-23 00:00:00",33.68,10.00,"2023-07-23 00:00:00","2026-04-16 11:56:33"
3134,258,"2024-11-21 00:00:00",309.02,0.00,"2024-11-21 00:00:00","2026-04-16 11:56:33"
3135,94,"2024-09-09 00:00:00",247.44,0.00,"2024-09-09 00:00:00","2026-04-16 11:56:33"
3136,247,"2024-07-13 00:00:00",275.08,0.00,"2024-07-13 00:00:00","2026-04-16 11:56:33"
3137,283,"2021-02-02 00:00:00",68.00,5.00,"2021-02-02 00:00:00","2026-04-16 11:56:33"
3138,80,"2026-01-03 00:00:00",144.23,0.00,"2026-01-03 00:00:00","2026-04-16 11:56:33"
3139,41,"2020-08-02 00:00:00",18.50,25.00,"2020-08-02 00:00:00","2026-04-16 11:56:33"
3140,280,"2022-12-24 00:00:00",303.73,0.00,"2022-12-24 00:00:00","2026-04-16 11:56:33"
3141,32,"2023-08-13 00:00:00",197.60,0.00,"2023-08-13 00:00:00","2026-04-16 11:56:33"
3142,300,"2024-12-18 00:00:00",31.57,10.00,"2024-12-18 00:00:00","2026-04-16 11:56:33"
3143,235,"2024-12-14 00:00:00",37.70,10.00,"2024-12-14 00:00:00","2026-04-16 11:56:33"
3144,41,"2025-08-25 00:00:00",70.90,5.00,"2025-08-25 00:00:00","2026-04-16 11:56:33"
3145,246,"2023-12-22 00:00:00",16.69,25.00,"2023-12-22 00:00:00","2026-04-16 11:56:33"
3146,6,"2025-06-25 00:00:00",313.57,0.00,"2025-06-25 00:00:00","2026-04-16 11:56:33"
3147,278,"2025-12-28 00:00:00",87.34,0.00,"2025-12-28 00:00:00","2026-04-16 11:56:33"
3148,116,"2025-10-19 00:00:00",356.53,0.00,"2025-10-19 00:00:00","2026-04-16 11:56:33"
3149,27,"2022-01-05 00:00:00",125.32,0.00,"2022-01-05 00:00:00","2026-04-16 11:56:33"
3150,75,"2026-02-24 00:00:00",110.29,0.00,"2026-02-24 00:00:00","2026-04-16 11:56:33"
3151,239,"2025-02-15 00:00:00",17.50,25.00,"2025-02-15 00:00:00","2026-04-16 11:56:33"
3152,67,"2026-03-24 00:00:00",92.57,0.00,"2026-03-24 00:00:00","2026-04-16 11:56:33"
3153,211,"2024-11-19 00:00:00",231.60,0.00,"2024-11-19 00:00:00","2026-04-16 11:56:33"
3154,245,"2026-01-03 00:00:00",83.36,0.00,"2026-01-03 00:00:00","2026-04-16 11:56:33"
3155,23,"2025-08-21 00:00:00",32.15,10.00,"2025-08-21 00:00:00","2026-04-16 11:56:33"
3156,204,"2024-05-06 00:00:00",18.72,25.00,"2024-05-06 00:00:00","2026-04-16 11:56:33"
3157,269,"2024-09-18 00:00:00",128.78,0.00,"2024-09-18 00:00:00","2026-04-16 11:56:33"
3158,151,"2023-08-20 00:00:00",37.00,10.00,"2023-08-20 00:00:00","2026-04-16 11:56:33"
3159,197,"2025-12-16 00:00:00",54.36,5.00,"2025-12-16 00:00:00","2026-04-16 11:56:33"
3160,66,"2024-03-29 00:00:00",205.26,0.00,"2024-03-29 00:00:00","2026-04-16 11:56:33"
3161,107,"2023-08-15 00:00:00",76.91,0.00,"2023-08-15 00:00:00","2026-04-16 11:56:33"
3162,254,"2023-10-28 00:00:00",80.45,0.00,"2023-10-28 00:00:00","2026-04-16 11:56:33"
3163,183,"2022-07-23 00:00:00",34.74,10.00,"2022-07-23 00:00:00","2026-04-16 11:56:33"
3164,174,"2025-07-07 00:00:00",42.35,10.00,"2025-07-07 00:00:00","2026-04-16 11:56:33"
3165,52,"2025-05-31 00:00:00",74.75,5.00,"2025-05-31 00:00:00","2026-04-16 11:56:33"
3166,96,"2026-03-31 00:00:00",42.33,10.00,"2026-03-31 00:00:00","2026-04-16 11:56:33"
3167,259,"2025-12-23 00:00:00",204.53,0.00,"2025-12-23 00:00:00","2026-04-16 11:56:33"
3168,242,"2023-03-25 00:00:00",158.31,0.00,"2023-03-25 00:00:00","2026-04-16 11:56:33"
3169,144,"2020-06-11 00:00:00",192.60,0.00,"2020-06-11 00:00:00","2026-04-16 11:56:33"
3170,229,"2026-04-12 00:00:00",132.70,0.00,"2026-04-12 00:00:00","2026-04-16 11:56:33"
3171,152,"2023-12-06 00:00:00",10.35,25.00,"2023-12-06 00:00:00","2026-04-16 11:56:33"
3172,95,"2025-08-16 00:00:00",99.11,0.00,"2025-08-16 00:00:00","2026-04-16 11:56:33"
3173,78,"2026-01-10 00:00:00",108.00,0.00,"2026-01-10 00:00:00","2026-04-16 11:56:33"
3174,288,"2024-09-25 00:00:00",118.17,0.00,"2024-09-25 00:00:00","2026-04-16 11:56:33"
3175,263,"2020-01-27 00:00:00",79.88,0.00,"2020-01-27 00:00:00","2026-04-16 11:56:33"
3176,127,"2025-11-29 00:00:00",53.42,5.00,"2025-11-29 00:00:00","2026-04-16 11:56:33"
3177,221,"2026-02-21 00:00:00",89.32,0.00,"2026-02-21 00:00:00","2026-04-16 11:56:33"
3178,279,"2023-06-12 00:00:00",88.36,0.00,"2023-06-12 00:00:00","2026-04-16 11:56:33"
3179,106,"2023-04-11 00:00:00",79.46,0.00,"2023-04-11 00:00:00","2026-04-16 11:56:33"
3180,248,"2022-07-31 00:00:00",90.34,0.00,"2022-07-31 00:00:00","2026-04-16 11:56:33"
3181,256,"2025-12-11 00:00:00",137.31,0.00,"2025-12-11 00:00:00","2026-04-16 11:56:33"
3182,88,"2026-01-31 00:00:00",133.16,0.00,"2026-01-31 00:00:00","2026-04-16 11:56:33"
3183,74,"2022-10-21 00:00:00",144.29,0.00,"2022-10-21 00:00:00","2026-04-16 11:56:33"
3184,84,"2025-08-11 00:00:00",133.50,0.00,"2025-08-11 00:00:00","2026-04-16 11:56:33"
3185,3,"2025-12-30 00:00:00",284.47,0.00,"2025-12-30 00:00:00","2026-04-16 11:56:33"
3186,199,"2024-09-19 00:00:00",119.73,0.00,"2024-09-19 00:00:00","2026-04-16 11:56:33"
3187,251,"2026-04-13 00:00:00",306.86,0.00,"2026-04-13 00:00:00","2026-04-16 11:56:33"
3188,146,"2024-11-08 00:00:00",84.74,0.00,"2024-11-08 00:00:00","2026-04-16 11:56:33"
3189,262,"2024-06-18 00:00:00",307.39,0.00,"2024-06-18 00:00:00","2026-04-16 11:56:33"
3190,206,"2024-08-24 00:00:00",5.61,25.00,"2024-08-24 00:00:00","2026-04-16 11:56:33"
3191,42,"2025-08-26 00:00:00",98.51,0.00,"2025-08-26 00:00:00","2026-04-16 11:56:33"
3192,230,"2024-10-18 00:00:00",243.51,0.00,"2024-10-18 00:00:00","2026-04-16 11:56:33"
3193,253,"2025-02-13 00:00:00",143.28,0.00,"2025-02-13 00:00:00","2026-04-16 11:56:33"
3194,150,"2025-11-27 00:00:00",266.33,0.00,"2025-11-27 00:00:00","2026-04-16 11:56:33"
3195,191,"2026-03-17 00:00:00",60.87,5.00,"2026-03-17 00:00:00","2026-04-16 11:56:33"
3196,114,"2022-10-25 00:00:00",104.07,0.00,"2022-10-25 00:00:00","2026-04-16 11:56:33"
3197,245,"2025-09-02 00:00:00",218.99,0.00,"2025-09-02 00:00:00","2026-04-16 11:56:33"
3198,75,"2026-01-19 00:00:00",151.20,0.00,"2026-01-19 00:00:00","2026-04-16 11:56:33"
3199,225,"2025-12-17 00:00:00",110.53,0.00,"2025-12-17 00:00:00","2026-04-16 11:56:33"
3200,234,"2022-07-13 00:00:00",242.34,0.00,"2022-07-13 00:00:00","2026-04-16 11:56:33"
3201,81,"2022-01-24 00:00:00",19.25,25.00,"2022-01-24 00:00:00","2026-04-16 11:56:33"
3202,231,"2024-12-05 00:00:00",13.15,25.00,"2024-12-05 00:00:00","2026-04-16 11:56:33"
3203,295,"2025-05-29 00:00:00",262.95,0.00,"2025-05-29 00:00:00","2026-04-16 11:56:33"
3204,63,"2025-12-21 00:00:00",425.61,0.00,"2025-12-21 00:00:00","2026-04-16 11:56:33"
3205,184,"2026-04-04 00:00:00",98.49,0.00,"2026-04-04 00:00:00","2026-04-16 11:56:33"
3206,26,"2026-02-20 00:00:00",65.10,5.00,"2026-02-20 00:00:00","2026-04-16 11:56:33"
3207,40,"2026-03-02 00:00:00",171.61,0.00,"2026-03-02 00:00:00","2026-04-16 11:56:33"
3208,240,"2023-04-06 00:00:00",154.90,0.00,"2023-04-06 00:00:00","2026-04-16 11:56:33"
3209,160,"2025-07-21 00:00:00",191.52,0.00,"2025-07-21 00:00:00","2026-04-16 11:56:33"
3210,86,"2023-08-09 00:00:00",79.68,0.00,"2023-08-09 00:00:00","2026-04-16 11:56:33"
3211,115,"2024-08-06 00:00:00",91.16,0.00,"2024-08-06 00:00:00","2026-04-16 11:56:33"
3212,216,"2023-12-06 00:00:00",66.28,5.00,"2023-12-06 00:00:00","2026-04-16 11:56:33"
3213,255,"2022-03-23 00:00:00",77.35,0.00,"2022-03-23 00:00:00","2026-04-16 11:56:33"
3214,168,"2025-10-19 00:00:00",118.95,0.00,"2025-10-19 00:00:00","2026-04-16 11:56:33"
3215,29,"2026-03-08 00:00:00",75.48,0.00,"2026-03-08 00:00:00","2026-04-16 11:56:33"
3216,149,"2026-02-17 00:00:00",227.59,0.00,"2026-02-17 00:00:00","2026-04-16 11:56:33"
3217,277,"2024-11-06 00:00:00",316.72,0.00,"2024-11-06 00:00:00","2026-04-16 11:56:33"
3218,9,"2022-09-04 00:00:00",165.50,0.00,"2022-09-04 00:00:00","2026-04-16 11:56:33"
3219,41,"2021-12-10 00:00:00",92.32,0.00,"2021-12-10 00:00:00","2026-04-16 11:56:33"
3220,175,"2025-12-09 00:00:00",167.27,0.00,"2025-12-09 00:00:00","2026-04-16 11:56:33"
3221,130,"2025-11-03 00:00:00",13.82,25.00,"2025-11-03 00:00:00","2026-04-16 11:56:33"
3222,3,"2024-10-18 00:00:00",92.35,0.00,"2024-10-18 00:00:00","2026-04-16 11:56:33"
3223,167,"2025-07-03 00:00:00",131.95,0.00,"2025-07-03 00:00:00","2026-04-16 11:56:33"
3224,66,"2022-11-05 00:00:00",13.68,25.00,"2022-11-05 00:00:00","2026-04-16 11:56:33"
3225,95,"2024-12-08 00:00:00",8.61,25.00,"2024-12-08 00:00:00","2026-04-16 11:56:33"
3226,103,"2022-11-12 00:00:00",93.88,0.00,"2022-11-12 00:00:00","2026-04-16 11:56:33"
3227,172,"2024-09-05 00:00:00",40.77,10.00,"2024-09-05 00:00:00","2026-04-16 11:56:33"
3228,245,"2025-08-06 00:00:00",134.12,0.00,"2025-08-06 00:00:00","2026-04-16 11:56:33"
3229,249,"2025-07-05 00:00:00",31.83,10.00,"2025-07-05 00:00:00","2026-04-16 11:56:33"
3230,143,"2025-06-13 00:00:00",135.19,0.00,"2025-06-13 00:00:00","2026-04-16 11:56:33"
3231,96,"2023-09-01 00:00:00",213.70,0.00,"2023-09-01 00:00:00","2026-04-16 11:56:33"
3232,239,"2025-11-28 00:00:00",126.99,0.00,"2025-11-28 00:00:00","2026-04-16 11:56:33"
3233,182,"2023-05-28 00:00:00",52.76,5.00,"2023-05-28 00:00:00","2026-04-16 11:56:33"
3234,128,"2023-03-01 00:00:00",30.52,10.00,"2023-03-01 00:00:00","2026-04-16 11:56:33"
3235,84,"2024-08-19 00:00:00",76.90,0.00,"2024-08-19 00:00:00","2026-04-16 11:56:33"
3236,224,"2024-04-07 00:00:00",240.27,0.00,"2024-04-07 00:00:00","2026-04-16 11:56:33"
3237,196,"2025-10-29 00:00:00",150.58,0.00,"2025-10-29 00:00:00","2026-04-16 11:56:33"
3238,137,"2026-03-31 00:00:00",7.03,25.00,"2026-03-31 00:00:00","2026-04-16 11:56:33"
3239,1,"2025-09-26 00:00:00",60.27,5.00,"2025-09-26 00:00:00","2026-04-16 11:56:33"
3240,131,"2023-11-15 00:00:00",5.22,25.00,"2023-11-15 00:00:00","2026-04-16 11:56:33"
3241,22,"2023-12-25 00:00:00",67.89,5.00,"2023-12-25 00:00:00","2026-04-16 11:56:33"
3242,86,"2026-04-07 00:00:00",157.50,0.00,"2026-04-07 00:00:00","2026-04-16 11:56:33"
3243,116,"2025-12-18 00:00:00",82.60,0.00,"2025-12-18 00:00:00","2026-04-16 11:56:33"
3244,32,"2023-02-03 00:00:00",307.33,0.00,"2023-02-03 00:00:00","2026-04-16 11:56:33"
3245,31,"2021-01-30 00:00:00",176.38,0.00,"2021-01-30 00:00:00","2026-04-16 11:56:33"
3246,262,"2024-06-14 00:00:00",168.20,0.00,"2024-06-14 00:00:00","2026-04-16 11:56:33"
3247,238,"2022-08-11 00:00:00",34.64,10.00,"2022-08-11 00:00:00","2026-04-16 11:56:33"
3248,12,"2025-08-11 00:00:00",154.70,0.00,"2025-08-11 00:00:00","2026-04-16 11:56:33"
3249,8,"2026-02-09 00:00:00",269.52,0.00,"2026-02-09 00:00:00","2026-04-16 11:56:33"
3250,231,"2024-02-25 00:00:00",110.95,0.00,"2024-02-25 00:00:00","2026-04-16 11:56:33"
3251,98,"2024-11-27 00:00:00",99.93,0.00,"2024-11-27 00:00:00","2026-04-16 11:56:33"
3252,232,"2026-01-06 00:00:00",377.55,0.00,"2026-01-06 00:00:00","2026-04-16 11:56:33"
3253,275,"2023-09-15 00:00:00",165.20,0.00,"2023-09-15 00:00:00","2026-04-16 11:56:33"
3254,63,"2025-03-18 00:00:00",64.30,5.00,"2025-03-18 00:00:00","2026-04-16 11:56:33"
3255,122,"2025-12-03 00:00:00",173.89,0.00,"2025-12-03 00:00:00","2026-04-16 11:56:33"
3256,153,"2021-10-20 00:00:00",153.68,0.00,"2021-10-20 00:00:00","2026-04-16 11:56:33"
3257,72,"2025-08-24 00:00:00",276.66,0.00,"2025-08-24 00:00:00","2026-04-16 11:56:33"
3258,57,"2023-02-24 00:00:00",1.58,25.00,"2023-02-24 00:00:00","2026-04-16 11:56:33"
3259,167,"2026-02-28 00:00:00",122.94,0.00,"2026-02-28 00:00:00","2026-04-16 11:56:33"
3260,1,"2025-10-03 00:00:00",107.59,0.00,"2025-10-03 00:00:00","2026-04-16 11:56:33"
3261,286,"2024-11-01 00:00:00",131.28,0.00,"2024-11-01 00:00:00","2026-04-16 11:56:33"
3262,88,"2025-12-13 00:00:00",399.70,0.00,"2025-12-13 00:00:00","2026-04-16 11:56:33"
3263,124,"2022-05-11 00:00:00",211.16,0.00,"2022-05-11 00:00:00","2026-04-16 11:56:33"
3264,277,"2023-07-22 00:00:00",76.75,0.00,"2023-07-22 00:00:00","2026-04-16 11:56:33"
3265,185,"2024-02-02 00:00:00",38.20,10.00,"2024-02-02 00:00:00","2026-04-16 11:56:33"
3266,13,"2023-06-13 00:00:00",70.74,5.00,"2023-06-13 00:00:00","2026-04-16 11:56:33"
3267,157,"2021-01-29 00:00:00",73.32,5.00,"2021-01-29 00:00:00","2026-04-16 11:56:33"
3268,159,"2025-07-18 00:00:00",83.30,0.00,"2025-07-18 00:00:00","2026-04-16 11:56:33"
3269,119,"2025-09-30 00:00:00",151.15,0.00,"2025-09-30 00:00:00","2026-04-16 11:56:33"
3270,206,"2024-09-15 00:00:00",230.80,0.00,"2024-09-15 00:00:00","2026-04-16 11:56:33"
3271,52,"2026-02-05 00:00:00",114.43,0.00,"2026-02-05 00:00:00","2026-04-16 11:56:33"
3272,130,"2025-10-11 00:00:00",8.66,25.00,"2025-10-11 00:00:00","2026-04-16 11:56:33"
3273,30,"2025-10-10 00:00:00",6.15,25.00,"2025-10-10 00:00:00","2026-04-16 11:56:33"
3274,4,"2025-08-25 00:00:00",41.33,10.00,"2025-08-25 00:00:00","2026-04-16 11:56:33"
3275,185,"2022-12-19 00:00:00",163.96,0.00,"2022-12-19 00:00:00","2026-04-16 11:56:33"
3276,181,"2025-11-28 00:00:00",217.93,0.00,"2025-11-28 00:00:00","2026-04-16 11:56:33"
3277,160,"2025-07-01 00:00:00",130.11,0.00,"2025-07-01 00:00:00","2026-04-16 11:56:33"
3278,41,"2025-09-13 00:00:00",4.35,25.00,"2025-09-13 00:00:00","2026-04-16 11:56:33"
3279,30,"2025-10-02 00:00:00",9.36,25.00,"2025-10-02 00:00:00","2026-04-16 11:56:33"
3280,219,"2022-03-12 00:00:00",129.64,0.00,"2022-03-12 00:00:00","2026-04-16 11:56:33"
3281,198,"2025-03-18 00:00:00",256.07,0.00,"2025-03-18 00:00:00","2026-04-16 11:56:33"
3282,10,"2025-05-02 00:00:00",175.48,0.00,"2025-05-02 00:00:00","2026-04-16 11:56:33"
3283,121,"2025-12-02 00:00:00",34.22,10.00,"2025-12-02 00:00:00","2026-04-16 11:56:33"
3284,108,"2026-03-22 00:00:00",79.94,0.00,"2026-03-22 00:00:00","2026-04-16 11:56:33"
3285,276,"2025-05-31 00:00:00",226.46,0.00,"2025-05-31 00:00:00","2026-04-16 11:56:33"
3286,198,"2025-06-30 00:00:00",100.45,0.00,"2025-06-30 00:00:00","2026-04-16 11:56:33"
3287,189,"2024-12-30 00:00:00",108.43,0.00,"2024-12-30 00:00:00","2026-04-16 11:56:33"
3288,62,"2026-04-12 00:00:00",288.64,0.00,"2026-04-12 00:00:00","2026-04-16 11:56:33"
3289,29,"2025-06-22 00:00:00",149.16,0.00,"2025-06-22 00:00:00","2026-04-16 11:56:33"
3290,251,"2026-03-05 00:00:00",153.81,0.00,"2026-03-05 00:00:00","2026-04-16 11:56:33"
3291,97,"2025-10-15 00:00:00",160.84,0.00,"2025-10-15 00:00:00","2026-04-16 11:56:33"
3292,30,"2026-02-19 00:00:00",138.34,0.00,"2026-02-19 00:00:00","2026-04-16 11:56:33"
3293,153,"2021-10-20 00:00:00",41.76,10.00,"2021-10-20 00:00:00","2026-04-16 11:56:33"
3294,250,"2022-11-02 00:00:00",253.94,0.00,"2022-11-02 00:00:00","2026-04-16 11:56:33"
3295,193,"2025-10-05 00:00:00",63.95,5.00,"2025-10-05 00:00:00","2026-04-16 11:56:33"
3296,192,"2025-11-25 00:00:00",26.47,10.00,"2025-11-25 00:00:00","2026-04-16 11:56:33"
3297,53,"2026-03-01 00:00:00",28.13,10.00,"2026-03-01 00:00:00","2026-04-16 11:56:33"
3298,215,"2026-03-24 00:00:00",68.69,5.00,"2026-03-24 00:00:00","2026-04-16 11:56:33"
3299,24,"2022-09-11 00:00:00",185.44,0.00,"2022-09-11 00:00:00","2026-04-16 11:56:33"
3300,131,"2023-09-27 00:00:00",141.20,0.00,"2023-09-27 00:00:00","2026-04-16 11:56:33"
3301,47,"2023-09-30 00:00:00",291.20,0.00,"2023-09-30 00:00:00","2026-04-16 11:56:33"
3302,21,"2023-09-21 00:00:00",136.76,0.00,"2023-09-21 00:00:00","2026-04-16 11:56:33"
3303,11,"2024-10-02 00:00:00",142.87,0.00,"2024-10-02 00:00:00","2026-04-16 11:56:33"
3304,131,"2023-02-23 00:00:00",274.55,0.00,"2023-02-23 00:00:00","2026-04-16 11:56:33"
3305,49,"2023-04-19 00:00:00",198.35,0.00,"2023-04-19 00:00:00","2026-04-16 11:56:33"
3306,194,"2024-06-26 00:00:00",114.30,0.00,"2024-06-26 00:00:00","2026-04-16 11:56:33"
3307,280,"2024-09-01 00:00:00",179.86,0.00,"2024-09-01 00:00:00","2026-04-16 11:56:33"
3308,263,"2020-03-31 00:00:00",103.48,0.00,"2020-03-31 00:00:00","2026-04-16 11:56:33"
3309,89,"2023-06-15 00:00:00",101.73,0.00,"2023-06-15 00:00:00","2026-04-16 11:56:33"
3310,269,"2023-11-09 00:00:00",197.81,0.00,"2023-11-09 00:00:00","2026-04-16 11:56:33"
3311,119,"2025-06-01 00:00:00",33.34,10.00,"2025-06-01 00:00:00","2026-04-16 11:56:33"
3312,289,"2025-12-03 00:00:00",95.24,0.00,"2025-12-03 00:00:00","2026-04-16 11:56:33"
3313,49,"2024-08-31 00:00:00",1.59,25.00,"2024-08-31 00:00:00","2026-04-16 11:56:33"
3314,149,"2026-02-19 00:00:00",87.08,0.00,"2026-02-19 00:00:00","2026-04-16 11:56:33"
3315,271,"2022-12-08 00:00:00",180.28,0.00,"2022-12-08 00:00:00","2026-04-16 11:56:33"
3316,97,"2026-02-02 00:00:00",104.89,0.00,"2026-02-02 00:00:00","2026-04-16 11:56:33"
3317,239,"2026-04-03 00:00:00",170.72,0.00,"2026-04-03 00:00:00","2026-04-16 11:56:33"
3318,36,"2026-02-19 00:00:00",105.09,0.00,"2026-02-19 00:00:00","2026-04-16 11:56:33"
3319,15,"2022-11-02 00:00:00",161.35,0.00,"2022-11-02 00:00:00","2026-04-16 11:56:33"
3320,58,"2023-10-30 00:00:00",117.19,0.00,"2023-10-30 00:00:00","2026-04-16 11:56:33"
3321,100,"2023-10-22 00:00:00",96.70,0.00,"2023-10-22 00:00:00","2026-04-16 11:56:33"
3322,22,"2024-01-18 00:00:00",72.23,5.00,"2024-01-18 00:00:00","2026-04-16 11:56:33"
3323,229,"2026-04-15 00:00:00",323.30,0.00,"2026-04-15 00:00:00","2026-04-16 11:56:33"
3324,226,"2025-02-11 00:00:00",203.97,0.00,"2025-02-11 00:00:00","2026-04-16 11:56:33"
3325,215,"2024-01-04 00:00:00",80.12,0.00,"2024-01-04 00:00:00","2026-04-16 11:56:33"
3326,125,"2025-11-24 00:00:00",149.91,0.00,"2025-11-24 00:00:00","2026-04-16 11:56:33"
3327,246,"2023-11-30 00:00:00",249.19,0.00,"2023-11-30 00:00:00","2026-04-16 11:56:33"
3328,85,"2026-03-29 00:00:00",129.39,0.00,"2026-03-29 00:00:00","2026-04-16 11:56:33"
3329,10,"2025-11-14 00:00:00",242.12,0.00,"2025-11-14 00:00:00","2026-04-16 11:56:33"
3330,198,"2025-08-14 00:00:00",125.50,0.00,"2025-08-14 00:00:00","2026-04-16 11:56:33"
3331,229,"2026-04-04 00:00:00",212.67,0.00,"2026-04-04 00:00:00","2026-04-16 11:56:33"
3332,288,"2023-10-23 00:00:00",230.07,0.00,"2023-10-23 00:00:00","2026-04-16 11:56:33"
3333,195,"2026-03-16 00:00:00",184.59,0.00,"2026-03-16 00:00:00","2026-04-16 11:56:33"
3334,93,"2026-01-27 00:00:00",241.75,0.00,"2026-01-27 00:00:00","2026-04-16 11:56:33"
3335,273,"2026-03-18 00:00:00",141.47,0.00,"2026-03-18 00:00:00","2026-04-16 11:56:33"
3336,274,"2023-06-30 00:00:00",101.04,0.00,"2023-06-30 00:00:00","2026-04-16 11:56:33"
3337,267,"2021-01-01 00:00:00",283.43,0.00,"2021-01-01 00:00:00","2026-04-16 11:56:33"
3338,256,"2021-04-27 00:00:00",145.01,0.00,"2021-04-27 00:00:00","2026-04-16 11:56:33"
3339,192,"2024-06-14 00:00:00",246.14,0.00,"2024-06-14 00:00:00","2026-04-16 11:56:33"
3340,242,"2022-04-30 00:00:00",210.89,0.00,"2022-04-30 00:00:00","2026-04-16 11:56:33"
3341,237,"2026-04-03 00:00:00",112.87,0.00,"2026-04-03 00:00:00","2026-04-16 11:56:33"
3342,71,"2025-02-13 00:00:00",227.17,0.00,"2025-02-13 00:00:00","2026-04-16 11:56:33"
3343,135,"2026-04-07 00:00:00",31.50,10.00,"2026-04-07 00:00:00","2026-04-16 11:56:33"
3344,257,"2026-03-11 00:00:00",144.34,0.00,"2026-03-11 00:00:00","2026-04-16 11:56:33"
3345,76,"2024-07-01 00:00:00",45.89,10.00,"2024-07-01 00:00:00","2026-04-16 11:56:33"
3346,191,"2026-03-26 00:00:00",63.69,5.00,"2026-03-26 00:00:00","2026-04-16 11:56:33"
3347,143,"2025-11-06 00:00:00",56.51,5.00,"2025-11-06 00:00:00","2026-04-16 11:56:33"
3348,123,"2025-10-05 00:00:00",46.08,10.00,"2025-10-05 00:00:00","2026-04-16 11:56:33"
3349,139,"2025-01-11 00:00:00",195.62,0.00,"2025-01-11 00:00:00","2026-04-16 11:56:33"
3350,249,"2024-09-29 00:00:00",214.16,0.00,"2024-09-29 00:00:00","2026-04-16 11:56:33"
3351,250,"2022-11-22 00:00:00",15.82,25.00,"2022-11-22 00:00:00","2026-04-16 11:56:33"
3352,264,"2025-08-05 00:00:00",4.83,25.00,"2025-08-05 00:00:00","2026-04-16 11:56:33"
3353,293,"2023-03-21 00:00:00",208.33,0.00,"2023-03-21 00:00:00","2026-04-16 11:56:33"
3354,297,"2025-01-26 00:00:00",240.78,0.00,"2025-01-26 00:00:00","2026-04-16 11:56:33"
3355,151,"2023-11-01 00:00:00",343.79,0.00,"2023-11-01 00:00:00","2026-04-16 11:56:33"
3356,216,"2025-09-25 00:00:00",84.71,0.00,"2025-09-25 00:00:00","2026-04-16 11:56:33"
3357,123,"2025-08-09 00:00:00",115.39,0.00,"2025-08-09 00:00:00","2026-04-16 11:56:33"
3358,288,"2023-06-23 00:00:00",81.49,0.00,"2023-06-23 00:00:00","2026-04-16 11:56:33"
3359,28,"2023-11-26 00:00:00",97.90,0.00,"2023-11-26 00:00:00","2026-04-16 11:56:33"
3360,191,"2026-04-04 00:00:00",24.36,25.00,"2026-04-04 00:00:00","2026-04-16 11:56:33"
3361,119,"2024-08-22 00:00:00",144.80,0.00,"2024-08-22 00:00:00","2026-04-16 11:56:33"
3362,76,"2025-09-09 00:00:00",67.50,5.00,"2025-09-09 00:00:00","2026-04-16 11:56:33"
3363,148,"2023-08-08 00:00:00",270.07,0.00,"2023-08-08 00:00:00","2026-04-16 11:56:33"
3364,295,"2025-10-09 00:00:00",157.33,0.00,"2025-10-09 00:00:00","2026-04-16 11:56:33"
3365,171,"2022-06-20 00:00:00",158.56,0.00,"2022-06-20 00:00:00","2026-04-16 11:56:33"
3366,109,"2025-07-17 00:00:00",38.49,10.00,"2025-07-17 00:00:00","2026-04-16 11:56:33"
3367,6,"2023-04-24 00:00:00",125.21,0.00,"2023-04-24 00:00:00","2026-04-16 11:56:33"
3368,128,"2023-10-11 00:00:00",134.06,0.00,"2023-10-11 00:00:00","2026-04-16 11:56:33"
3369,126,"2023-02-27 00:00:00",161.29,0.00,"2023-02-27 00:00:00","2026-04-16 11:56:33"
3370,237,"2026-03-25 00:00:00",161.16,0.00,"2026-03-25 00:00:00","2026-04-16 11:56:33"
3371,103,"2022-11-19 00:00:00",78.08,0.00,"2022-11-19 00:00:00","2026-04-16 11:56:33"
3372,235,"2025-04-04 00:00:00",48.59,10.00,"2025-04-04 00:00:00","2026-04-16 11:56:33"
3373,218,"2025-01-04 00:00:00",75.23,0.00,"2025-01-04 00:00:00","2026-04-16 11:56:33"
3374,248,"2021-03-15 00:00:00",93.45,0.00,"2021-03-15 00:00:00","2026-04-16 11:56:33"
3375,34,"2025-11-19 00:00:00",30.42,10.00,"2025-11-19 00:00:00","2026-04-16 11:56:33"
3376,129,"2024-05-14 00:00:00",73.85,5.00,"2024-05-14 00:00:00","2026-04-16 11:56:33"
3377,74,"2023-09-04 00:00:00",102.09,0.00,"2023-09-04 00:00:00","2026-04-16 11:56:33"
3378,166,"2024-02-15 00:00:00",190.52,0.00,"2024-02-15 00:00:00","2026-04-16 11:56:33"
3379,27,"2023-06-25 00:00:00",91.18,0.00,"2023-06-25 00:00:00","2026-04-16 11:56:33"
3380,255,"2022-12-20 00:00:00",165.55,0.00,"2022-12-20 00:00:00","2026-04-16 11:56:33"
3381,117,"2025-04-29 00:00:00",137.87,0.00,"2025-04-29 00:00:00","2026-04-16 11:56:33"
3382,102,"2026-01-28 00:00:00",120.24,0.00,"2026-01-28 00:00:00","2026-04-16 11:56:33"
3383,183,"2022-11-02 00:00:00",68.78,5.00,"2022-11-02 00:00:00","2026-04-16 11:56:33"
3384,83,"2025-12-30 00:00:00",24.30,25.00,"2025-12-30 00:00:00","2026-04-16 11:56:33"
3385,7,"2026-02-13 00:00:00",31.40,10.00,"2026-02-13 00:00:00","2026-04-16 11:56:33"
3386,95,"2025-01-23 00:00:00",91.96,0.00,"2025-01-23 00:00:00","2026-04-16 11:56:33"
3387,106,"2022-11-24 00:00:00",90.16,0.00,"2022-11-24 00:00:00","2026-04-16 11:56:33"
3388,264,"2023-08-14 00:00:00",124.38,0.00,"2023-08-14 00:00:00","2026-04-16 11:56:33"
3389,66,"2024-08-24 00:00:00",234.56,0.00,"2024-08-24 00:00:00","2026-04-16 11:56:33"
3390,44,"2026-03-20 00:00:00",127.27,0.00,"2026-03-20 00:00:00","2026-04-16 11:56:33"
3391,279,"2023-05-06 00:00:00",174.46,0.00,"2023-05-06 00:00:00","2026-04-16 11:56:33"
3392,158,"2025-05-14 00:00:00",103.64,0.00,"2025-05-14 00:00:00","2026-04-16 11:56:33"
3393,115,"2024-09-03 00:00:00",173.21,0.00,"2024-09-03 00:00:00","2026-04-16 11:56:33"
3394,291,"2024-07-24 00:00:00",188.59,0.00,"2024-07-24 00:00:00","2026-04-16 11:56:33"
3395,217,"2024-09-25 00:00:00",247.81,0.00,"2024-09-25 00:00:00","2026-04-16 11:56:33"
3396,133,"2025-12-04 00:00:00",166.12,0.00,"2025-12-04 00:00:00","2026-04-16 11:56:33"
3397,160,"2025-02-20 00:00:00",122.94,0.00,"2025-02-20 00:00:00","2026-04-16 11:56:33"
3398,211,"2024-11-10 00:00:00",199.43,0.00,"2024-11-10 00:00:00","2026-04-16 11:56:33"
3399,156,"2025-10-25 00:00:00",224.55,0.00,"2025-10-25 00:00:00","2026-04-16 11:56:33"
3400,116,"2026-01-07 00:00:00",107.58,0.00,"2026-01-07 00:00:00","2026-04-16 11:56:33"
3401,291,"2025-03-10 00:00:00",56.99,5.00,"2025-03-10 00:00:00","2026-04-16 11:56:33"
3402,226,"2025-10-28 00:00:00",124.25,0.00,"2025-10-28 00:00:00","2026-04-16 11:56:33"
3403,120,"2024-06-24 00:00:00",274.53,0.00,"2024-06-24 00:00:00","2026-04-16 11:56:33"
3404,21,"2026-02-27 00:00:00",280.62,0.00,"2026-02-27 00:00:00","2026-04-16 11:56:33"
3405,152,"2025-02-28 00:00:00",141.80,0.00,"2025-02-28 00:00:00","2026-04-16 11:56:33"
3406,2,"2023-06-03 00:00:00",144.52,0.00,"2023-06-03 00:00:00","2026-04-16 11:56:33"
3407,283,"2020-11-08 00:00:00",115.64,0.00,"2020-11-08 00:00:00","2026-04-16 11:56:33"
3408,56,"2023-08-21 00:00:00",55.31,5.00,"2023-08-21 00:00:00","2026-04-16 11:56:33"
3409,206,"2025-09-14 00:00:00",32.46,10.00,"2025-09-14 00:00:00","2026-04-16 11:56:33"
3410,66,"2024-10-31 00:00:00",3.86,25.00,"2024-10-31 00:00:00","2026-04-16 11:56:33"
3411,27,"2025-05-06 00:00:00",7.86,25.00,"2025-05-06 00:00:00","2026-04-16 11:56:33"
3412,27,"2023-11-29 00:00:00",311.58,0.00,"2023-11-29 00:00:00","2026-04-16 11:56:33"
3413,281,"2024-03-29 00:00:00",6.84,25.00,"2024-03-29 00:00:00","2026-04-16 11:56:33"
3414,7,"2025-02-04 00:00:00",113.13,0.00,"2025-02-04 00:00:00","2026-04-16 11:56:33"
3415,136,"2025-05-15 00:00:00",69.48,5.00,"2025-05-15 00:00:00","2026-04-16 11:56:33"
3416,24,"2022-06-14 00:00:00",39.49,10.00,"2022-06-14 00:00:00","2026-04-16 11:56:33"
3417,175,"2025-04-23 00:00:00",83.15,0.00,"2025-04-23 00:00:00","2026-04-16 11:56:33"
3418,95,"2023-01-23 00:00:00",11.65,25.00,"2023-01-23 00:00:00","2026-04-16 11:56:33"
3419,100,"2022-07-24 00:00:00",67.73,5.00,"2022-07-24 00:00:00","2026-04-16 11:56:33"
3420,52,"2026-04-05 00:00:00",363.32,0.00,"2026-04-05 00:00:00","2026-04-16 11:56:33"
3421,194,"2024-04-15 00:00:00",247.54,0.00,"2024-04-15 00:00:00","2026-04-16 11:56:33"
3422,187,"2022-09-24 00:00:00",17.85,25.00,"2022-09-24 00:00:00","2026-04-16 11:56:33"
3423,122,"2025-12-24 00:00:00",23.73,25.00,"2025-12-24 00:00:00","2026-04-16 11:56:33"
3424,151,"2023-06-22 00:00:00",104.00,0.00,"2023-06-22 00:00:00","2026-04-16 11:56:33"
3425,28,"2023-10-10 00:00:00",30.22,10.00,"2023-10-10 00:00:00","2026-04-16 11:56:33"
3426,170,"2025-08-16 00:00:00",78.64,0.00,"2025-08-16 00:00:00","2026-04-16 11:56:33"
3427,82,"2024-04-05 00:00:00",131.47,0.00,"2024-04-05 00:00:00","2026-04-16 11:56:33"
3428,45,"2023-06-19 00:00:00",185.93,0.00,"2023-06-19 00:00:00","2026-04-16 11:56:33"
3429,172,"2025-07-05 00:00:00",26.56,10.00,"2025-07-05 00:00:00","2026-04-16 11:56:33"
3430,217,"2025-10-21 00:00:00",268.30,0.00,"2025-10-21 00:00:00","2026-04-16 11:56:33"
3431,66,"2024-10-25 00:00:00",139.07,0.00,"2024-10-25 00:00:00","2026-04-16 11:56:33"
3432,69,"2025-04-05 00:00:00",321.01,0.00,"2025-04-05 00:00:00","2026-04-16 11:56:33"
3433,132,"2020-06-21 00:00:00",145.16,0.00,"2020-06-21 00:00:00","2026-04-16 11:56:33"
3434,127,"2026-04-15 00:00:00",52.54,5.00,"2026-04-15 00:00:00","2026-04-16 11:56:33"
3435,196,"2026-02-17 00:00:00",259.26,0.00,"2026-02-17 00:00:00","2026-04-16 11:56:33"
3436,72,"2025-09-01 00:00:00",26.43,10.00,"2025-09-01 00:00:00","2026-04-16 11:56:33"
3437,16,"2026-04-15 00:00:00",88.73,0.00,"2026-04-15 00:00:00","2026-04-16 11:56:33"
3438,102,"2024-07-17 00:00:00",142.68,0.00,"2024-07-17 00:00:00","2026-04-16 11:56:33"
3439,92,"2026-02-07 00:00:00",37.40,10.00,"2026-02-07 00:00:00","2026-04-16 11:56:33"
3440,212,"2023-01-11 00:00:00",4.47,25.00,"2023-01-11 00:00:00","2026-04-16 11:56:33"
3441,239,"2025-01-26 00:00:00",95.97,0.00,"2025-01-26 00:00:00","2026-04-16 11:56:33"
3442,213,"2025-02-22 00:00:00",67.09,5.00,"2025-02-22 00:00:00","2026-04-16 11:56:33"
3443,4,"2021-11-11 00:00:00",93.94,0.00,"2021-11-11 00:00:00","2026-04-16 11:56:33"
3444,298,"2026-04-05 00:00:00",129.26,0.00,"2026-04-05 00:00:00","2026-04-16 11:56:33"
3445,99,"2026-03-04 00:00:00",178.64,0.00,"2026-03-04 00:00:00","2026-04-16 11:56:33"
3446,14,"2023-12-05 00:00:00",75.21,0.00,"2023-12-05 00:00:00","2026-04-16 11:56:33"
3447,182,"2025-01-02 00:00:00",273.08,0.00,"2025-01-02 00:00:00","2026-04-16 11:56:33"
3448,295,"2025-08-18 00:00:00",144.13,0.00,"2025-08-18 00:00:00","2026-04-16 11:56:33"
3449,89,"2023-08-08 00:00:00",39.20,10.00,"2023-08-08 00:00:00","2026-04-16 11:56:33"
3450,141,"2024-06-21 00:00:00",174.35,0.00,"2024-06-21 00:00:00","2026-04-16 11:56:33"
3451,71,"2025-10-09 00:00:00",14.22,25.00,"2025-10-09 00:00:00","2026-04-16 11:56:33"
3452,230,"2021-12-11 00:00:00",141.41,0.00,"2021-12-11 00:00:00","2026-04-16 11:56:33"
3453,292,"2024-04-21 00:00:00",99.69,0.00,"2024-04-21 00:00:00","2026-04-16 11:56:33"
3454,267,"2021-12-28 00:00:00",115.15,0.00,"2021-12-28 00:00:00","2026-04-16 11:56:33"
3455,206,"2024-09-25 00:00:00",32.85,10.00,"2024-09-25 00:00:00","2026-04-16 11:56:33"
3456,121,"2022-07-20 00:00:00",99.63,0.00,"2022-07-20 00:00:00","2026-04-16 11:56:33"
3457,231,"2025-09-02 00:00:00",133.00,0.00,"2025-09-02 00:00:00","2026-04-16 11:56:33"
3458,244,"2026-02-21 00:00:00",215.31,0.00,"2026-02-21 00:00:00","2026-04-16 11:56:33"
3459,237,"2026-02-06 00:00:00",86.67,0.00,"2026-02-06 00:00:00","2026-04-16 11:56:33"
3460,206,"2026-03-15 00:00:00",105.40,0.00,"2026-03-15 00:00:00","2026-04-16 11:56:33"
3461,75,"2026-03-27 00:00:00",72.64,5.00,"2026-03-27 00:00:00","2026-04-16 11:56:33"
3462,204,"2026-01-12 00:00:00",315.68,0.00,"2026-01-12 00:00:00","2026-04-16 11:56:33"
3463,232,"2026-02-05 00:00:00",7.59,25.00,"2026-02-05 00:00:00","2026-04-16 11:56:33"
3464,12,"2025-04-02 00:00:00",52.06,5.00,"2025-04-02 00:00:00","2026-04-16 11:56:33"
3465,145,"2025-12-29 00:00:00",203.05,0.00,"2025-12-29 00:00:00","2026-04-16 11:56:33"
3466,275,"2021-03-09 00:00:00",106.86,0.00,"2021-03-09 00:00:00","2026-04-16 11:56:33"
3467,205,"2021-06-30 00:00:00",249.77,0.00,"2021-06-30 00:00:00","2026-04-16 11:56:33"
3468,235,"2026-02-21 00:00:00",26.38,10.00,"2026-02-21 00:00:00","2026-04-16 11:56:33"
3469,235,"2024-08-06 00:00:00",103.88,0.00,"2024-08-06 00:00:00","2026-04-16 11:56:33"
3470,249,"2024-06-30 00:00:00",55.12,5.00,"2024-06-30 00:00:00","2026-04-16 11:56:33"
3471,28,"2023-03-21 00:00:00",6.58,25.00,"2023-03-21 00:00:00","2026-04-16 11:56:33"
3472,292,"2025-08-29 00:00:00",75.54,0.00,"2025-08-29 00:00:00","2026-04-16 11:56:33"
3473,142,"2025-11-26 00:00:00",71.57,5.00,"2025-11-26 00:00:00","2026-04-16 11:56:33"
3474,121,"2023-11-26 00:00:00",185.01,0.00,"2023-11-26 00:00:00","2026-04-16 11:56:33"
3475,87,"2026-03-07 00:00:00",58.71,5.00,"2026-03-07 00:00:00","2026-04-16 11:56:33"
3476,76,"2026-02-03 00:00:00",62.05,5.00,"2026-02-03 00:00:00","2026-04-16 11:56:33"
3477,278,"2026-04-04 00:00:00",300.80,0.00,"2026-04-04 00:00:00","2026-04-16 11:56:33"
3478,54,"2026-01-09 00:00:00",94.12,0.00,"2026-01-09 00:00:00","2026-04-16 11:56:33"
3479,100,"2025-07-05 00:00:00",92.15,0.00,"2025-07-05 00:00:00","2026-04-16 11:56:33"
3480,103,"2023-11-05 00:00:00",63.29,5.00,"2023-11-05 00:00:00","2026-04-16 11:56:33"
3481,113,"2025-06-11 00:00:00",158.81,0.00,"2025-06-11 00:00:00","2026-04-16 11:56:33"
3482,24,"2022-11-14 00:00:00",457.32,0.00,"2022-11-14 00:00:00","2026-04-16 11:56:33"
3483,115,"2024-08-21 00:00:00",257.67,0.00,"2024-08-21 00:00:00","2026-04-16 11:56:33"
3484,265,"2025-06-08 00:00:00",377.74,0.00,"2025-06-08 00:00:00","2026-04-16 11:56:33"
3485,262,"2023-11-03 00:00:00",128.08,0.00,"2023-11-03 00:00:00","2026-04-16 11:56:33"
3486,9,"2025-02-09 00:00:00",57.83,5.00,"2025-02-09 00:00:00","2026-04-16 11:56:33"
3487,234,"2024-04-04 00:00:00",257.72,0.00,"2024-04-04 00:00:00","2026-04-16 11:56:33"
3488,266,"2026-03-29 00:00:00",221.65,0.00,"2026-03-29 00:00:00","2026-04-16 11:56:33"
3489,287,"2022-10-30 00:00:00",211.30,0.00,"2022-10-30 00:00:00","2026-04-16 11:56:33"
3490,279,"2025-09-14 00:00:00",108.93,0.00,"2025-09-14 00:00:00","2026-04-16 11:56:33"
3491,189,"2024-09-26 00:00:00",144.48,0.00,"2024-09-26 00:00:00","2026-04-16 11:56:33"
3492,281,"2025-02-08 00:00:00",41.61,10.00,"2025-02-08 00:00:00","2026-04-16 11:56:33"
3493,281,"2026-04-08 00:00:00",11.20,25.00,"2026-04-08 00:00:00","2026-04-16 11:56:33"
3494,262,"2024-02-17 00:00:00",54.82,5.00,"2024-02-17 00:00:00","2026-04-16 11:56:33"
3495,23,"2025-03-02 00:00:00",172.18,0.00,"2025-03-02 00:00:00","2026-04-16 11:56:33"
3496,225,"2026-01-19 00:00:00",216.95,0.00,"2026-01-19 00:00:00","2026-04-16 11:56:33"
3497,96,"2025-09-26 00:00:00",92.06,0.00,"2025-09-26 00:00:00","2026-04-16 11:56:33"
3498,147,"2021-02-12 00:00:00",5.99,25.00,"2021-02-12 00:00:00","2026-04-16 11:56:33"
3499,196,"2026-01-29 00:00:00",50.27,5.00,"2026-01-29 00:00:00","2026-04-16 11:56:33"
3500,142,"2025-10-25 00:00:00",177.41,0.00,"2025-10-25 00:00:00","2026-04-16 11:56:33"
3501,209,"2024-09-21 00:00:00",341.54,0.00,"2024-09-21 00:00:00","2026-04-16 11:56:33"
3502,166,"2024-11-28 00:00:00",59.61,5.00,"2024-11-28 00:00:00","2026-04-16 11:56:33"
3503,203,"2025-03-13 00:00:00",27.18,10.00,"2025-03-13 00:00:00","2026-04-16 11:56:33"
3504,110,"2025-05-13 00:00:00",169.55,0.00,"2025-05-13 00:00:00","2026-04-16 11:56:33"
3505,221,"2025-06-27 00:00:00",102.74,0.00,"2025-06-27 00:00:00","2026-04-16 11:56:33"
3506,195,"2025-04-12 00:00:00",27.80,10.00,"2025-04-12 00:00:00","2026-04-16 11:56:33"
3507,165,"2024-07-23 00:00:00",32.16,10.00,"2024-07-23 00:00:00","2026-04-16 11:56:33"
3508,142,"2025-01-13 00:00:00",201.83,0.00,"2025-01-13 00:00:00","2026-04-16 11:56:33"
3509,292,"2025-04-02 00:00:00",190.64,0.00,"2025-04-02 00:00:00","2026-04-16 11:56:33"
3510,22,"2024-02-12 00:00:00",126.96,0.00,"2024-02-12 00:00:00","2026-04-16 11:56:33"
3511,127,"2026-04-15 00:00:00",106.79,0.00,"2026-04-15 00:00:00","2026-04-16 11:56:33"
3512,154,"2025-09-04 00:00:00",65.35,5.00,"2025-09-04 00:00:00","2026-04-16 11:56:33"
3513,42,"2025-09-03 00:00:00",100.05,0.00,"2025-09-03 00:00:00","2026-04-16 11:56:33"
3514,258,"2024-12-11 00:00:00",211.81,0.00,"2024-12-11 00:00:00","2026-04-16 11:56:33"
3515,114,"2021-08-10 00:00:00",43.50,10.00,"2021-08-10 00:00:00","2026-04-16 11:56:33"
3516,100,"2022-11-27 00:00:00",23.21,25.00,"2022-11-27 00:00:00","2026-04-16 11:56:33"
3517,256,"2025-01-04 00:00:00",97.53,0.00,"2025-01-04 00:00:00","2026-04-16 11:56:33"
3518,68,"2026-04-06 00:00:00",107.55,0.00,"2026-04-06 00:00:00","2026-04-16 11:56:33"
3519,170,"2023-07-09 00:00:00",137.08,0.00,"2023-07-09 00:00:00","2026-04-16 11:56:33"
3520,287,"2022-12-28 00:00:00",241.54,0.00,"2022-12-28 00:00:00","2026-04-16 11:56:33"
3521,289,"2024-10-04 00:00:00",73.17,5.00,"2024-10-04 00:00:00","2026-04-16 11:56:33"
3522,204,"2026-01-18 00:00:00",28.68,10.00,"2026-01-18 00:00:00","2026-04-16 11:56:33"
3523,192,"2024-08-29 00:00:00",172.08,0.00,"2024-08-29 00:00:00","2026-04-16 11:56:33"
3524,92,"2026-03-17 00:00:00",9.89,25.00,"2026-03-17 00:00:00","2026-04-16 11:56:33"
3525,182,"2024-07-19 00:00:00",61.32,5.00,"2024-07-19 00:00:00","2026-04-16 11:56:33"
3526,247,"2025-03-24 00:00:00",102.23,0.00,"2025-03-24 00:00:00","2026-04-16 11:56:33"
3527,132,"2020-12-10 00:00:00",172.42,0.00,"2020-12-10 00:00:00","2026-04-16 11:56:33"
3528,62,"2024-02-18 00:00:00",226.74,0.00,"2024-02-18 00:00:00","2026-04-16 11:56:33"
3529,4,"2023-01-29 00:00:00",81.94,0.00,"2023-01-29 00:00:00","2026-04-16 11:56:33"
3530,216,"2025-11-20 00:00:00",311.56,0.00,"2025-11-20 00:00:00","2026-04-16 11:56:33"
3531,114,"2021-11-07 00:00:00",78.88,0.00,"2021-11-07 00:00:00","2026-04-16 11:56:33"
3532,197,"2024-07-05 00:00:00",8.20,25.00,"2024-07-05 00:00:00","2026-04-16 11:56:33"
3533,231,"2019-12-30 00:00:00",17.34,25.00,"2019-12-30 00:00:00","2026-04-16 11:56:33"
3534,20,"2022-06-27 00:00:00",277.61,0.00,"2022-06-27 00:00:00","2026-04-16 11:56:33"
3535,33,"2026-04-02 00:00:00",140.34,0.00,"2026-04-02 00:00:00","2026-04-16 11:56:33"
3536,166,"2025-10-10 00:00:00",313.49,0.00,"2025-10-10 00:00:00","2026-04-16 11:56:33"
3537,121,"2024-08-09 00:00:00",49.76,10.00,"2024-08-09 00:00:00","2026-04-16 11:56:33"
3538,135,"2026-03-26 00:00:00",234.81,0.00,"2026-03-26 00:00:00","2026-04-16 11:56:33"
3539,248,"2024-08-12 00:00:00",150.41,0.00,"2024-08-12 00:00:00","2026-04-16 11:56:33"
3540,70,"2026-03-09 00:00:00",172.65,0.00,"2026-03-09 00:00:00","2026-04-16 11:56:33"
3541,225,"2025-07-30 00:00:00",60.54,5.00,"2025-07-30 00:00:00","2026-04-16 11:56:33"
3542,123,"2025-01-06 00:00:00",276.18,0.00,"2025-01-06 00:00:00","2026-04-16 11:56:33"
3543,93,"2022-10-13 00:00:00",292.97,0.00,"2022-10-13 00:00:00","2026-04-16 11:56:33"
3544,241,"2026-02-24 00:00:00",188.76,0.00,"2026-02-24 00:00:00","2026-04-16 11:56:33"
3545,255,"2022-12-07 00:00:00",54.19,5.00,"2022-12-07 00:00:00","2026-04-16 11:56:33"
3546,80,"2025-11-05 00:00:00",156.09,0.00,"2025-11-05 00:00:00","2026-04-16 11:56:33"
3547,274,"2021-07-05 00:00:00",166.01,0.00,"2021-07-05 00:00:00","2026-04-16 11:56:33"
3548,289,"2024-04-18 00:00:00",45.80,10.00,"2024-04-18 00:00:00","2026-04-16 11:56:33"
3549,209,"2024-07-01 00:00:00",47.22,10.00,"2024-07-01 00:00:00","2026-04-16 11:56:33"
3550,219,"2022-03-04 00:00:00",151.10,0.00,"2022-03-04 00:00:00","2026-04-16 11:56:33"
3551,48,"2025-01-15 00:00:00",248.97,0.00,"2025-01-15 00:00:00","2026-04-16 11:56:33"
3552,94,"2025-01-17 00:00:00",254.02,0.00,"2025-01-17 00:00:00","2026-04-16 11:56:33"
3553,201,"2026-03-18 00:00:00",336.63,0.00,"2026-03-18 00:00:00","2026-04-16 11:56:33"
3554,225,"2025-11-10 00:00:00",206.65,0.00,"2025-11-10 00:00:00","2026-04-16 11:56:33"
3555,182,"2024-07-23 00:00:00",117.04,0.00,"2024-07-23 00:00:00","2026-04-16 11:56:33"
3556,263,"2020-04-13 00:00:00",162.40,0.00,"2020-04-13 00:00:00","2026-04-16 11:56:33"
3557,204,"2025-05-11 00:00:00",246.52,0.00,"2025-05-11 00:00:00","2026-04-16 11:56:33"
3558,105,"2025-09-11 00:00:00",170.56,0.00,"2025-09-11 00:00:00","2026-04-16 11:56:33"
3559,272,"2026-04-01 00:00:00",138.75,0.00,"2026-04-01 00:00:00","2026-04-16 11:56:33"
3560,91,"2023-10-29 00:00:00",152.50,0.00,"2023-10-29 00:00:00","2026-04-16 11:56:33"
3561,115,"2023-12-02 00:00:00",87.00,0.00,"2023-12-02 00:00:00","2026-04-16 11:56:33"
3562,111,"2020-12-24 00:00:00",49.37,10.00,"2020-12-24 00:00:00","2026-04-16 11:56:33"
3563,172,"2025-08-04 00:00:00",436.94,0.00,"2025-08-04 00:00:00","2026-04-16 11:56:33"
3564,239,"2024-07-13 00:00:00",233.34,0.00,"2024-07-13 00:00:00","2026-04-16 11:56:33"
3565,145,"2025-07-06 00:00:00",66.80,5.00,"2025-07-06 00:00:00","2026-04-16 11:56:33"
3566,38,"2022-10-27 00:00:00",133.45,0.00,"2022-10-27 00:00:00","2026-04-16 11:56:33"
3567,281,"2025-04-13 00:00:00",276.05,0.00,"2025-04-13 00:00:00","2026-04-16 11:56:33"
3568,226,"2021-04-15 00:00:00",17.75,25.00,"2021-04-15 00:00:00","2026-04-16 11:56:33"
3569,114,"2026-01-03 00:00:00",205.97,0.00,"2026-01-03 00:00:00","2026-04-16 11:56:33"
3570,173,"2025-11-27 00:00:00",75.76,0.00,"2025-11-27 00:00:00","2026-04-16 11:56:33"
3571,300,"2023-11-08 00:00:00",56.28,5.00,"2023-11-08 00:00:00","2026-04-16 11:56:33"
3572,77,"2024-10-05 00:00:00",72.10,5.00,"2024-10-05 00:00:00","2026-04-16 11:56:33"
3573,106,"2024-06-25 00:00:00",62.56,5.00,"2024-06-25 00:00:00","2026-04-16 11:56:33"
3574,248,"2021-07-23 00:00:00",7.88,25.00,"2021-07-23 00:00:00","2026-04-16 11:56:33"
3575,107,"2024-11-21 00:00:00",101.63,0.00,"2024-11-21 00:00:00","2026-04-16 11:56:33"
3576,73,"2024-12-28 00:00:00",22.95,25.00,"2024-12-28 00:00:00","2026-04-16 11:56:33"
3577,254,"2023-12-02 00:00:00",54.60,5.00,"2023-12-02 00:00:00","2026-04-16 11:56:33"
3578,75,"2026-02-19 00:00:00",35.16,10.00,"2026-02-19 00:00:00","2026-04-16 11:56:33"
3579,115,"2024-01-27 00:00:00",27.88,10.00,"2024-01-27 00:00:00","2026-04-16 11:56:33"
3580,222,"2023-08-13 00:00:00",88.84,0.00,"2023-08-13 00:00:00","2026-04-16 11:56:33"
3581,77,"2024-11-28 00:00:00",223.56,0.00,"2024-11-28 00:00:00","2026-04-16 11:56:33"
3582,93,"2025-10-04 00:00:00",121.10,0.00,"2025-10-04 00:00:00","2026-04-16 11:56:33"
3583,74,"2024-01-09 00:00:00",50.55,5.00,"2024-01-09 00:00:00","2026-04-16 11:56:33"
3584,102,"2026-04-08 00:00:00",200.66,0.00,"2026-04-08 00:00:00","2026-04-16 11:56:33"
3585,291,"2025-08-23 00:00:00",239.78,0.00,"2025-08-23 00:00:00","2026-04-16 11:56:33"
3586,28,"2023-08-29 00:00:00",263.71,0.00,"2023-08-29 00:00:00","2026-04-16 11:56:33"
3587,48,"2025-07-28 00:00:00",300.02,0.00,"2025-07-28 00:00:00","2026-04-16 11:56:33"
3588,234,"2024-12-20 00:00:00",112.92,0.00,"2024-12-20 00:00:00","2026-04-16 11:56:33"
3589,265,"2026-02-27 00:00:00",68.88,5.00,"2026-02-27 00:00:00","2026-04-16 11:56:33"
3590,39,"2022-10-21 00:00:00",121.13,0.00,"2022-10-21 00:00:00","2026-04-16 11:56:33"
3591,95,"2024-06-04 00:00:00",9.44,25.00,"2024-06-04 00:00:00","2026-04-16 11:56:33"
3592,220,"2026-02-13 00:00:00",105.70,0.00,"2026-02-13 00:00:00","2026-04-16 11:56:33"
3593,72,"2026-02-01 00:00:00",173.00,0.00,"2026-02-01 00:00:00","2026-04-16 11:56:33"
3594,43,"2025-11-27 00:00:00",125.83,0.00,"2025-11-27 00:00:00","2026-04-16 11:56:33"
3595,94,"2024-12-19 00:00:00",110.44,0.00,"2024-12-19 00:00:00","2026-04-16 11:56:33"
3596,101,"2025-01-05 00:00:00",80.47,0.00,"2025-01-05 00:00:00","2026-04-16 11:56:34"
3597,201,"2026-04-01 00:00:00",17.26,25.00,"2026-04-01 00:00:00","2026-04-16 11:56:34"
3598,114,"2024-04-25 00:00:00",192.67,0.00,"2024-04-25 00:00:00","2026-04-16 11:56:34"
3599,261,"2025-03-06 00:00:00",260.09,0.00,"2025-03-06 00:00:00","2026-04-16 11:56:34"
3600,135,"2026-03-31 00:00:00",76.96,0.00,"2026-03-31 00:00:00","2026-04-16 11:56:34"
3601,124,"2024-03-28 00:00:00",341.35,0.00,"2024-03-28 00:00:00","2026-04-16 11:56:34"
3602,272,"2024-03-13 00:00:00",124.63,0.00,"2024-03-13 00:00:00","2026-04-16 11:56:34"
3603,280,"2024-07-31 00:00:00",316.83,0.00,"2024-07-31 00:00:00","2026-04-16 11:56:34"
3604,149,"2026-04-14 00:00:00",28.35,10.00,"2026-04-14 00:00:00","2026-04-16 11:56:34"
3605,198,"2026-03-20 00:00:00",7.29,25.00,"2026-03-20 00:00:00","2026-04-16 11:56:34"
3606,35,"2021-11-17 00:00:00",167.47,0.00,"2021-11-17 00:00:00","2026-04-16 11:56:34"
3607,177,"2025-11-13 00:00:00",247.69,0.00,"2025-11-13 00:00:00","2026-04-16 11:56:34"
3608,225,"2026-02-05 00:00:00",339.79,0.00,"2026-02-05 00:00:00","2026-04-16 11:56:34"
3609,6,"2025-01-23 00:00:00",204.92,0.00,"2025-01-23 00:00:00","2026-04-16 11:56:34"
3610,49,"2023-09-30 00:00:00",325.15,0.00,"2023-09-30 00:00:00","2026-04-16 11:56:34"
3611,299,"2025-04-15 00:00:00",101.83,0.00,"2025-04-15 00:00:00","2026-04-16 11:56:34"
3612,184,"2026-04-03 00:00:00",95.27,0.00,"2026-04-03 00:00:00","2026-04-16 11:56:34"
3613,167,"2024-07-31 00:00:00",248.86,0.00,"2024-07-31 00:00:00","2026-04-16 11:56:34"
3614,258,"2025-04-29 00:00:00",32.80,10.00,"2025-04-29 00:00:00","2026-04-16 11:56:34"
3615,253,"2023-06-25 00:00:00",145.32,0.00,"2023-06-25 00:00:00","2026-04-16 11:56:34"
3616,92,"2026-01-27 00:00:00",200.34,0.00,"2026-01-27 00:00:00","2026-04-16 11:56:34"
3617,213,"2025-08-27 00:00:00",120.71,0.00,"2025-08-27 00:00:00","2026-04-16 11:56:34"
3618,101,"2025-03-21 00:00:00",32.44,10.00,"2025-03-21 00:00:00","2026-04-16 11:56:34"
3619,5,"2026-02-11 00:00:00",117.74,0.00,"2026-02-11 00:00:00","2026-04-16 11:56:34"
3620,218,"2022-09-01 00:00:00",67.79,5.00,"2022-09-01 00:00:00","2026-04-16 11:56:34"
3621,227,"2026-03-08 00:00:00",16.70,25.00,"2026-03-08 00:00:00","2026-04-16 11:56:34"
3622,69,"2026-03-23 00:00:00",101.38,0.00,"2026-03-23 00:00:00","2026-04-16 11:56:34"
3623,225,"2025-10-21 00:00:00",158.90,0.00,"2025-10-21 00:00:00","2026-04-16 11:56:34"
3624,81,"2025-08-18 00:00:00",27.80,10.00,"2025-08-18 00:00:00","2026-04-16 11:56:34"
3625,284,"2022-07-17 00:00:00",159.32,0.00,"2022-07-17 00:00:00","2026-04-16 11:56:34"
3626,120,"2025-12-10 00:00:00",369.75,0.00,"2025-12-10 00:00:00","2026-04-16 11:56:34"
3627,102,"2021-03-20 00:00:00",128.51,0.00,"2021-03-20 00:00:00","2026-04-16 11:56:34"
3628,12,"2026-03-16 00:00:00",16.00,25.00,"2026-03-16 00:00:00","2026-04-16 11:56:34"
3629,192,"2023-06-19 00:00:00",145.83,0.00,"2023-06-19 00:00:00","2026-04-16 11:56:34"
3630,80,"2024-06-11 00:00:00",70.59,5.00,"2024-06-11 00:00:00","2026-04-16 11:56:34"
3631,246,"2023-02-01 00:00:00",181.95,0.00,"2023-02-01 00:00:00","2026-04-16 11:56:34"
3632,40,"2026-03-27 00:00:00",109.20,0.00,"2026-03-27 00:00:00","2026-04-16 11:56:34"
3633,206,"2023-05-30 00:00:00",58.00,5.00,"2023-05-30 00:00:00","2026-04-16 11:56:34"
3634,68,"2026-01-18 00:00:00",74.88,5.00,"2026-01-18 00:00:00","2026-04-16 11:56:34"
3635,107,"2023-04-18 00:00:00",87.09,0.00,"2023-04-18 00:00:00","2026-04-16 11:56:34"
3636,240,"2025-12-20 00:00:00",234.29,0.00,"2025-12-20 00:00:00","2026-04-16 11:56:34"
3637,16,"2026-04-13 00:00:00",75.61,0.00,"2026-04-13 00:00:00","2026-04-16 11:56:34"
3638,180,"2025-04-08 00:00:00",85.57,0.00,"2025-04-08 00:00:00","2026-04-16 11:56:34"
3639,267,"2025-04-27 00:00:00",217.97,0.00,"2025-04-27 00:00:00","2026-04-16 11:56:34"
3640,300,"2024-10-05 00:00:00",233.01,0.00,"2024-10-05 00:00:00","2026-04-16 11:56:34"
3641,126,"2023-09-20 00:00:00",31.59,10.00,"2023-09-20 00:00:00","2026-04-16 11:56:34"
3642,21,"2025-02-15 00:00:00",272.38,0.00,"2025-02-15 00:00:00","2026-04-16 11:56:34"
3643,277,"2023-05-18 00:00:00",127.54,0.00,"2023-05-18 00:00:00","2026-04-16 11:56:34"
3644,30,"2025-11-03 00:00:00",158.25,0.00,"2025-11-03 00:00:00","2026-04-16 11:56:34"
3645,291,"2025-01-04 00:00:00",41.39,10.00,"2025-01-04 00:00:00","2026-04-16 11:56:34"
3646,142,"2025-02-16 00:00:00",21.84,25.00,"2025-02-16 00:00:00","2026-04-16 11:56:34"
3647,234,"2023-01-13 00:00:00",29.22,10.00,"2023-01-13 00:00:00","2026-04-16 11:56:34"
3648,230,"2020-11-14 00:00:00",182.40,0.00,"2020-11-14 00:00:00","2026-04-16 11:56:34"
3649,191,"2026-03-25 00:00:00",149.46,0.00,"2026-03-25 00:00:00","2026-04-16 11:56:34"
3650,69,"2025-11-06 00:00:00",127.38,0.00,"2025-11-06 00:00:00","2026-04-16 11:56:34"
3651,242,"2021-08-26 00:00:00",98.20,0.00,"2021-08-26 00:00:00","2026-04-16 11:56:34"
3652,95,"2024-10-25 00:00:00",228.92,0.00,"2024-10-25 00:00:00","2026-04-16 11:56:34"
3653,281,"2025-07-31 00:00:00",58.62,5.00,"2025-07-31 00:00:00","2026-04-16 11:56:34"
3654,164,"2024-12-22 00:00:00",250.67,0.00,"2024-12-22 00:00:00","2026-04-16 11:56:34"
3655,108,"2026-04-14 00:00:00",20.36,25.00,"2026-04-14 00:00:00","2026-04-16 11:56:34"
3656,180,"2025-03-10 00:00:00",97.41,0.00,"2025-03-10 00:00:00","2026-04-16 11:56:34"
3657,109,"2024-06-22 00:00:00",26.74,10.00,"2024-06-22 00:00:00","2026-04-16 11:56:34"
3658,126,"2023-02-22 00:00:00",13.26,25.00,"2023-02-22 00:00:00","2026-04-16 11:56:34"
3659,42,"2026-03-17 00:00:00",266.76,0.00,"2026-03-17 00:00:00","2026-04-16 11:56:34"
3660,210,"2025-07-24 00:00:00",37.70,10.00,"2025-07-24 00:00:00","2026-04-16 11:56:34"
3661,178,"2024-01-28 00:00:00",180.66,0.00,"2024-01-28 00:00:00","2026-04-16 11:56:34"
3662,169,"2022-10-24 00:00:00",144.47,0.00,"2022-10-24 00:00:00","2026-04-16 11:56:34"
3663,94,"2025-01-08 00:00:00",48.17,10.00,"2025-01-08 00:00:00","2026-04-16 11:56:34"
3664,164,"2023-10-20 00:00:00",82.20,0.00,"2023-10-20 00:00:00","2026-04-16 11:56:34"
3665,252,"2024-08-12 00:00:00",15.80,25.00,"2024-08-12 00:00:00","2026-04-16 11:56:34"
3666,205,"2020-07-26 00:00:00",198.38,0.00,"2020-07-26 00:00:00","2026-04-16 11:56:34"
3667,277,"2025-08-21 00:00:00",136.40,0.00,"2025-08-21 00:00:00","2026-04-16 11:56:34"
3668,237,"2026-03-11 00:00:00",194.54,0.00,"2026-03-11 00:00:00","2026-04-16 11:56:34"
3669,235,"2024-09-23 00:00:00",60.70,5.00,"2024-09-23 00:00:00","2026-04-16 11:56:34"
3670,186,"2026-04-10 00:00:00",245.98,0.00,"2026-04-10 00:00:00","2026-04-16 11:56:34"
3671,226,"2022-01-03 00:00:00",79.75,0.00,"2022-01-03 00:00:00","2026-04-16 11:56:34"
3672,284,"2024-08-30 00:00:00",60.96,5.00,"2024-08-30 00:00:00","2026-04-16 11:56:34"
3673,261,"2025-08-09 00:00:00",38.82,10.00,"2025-08-09 00:00:00","2026-04-16 11:56:34"
3674,139,"2023-09-26 00:00:00",197.23,0.00,"2023-09-26 00:00:00","2026-04-16 11:56:34"
3675,216,"2024-11-26 00:00:00",172.29,0.00,"2024-11-26 00:00:00","2026-04-16 11:56:34"
3676,38,"2022-10-05 00:00:00",148.93,0.00,"2022-10-05 00:00:00","2026-04-16 11:56:34"
3677,269,"2025-11-15 00:00:00",205.01,0.00,"2025-11-15 00:00:00","2026-04-16 11:56:34"
3678,189,"2025-11-14 00:00:00",191.86,0.00,"2025-11-14 00:00:00","2026-04-16 11:56:34"
3679,298,"2024-09-10 00:00:00",127.46,0.00,"2024-09-10 00:00:00","2026-04-16 11:56:34"
3680,222,"2025-01-24 00:00:00",224.25,0.00,"2025-01-24 00:00:00","2026-04-16 11:56:34"
3681,101,"2025-07-19 00:00:00",54.90,5.00,"2025-07-19 00:00:00","2026-04-16 11:56:34"
3682,3,"2025-08-21 00:00:00",191.89,0.00,"2025-08-21 00:00:00","2026-04-16 11:56:34"
3683,52,"2025-09-25 00:00:00",57.03,5.00,"2025-09-25 00:00:00","2026-04-16 11:56:34"
3684,151,"2023-08-20 00:00:00",16.88,25.00,"2023-08-20 00:00:00","2026-04-16 11:56:34"
3685,245,"2025-05-22 00:00:00",241.50,0.00,"2025-05-22 00:00:00","2026-04-16 11:56:34"
3686,183,"2024-08-11 00:00:00",106.03,0.00,"2024-08-11 00:00:00","2026-04-16 11:56:34"
3687,273,"2024-07-03 00:00:00",68.39,5.00,"2024-07-03 00:00:00","2026-04-16 11:56:34"
3688,167,"2025-01-31 00:00:00",14.03,25.00,"2025-01-31 00:00:00","2026-04-16 11:56:34"
3689,90,"2025-06-21 00:00:00",38.62,10.00,"2025-06-21 00:00:00","2026-04-16 11:56:34"
3690,271,"2022-11-20 00:00:00",256.09,0.00,"2022-11-20 00:00:00","2026-04-16 11:56:34"
3691,164,"2025-10-05 00:00:00",202.88,0.00,"2025-10-05 00:00:00","2026-04-16 11:56:34"
3692,231,"2024-12-03 00:00:00",15.92,25.00,"2024-12-03 00:00:00","2026-04-16 11:56:34"
3693,121,"2022-06-23 00:00:00",241.61,0.00,"2022-06-23 00:00:00","2026-04-16 11:56:34"
3694,296,"2022-05-27 00:00:00",10.59,25.00,"2022-05-27 00:00:00","2026-04-16 11:56:34"
3695,212,"2023-01-22 00:00:00",171.01,0.00,"2023-01-22 00:00:00","2026-04-16 11:56:34"
3696,50,"2023-09-25 00:00:00",160.06,0.00,"2023-09-25 00:00:00","2026-04-16 11:56:34"
3697,120,"2026-01-30 00:00:00",121.84,0.00,"2026-01-30 00:00:00","2026-04-16 11:56:34"
3698,202,"2024-02-03 00:00:00",196.94,0.00,"2024-02-03 00:00:00","2026-04-16 11:56:34"
3699,26,"2026-03-12 00:00:00",181.98,0.00,"2026-03-12 00:00:00","2026-04-16 11:56:34"
3700,40,"2025-06-17 00:00:00",12.65,25.00,"2025-06-17 00:00:00","2026-04-16 11:56:34"
3701,127,"2026-03-27 00:00:00",126.49,0.00,"2026-03-27 00:00:00","2026-04-16 11:56:34"
3702,145,"2025-04-04 00:00:00",57.55,5.00,"2025-04-04 00:00:00","2026-04-16 11:56:34"
3703,62,"2026-01-07 00:00:00",137.07,0.00,"2026-01-07 00:00:00","2026-04-16 11:56:34"
3704,184,"2026-04-03 00:00:00",79.12,0.00,"2026-04-03 00:00:00","2026-04-16 11:56:34"
3705,185,"2023-06-22 00:00:00",31.45,10.00,"2023-06-22 00:00:00","2026-04-16 11:56:34"
3706,212,"2022-09-08 00:00:00",54.50,5.00,"2022-09-08 00:00:00","2026-04-16 11:56:34"
3707,55,"2023-09-22 00:00:00",51.49,5.00,"2023-09-22 00:00:00","2026-04-16 11:56:34"
3708,127,"2025-11-12 00:00:00",38.58,10.00,"2025-11-12 00:00:00","2026-04-16 11:56:34"
3709,233,"2025-06-23 00:00:00",64.24,5.00,"2025-06-23 00:00:00","2026-04-16 11:56:34"
3710,91,"2024-10-30 00:00:00",11.10,25.00,"2024-10-30 00:00:00","2026-04-16 11:56:34"
3711,33,"2026-04-06 00:00:00",187.25,0.00,"2026-04-06 00:00:00","2026-04-16 11:56:34"
3712,111,"2024-12-21 00:00:00",346.81,0.00,"2024-12-21 00:00:00","2026-04-16 11:56:34"
3713,29,"2025-12-28 00:00:00",178.03,0.00,"2025-12-28 00:00:00","2026-04-16 11:56:34"
3714,147,"2025-10-10 00:00:00",129.11,0.00,"2025-10-10 00:00:00","2026-04-16 11:56:34"
3715,134,"2024-11-06 00:00:00",83.04,0.00,"2024-11-06 00:00:00","2026-04-16 11:56:34"
3716,19,"2025-08-21 00:00:00",190.40,0.00,"2025-08-21 00:00:00","2026-04-16 11:56:34"
3717,52,"2026-03-14 00:00:00",166.51,0.00,"2026-03-14 00:00:00","2026-04-16 11:56:34"
3718,59,"2022-09-22 00:00:00",62.80,5.00,"2022-09-22 00:00:00","2026-04-16 11:56:34"
3719,159,"2025-01-13 00:00:00",215.94,0.00,"2025-01-13 00:00:00","2026-04-16 11:56:34"
3720,74,"2024-01-06 00:00:00",237.93,0.00,"2024-01-06 00:00:00","2026-04-16 11:56:34"
3721,189,"2025-05-06 00:00:00",41.50,10.00,"2025-05-06 00:00:00","2026-04-16 11:56:34"
3722,9,"2023-04-18 00:00:00",105.72,0.00,"2023-04-18 00:00:00","2026-04-16 11:56:34"
3723,172,"2025-07-25 00:00:00",34.29,10.00,"2025-07-25 00:00:00","2026-04-16 11:56:34"
3724,96,"2025-05-08 00:00:00",150.59,0.00,"2025-05-08 00:00:00","2026-04-16 11:56:34"
3725,69,"2023-07-24 00:00:00",102.38,0.00,"2023-07-24 00:00:00","2026-04-16 11:56:34"
3726,41,"2025-08-10 00:00:00",38.98,10.00,"2025-08-10 00:00:00","2026-04-16 11:56:34"
3727,55,"2024-09-13 00:00:00",21.03,25.00,"2024-09-13 00:00:00","2026-04-16 11:56:34"
3728,87,"2026-03-01 00:00:00",316.08,0.00,"2026-03-01 00:00:00","2026-04-16 11:56:34"
3729,215,"2023-12-07 00:00:00",18.10,25.00,"2023-12-07 00:00:00","2026-04-16 11:56:34"
3730,129,"2026-03-02 00:00:00",25.85,10.00,"2026-03-02 00:00:00","2026-04-16 11:56:34"
3731,133,"2025-10-30 00:00:00",213.22,0.00,"2025-10-30 00:00:00","2026-04-16 11:56:34"
3732,28,"2023-12-21 00:00:00",109.67,0.00,"2023-12-21 00:00:00","2026-04-16 11:56:34"
3733,233,"2025-04-25 00:00:00",134.46,0.00,"2025-04-25 00:00:00","2026-04-16 11:56:34"
3734,274,"2023-04-04 00:00:00",26.20,10.00,"2023-04-04 00:00:00","2026-04-16 11:56:34"
3735,137,"2026-01-22 00:00:00",333.39,0.00,"2026-01-22 00:00:00","2026-04-16 11:56:34"
3736,237,"2026-03-12 00:00:00",79.43,0.00,"2026-03-12 00:00:00","2026-04-16 11:56:34"
3737,292,"2024-03-18 00:00:00",211.48,0.00,"2024-03-18 00:00:00","2026-04-16 11:56:34"
3738,295,"2025-07-14 00:00:00",174.88,0.00,"2025-07-14 00:00:00","2026-04-16 11:56:34"
3739,224,"2026-02-10 00:00:00",57.58,5.00,"2026-02-10 00:00:00","2026-04-16 11:56:34"
3740,167,"2025-06-07 00:00:00",138.58,0.00,"2025-06-07 00:00:00","2026-04-16 11:56:34"
3741,29,"2025-11-29 00:00:00",130.85,0.00,"2025-11-29 00:00:00","2026-04-16 11:56:34"
3742,227,"2026-02-04 00:00:00",153.46,0.00,"2026-02-04 00:00:00","2026-04-16 11:56:34"
3743,85,"2025-10-22 00:00:00",334.14,0.00,"2025-10-22 00:00:00","2026-04-16 11:56:34"
3744,231,"2022-05-17 00:00:00",220.63,0.00,"2022-05-17 00:00:00","2026-04-16 11:56:34"
3745,104,"2023-09-14 00:00:00",189.58,0.00,"2023-09-14 00:00:00","2026-04-16 11:56:34"
3746,279,"2023-05-21 00:00:00",76.74,0.00,"2023-05-21 00:00:00","2026-04-16 11:56:34"
3747,190,"2025-12-16 00:00:00",58.29,5.00,"2025-12-16 00:00:00","2026-04-16 11:56:34"
3748,197,"2024-12-13 00:00:00",2.75,25.00,"2024-12-13 00:00:00","2026-04-16 11:56:34"
3749,97,"2024-07-03 00:00:00",285.61,0.00,"2024-07-03 00:00:00","2026-04-16 11:56:34"
3750,42,"2025-10-19 00:00:00",70.39,5.00,"2025-10-19 00:00:00","2026-04-16 11:56:34"
3751,19,"2025-12-10 00:00:00",77.02,0.00,"2025-12-10 00:00:00","2026-04-16 11:56:34"
3752,79,"2025-03-19 00:00:00",234.80,0.00,"2025-03-19 00:00:00","2026-04-16 11:56:34"
3753,33,"2026-04-05 00:00:00",151.50,0.00,"2026-04-05 00:00:00","2026-04-16 11:56:34"
3754,267,"2023-03-17 00:00:00",22.18,25.00,"2023-03-17 00:00:00","2026-04-16 11:56:34"
3755,195,"2025-11-06 00:00:00",188.64,0.00,"2025-11-06 00:00:00","2026-04-16 11:56:34"
3756,36,"2025-06-06 00:00:00",155.31,0.00,"2025-06-06 00:00:00","2026-04-16 11:56:34"
3757,182,"2026-01-11 00:00:00",136.59,0.00,"2026-01-11 00:00:00","2026-04-16 11:56:34"
3758,150,"2026-02-25 00:00:00",99.20,0.00,"2026-02-25 00:00:00","2026-04-16 11:56:34"
3759,190,"2026-02-28 00:00:00",15.20,25.00,"2026-02-28 00:00:00","2026-04-16 11:56:34"
3760,177,"2024-05-31 00:00:00",204.09,0.00,"2024-05-31 00:00:00","2026-04-16 11:56:34"
3761,183,"2023-08-28 00:00:00",77.62,0.00,"2023-08-28 00:00:00","2026-04-16 11:56:34"
3762,37,"2025-04-06 00:00:00",229.92,0.00,"2025-04-06 00:00:00","2026-04-16 11:56:34"
3763,4,"2024-03-16 00:00:00",252.86,0.00,"2024-03-16 00:00:00","2026-04-16 11:56:34"
3764,136,"2025-10-26 00:00:00",27.63,10.00,"2025-10-26 00:00:00","2026-04-16 11:56:34"
3765,229,"2026-04-09 00:00:00",36.36,10.00,"2026-04-09 00:00:00","2026-04-16 11:56:34"
3766,237,"2026-03-12 00:00:00",26.50,10.00,"2026-03-12 00:00:00","2026-04-16 11:56:34"
3767,106,"2024-06-30 00:00:00",20.55,25.00,"2024-06-30 00:00:00","2026-04-16 11:56:34"
3768,8,"2026-04-11 00:00:00",210.25,0.00,"2026-04-11 00:00:00","2026-04-16 11:56:34"
3769,14,"2024-02-07 00:00:00",244.65,0.00,"2024-02-07 00:00:00","2026-04-16 11:56:34"
3770,154,"2025-05-13 00:00:00",46.07,10.00,"2025-05-13 00:00:00","2026-04-16 11:56:34"
3771,197,"2025-01-21 00:00:00",108.35,0.00,"2025-01-21 00:00:00","2026-04-16 11:56:34"
3772,125,"2024-03-01 00:00:00",257.56,0.00,"2024-03-01 00:00:00","2026-04-16 11:56:34"
3773,90,"2025-11-22 00:00:00",77.92,0.00,"2025-11-22 00:00:00","2026-04-16 11:56:34"
3774,120,"2025-04-12 00:00:00",58.65,5.00,"2025-04-12 00:00:00","2026-04-16 11:56:34"
3775,278,"2025-12-16 00:00:00",84.12,0.00,"2025-12-16 00:00:00","2026-04-16 11:56:34"
3776,48,"2026-01-23 00:00:00",158.44,0.00,"2026-01-23 00:00:00","2026-04-16 11:56:34"
3777,162,"2025-04-12 00:00:00",160.09,0.00,"2025-04-12 00:00:00","2026-04-16 11:56:34"
3778,90,"2025-08-24 00:00:00",30.92,10.00,"2025-08-24 00:00:00","2026-04-16 11:56:34"
3779,19,"2026-04-11 00:00:00",39.80,10.00,"2026-04-11 00:00:00","2026-04-16 11:56:34"
3780,19,"2026-02-24 00:00:00",174.45,0.00,"2026-02-24 00:00:00","2026-04-16 11:56:34"
3781,76,"2024-11-16 00:00:00",309.12,0.00,"2024-11-16 00:00:00","2026-04-16 11:56:34"
3782,247,"2023-04-02 00:00:00",41.16,10.00,"2023-04-02 00:00:00","2026-04-16 11:56:34"
3783,40,"2026-02-09 00:00:00",198.52,0.00,"2026-02-09 00:00:00","2026-04-16 11:56:34"
3784,152,"2024-11-19 00:00:00",14.76,25.00,"2024-11-19 00:00:00","2026-04-16 11:56:34"
3785,128,"2023-05-23 00:00:00",50.96,5.00,"2023-05-23 00:00:00","2026-04-16 11:56:34"
3786,97,"2025-08-16 00:00:00",71.68,5.00,"2025-08-16 00:00:00","2026-04-16 11:56:34"
3787,41,"2021-02-24 00:00:00",204.94,0.00,"2021-02-24 00:00:00","2026-04-16 11:56:34"
3788,91,"2025-04-30 00:00:00",111.25,0.00,"2025-04-30 00:00:00","2026-04-16 11:56:34"
3789,134,"2022-03-01 00:00:00",320.94,0.00,"2022-03-01 00:00:00","2026-04-16 11:56:34"
3790,174,"2024-09-01 00:00:00",209.87,0.00,"2024-09-01 00:00:00","2026-04-16 11:56:34"
3791,228,"2025-12-12 00:00:00",89.44,0.00,"2025-12-12 00:00:00","2026-04-16 11:56:34"
3792,170,"2024-07-31 00:00:00",177.15,0.00,"2024-07-31 00:00:00","2026-04-16 11:56:34"
3793,182,"2022-01-27 00:00:00",204.09,0.00,"2022-01-27 00:00:00","2026-04-16 11:56:34"
3794,151,"2023-08-26 00:00:00",206.08,0.00,"2023-08-26 00:00:00","2026-04-16 11:56:34"
3795,245,"2026-01-17 00:00:00",173.65,0.00,"2026-01-17 00:00:00","2026-04-16 11:56:34"
3796,286,"2024-08-04 00:00:00",278.93,0.00,"2024-08-04 00:00:00","2026-04-16 11:56:34"
3797,51,"2025-09-10 00:00:00",202.86,0.00,"2025-09-10 00:00:00","2026-04-16 11:56:34"
3798,4,"2021-11-15 00:00:00",114.41,0.00,"2021-11-15 00:00:00","2026-04-16 11:56:34"
3799,210,"2025-04-02 00:00:00",213.24,0.00,"2025-04-02 00:00:00","2026-04-16 11:56:34"
3800,96,"2025-07-16 00:00:00",111.51,0.00,"2025-07-16 00:00:00","2026-04-16 11:56:34"
3801,176,"2025-06-06 00:00:00",397.58,0.00,"2025-06-06 00:00:00","2026-04-16 11:56:34"
3802,194,"2020-10-01 00:00:00",227.83,0.00,"2020-10-01 00:00:00","2026-04-16 11:56:34"
3803,233,"2025-07-10 00:00:00",118.17,0.00,"2025-07-10 00:00:00","2026-04-16 11:56:34"
3804,205,"2021-06-18 00:00:00",59.40,5.00,"2021-06-18 00:00:00","2026-04-16 11:56:34"
3805,132,"2022-01-08 00:00:00",131.32,0.00,"2022-01-08 00:00:00","2026-04-16 11:56:34"
3806,146,"2025-07-29 00:00:00",52.32,5.00,"2025-07-29 00:00:00","2026-04-16 11:56:34"
3807,14,"2024-10-12 00:00:00",286.97,0.00,"2024-10-12 00:00:00","2026-04-16 11:56:34"
3808,300,"2023-11-15 00:00:00",161.05,0.00,"2023-11-15 00:00:00","2026-04-16 11:56:34"
3809,248,"2025-07-31 00:00:00",80.75,0.00,"2025-07-31 00:00:00","2026-04-16 11:56:34"
3810,71,"2025-11-13 00:00:00",129.21,0.00,"2025-11-13 00:00:00","2026-04-16 11:56:34"
3811,294,"2025-02-11 00:00:00",40.25,10.00,"2025-02-11 00:00:00","2026-04-16 11:56:34"
3812,43,"2019-06-24 00:00:00",72.54,5.00,"2019-06-24 00:00:00","2026-04-16 11:56:34"
3813,134,"2022-01-07 00:00:00",37.09,10.00,"2022-01-07 00:00:00","2026-04-16 11:56:34"
3814,158,"2026-03-05 00:00:00",213.83,0.00,"2026-03-05 00:00:00","2026-04-16 11:56:34"
3815,10,"2024-11-21 00:00:00",118.55,0.00,"2024-11-21 00:00:00","2026-04-16 11:56:34"
3816,67,"2020-07-12 00:00:00",303.53,0.00,"2020-07-12 00:00:00","2026-04-16 11:56:34"
3817,69,"2025-06-11 00:00:00",158.80,0.00,"2025-06-11 00:00:00","2026-04-16 11:56:34"
3818,188,"2026-04-06 00:00:00",26.13,10.00,"2026-04-06 00:00:00","2026-04-16 11:56:34"
3819,56,"2024-03-18 00:00:00",203.47,0.00,"2024-03-18 00:00:00","2026-04-16 11:56:34"
3820,93,"2023-01-29 00:00:00",34.64,10.00,"2023-01-29 00:00:00","2026-04-16 11:56:34"
3821,280,"2024-02-13 00:00:00",134.16,0.00,"2024-02-13 00:00:00","2026-04-16 11:56:34"
3822,208,"2021-11-13 00:00:00",110.70,0.00,"2021-11-13 00:00:00","2026-04-16 11:56:34"
3823,142,"2024-06-28 00:00:00",120.85,0.00,"2024-06-28 00:00:00","2026-04-16 11:56:34"
3824,244,"2025-12-25 00:00:00",31.41,10.00,"2025-12-25 00:00:00","2026-04-16 11:56:34"
3825,22,"2024-06-27 00:00:00",192.71,0.00,"2024-06-27 00:00:00","2026-04-16 11:56:34"
3826,12,"2024-03-27 00:00:00",211.58,0.00,"2024-03-27 00:00:00","2026-04-16 11:56:34"
3827,118,"2020-12-03 00:00:00",1.69,25.00,"2020-12-03 00:00:00","2026-04-16 11:56:34"
3828,204,"2026-01-25 00:00:00",328.47,0.00,"2026-01-25 00:00:00","2026-04-16 11:56:34"
3829,45,"2023-09-06 00:00:00",93.75,0.00,"2023-09-06 00:00:00","2026-04-16 11:56:34"
3830,20,"2021-09-01 00:00:00",198.66,0.00,"2021-09-01 00:00:00","2026-04-16 11:56:34"
3831,185,"2023-12-28 00:00:00",77.74,0.00,"2023-12-28 00:00:00","2026-04-16 11:56:34"
3832,195,"2025-12-13 00:00:00",241.03,0.00,"2025-12-13 00:00:00","2026-04-16 11:56:34"
3833,130,"2025-04-09 00:00:00",17.44,25.00,"2025-04-09 00:00:00","2026-04-16 11:56:34"
3834,171,"2022-06-01 00:00:00",65.66,5.00,"2022-06-01 00:00:00","2026-04-16 11:56:34"
3835,288,"2026-01-07 00:00:00",108.24,0.00,"2026-01-07 00:00:00","2026-04-16 11:56:34"
3836,77,"2024-10-10 00:00:00",173.43,0.00,"2024-10-10 00:00:00","2026-04-16 11:56:34"
3837,98,"2025-08-23 00:00:00",148.59,0.00,"2025-08-23 00:00:00","2026-04-16 11:56:34"
3838,233,"2025-07-01 00:00:00",73.64,5.00,"2025-07-01 00:00:00","2026-04-16 11:56:34"
3839,11,"2025-04-26 00:00:00",268.65,0.00,"2025-04-26 00:00:00","2026-04-16 11:56:34"
3840,137,"2026-04-03 00:00:00",58.18,5.00,"2026-04-03 00:00:00","2026-04-16 11:56:34"
3841,87,"2026-02-15 00:00:00",24.15,25.00,"2026-02-15 00:00:00","2026-04-16 11:56:34"
3842,298,"2024-10-04 00:00:00",23.52,25.00,"2024-10-04 00:00:00","2026-04-16 11:56:34"
3843,274,"2021-01-24 00:00:00",141.53,0.00,"2021-01-24 00:00:00","2026-04-16 11:56:34"
3844,262,"2024-04-06 00:00:00",99.33,0.00,"2024-04-06 00:00:00","2026-04-16 11:56:34"
3845,262,"2023-06-15 00:00:00",199.11,0.00,"2023-06-15 00:00:00","2026-04-16 11:56:34"
3846,144,"2020-06-28 00:00:00",58.84,5.00,"2020-06-28 00:00:00","2026-04-16 11:56:34"
3847,120,"2025-02-18 00:00:00",5.64,25.00,"2025-02-18 00:00:00","2026-04-16 11:56:34"
3848,101,"2025-12-19 00:00:00",250.37,0.00,"2025-12-19 00:00:00","2026-04-16 11:56:34"
3849,47,"2023-09-26 00:00:00",212.37,0.00,"2023-09-26 00:00:00","2026-04-16 11:56:34"
3850,119,"2025-06-01 00:00:00",356.26,0.00,"2025-06-01 00:00:00","2026-04-16 11:56:34"
3851,207,"2024-08-02 00:00:00",160.87,0.00,"2024-08-02 00:00:00","2026-04-16 11:56:34"
3852,132,"2022-12-27 00:00:00",5.51,25.00,"2022-12-27 00:00:00","2026-04-16 11:56:34"
3853,88,"2026-02-22 00:00:00",60.30,5.00,"2026-02-22 00:00:00","2026-04-16 11:56:34"
3854,244,"2026-04-04 00:00:00",153.07,0.00,"2026-04-04 00:00:00","2026-04-16 11:56:34"
3855,156,"2025-03-15 00:00:00",31.78,10.00,"2025-03-15 00:00:00","2026-04-16 11:56:34"
3856,130,"2025-02-11 00:00:00",30.41,10.00,"2025-02-11 00:00:00","2026-04-16 11:56:34"
3857,129,"2022-12-10 00:00:00",117.69,0.00,"2022-12-10 00:00:00","2026-04-16 11:56:34"
3858,130,"2025-11-15 00:00:00",93.69,0.00,"2025-11-15 00:00:00","2026-04-16 11:56:34"
3859,63,"2024-05-28 00:00:00",212.52,0.00,"2024-05-28 00:00:00","2026-04-16 11:56:34"
3860,112,"2022-12-19 00:00:00",10.53,25.00,"2022-12-19 00:00:00","2026-04-16 11:56:34"
3861,35,"2023-12-22 00:00:00",190.65,0.00,"2023-12-22 00:00:00","2026-04-16 11:56:34"
3862,42,"2025-05-07 00:00:00",111.59,0.00,"2025-05-07 00:00:00","2026-04-16 11:56:34"
3863,271,"2022-11-25 00:00:00",124.72,0.00,"2022-11-25 00:00:00","2026-04-16 11:56:34"
3864,224,"2023-09-18 00:00:00",183.79,0.00,"2023-09-18 00:00:00","2026-04-16 11:56:34"
3865,276,"2025-10-04 00:00:00",138.44,0.00,"2025-10-04 00:00:00","2026-04-16 11:56:34"
3866,280,"2026-04-12 00:00:00",56.82,5.00,"2026-04-12 00:00:00","2026-04-16 11:56:34"
3867,213,"2025-09-25 00:00:00",145.53,0.00,"2025-09-25 00:00:00","2026-04-16 11:56:34"
3868,2,"2025-03-02 00:00:00",131.44,0.00,"2025-03-02 00:00:00","2026-04-16 11:56:34"
3869,262,"2024-10-09 00:00:00",317.72,0.00,"2024-10-09 00:00:00","2026-04-16 11:56:34"
3870,102,"2023-11-21 00:00:00",18.94,25.00,"2023-11-21 00:00:00","2026-04-16 11:56:34"
3871,3,"2026-03-23 00:00:00",95.69,0.00,"2026-03-23 00:00:00","2026-04-16 11:56:34"
3872,50,"2022-05-01 00:00:00",2.53,25.00,"2022-05-01 00:00:00","2026-04-16 11:56:34"
3873,180,"2025-07-23 00:00:00",126.46,0.00,"2025-07-23 00:00:00","2026-04-16 11:56:34"
3874,119,"2026-01-24 00:00:00",127.65,0.00,"2026-01-24 00:00:00","2026-04-16 11:56:34"
3875,142,"2026-01-11 00:00:00",92.61,0.00,"2026-01-11 00:00:00","2026-04-16 11:56:34"
3876,58,"2022-09-21 00:00:00",54.23,5.00,"2022-09-21 00:00:00","2026-04-16 11:56:34"
3877,199,"2023-05-29 00:00:00",209.70,0.00,"2023-05-29 00:00:00","2026-04-16 11:56:34"
3878,208,"2023-08-17 00:00:00",17.10,25.00,"2023-08-17 00:00:00","2026-04-16 11:56:34"
3879,231,"2023-05-22 00:00:00",103.24,0.00,"2023-05-22 00:00:00","2026-04-16 11:56:34"
3880,285,"2025-09-01 00:00:00",14.55,25.00,"2025-09-01 00:00:00","2026-04-16 11:56:34"
3881,105,"2022-10-12 00:00:00",7.35,25.00,"2022-10-12 00:00:00","2026-04-16 11:56:34"
3882,291,"2026-04-12 00:00:00",181.36,0.00,"2026-04-12 00:00:00","2026-04-16 11:56:34"
3883,225,"2025-12-07 00:00:00",264.33,0.00,"2025-12-07 00:00:00","2026-04-16 11:56:34"
3884,253,"2024-08-19 00:00:00",44.44,10.00,"2024-08-19 00:00:00","2026-04-16 11:56:34"
3885,261,"2026-03-05 00:00:00",24.00,25.00,"2026-03-05 00:00:00","2026-04-16 11:56:34"
3886,77,"2024-10-28 00:00:00",104.29,0.00,"2024-10-28 00:00:00","2026-04-16 11:56:34"
3887,235,"2026-03-20 00:00:00",62.14,5.00,"2026-03-20 00:00:00","2026-04-16 11:56:34"
3888,203,"2024-04-04 00:00:00",116.14,0.00,"2024-04-04 00:00:00","2026-04-16 11:56:34"
3889,83,"2024-08-24 00:00:00",56.85,5.00,"2024-08-24 00:00:00","2026-04-16 11:56:34"
3890,70,"2025-12-08 00:00:00",201.96,0.00,"2025-12-08 00:00:00","2026-04-16 11:56:34"
3891,228,"2024-07-31 00:00:00",13.99,25.00,"2024-07-31 00:00:00","2026-04-16 11:56:34"
3892,262,"2024-07-30 00:00:00",66.01,5.00,"2024-07-30 00:00:00","2026-04-16 11:56:34"
3893,97,"2025-09-24 00:00:00",58.13,5.00,"2025-09-24 00:00:00","2026-04-16 11:56:34"
3894,187,"2022-09-09 00:00:00",320.85,0.00,"2022-09-09 00:00:00","2026-04-16 11:56:34"
3895,192,"2025-02-27 00:00:00",152.16,0.00,"2025-02-27 00:00:00","2026-04-16 11:56:34"
3896,95,"2025-05-09 00:00:00",39.28,10.00,"2025-05-09 00:00:00","2026-04-16 11:56:34"
3897,63,"2024-12-12 00:00:00",64.52,5.00,"2024-12-12 00:00:00","2026-04-16 11:56:34"
3898,290,"2020-10-20 00:00:00",18.00,25.00,"2020-10-20 00:00:00","2026-04-16 11:56:34"
3899,252,"2025-06-17 00:00:00",172.89,0.00,"2025-06-17 00:00:00","2026-04-16 11:56:34"
3900,270,"2024-04-26 00:00:00",80.37,0.00,"2024-04-26 00:00:00","2026-04-16 11:56:34"
3901,254,"2023-04-25 00:00:00",35.27,10.00,"2023-04-25 00:00:00","2026-04-16 11:56:34"
3902,187,"2022-10-12 00:00:00",19.98,25.00,"2022-10-12 00:00:00","2026-04-16 11:56:34"
3903,18,"2026-01-10 00:00:00",70.44,5.00,"2026-01-10 00:00:00","2026-04-16 11:56:34"
3904,204,"2023-12-02 00:00:00",169.36,0.00,"2023-12-02 00:00:00","2026-04-16 11:56:34"
3905,171,"2022-08-22 00:00:00",63.00,5.00,"2022-08-22 00:00:00","2026-04-16 11:56:34"
3906,92,"2025-10-12 00:00:00",24.99,25.00,"2025-10-12 00:00:00","2026-04-16 11:56:34"
3907,81,"2026-02-01 00:00:00",349.30,0.00,"2026-02-01 00:00:00","2026-04-16 11:56:34"
3908,225,"2026-02-09 00:00:00",233.38,0.00,"2026-02-09 00:00:00","2026-04-16 11:56:34"
3909,180,"2025-05-04 00:00:00",77.31,0.00,"2025-05-04 00:00:00","2026-04-16 11:56:34"
3910,87,"2026-02-22 00:00:00",279.78,0.00,"2026-02-22 00:00:00","2026-04-16 11:56:34"
3911,187,"2022-08-24 00:00:00",255.55,0.00,"2022-08-24 00:00:00","2026-04-16 11:56:34"
3912,203,"2025-08-10 00:00:00",157.86,0.00,"2025-08-10 00:00:00","2026-04-16 11:56:34"
3913,291,"2025-06-26 00:00:00",100.13,0.00,"2025-06-26 00:00:00","2026-04-16 11:56:34"
3914,152,"2023-08-23 00:00:00",128.47,0.00,"2023-08-23 00:00:00","2026-04-16 11:56:34"
3915,211,"2025-01-02 00:00:00",157.25,0.00,"2025-01-02 00:00:00","2026-04-16 11:56:34"
3916,120,"2025-05-13 00:00:00",57.77,5.00,"2025-05-13 00:00:00","2026-04-16 11:56:34"
3917,95,"2023-01-18 00:00:00",72.81,5.00,"2023-01-18 00:00:00","2026-04-16 11:56:34"
3918,171,"2023-07-19 00:00:00",53.20,5.00,"2023-07-19 00:00:00","2026-04-16 11:56:34"
3919,285,"2024-01-31 00:00:00",133.27,0.00,"2024-01-31 00:00:00","2026-04-16 11:56:34"
3920,178,"2024-05-25 00:00:00",305.44,0.00,"2024-05-25 00:00:00","2026-04-16 11:56:34"
3921,182,"2021-04-23 00:00:00",150.91,0.00,"2021-04-23 00:00:00","2026-04-16 11:56:34"
3922,22,"2024-06-24 00:00:00",210.05,0.00,"2024-06-24 00:00:00","2026-04-16 11:56:34"
3923,103,"2023-07-31 00:00:00",41.34,10.00,"2023-07-31 00:00:00","2026-04-16 11:56:34"
3924,289,"2026-01-10 00:00:00",83.69,0.00,"2026-01-10 00:00:00","2026-04-16 11:56:34"
3925,154,"2026-02-18 00:00:00",34.96,10.00,"2026-02-18 00:00:00","2026-04-16 11:56:34"
3926,235,"2025-07-14 00:00:00",70.38,5.00,"2025-07-14 00:00:00","2026-04-16 11:56:34"
3927,270,"2020-10-03 00:00:00",198.52,0.00,"2020-10-03 00:00:00","2026-04-16 11:56:34"
3928,279,"2025-09-15 00:00:00",120.86,0.00,"2025-09-15 00:00:00","2026-04-16 11:56:34"
3929,185,"2025-03-10 00:00:00",84.63,0.00,"2025-03-10 00:00:00","2026-04-16 11:56:34"
3930,75,"2026-02-09 00:00:00",17.74,25.00,"2026-02-09 00:00:00","2026-04-16 11:56:34"
3931,92,"2026-04-11 00:00:00",47.65,10.00,"2026-04-11 00:00:00","2026-04-16 11:56:34"
3932,143,"2023-10-03 00:00:00",56.46,5.00,"2023-10-03 00:00:00","2026-04-16 11:56:34"
3933,173,"2025-07-27 00:00:00",158.57,0.00,"2025-07-27 00:00:00","2026-04-16 11:56:34"
3934,261,"2026-04-06 00:00:00",19.77,25.00,"2026-04-06 00:00:00","2026-04-16 11:56:34"
3935,117,"2024-08-24 00:00:00",512.65,0.00,"2024-08-24 00:00:00","2026-04-16 11:56:34"
3936,29,"2026-02-07 00:00:00",73.00,5.00,"2026-02-07 00:00:00","2026-04-16 11:56:34"
3937,244,"2026-03-20 00:00:00",141.94,0.00,"2026-03-20 00:00:00","2026-04-16 11:56:34"
3938,24,"2022-11-08 00:00:00",149.00,0.00,"2022-11-08 00:00:00","2026-04-16 11:56:34"
3939,89,"2023-12-26 00:00:00",205.27,0.00,"2023-12-26 00:00:00","2026-04-16 11:56:34"
3940,200,"2025-05-12 00:00:00",34.10,10.00,"2025-05-12 00:00:00","2026-04-16 11:56:34"
3941,37,"2023-07-07 00:00:00",113.36,0.00,"2023-07-07 00:00:00","2026-04-16 11:56:34"
3942,266,"2026-04-05 00:00:00",281.86,0.00,"2026-04-05 00:00:00","2026-04-16 11:56:34"
3943,135,"2026-02-14 00:00:00",96.39,0.00,"2026-02-14 00:00:00","2026-04-16 11:56:34"
3944,21,"2026-01-07 00:00:00",246.98,0.00,"2026-01-07 00:00:00","2026-04-16 11:56:34"
3945,190,"2026-03-15 00:00:00",47.86,10.00,"2026-03-15 00:00:00","2026-04-16 11:56:34"
3946,70,"2025-12-13 00:00:00",104.77,0.00,"2025-12-13 00:00:00","2026-04-16 11:56:34"
3947,167,"2024-02-05 00:00:00",168.72,0.00,"2024-02-05 00:00:00","2026-04-16 11:56:34"
3948,139,"2025-11-03 00:00:00",74.98,5.00,"2025-11-03 00:00:00","2026-04-16 11:56:34"
3949,57,"2025-08-09 00:00:00",99.60,0.00,"2025-08-09 00:00:00","2026-04-16 11:56:34"
3950,15,"2026-04-03 00:00:00",67.58,5.00,"2026-04-03 00:00:00","2026-04-16 11:56:34"
3951,285,"2026-02-20 00:00:00",193.55,0.00,"2026-02-20 00:00:00","2026-04-16 11:56:34"
3952,76,"2025-04-11 00:00:00",34.61,10.00,"2025-04-11 00:00:00","2026-04-16 11:56:34"
3953,62,"2024-11-13 00:00:00",171.71,0.00,"2024-11-13 00:00:00","2026-04-16 11:56:34"
3954,184,"2026-03-28 00:00:00",355.50,0.00,"2026-03-28 00:00:00","2026-04-16 11:56:34"
3955,71,"2026-01-29 00:00:00",90.38,0.00,"2026-01-29 00:00:00","2026-04-16 11:56:34"
3956,6,"2023-08-04 00:00:00",138.80,0.00,"2023-08-04 00:00:00","2026-04-16 11:56:34"
3957,93,"2023-09-03 00:00:00",86.15,0.00,"2023-09-03 00:00:00","2026-04-16 11:56:34"
3958,224,"2022-03-16 00:00:00",82.31,0.00,"2022-03-16 00:00:00","2026-04-16 11:56:34"
3959,292,"2024-10-14 00:00:00",154.00,0.00,"2024-10-14 00:00:00","2026-04-16 11:56:34"
3960,232,"2025-08-29 00:00:00",201.03,0.00,"2025-08-29 00:00:00","2026-04-16 11:56:34"
3961,222,"2024-07-26 00:00:00",71.43,5.00,"2024-07-26 00:00:00","2026-04-16 11:56:34"
3962,225,"2025-11-12 00:00:00",82.57,0.00,"2025-11-12 00:00:00","2026-04-16 11:56:34"
3963,246,"2023-06-23 00:00:00",77.91,0.00,"2023-06-23 00:00:00","2026-04-16 11:56:34"
3964,280,"2023-05-22 00:00:00",135.55,0.00,"2023-05-22 00:00:00","2026-04-16 11:56:34"
3965,154,"2025-10-03 00:00:00",103.60,0.00,"2025-10-03 00:00:00","2026-04-16 11:56:34"
3966,226,"2023-11-05 00:00:00",26.72,10.00,"2023-11-05 00:00:00","2026-04-16 11:56:34"
3967,261,"2024-02-27 00:00:00",82.77,0.00,"2024-02-27 00:00:00","2026-04-16 11:56:34"
3968,14,"2024-08-09 00:00:00",209.90,0.00,"2024-08-09 00:00:00","2026-04-16 11:56:34"
3969,32,"2023-01-28 00:00:00",3.20,25.00,"2023-01-28 00:00:00","2026-04-16 11:56:34"
3970,260,"2021-11-09 00:00:00",70.47,5.00,"2021-11-09 00:00:00","2026-04-16 11:56:34"
3971,207,"2026-03-26 00:00:00",238.65,0.00,"2026-03-26 00:00:00","2026-04-16 11:56:34"
3972,197,"2025-03-10 00:00:00",29.79,10.00,"2025-03-10 00:00:00","2026-04-16 11:56:34"
3973,273,"2021-08-04 00:00:00",213.76,0.00,"2021-08-04 00:00:00","2026-04-16 11:56:34"
3974,255,"2023-08-05 00:00:00",82.87,0.00,"2023-08-05 00:00:00","2026-04-16 11:56:34"
3975,30,"2025-01-26 00:00:00",214.83,0.00,"2025-01-26 00:00:00","2026-04-16 11:56:34"
3976,282,"2024-08-18 00:00:00",111.24,0.00,"2024-08-18 00:00:00","2026-04-16 11:56:34"
3977,300,"2025-04-16 00:00:00",3.46,25.00,"2025-04-16 00:00:00","2026-04-16 11:56:34"
3978,65,"2025-07-30 00:00:00",44.00,10.00,"2025-07-30 00:00:00","2026-04-16 11:56:34"
3979,49,"2023-09-01 00:00:00",316.33,0.00,"2023-09-01 00:00:00","2026-04-16 11:56:34"
3980,91,"2024-09-29 00:00:00",196.42,0.00,"2024-09-29 00:00:00","2026-04-16 11:56:34"
3981,246,"2022-12-23 00:00:00",83.05,0.00,"2022-12-23 00:00:00","2026-04-16 11:56:34"
3982,119,"2024-10-21 00:00:00",94.93,0.00,"2024-10-21 00:00:00","2026-04-16 11:56:34"
3983,235,"2024-01-10 00:00:00",91.00,0.00,"2024-01-10 00:00:00","2026-04-16 11:56:34"
3984,94,"2024-07-08 00:00:00",121.88,0.00,"2024-07-08 00:00:00","2026-04-16 11:56:34"
3985,180,"2026-02-23 00:00:00",229.08,0.00,"2026-02-23 00:00:00","2026-04-16 11:56:34"
3986,99,"2026-01-04 00:00:00",280.03,0.00,"2026-01-04 00:00:00","2026-04-16 11:56:34"
3987,112,"2025-12-27 00:00:00",43.57,10.00,"2025-12-27 00:00:00","2026-04-16 11:56:34"
3988,238,"2021-04-09 00:00:00",114.08,0.00,"2021-04-09 00:00:00","2026-04-16 11:56:34"
3989,269,"2025-08-15 00:00:00",103.66,0.00,"2025-08-15 00:00:00","2026-04-16 11:56:34"
3990,100,"2024-11-25 00:00:00",119.92,0.00,"2024-11-25 00:00:00","2026-04-16 11:56:34"
3991,129,"2025-07-16 00:00:00",70.67,5.00,"2025-07-16 00:00:00","2026-04-16 11:56:34"
3992,229,"2026-04-10 00:00:00",149.07,0.00,"2026-04-10 00:00:00","2026-04-16 11:56:34"
3993,157,"2022-02-07 00:00:00",14.00,25.00,"2022-02-07 00:00:00","2026-04-16 11:56:34"
3994,137,"2026-03-02 00:00:00",375.16,0.00,"2026-03-02 00:00:00","2026-04-16 11:56:34"
3995,87,"2025-12-12 00:00:00",67.39,5.00,"2025-12-12 00:00:00","2026-04-16 11:56:34"
3996,163,"2025-04-01 00:00:00",14.95,25.00,"2025-04-01 00:00:00","2026-04-16 11:56:34"
3997,96,"2025-03-03 00:00:00",167.87,0.00,"2025-03-03 00:00:00","2026-04-16 11:56:34"
3998,294,"2025-01-20 00:00:00",145.34,0.00,"2025-01-20 00:00:00","2026-04-16 11:56:34"
3999,162,"2023-01-11 00:00:00",112.65,0.00,"2023-01-11 00:00:00","2026-04-16 11:56:34"
4000,138,"2020-10-30 00:00:00",70.73,5.00,"2020-10-30 00:00:00","2026-04-16 11:56:34"
4001,274,"2023-02-05 00:00:00",123.47,0.00,"2023-02-05 00:00:00","2026-04-16 11:56:34"
4002,212,"2022-11-23 00:00:00",320.32,0.00,"2022-11-23 00:00:00","2026-04-16 11:56:34"
4003,117,"2025-10-11 00:00:00",291.82,0.00,"2025-10-11 00:00:00","2026-04-16 11:56:34"
4004,136,"2025-07-19 00:00:00",35.34,10.00,"2025-07-19 00:00:00","2026-04-16 11:56:34"
4005,129,"2023-08-19 00:00:00",235.74,0.00,"2023-08-19 00:00:00","2026-04-16 11:56:34"
4006,88,"2026-01-09 00:00:00",109.29,0.00,"2026-01-09 00:00:00","2026-04-16 11:56:34"
4007,129,"2025-09-27 00:00:00",109.78,0.00,"2025-09-27 00:00:00","2026-04-16 11:56:34"
4008,15,"2023-10-28 00:00:00",79.09,0.00,"2023-10-28 00:00:00","2026-04-16 11:56:34"
4009,234,"2023-08-25 00:00:00",70.52,5.00,"2023-08-25 00:00:00","2026-04-16 11:56:34"
4010,69,"2026-02-03 00:00:00",192.88,0.00,"2026-02-03 00:00:00","2026-04-16 11:56:34"
4011,45,"2022-09-11 00:00:00",63.93,5.00,"2022-09-11 00:00:00","2026-04-16 11:56:34"
4012,253,"2024-08-11 00:00:00",148.13,0.00,"2024-08-11 00:00:00","2026-04-16 11:56:34"
4013,34,"2025-12-16 00:00:00",94.28,0.00,"2025-12-16 00:00:00","2026-04-16 11:56:34"
4014,175,"2026-03-06 00:00:00",43.00,10.00,"2026-03-06 00:00:00","2026-04-16 11:56:34"
4015,75,"2025-11-30 00:00:00",149.88,0.00,"2025-11-30 00:00:00","2026-04-16 11:56:34"
4016,121,"2024-03-06 00:00:00",97.11,0.00,"2024-03-06 00:00:00","2026-04-16 11:56:34"
4017,76,"2024-08-17 00:00:00",30.63,10.00,"2024-08-17 00:00:00","2026-04-16 11:56:34"
4018,229,"2026-04-12 00:00:00",89.34,0.00,"2026-04-12 00:00:00","2026-04-16 11:56:34"
4019,98,"2026-03-15 00:00:00",142.22,0.00,"2026-03-15 00:00:00","2026-04-16 11:56:34"
4020,132,"2021-06-17 00:00:00",214.07,0.00,"2021-06-17 00:00:00","2026-04-16 11:56:34"
4021,37,"2026-01-29 00:00:00",188.00,0.00,"2026-01-29 00:00:00","2026-04-16 11:56:34"
4022,294,"2024-11-20 00:00:00",195.97,0.00,"2024-11-20 00:00:00","2026-04-16 11:56:34"
4023,81,"2022-11-14 00:00:00",85.60,0.00,"2022-11-14 00:00:00","2026-04-16 11:56:34"
4024,236,"2025-10-24 00:00:00",8.98,25.00,"2025-10-24 00:00:00","2026-04-16 11:56:34"
4025,91,"2024-05-29 00:00:00",93.49,0.00,"2024-05-29 00:00:00","2026-04-16 11:56:34"
4026,281,"2026-01-07 00:00:00",181.70,0.00,"2026-01-07 00:00:00","2026-04-16 11:56:34"
4027,55,"2021-12-14 00:00:00",412.29,0.00,"2021-12-14 00:00:00","2026-04-16 11:56:34"
4028,275,"2020-09-19 00:00:00",125.69,0.00,"2020-09-19 00:00:00","2026-04-16 11:56:34"
4029,95,"2025-04-16 00:00:00",64.50,5.00,"2025-04-16 00:00:00","2026-04-16 11:56:34"
4030,117,"2026-01-21 00:00:00",230.59,0.00,"2026-01-21 00:00:00","2026-04-16 11:56:34"
4031,41,"2025-11-05 00:00:00",75.15,0.00,"2025-11-05 00:00:00","2026-04-16 11:56:34"
4032,162,"2024-04-14 00:00:00",119.57,0.00,"2024-04-14 00:00:00","2026-04-16 11:56:34"
4033,55,"2024-08-05 00:00:00",22.79,25.00,"2024-08-05 00:00:00","2026-04-16 11:56:34"
4034,243,"2026-02-09 00:00:00",184.54,0.00,"2026-02-09 00:00:00","2026-04-16 11:56:34"
4035,238,"2024-12-11 00:00:00",8.38,25.00,"2024-12-11 00:00:00","2026-04-16 11:56:34"
4036,20,"2020-12-17 00:00:00",150.86,0.00,"2020-12-17 00:00:00","2026-04-16 11:56:34"
4037,6,"2025-07-21 00:00:00",59.10,5.00,"2025-07-21 00:00:00","2026-04-16 11:56:34"
4038,112,"2026-01-13 00:00:00",320.59,0.00,"2026-01-13 00:00:00","2026-04-16 11:56:34"
4039,39,"2022-07-30 00:00:00",248.96,0.00,"2022-07-30 00:00:00","2026-04-16 11:56:34"
4040,115,"2024-06-20 00:00:00",40.19,10.00,"2024-06-20 00:00:00","2026-04-16 11:56:34"
4041,175,"2025-02-20 00:00:00",125.46,0.00,"2025-02-20 00:00:00","2026-04-16 11:56:34"
4042,242,"2021-05-24 00:00:00",47.17,10.00,"2021-05-24 00:00:00","2026-04-16 11:56:34"
4043,51,"2025-11-24 00:00:00",11.88,25.00,"2025-11-24 00:00:00","2026-04-16 11:56:34"
4044,287,"2022-08-18 00:00:00",27.38,10.00,"2022-08-18 00:00:00","2026-04-16 11:56:34"
4045,116,"2026-03-19 00:00:00",27.26,10.00,"2026-03-19 00:00:00","2026-04-16 11:56:34"
4046,297,"2026-01-03 00:00:00",139.95,0.00,"2026-01-03 00:00:00","2026-04-16 11:56:34"
4047,289,"2023-09-15 00:00:00",94.22,0.00,"2023-09-15 00:00:00","2026-04-16 11:56:34"
4048,56,"2024-09-27 00:00:00",323.53,0.00,"2024-09-27 00:00:00","2026-04-16 11:56:34"
4049,167,"2024-10-19 00:00:00",66.26,5.00,"2024-10-19 00:00:00","2026-04-16 11:56:34"
4050,9,"2025-07-03 00:00:00",212.47,0.00,"2025-07-03 00:00:00","2026-04-16 11:56:34"
4051,37,"2023-09-06 00:00:00",133.75,0.00,"2023-09-06 00:00:00","2026-04-16 11:56:34"
4052,80,"2025-08-17 00:00:00",228.53,0.00,"2025-08-17 00:00:00","2026-04-16 11:56:34"
4053,291,"2025-06-26 00:00:00",17.78,25.00,"2025-06-26 00:00:00","2026-04-16 11:56:34"
4054,218,"2026-04-05 00:00:00",67.45,5.00,"2026-04-05 00:00:00","2026-04-16 11:56:34"
4055,257,"2025-12-26 00:00:00",82.48,0.00,"2025-12-26 00:00:00","2026-04-16 11:56:34"
4056,289,"2026-03-07 00:00:00",109.65,0.00,"2026-03-07 00:00:00","2026-04-16 11:56:34"
4057,239,"2026-03-31 00:00:00",124.37,0.00,"2026-03-31 00:00:00","2026-04-16 11:56:34"
4058,277,"2024-12-20 00:00:00",298.22,0.00,"2024-12-20 00:00:00","2026-04-16 11:56:34"
4059,134,"2025-02-24 00:00:00",183.02,0.00,"2025-02-24 00:00:00","2026-04-16 11:56:34"
4060,160,"2024-03-23 00:00:00",191.48,0.00,"2024-03-23 00:00:00","2026-04-16 11:56:34"
4061,238,"2024-12-27 00:00:00",101.63,0.00,"2024-12-27 00:00:00","2026-04-16 11:56:34"
4062,142,"2024-10-05 00:00:00",105.43,0.00,"2024-10-05 00:00:00","2026-04-16 11:56:34"
4063,113,"2025-05-21 00:00:00",226.03,0.00,"2025-05-21 00:00:00","2026-04-16 11:56:34"
4064,44,"2026-03-16 00:00:00",276.05,0.00,"2026-03-16 00:00:00","2026-04-16 11:56:34"
4065,220,"2025-05-29 00:00:00",64.26,5.00,"2025-05-29 00:00:00","2026-04-16 11:56:34"
4066,94,"2025-02-14 00:00:00",298.33,0.00,"2025-02-14 00:00:00","2026-04-16 11:56:34"
4067,74,"2024-02-21 00:00:00",34.14,10.00,"2024-02-21 00:00:00","2026-04-16 11:56:34"
4068,189,"2025-01-20 00:00:00",107.55,0.00,"2025-01-20 00:00:00","2026-04-16 11:56:34"
4069,234,"2024-06-08 00:00:00",15.13,25.00,"2024-06-08 00:00:00","2026-04-16 11:56:34"
4070,266,"2026-02-20 00:00:00",265.71,0.00,"2026-02-20 00:00:00","2026-04-16 11:56:34"
4071,70,"2025-06-22 00:00:00",17.04,25.00,"2025-06-22 00:00:00","2026-04-16 11:56:34"
4072,205,"2023-11-30 00:00:00",94.78,0.00,"2023-11-30 00:00:00","2026-04-16 11:56:34"
4073,251,"2026-03-14 00:00:00",204.02,0.00,"2026-03-14 00:00:00","2026-04-16 11:56:34"
4074,265,"2024-07-23 00:00:00",108.23,0.00,"2024-07-23 00:00:00","2026-04-16 11:56:34"
4075,55,"2023-06-19 00:00:00",24.55,25.00,"2023-06-19 00:00:00","2026-04-16 11:56:34"
4076,293,"2024-03-17 00:00:00",65.08,5.00,"2024-03-17 00:00:00","2026-04-16 11:56:34"
4077,21,"2025-10-23 00:00:00",50.51,5.00,"2025-10-23 00:00:00","2026-04-16 11:56:34"
4078,247,"2023-05-19 00:00:00",123.97,0.00,"2023-05-19 00:00:00","2026-04-16 11:56:34"
4079,237,"2026-04-01 00:00:00",103.26,0.00,"2026-04-01 00:00:00","2026-04-16 11:56:34"
4080,297,"2025-04-30 00:00:00",171.90,0.00,"2025-04-30 00:00:00","2026-04-16 11:56:34"
4081,278,"2026-04-02 00:00:00",29.16,10.00,"2026-04-02 00:00:00","2026-04-16 11:56:34"
4082,147,"2024-10-16 00:00:00",51.52,5.00,"2024-10-16 00:00:00","2026-04-16 11:56:34"
4083,100,"2022-04-09 00:00:00",27.32,10.00,"2022-04-09 00:00:00","2026-04-16 11:56:34"
4084,28,"2023-04-06 00:00:00",92.52,0.00,"2023-04-06 00:00:00","2026-04-16 11:56:34"
4085,8,"2025-08-10 00:00:00",143.41,0.00,"2025-08-10 00:00:00","2026-04-16 11:56:34"
4086,69,"2025-02-27 00:00:00",69.17,5.00,"2025-02-27 00:00:00","2026-04-16 11:56:34"
4087,220,"2025-08-08 00:00:00",228.08,0.00,"2025-08-08 00:00:00","2026-04-16 11:56:34"
4088,270,"2021-08-04 00:00:00",155.97,0.00,"2021-08-04 00:00:00","2026-04-16 11:56:34"
4089,108,"2026-04-14 00:00:00",32.09,10.00,"2026-04-14 00:00:00","2026-04-16 11:56:34"
4090,145,"2025-11-24 00:00:00",216.13,0.00,"2025-11-24 00:00:00","2026-04-16 11:56:34"
4091,93,"2024-09-05 00:00:00",143.92,0.00,"2024-09-05 00:00:00","2026-04-16 11:56:34"
4092,185,"2023-03-19 00:00:00",7.18,25.00,"2023-03-19 00:00:00","2026-04-16 11:56:34"
4093,1,"2025-07-09 00:00:00",5.33,25.00,"2025-07-09 00:00:00","2026-04-16 11:56:34"
4094,5,"2026-02-28 00:00:00",95.18,0.00,"2026-02-28 00:00:00","2026-04-16 11:56:34"
4095,272,"2024-12-19 00:00:00",267.79,0.00,"2024-12-19 00:00:00","2026-04-16 11:56:34"
4096,291,"2025-11-14 00:00:00",185.39,0.00,"2025-11-14 00:00:00","2026-04-16 11:56:34"
4097,6,"2025-11-23 00:00:00",25.39,10.00,"2025-11-23 00:00:00","2026-04-16 11:56:34"
4098,162,"2022-05-24 00:00:00",247.66,0.00,"2022-05-24 00:00:00","2026-04-16 11:56:34"
4099,99,"2025-11-22 00:00:00",77.93,0.00,"2025-11-22 00:00:00","2026-04-16 11:56:34"
4100,101,"2024-03-30 00:00:00",274.41,0.00,"2024-03-30 00:00:00","2026-04-16 11:56:34"
4101,158,"2025-06-14 00:00:00",248.83,0.00,"2025-06-14 00:00:00","2026-04-16 11:56:34"
4102,116,"2025-12-29 00:00:00",64.23,5.00,"2025-12-29 00:00:00","2026-04-16 11:56:34"
4103,121,"2024-11-27 00:00:00",186.77,0.00,"2024-11-27 00:00:00","2026-04-16 11:56:34"
4104,99,"2025-07-31 00:00:00",321.28,0.00,"2025-07-31 00:00:00","2026-04-16 11:56:34"
4105,83,"2026-01-18 00:00:00",332.03,0.00,"2026-01-18 00:00:00","2026-04-16 11:56:34"
4106,67,"2023-09-02 00:00:00",46.32,10.00,"2023-09-02 00:00:00","2026-04-16 11:56:34"
4107,89,"2025-04-24 00:00:00",92.19,0.00,"2025-04-24 00:00:00","2026-04-16 11:56:34"
4108,272,"2025-09-26 00:00:00",274.10,0.00,"2025-09-26 00:00:00","2026-04-16 11:56:34"
4109,133,"2022-08-28 00:00:00",181.77,0.00,"2022-08-28 00:00:00","2026-04-16 11:56:34"
4110,241,"2026-04-03 00:00:00",274.26,0.00,"2026-04-03 00:00:00","2026-04-16 11:56:34"
4111,258,"2024-12-13 00:00:00",13.56,25.00,"2024-12-13 00:00:00","2026-04-16 11:56:34"
4112,26,"2024-09-09 00:00:00",63.01,5.00,"2024-09-09 00:00:00","2026-04-16 11:56:34"
4113,299,"2022-04-23 00:00:00",9.90,25.00,"2022-04-23 00:00:00","2026-04-16 11:56:34"
4114,171,"2024-12-07 00:00:00",191.20,0.00,"2024-12-07 00:00:00","2026-04-16 11:56:34"
4115,275,"2022-04-18 00:00:00",80.76,0.00,"2022-04-18 00:00:00","2026-04-16 11:56:34"
4116,147,"2024-04-04 00:00:00",45.09,10.00,"2024-04-04 00:00:00","2026-04-16 11:56:34"
4117,267,"2021-12-15 00:00:00",225.31,0.00,"2021-12-15 00:00:00","2026-04-16 11:56:34"
4118,250,"2022-09-21 00:00:00",130.13,0.00,"2022-09-21 00:00:00","2026-04-16 11:56:34"
4119,270,"2023-03-04 00:00:00",4.56,25.00,"2023-03-04 00:00:00","2026-04-16 11:56:34"
4120,208,"2025-02-27 00:00:00",51.79,5.00,"2025-02-27 00:00:00","2026-04-16 11:56:34"
4121,244,"2026-03-19 00:00:00",287.39,0.00,"2026-03-19 00:00:00","2026-04-16 11:56:34"
4122,269,"2024-12-15 00:00:00",27.18,10.00,"2024-12-15 00:00:00","2026-04-16 11:56:34"
4123,99,"2025-09-27 00:00:00",98.86,0.00,"2025-09-27 00:00:00","2026-04-16 11:56:34"
4124,173,"2025-10-31 00:00:00",228.83,0.00,"2025-10-31 00:00:00","2026-04-16 11:56:34"
4125,20,"2022-05-29 00:00:00",31.74,10.00,"2022-05-29 00:00:00","2026-04-16 11:56:34"
4126,69,"2022-11-27 00:00:00",49.78,10.00,"2022-11-27 00:00:00","2026-04-16 11:56:34"
4127,10,"2025-03-29 00:00:00",84.65,0.00,"2025-03-29 00:00:00","2026-04-16 11:56:34"
4128,190,"2025-07-08 00:00:00",158.42,0.00,"2025-07-08 00:00:00","2026-04-16 11:56:34"
4129,25,"2025-06-02 00:00:00",16.23,25.00,"2025-06-02 00:00:00","2026-04-16 11:56:34"
4130,111,"2024-04-18 00:00:00",9.00,25.00,"2024-04-18 00:00:00","2026-04-16 11:56:34"
4131,171,"2025-11-15 00:00:00",12.28,25.00,"2025-11-15 00:00:00","2026-04-16 11:56:34"
4132,91,"2025-06-13 00:00:00",38.75,10.00,"2025-06-13 00:00:00","2026-04-16 11:56:34"
4133,5,"2026-04-09 00:00:00",44.02,10.00,"2026-04-09 00:00:00","2026-04-16 11:56:34"
4134,43,"2023-07-14 00:00:00",266.84,0.00,"2023-07-14 00:00:00","2026-04-16 11:56:34"
4135,234,"2024-04-26 00:00:00",237.81,0.00,"2024-04-26 00:00:00","2026-04-16 11:56:34"
4136,32,"2023-10-08 00:00:00",33.18,10.00,"2023-10-08 00:00:00","2026-04-16 11:56:34"
4137,295,"2026-02-27 00:00:00",27.66,10.00,"2026-02-27 00:00:00","2026-04-16 11:56:34"
4138,203,"2025-07-14 00:00:00",227.61,0.00,"2025-07-14 00:00:00","2026-04-16 11:56:34"
4139,235,"2025-10-20 00:00:00",233.22,0.00,"2025-10-20 00:00:00","2026-04-16 11:56:34"
4140,280,"2025-10-29 00:00:00",21.48,25.00,"2025-10-29 00:00:00","2026-04-16 11:56:34"
4141,151,"2023-10-09 00:00:00",218.40,0.00,"2023-10-09 00:00:00","2026-04-16 11:56:34"
4142,132,"2022-10-11 00:00:00",19.10,25.00,"2022-10-11 00:00:00","2026-04-16 11:56:34"
4143,48,"2025-04-09 00:00:00",131.92,0.00,"2025-04-09 00:00:00","2026-04-16 11:56:34"
4144,91,"2025-05-14 00:00:00",104.86,0.00,"2025-05-14 00:00:00","2026-04-16 11:56:34"
4145,101,"2024-10-07 00:00:00",79.00,0.00,"2024-10-07 00:00:00","2026-04-16 11:56:34"
4146,121,"2024-02-06 00:00:00",78.32,0.00,"2024-02-06 00:00:00","2026-04-16 11:56:34"
4147,287,"2021-10-31 00:00:00",100.76,0.00,"2021-10-31 00:00:00","2026-04-16 11:56:34"
4148,208,"2024-02-17 00:00:00",48.14,10.00,"2024-02-17 00:00:00","2026-04-16 11:56:34"
4149,104,"2025-10-22 00:00:00",41.82,10.00,"2025-10-22 00:00:00","2026-04-16 11:56:34"
4150,190,"2025-12-13 00:00:00",88.81,0.00,"2025-12-13 00:00:00","2026-04-16 11:56:34"
4151,204,"2026-04-04 00:00:00",309.02,0.00,"2026-04-04 00:00:00","2026-04-16 11:56:34"
4152,232,"2025-11-19 00:00:00",82.77,0.00,"2025-11-19 00:00:00","2026-04-16 11:56:34"
4153,64,"2025-08-16 00:00:00",223.50,0.00,"2025-08-16 00:00:00","2026-04-16 11:56:34"
4154,168,"2024-04-22 00:00:00",113.32,0.00,"2024-04-22 00:00:00","2026-04-16 11:56:34"
4155,30,"2023-04-16 00:00:00",166.42,0.00,"2023-04-16 00:00:00","2026-04-16 11:56:34"
4156,187,"2022-10-14 00:00:00",71.91,5.00,"2022-10-14 00:00:00","2026-04-16 11:56:34"
4157,231,"2026-02-19 00:00:00",308.10,0.00,"2026-02-19 00:00:00","2026-04-16 11:56:34"
4158,40,"2025-06-16 00:00:00",226.55,0.00,"2025-06-16 00:00:00","2026-04-16 11:56:34"
4159,251,"2026-03-17 00:00:00",63.57,5.00,"2026-03-17 00:00:00","2026-04-16 11:56:34"
4160,69,"2024-12-14 00:00:00",93.17,0.00,"2024-12-14 00:00:00","2026-04-16 11:56:34"
4161,37,"2020-12-14 00:00:00",210.15,0.00,"2020-12-14 00:00:00","2026-04-16 11:56:34"
4162,294,"2023-06-28 00:00:00",180.24,0.00,"2023-06-28 00:00:00","2026-04-16 11:56:34"
4163,155,"2025-09-02 00:00:00",179.40,0.00,"2025-09-02 00:00:00","2026-04-16 11:56:34"
4164,206,"2025-11-19 00:00:00",23.89,25.00,"2025-11-19 00:00:00","2026-04-16 11:56:34"
4165,278,"2026-03-27 00:00:00",106.69,0.00,"2026-03-27 00:00:00","2026-04-16 11:56:34"
4166,112,"2020-11-07 00:00:00",17.24,25.00,"2020-11-07 00:00:00","2026-04-16 11:56:34"
4167,76,"2024-05-19 00:00:00",89.92,0.00,"2024-05-19 00:00:00","2026-04-16 11:56:34"
4168,101,"2025-07-05 00:00:00",57.25,5.00,"2025-07-05 00:00:00","2026-04-16 11:56:34"
4169,175,"2026-01-31 00:00:00",71.88,5.00,"2026-01-31 00:00:00","2026-04-16 11:56:34"
4170,199,"2025-02-17 00:00:00",70.18,5.00,"2025-02-17 00:00:00","2026-04-16 11:56:34"
4171,3,"2025-10-08 00:00:00",62.20,5.00,"2025-10-08 00:00:00","2026-04-16 11:56:34"
4172,263,"2020-04-12 00:00:00",60.30,5.00,"2020-04-12 00:00:00","2026-04-16 11:56:34"
4173,152,"2024-06-05 00:00:00",7.25,25.00,"2024-06-05 00:00:00","2026-04-16 11:56:34"
4174,208,"2023-04-11 00:00:00",34.98,10.00,"2023-04-11 00:00:00","2026-04-16 11:56:34"
4175,1,"2026-01-15 00:00:00",85.73,0.00,"2026-01-15 00:00:00","2026-04-16 11:56:34"
4176,207,"2025-07-19 00:00:00",169.84,0.00,"2025-07-19 00:00:00","2026-04-16 11:56:34"
4177,265,"2025-07-13 00:00:00",23.75,25.00,"2025-07-13 00:00:00","2026-04-16 11:56:34"
4178,36,"2024-01-17 00:00:00",72.46,5.00,"2024-01-17 00:00:00","2026-04-16 11:56:34"
4179,181,"2025-04-30 00:00:00",140.51,0.00,"2025-04-30 00:00:00","2026-04-16 11:56:34"
4180,64,"2025-08-26 00:00:00",129.73,0.00,"2025-08-26 00:00:00","2026-04-16 11:56:34"
4181,136,"2026-01-30 00:00:00",90.85,0.00,"2026-01-30 00:00:00","2026-04-16 11:56:34"
4182,74,"2024-03-03 00:00:00",89.56,0.00,"2024-03-03 00:00:00","2026-04-16 11:56:34"
4183,179,"2025-05-29 00:00:00",162.97,0.00,"2025-05-29 00:00:00","2026-04-16 11:56:34"
4184,34,"2025-11-26 00:00:00",243.94,0.00,"2025-11-26 00:00:00","2026-04-16 11:56:34"
4185,46,"2026-02-11 00:00:00",88.37,0.00,"2026-02-11 00:00:00","2026-04-16 11:56:34"
4186,16,"2026-04-12 00:00:00",35.77,10.00,"2026-04-12 00:00:00","2026-04-16 11:56:34"
4187,178,"2020-08-17 00:00:00",154.27,0.00,"2020-08-17 00:00:00","2026-04-16 11:56:34"
4188,34,"2025-10-19 00:00:00",29.84,10.00,"2025-10-19 00:00:00","2026-04-16 11:56:34"
4189,78,"2026-03-22 00:00:00",111.47,0.00,"2026-03-22 00:00:00","2026-04-16 11:56:34"
4190,203,"2023-10-13 00:00:00",114.39,0.00,"2023-10-13 00:00:00","2026-04-16 11:56:34"
4191,240,"2025-03-12 00:00:00",19.00,25.00,"2025-03-12 00:00:00","2026-04-16 11:56:34"
4192,25,"2025-01-21 00:00:00",82.86,0.00,"2025-01-21 00:00:00","2026-04-16 11:56:34"
4193,15,"2021-11-19 00:00:00",122.49,0.00,"2021-11-19 00:00:00","2026-04-16 11:56:34"
4194,147,"2024-02-08 00:00:00",200.93,0.00,"2024-02-08 00:00:00","2026-04-16 11:56:34"
4195,128,"2023-07-25 00:00:00",14.85,25.00,"2023-07-25 00:00:00","2026-04-16 11:56:34"
4196,24,"2022-06-27 00:00:00",81.33,0.00,"2022-06-27 00:00:00","2026-04-16 11:56:34"
4197,100,"2023-08-11 00:00:00",22.16,25.00,"2023-08-11 00:00:00","2026-04-16 11:56:34"
4198,224,"2023-09-07 00:00:00",174.96,0.00,"2023-09-07 00:00:00","2026-04-16 11:56:34"
4199,43,"2025-02-08 00:00:00",235.82,0.00,"2025-02-08 00:00:00","2026-04-16 11:56:34"
4200,67,"2026-03-23 00:00:00",34.02,10.00,"2026-03-23 00:00:00","2026-04-16 11:56:34"
4201,286,"2025-06-16 00:00:00",55.33,5.00,"2025-06-16 00:00:00","2026-04-16 11:56:34"
4202,74,"2022-12-30 00:00:00",120.05,0.00,"2022-12-30 00:00:00","2026-04-16 11:56:34"
4203,87,"2026-03-18 00:00:00",172.79,0.00,"2026-03-18 00:00:00","2026-04-16 11:56:34"
4204,163,"2026-03-27 00:00:00",109.62,0.00,"2026-03-27 00:00:00","2026-04-16 11:56:34"
4205,278,"2026-01-01 00:00:00",93.78,0.00,"2026-01-01 00:00:00","2026-04-16 11:56:34"
4206,271,"2022-04-24 00:00:00",253.47,0.00,"2022-04-24 00:00:00","2026-04-16 11:56:34"
4207,128,"2023-08-31 00:00:00",279.02,0.00,"2023-08-31 00:00:00","2026-04-16 11:56:34"
4208,138,"2020-12-25 00:00:00",68.62,5.00,"2020-12-25 00:00:00","2026-04-16 11:56:34"
4209,173,"2025-11-11 00:00:00",46.71,10.00,"2025-11-11 00:00:00","2026-04-16 11:56:34"
4210,227,"2026-03-12 00:00:00",142.48,0.00,"2026-03-12 00:00:00","2026-04-16 11:56:34"
4211,234,"2021-09-17 00:00:00",211.48,0.00,"2021-09-17 00:00:00","2026-04-16 11:56:34"
4212,56,"2023-09-06 00:00:00",142.70,0.00,"2023-09-06 00:00:00","2026-04-16 11:56:34"
4213,274,"2023-02-13 00:00:00",171.45,0.00,"2023-02-13 00:00:00","2026-04-16 11:56:34"
4214,253,"2024-04-11 00:00:00",113.59,0.00,"2024-04-11 00:00:00","2026-04-16 11:56:34"
4215,286,"2024-06-20 00:00:00",35.64,10.00,"2024-06-20 00:00:00","2026-04-16 11:56:34"
4216,168,"2025-07-09 00:00:00",40.85,10.00,"2025-07-09 00:00:00","2026-04-16 11:56:34"
4217,127,"2025-12-19 00:00:00",135.83,0.00,"2025-12-19 00:00:00","2026-04-16 11:56:34"
4218,87,"2026-03-09 00:00:00",131.35,0.00,"2026-03-09 00:00:00","2026-04-16 11:56:34"
4219,241,"2026-03-12 00:00:00",60.74,5.00,"2026-03-12 00:00:00","2026-04-16 11:56:34"
4220,189,"2025-05-31 00:00:00",63.03,5.00,"2025-05-31 00:00:00","2026-04-16 11:56:34"
4221,184,"2026-03-31 00:00:00",141.94,0.00,"2026-03-31 00:00:00","2026-04-16 11:56:34"
4222,246,"2024-08-07 00:00:00",208.66,0.00,"2024-08-07 00:00:00","2026-04-16 11:56:34"
4223,187,"2022-09-24 00:00:00",102.88,0.00,"2022-09-24 00:00:00","2026-04-16 11:56:34"
4224,95,"2023-10-04 00:00:00",161.41,0.00,"2023-10-04 00:00:00","2026-04-16 11:56:34"
4225,151,"2023-08-31 00:00:00",186.96,0.00,"2023-08-31 00:00:00","2026-04-16 11:56:34"
4226,236,"2023-03-01 00:00:00",119.28,0.00,"2023-03-01 00:00:00","2026-04-16 11:56:34"
4227,214,"2024-09-02 00:00:00",210.97,0.00,"2024-09-02 00:00:00","2026-04-16 11:56:34"
4228,279,"2025-06-19 00:00:00",43.22,10.00,"2025-06-19 00:00:00","2026-04-16 11:56:34"
4229,50,"2024-03-16 00:00:00",56.13,5.00,"2024-03-16 00:00:00","2026-04-16 11:56:34"
4230,232,"2025-10-05 00:00:00",180.48,0.00,"2025-10-05 00:00:00","2026-04-16 11:56:34"
4231,94,"2025-02-20 00:00:00",102.80,0.00,"2025-02-20 00:00:00","2026-04-16 11:56:34"
4232,14,"2024-04-29 00:00:00",162.55,0.00,"2024-04-29 00:00:00","2026-04-16 11:56:34"
4233,137,"2026-03-07 00:00:00",52.02,5.00,"2026-03-07 00:00:00","2026-04-16 11:56:34"
4234,133,"2024-12-24 00:00:00",63.78,5.00,"2024-12-24 00:00:00","2026-04-16 11:56:34"
4235,87,"2026-03-19 00:00:00",21.90,25.00,"2026-03-19 00:00:00","2026-04-16 11:56:34"
4236,130,"2025-11-01 00:00:00",114.00,0.00,"2025-11-01 00:00:00","2026-04-16 11:56:34"
4237,138,"2021-02-26 00:00:00",230.91,0.00,"2021-02-26 00:00:00","2026-04-16 11:56:34"
4238,274,"2021-04-02 00:00:00",151.70,0.00,"2021-04-02 00:00:00","2026-04-16 11:56:34"
4239,39,"2022-01-15 00:00:00",24.46,25.00,"2022-01-15 00:00:00","2026-04-16 11:56:34"
4240,103,"2023-10-28 00:00:00",134.90,0.00,"2023-10-28 00:00:00","2026-04-16 11:56:34"
4241,202,"2024-10-04 00:00:00",208.84,0.00,"2024-10-04 00:00:00","2026-04-16 11:56:34"
4242,285,"2026-01-20 00:00:00",198.10,0.00,"2026-01-20 00:00:00","2026-04-16 11:56:34"
4243,174,"2025-02-24 00:00:00",96.11,0.00,"2025-02-24 00:00:00","2026-04-16 11:56:34"
4244,232,"2025-11-26 00:00:00",151.36,0.00,"2025-11-26 00:00:00","2026-04-16 11:56:34"
4245,18,"2024-11-01 00:00:00",89.92,0.00,"2024-11-01 00:00:00","2026-04-16 11:56:34"
4246,207,"2025-08-08 00:00:00",75.70,0.00,"2025-08-08 00:00:00","2026-04-16 11:56:34"
4247,130,"2025-09-18 00:00:00",56.96,5.00,"2025-09-18 00:00:00","2026-04-16 11:56:34"
4248,95,"2022-09-23 00:00:00",64.16,5.00,"2022-09-23 00:00:00","2026-04-16 11:56:34"
4249,266,"2026-02-09 00:00:00",171.78,0.00,"2026-02-09 00:00:00","2026-04-16 11:56:34"
4250,18,"2024-06-21 00:00:00",52.82,5.00,"2024-06-21 00:00:00","2026-04-16 11:56:34"
4251,138,"2021-09-28 00:00:00",42.69,10.00,"2021-09-28 00:00:00","2026-04-16 11:56:34"
4252,55,"2025-11-12 00:00:00",129.86,0.00,"2025-11-12 00:00:00","2026-04-16 11:56:34"
4253,246,"2023-05-11 00:00:00",267.40,0.00,"2023-05-11 00:00:00","2026-04-16 11:56:34"
4254,247,"2024-08-21 00:00:00",64.50,5.00,"2024-08-21 00:00:00","2026-04-16 11:56:34"
4255,169,"2024-08-23 00:00:00",47.12,10.00,"2024-08-23 00:00:00","2026-04-16 11:56:34"
4256,295,"2025-08-08 00:00:00",4.90,25.00,"2025-08-08 00:00:00","2026-04-16 11:56:34"
4257,180,"2024-07-26 00:00:00",108.72,0.00,"2024-07-26 00:00:00","2026-04-16 11:56:34"
4258,292,"2024-09-21 00:00:00",110.38,0.00,"2024-09-21 00:00:00","2026-04-16 11:56:34"
4259,115,"2024-07-28 00:00:00",159.91,0.00,"2024-07-28 00:00:00","2026-04-16 11:56:34"
4260,210,"2024-05-24 00:00:00",272.84,0.00,"2024-05-24 00:00:00","2026-04-16 11:56:34"
4261,134,"2024-09-09 00:00:00",294.29,0.00,"2024-09-09 00:00:00","2026-04-16 11:56:34"
4262,33,"2026-04-11 00:00:00",242.30,0.00,"2026-04-11 00:00:00","2026-04-16 11:56:34"
4263,215,"2025-11-19 00:00:00",70.73,5.00,"2025-11-19 00:00:00","2026-04-16 11:56:34"
4264,252,"2025-12-26 00:00:00",81.24,0.00,"2025-12-26 00:00:00","2026-04-16 11:56:34"
4265,157,"2021-12-08 00:00:00",63.70,5.00,"2021-12-08 00:00:00","2026-04-16 11:56:34"
4266,244,"2025-01-04 00:00:00",14.82,25.00,"2025-01-04 00:00:00","2026-04-16 11:56:34"
4267,84,"2025-09-18 00:00:00",242.03,0.00,"2025-09-18 00:00:00","2026-04-16 11:56:34"
4268,271,"2022-08-08 00:00:00",323.36,0.00,"2022-08-08 00:00:00","2026-04-16 11:56:34"
4269,6,"2022-07-02 00:00:00",108.83,0.00,"2022-07-02 00:00:00","2026-04-16 11:56:34"
4270,187,"2022-09-05 00:00:00",55.34,5.00,"2022-09-05 00:00:00","2026-04-16 11:56:34"
4271,61,"2026-04-13 00:00:00",52.23,5.00,"2026-04-13 00:00:00","2026-04-16 11:56:34"
4272,132,"2022-03-28 00:00:00",262.96,0.00,"2022-03-28 00:00:00","2026-04-16 11:56:34"
4273,221,"2024-11-30 00:00:00",53.46,5.00,"2024-11-30 00:00:00","2026-04-16 11:56:34"
4274,113,"2026-03-21 00:00:00",134.89,0.00,"2026-03-21 00:00:00","2026-04-16 11:56:34"
4275,108,"2026-04-04 00:00:00",300.00,0.00,"2026-04-04 00:00:00","2026-04-16 11:56:34"
4276,83,"2024-04-15 00:00:00",109.66,0.00,"2024-04-15 00:00:00","2026-04-16 11:56:34"
4277,39,"2022-11-28 00:00:00",96.65,0.00,"2022-11-28 00:00:00","2026-04-16 11:56:34"
4278,145,"2024-06-06 00:00:00",20.91,25.00,"2024-06-06 00:00:00","2026-04-16 11:56:34"
4279,170,"2023-12-04 00:00:00",126.47,0.00,"2023-12-04 00:00:00","2026-04-16 11:56:34"
4280,46,"2026-03-30 00:00:00",82.80,0.00,"2026-03-30 00:00:00","2026-04-16 11:56:34"
4281,196,"2025-09-19 00:00:00",235.81,0.00,"2025-09-19 00:00:00","2026-04-16 11:56:34"
4282,244,"2025-10-09 00:00:00",91.59,0.00,"2025-10-09 00:00:00","2026-04-16 11:56:34"
4283,58,"2024-09-22 00:00:00",66.96,5.00,"2024-09-22 00:00:00","2026-04-16 11:56:34"
4284,68,"2025-12-03 00:00:00",6.83,25.00,"2025-12-03 00:00:00","2026-04-16 11:56:34"
4285,64,"2025-06-08 00:00:00",207.84,0.00,"2025-06-08 00:00:00","2026-04-16 11:56:34"
4286,287,"2021-07-11 00:00:00",27.78,10.00,"2021-07-11 00:00:00","2026-04-16 11:56:34"
4287,112,"2021-02-15 00:00:00",161.69,0.00,"2021-02-15 00:00:00","2026-04-16 11:56:34"
4288,144,"2020-06-22 00:00:00",27.95,10.00,"2020-06-22 00:00:00","2026-04-16 11:56:34"
4289,265,"2025-11-22 00:00:00",87.66,0.00,"2025-11-22 00:00:00","2026-04-16 11:56:34"
4290,16,"2026-04-13 00:00:00",18.66,25.00,"2026-04-13 00:00:00","2026-04-16 11:56:34"
4291,232,"2025-12-14 00:00:00",130.71,0.00,"2025-12-14 00:00:00","2026-04-16 11:56:34"
4292,221,"2025-06-16 00:00:00",59.39,5.00,"2025-06-16 00:00:00","2026-04-16 11:56:34"
4293,60,"2025-08-15 00:00:00",287.05,0.00,"2025-08-15 00:00:00","2026-04-16 11:56:34"
4294,244,"2024-08-31 00:00:00",187.35,0.00,"2024-08-31 00:00:00","2026-04-16 11:56:34"
4295,85,"2025-10-06 00:00:00",66.98,5.00,"2025-10-06 00:00:00","2026-04-16 11:56:34"
4296,105,"2025-07-18 00:00:00",109.08,0.00,"2025-07-18 00:00:00","2026-04-16 11:56:34"
4297,15,"2025-04-16 00:00:00",148.26,0.00,"2025-04-16 00:00:00","2026-04-16 11:56:34"
4298,117,"2026-04-06 00:00:00",37.32,10.00,"2026-04-06 00:00:00","2026-04-16 11:56:34"
4299,93,"2020-12-26 00:00:00",128.70,0.00,"2020-12-26 00:00:00","2026-04-16 11:56:34"
4300,88,"2026-02-13 00:00:00",125.60,0.00,"2026-02-13 00:00:00","2026-04-16 11:56:34"
4301,127,"2026-04-08 00:00:00",8.75,25.00,"2026-04-08 00:00:00","2026-04-16 11:56:34"
4302,270,"2024-02-24 00:00:00",198.71,0.00,"2024-02-24 00:00:00","2026-04-16 11:56:34"
4303,81,"2023-12-06 00:00:00",47.34,10.00,"2023-12-06 00:00:00","2026-04-16 11:56:34"
4304,198,"2026-03-30 00:00:00",34.03,10.00,"2026-03-30 00:00:00","2026-04-16 11:56:34"
4305,186,"2026-03-25 00:00:00",120.34,0.00,"2026-03-25 00:00:00","2026-04-16 11:56:34"
4306,129,"2025-02-23 00:00:00",225.79,0.00,"2025-02-23 00:00:00","2026-04-16 11:56:34"
4307,90,"2025-03-23 00:00:00",351.92,0.00,"2025-03-23 00:00:00","2026-04-16 11:56:34"
4308,192,"2025-01-08 00:00:00",210.66,0.00,"2025-01-08 00:00:00","2026-04-16 11:56:34"
4309,14,"2022-06-23 00:00:00",180.98,0.00,"2022-06-23 00:00:00","2026-04-16 11:56:34"
4310,134,"2024-01-27 00:00:00",84.23,0.00,"2024-01-27 00:00:00","2026-04-16 11:56:34"
4311,270,"2024-12-13 00:00:00",42.86,10.00,"2024-12-13 00:00:00","2026-04-16 11:56:34"
4312,182,"2026-02-24 00:00:00",184.00,0.00,"2026-02-24 00:00:00","2026-04-16 11:56:34"
4313,185,"2025-05-10 00:00:00",94.93,0.00,"2025-05-10 00:00:00","2026-04-16 11:56:34"
4314,109,"2024-03-15 00:00:00",57.10,5.00,"2024-03-15 00:00:00","2026-04-16 11:56:34"
4315,260,"2021-08-27 00:00:00",127.57,0.00,"2021-08-27 00:00:00","2026-04-16 11:56:34"
4316,177,"2025-03-03 00:00:00",225.45,0.00,"2025-03-03 00:00:00","2026-04-16 11:56:34"
4317,291,"2026-03-05 00:00:00",77.35,0.00,"2026-03-05 00:00:00","2026-04-16 11:56:34"
4318,197,"2025-12-07 00:00:00",229.19,0.00,"2025-12-07 00:00:00","2026-04-16 11:56:34"
4319,109,"2025-02-26 00:00:00",80.23,0.00,"2025-02-26 00:00:00","2026-04-16 11:56:34"
4320,70,"2025-05-23 00:00:00",63.21,5.00,"2025-05-23 00:00:00","2026-04-16 11:56:34"
4321,88,"2026-03-09 00:00:00",118.41,0.00,"2026-03-09 00:00:00","2026-04-16 11:56:34"
4322,258,"2025-09-03 00:00:00",218.40,0.00,"2025-09-03 00:00:00","2026-04-16 11:56:34"
4323,182,"2024-10-24 00:00:00",189.86,0.00,"2024-10-24 00:00:00","2026-04-16 11:56:34"
4324,203,"2026-03-06 00:00:00",76.30,0.00,"2026-03-06 00:00:00","2026-04-16 11:56:34"
4325,192,"2022-12-07 00:00:00",38.86,10.00,"2022-12-07 00:00:00","2026-04-16 11:56:34"
4326,176,"2025-04-07 00:00:00",49.46,10.00,"2025-04-07 00:00:00","2026-04-16 11:56:34"
4327,298,"2026-02-04 00:00:00",109.86,0.00,"2026-02-04 00:00:00","2026-04-16 11:56:34"
4328,13,"2025-09-14 00:00:00",144.97,0.00,"2025-09-14 00:00:00","2026-04-16 11:56:34"
4329,168,"2026-01-23 00:00:00",91.29,0.00,"2026-01-23 00:00:00","2026-04-16 11:56:34"
4330,205,"2024-08-10 00:00:00",162.35,0.00,"2024-08-10 00:00:00","2026-04-16 11:56:34"
4331,15,"2026-04-02 00:00:00",88.22,0.00,"2026-04-02 00:00:00","2026-04-16 11:56:34"
4332,298,"2025-01-02 00:00:00",50.49,5.00,"2025-01-02 00:00:00","2026-04-16 11:56:34"
4333,231,"2025-04-28 00:00:00",40.16,10.00,"2025-04-28 00:00:00","2026-04-16 11:56:34"
4334,13,"2025-02-09 00:00:00",37.00,10.00,"2025-02-09 00:00:00","2026-04-16 11:56:34"
4335,244,"2024-12-06 00:00:00",102.29,0.00,"2024-12-06 00:00:00","2026-04-16 11:56:34"
4336,190,"2025-11-29 00:00:00",124.11,0.00,"2025-11-29 00:00:00","2026-04-16 11:56:34"
4337,92,"2025-11-26 00:00:00",334.07,0.00,"2025-11-26 00:00:00","2026-04-16 11:56:34"
4338,229,"2026-04-10 00:00:00",140.87,0.00,"2026-04-10 00:00:00","2026-04-16 11:56:34"
4339,126,"2022-10-13 00:00:00",91.16,0.00,"2022-10-13 00:00:00","2026-04-16 11:56:34"
4340,79,"2025-02-11 00:00:00",177.02,0.00,"2025-02-11 00:00:00","2026-04-16 11:56:34"
4341,118,"2023-05-19 00:00:00",223.36,0.00,"2023-05-19 00:00:00","2026-04-16 11:56:34"
4342,279,"2025-10-10 00:00:00",127.18,0.00,"2025-10-10 00:00:00","2026-04-16 11:56:34"
4343,273,"2023-03-20 00:00:00",142.41,0.00,"2023-03-20 00:00:00","2026-04-16 11:56:34"
4344,119,"2025-03-12 00:00:00",53.45,5.00,"2025-03-12 00:00:00","2026-04-16 11:56:34"
4345,197,"2024-11-14 00:00:00",55.67,5.00,"2024-11-14 00:00:00","2026-04-16 11:56:34"
4346,98,"2025-04-26 00:00:00",208.40,0.00,"2025-04-26 00:00:00","2026-04-16 11:56:34"
4347,37,"2024-10-26 00:00:00",157.83,0.00,"2024-10-26 00:00:00","2026-04-16 11:56:34"
4348,167,"2026-02-08 00:00:00",116.81,0.00,"2026-02-08 00:00:00","2026-04-16 11:56:34"
4349,44,"2026-03-28 00:00:00",37.77,10.00,"2026-03-28 00:00:00","2026-04-16 11:56:34"
4350,87,"2026-02-24 00:00:00",11.54,25.00,"2026-02-24 00:00:00","2026-04-16 11:56:34"
4351,244,"2025-01-04 00:00:00",74.09,5.00,"2025-01-04 00:00:00","2026-04-16 11:56:34"
4352,62,"2021-05-17 00:00:00",134.85,0.00,"2021-05-17 00:00:00","2026-04-16 11:56:34"
4353,98,"2023-07-05 00:00:00",20.49,25.00,"2023-07-05 00:00:00","2026-04-16 11:56:34"
4354,248,"2025-04-24 00:00:00",408.00,0.00,"2025-04-24 00:00:00","2026-04-16 11:56:34"
4355,282,"2026-01-04 00:00:00",10.23,25.00,"2026-01-04 00:00:00","2026-04-16 11:56:34"
4356,59,"2025-12-01 00:00:00",283.06,0.00,"2025-12-01 00:00:00","2026-04-16 11:56:34"
4357,66,"2022-02-05 00:00:00",63.68,5.00,"2022-02-05 00:00:00","2026-04-16 11:56:34"
4358,253,"2024-10-16 00:00:00",25.00,10.00,"2024-10-16 00:00:00","2026-04-16 11:56:34"
4359,212,"2022-10-24 00:00:00",184.65,0.00,"2022-10-24 00:00:00","2026-04-16 11:56:34"
4360,104,"2024-05-06 00:00:00",319.38,0.00,"2024-05-06 00:00:00","2026-04-16 11:56:34"
4361,148,"2024-09-12 00:00:00",101.20,0.00,"2024-09-12 00:00:00","2026-04-16 11:56:34"
4362,149,"2026-03-27 00:00:00",77.53,0.00,"2026-03-27 00:00:00","2026-04-16 11:56:34"
4363,112,"2024-07-01 00:00:00",389.42,0.00,"2024-07-01 00:00:00","2026-04-16 11:56:34"
4364,146,"2021-10-31 00:00:00",186.53,0.00,"2021-10-31 00:00:00","2026-04-16 11:56:34"
4365,56,"2026-01-22 00:00:00",133.78,0.00,"2026-01-22 00:00:00","2026-04-16 11:56:34"
4366,2,"2026-02-12 00:00:00",135.04,0.00,"2026-02-12 00:00:00","2026-04-16 11:56:34"
4367,100,"2022-09-11 00:00:00",126.44,0.00,"2022-09-11 00:00:00","2026-04-16 11:56:34"
4368,78,"2026-03-29 00:00:00",262.37,0.00,"2026-03-29 00:00:00","2026-04-16 11:56:34"
4369,284,"2023-06-11 00:00:00",31.21,10.00,"2023-06-11 00:00:00","2026-04-16 11:56:34"
4370,45,"2021-11-03 00:00:00",199.06,0.00,"2021-11-03 00:00:00","2026-04-16 11:56:34"
4371,162,"2023-06-14 00:00:00",269.65,0.00,"2023-06-14 00:00:00","2026-04-16 11:56:34"
4372,223,"2026-03-25 00:00:00",320.58,0.00,"2026-03-25 00:00:00","2026-04-16 11:56:34"
4373,109,"2025-11-10 00:00:00",118.27,0.00,"2025-11-10 00:00:00","2026-04-16 11:56:34"
4374,246,"2023-01-28 00:00:00",187.57,0.00,"2023-01-28 00:00:00","2026-04-16 11:56:34"
4375,164,"2025-04-21 00:00:00",110.90,0.00,"2025-04-21 00:00:00","2026-04-16 11:56:34"
4376,159,"2023-04-06 00:00:00",242.54,0.00,"2023-04-06 00:00:00","2026-04-16 11:56:34"
4377,261,"2024-10-26 00:00:00",95.94,0.00,"2024-10-26 00:00:00","2026-04-16 11:56:34"
4378,286,"2025-09-08 00:00:00",56.05,5.00,"2025-09-08 00:00:00","2026-04-16 11:56:34"
4379,4,"2025-06-13 00:00:00",278.97,0.00,"2025-06-13 00:00:00","2026-04-16 11:56:34"
4380,184,"2026-04-04 00:00:00",59.52,5.00,"2026-04-04 00:00:00","2026-04-16 11:56:34"
4381,276,"2024-11-20 00:00:00",23.40,25.00,"2024-11-20 00:00:00","2026-04-16 11:56:34"
4382,213,"2024-10-20 00:00:00",151.81,0.00,"2024-10-20 00:00:00","2026-04-16 11:56:34"
4383,84,"2025-04-19 00:00:00",38.92,10.00,"2025-04-19 00:00:00","2026-04-16 11:56:34"
4384,140,"2026-03-31 00:00:00",14.90,25.00,"2026-03-31 00:00:00","2026-04-16 11:56:34"
4385,276,"2024-03-16 00:00:00",31.01,10.00,"2024-03-16 00:00:00","2026-04-16 11:56:34"
4386,85,"2025-05-14 00:00:00",280.61,0.00,"2025-05-14 00:00:00","2026-04-16 11:56:34"
4387,241,"2025-11-12 00:00:00",182.30,0.00,"2025-11-12 00:00:00","2026-04-16 11:56:34"
4388,155,"2025-06-25 00:00:00",196.43,0.00,"2025-06-25 00:00:00","2026-04-16 11:56:34"
4389,41,"2025-01-06 00:00:00",286.32,0.00,"2025-01-06 00:00:00","2026-04-16 11:56:34"
4390,238,"2022-11-19 00:00:00",225.66,0.00,"2022-11-19 00:00:00","2026-04-16 11:56:34"
4391,119,"2026-04-05 00:00:00",123.10,0.00,"2026-04-05 00:00:00","2026-04-16 11:56:34"
4392,262,"2023-04-16 00:00:00",35.46,10.00,"2023-04-16 00:00:00","2026-04-16 11:56:34"
4393,36,"2024-12-18 00:00:00",105.76,0.00,"2024-12-18 00:00:00","2026-04-16 11:56:34"
4394,247,"2022-08-01 00:00:00",120.44,0.00,"2022-08-01 00:00:00","2026-04-16 11:56:34"
4395,34,"2026-01-31 00:00:00",152.39,0.00,"2026-01-31 00:00:00","2026-04-16 11:56:34"
4396,21,"2024-02-15 00:00:00",140.68,0.00,"2024-02-15 00:00:00","2026-04-16 11:56:34"
4397,47,"2023-09-23 00:00:00",163.92,0.00,"2023-09-23 00:00:00","2026-04-16 11:56:34"
4398,128,"2023-06-14 00:00:00",80.76,0.00,"2023-06-14 00:00:00","2026-04-16 11:56:34"
4399,111,"2023-03-03 00:00:00",228.81,0.00,"2023-03-03 00:00:00","2026-04-16 11:56:34"
4400,198,"2025-11-11 00:00:00",66.50,5.00,"2025-11-11 00:00:00","2026-04-16 11:56:34"
4401,124,"2026-02-07 00:00:00",49.73,10.00,"2026-02-07 00:00:00","2026-04-16 11:56:34"
4402,94,"2025-02-06 00:00:00",165.01,0.00,"2025-02-06 00:00:00","2026-04-16 11:56:34"
4403,243,"2025-05-21 00:00:00",190.23,0.00,"2025-05-21 00:00:00","2026-04-16 11:56:34"
4404,129,"2025-08-04 00:00:00",142.27,0.00,"2025-08-04 00:00:00","2026-04-16 11:56:34"
4405,254,"2024-10-18 00:00:00",112.92,0.00,"2024-10-18 00:00:00","2026-04-16 11:56:34"
4406,131,"2023-08-06 00:00:00",186.77,0.00,"2023-08-06 00:00:00","2026-04-16 11:56:34"
4407,264,"2025-07-23 00:00:00",326.59,0.00,"2025-07-23 00:00:00","2026-04-16 11:56:34"
4408,239,"2025-03-10 00:00:00",79.47,0.00,"2025-03-10 00:00:00","2026-04-16 11:56:34"
4409,99,"2025-08-24 00:00:00",129.90,0.00,"2025-08-24 00:00:00","2026-04-16 11:56:34"
4410,14,"2023-11-30 00:00:00",114.25,0.00,"2023-11-30 00:00:00","2026-04-16 11:56:34"
4411,165,"2025-05-06 00:00:00",127.44,0.00,"2025-05-06 00:00:00","2026-04-16 11:56:34"
4412,88,"2026-01-22 00:00:00",194.39,0.00,"2026-01-22 00:00:00","2026-04-16 11:56:34"
4413,153,"2021-10-20 00:00:00",157.32,0.00,"2021-10-20 00:00:00","2026-04-16 11:56:34"
4414,116,"2025-10-28 00:00:00",64.90,5.00,"2025-10-28 00:00:00","2026-04-16 11:56:34"
4415,135,"2026-02-02 00:00:00",178.96,0.00,"2026-02-02 00:00:00","2026-04-16 11:56:34"
4416,62,"2021-12-17 00:00:00",362.93,0.00,"2021-12-17 00:00:00","2026-04-16 11:56:34"
4417,128,"2022-12-03 00:00:00",15.90,25.00,"2022-12-03 00:00:00","2026-04-16 11:56:34"
4418,61,"2025-01-22 00:00:00",20.96,25.00,"2025-01-22 00:00:00","2026-04-16 11:56:34"
4419,146,"2022-01-11 00:00:00",296.57,0.00,"2022-01-11 00:00:00","2026-04-16 11:56:34"
4420,114,"2025-09-23 00:00:00",19.49,25.00,"2025-09-23 00:00:00","2026-04-16 11:56:34"
4421,214,"2025-08-04 00:00:00",98.52,0.00,"2025-08-04 00:00:00","2026-04-16 11:56:34"
4422,109,"2024-02-27 00:00:00",59.91,5.00,"2024-02-27 00:00:00","2026-04-16 11:56:34"
4423,30,"2022-02-03 00:00:00",162.96,0.00,"2022-02-03 00:00:00","2026-04-16 11:56:34"
4424,195,"2026-01-21 00:00:00",117.02,0.00,"2026-01-21 00:00:00","2026-04-16 11:56:34"
4425,152,"2025-12-18 00:00:00",221.86,0.00,"2025-12-18 00:00:00","2026-04-16 11:56:34"
4426,80,"2024-07-04 00:00:00",49.36,10.00,"2024-07-04 00:00:00","2026-04-16 11:56:34"
4427,212,"2022-11-27 00:00:00",28.53,10.00,"2022-11-27 00:00:00","2026-04-16 11:56:34"
4428,263,"2020-03-26 00:00:00",305.59,0.00,"2020-03-26 00:00:00","2026-04-16 11:56:34"
4429,152,"2025-01-28 00:00:00",179.27,0.00,"2025-01-28 00:00:00","2026-04-16 11:56:34"
4430,96,"2025-09-19 00:00:00",232.31,0.00,"2025-09-19 00:00:00","2026-04-16 11:56:34"
4431,266,"2026-03-21 00:00:00",235.72,0.00,"2026-03-21 00:00:00","2026-04-16 11:56:34"
4432,92,"2026-01-30 00:00:00",205.67,0.00,"2026-01-30 00:00:00","2026-04-16 11:56:34"
4433,180,"2026-03-16 00:00:00",59.07,5.00,"2026-03-16 00:00:00","2026-04-16 11:56:34"
4434,244,"2026-01-18 00:00:00",74.94,5.00,"2026-01-18 00:00:00","2026-04-16 11:56:34"
4435,194,"2024-06-07 00:00:00",164.23,0.00,"2024-06-07 00:00:00","2026-04-16 11:56:34"
4436,278,"2025-12-31 00:00:00",52.11,5.00,"2025-12-31 00:00:00","2026-04-16 11:56:34"
4437,148,"2025-04-25 00:00:00",200.22,0.00,"2025-04-25 00:00:00","2026-04-16 11:56:34"
4438,261,"2024-10-23 00:00:00",207.63,0.00,"2024-10-23 00:00:00","2026-04-16 11:56:34"
4439,156,"2024-05-08 00:00:00",22.81,25.00,"2024-05-08 00:00:00","2026-04-16 11:56:34"
4440,225,"2025-04-07 00:00:00",338.37,0.00,"2025-04-07 00:00:00","2026-04-16 11:56:34"
4441,72,"2024-07-05 00:00:00",161.34,0.00,"2024-07-05 00:00:00","2026-04-16 11:56:34"
4442,239,"2025-11-22 00:00:00",4.68,25.00,"2025-11-22 00:00:00","2026-04-16 11:56:34"
4443,19,"2026-03-09 00:00:00",309.70,0.00,"2026-03-09 00:00:00","2026-04-16 11:56:34"
4444,24,"2022-10-12 00:00:00",141.71,0.00,"2022-10-12 00:00:00","2026-04-16 11:56:34"
4445,264,"2025-12-02 00:00:00",176.67,0.00,"2025-12-02 00:00:00","2026-04-16 11:56:34"
4446,98,"2025-12-09 00:00:00",260.71,0.00,"2025-12-09 00:00:00","2026-04-16 11:56:34"
4447,91,"2025-03-11 00:00:00",4.76,25.00,"2025-03-11 00:00:00","2026-04-16 11:56:34"
4448,48,"2026-02-15 00:00:00",92.66,0.00,"2026-02-15 00:00:00","2026-04-16 11:56:34"
4449,273,"2025-04-21 00:00:00",283.25,0.00,"2025-04-21 00:00:00","2026-04-16 11:56:34"
4450,204,"2026-04-06 00:00:00",141.99,0.00,"2026-04-06 00:00:00","2026-04-16 11:56:34"
4451,217,"2025-09-22 00:00:00",149.38,0.00,"2025-09-22 00:00:00","2026-04-16 11:56:34"
4452,187,"2022-10-11 00:00:00",163.90,0.00,"2022-10-11 00:00:00","2026-04-16 11:56:34"
4453,216,"2024-07-24 00:00:00",54.29,5.00,"2024-07-24 00:00:00","2026-04-16 11:56:34"
4454,188,"2026-03-20 00:00:00",185.60,0.00,"2026-03-20 00:00:00","2026-04-16 11:56:34"
4455,246,"2024-03-17 00:00:00",274.17,0.00,"2024-03-17 00:00:00","2026-04-16 11:56:34"
4456,296,"2024-10-26 00:00:00",126.51,0.00,"2024-10-26 00:00:00","2026-04-16 11:56:34"
4457,291,"2025-10-01 00:00:00",3.65,25.00,"2025-10-01 00:00:00","2026-04-16 11:56:34"
4458,259,"2025-12-05 00:00:00",17.28,25.00,"2025-12-05 00:00:00","2026-04-16 11:56:34"
4459,86,"2025-05-07 00:00:00",89.85,0.00,"2025-05-07 00:00:00","2026-04-16 11:56:34"
4460,184,"2026-04-01 00:00:00",42.80,10.00,"2026-04-01 00:00:00","2026-04-16 11:56:34"
4461,16,"2026-04-10 00:00:00",84.39,0.00,"2026-04-10 00:00:00","2026-04-16 11:56:34"
4462,296,"2023-04-21 00:00:00",274.46,0.00,"2023-04-21 00:00:00","2026-04-16 11:56:34"
4463,297,"2025-11-09 00:00:00",264.16,0.00,"2025-11-09 00:00:00","2026-04-16 11:56:34"
4464,84,"2024-10-09 00:00:00",259.70,0.00,"2024-10-09 00:00:00","2026-04-16 11:56:34"
4465,62,"2026-02-09 00:00:00",55.81,5.00,"2026-02-09 00:00:00","2026-04-16 11:56:34"
4466,273,"2025-12-16 00:00:00",104.60,0.00,"2025-12-16 00:00:00","2026-04-16 11:56:34"
4467,230,"2025-01-16 00:00:00",36.75,10.00,"2025-01-16 00:00:00","2026-04-16 11:56:34"
4468,242,"2021-10-23 00:00:00",86.01,0.00,"2021-10-23 00:00:00","2026-04-16 11:56:34"
4469,239,"2024-08-13 00:00:00",69.35,5.00,"2024-08-13 00:00:00","2026-04-16 11:56:34"
4470,91,"2023-10-22 00:00:00",158.74,0.00,"2023-10-22 00:00:00","2026-04-16 11:56:34"
4471,177,"2025-12-06 00:00:00",190.40,0.00,"2025-12-06 00:00:00","2026-04-16 11:56:34"
4472,131,"2024-01-21 00:00:00",67.46,5.00,"2024-01-21 00:00:00","2026-04-16 11:56:34"
4473,255,"2025-07-09 00:00:00",84.21,0.00,"2025-07-09 00:00:00","2026-04-16 11:56:34"
4474,81,"2024-04-22 00:00:00",58.06,5.00,"2024-04-22 00:00:00","2026-04-16 11:56:34"
4475,263,"2020-04-15 00:00:00",194.21,0.00,"2020-04-15 00:00:00","2026-04-16 11:56:34"
4476,190,"2025-07-18 00:00:00",195.09,0.00,"2025-07-18 00:00:00","2026-04-16 11:56:34"
4477,299,"2026-04-03 00:00:00",303.65,0.00,"2026-04-03 00:00:00","2026-04-16 11:56:34"
4478,230,"2026-01-02 00:00:00",373.22,0.00,"2026-01-02 00:00:00","2026-04-16 11:56:34"
4479,158,"2024-08-03 00:00:00",151.01,0.00,"2024-08-03 00:00:00","2026-04-16 11:56:34"
4480,158,"2025-02-11 00:00:00",18.09,25.00,"2025-02-11 00:00:00","2026-04-16 11:56:34"
4481,254,"2023-09-29 00:00:00",245.21,0.00,"2023-09-29 00:00:00","2026-04-16 11:56:34"
4482,261,"2025-08-07 00:00:00",178.04,0.00,"2025-08-07 00:00:00","2026-04-16 11:56:34"
4483,282,"2024-05-20 00:00:00",11.32,25.00,"2024-05-20 00:00:00","2026-04-16 11:56:34"
4484,103,"2023-03-20 00:00:00",18.45,25.00,"2023-03-20 00:00:00","2026-04-16 11:56:34"
4485,92,"2025-12-06 00:00:00",183.21,0.00,"2025-12-06 00:00:00","2026-04-16 11:56:34"
4486,84,"2025-06-27 00:00:00",205.24,0.00,"2025-06-27 00:00:00","2026-04-16 11:56:34"
4487,192,"2025-06-07 00:00:00",186.21,0.00,"2025-06-07 00:00:00","2026-04-16 11:56:34"
4488,222,"2024-04-22 00:00:00",180.75,0.00,"2024-04-22 00:00:00","2026-04-16 11:56:34"
4489,136,"2025-05-06 00:00:00",102.63,0.00,"2025-05-06 00:00:00","2026-04-16 11:56:34"
4490,74,"2023-11-20 00:00:00",72.52,5.00,"2023-11-20 00:00:00","2026-04-16 11:56:34"
4491,238,"2021-03-22 00:00:00",284.94,0.00,"2021-03-22 00:00:00","2026-04-16 11:56:34"
4492,78,"2025-06-17 00:00:00",253.62,0.00,"2025-06-17 00:00:00","2026-04-16 11:56:34"
4493,185,"2026-03-22 00:00:00",97.62,0.00,"2026-03-22 00:00:00","2026-04-16 11:56:34"
4494,88,"2025-10-05 00:00:00",115.92,0.00,"2025-10-05 00:00:00","2026-04-16 11:56:34"
4495,221,"2025-12-28 00:00:00",119.46,0.00,"2025-12-28 00:00:00","2026-04-16 11:56:34"
4496,170,"2024-11-15 00:00:00",81.26,0.00,"2024-11-15 00:00:00","2026-04-16 11:56:34"
4497,278,"2026-03-21 00:00:00",173.24,0.00,"2026-03-21 00:00:00","2026-04-16 11:56:34"
4498,296,"2025-02-05 00:00:00",54.95,5.00,"2025-02-05 00:00:00","2026-04-16 11:56:34"
4499,291,"2025-12-01 00:00:00",120.77,0.00,"2025-12-01 00:00:00","2026-04-16 11:56:34"
4500,246,"2022-12-07 00:00:00",295.38,0.00,"2022-12-07 00:00:00","2026-04-16 11:56:34"
4501,128,"2023-04-15 00:00:00",261.84,0.00,"2023-04-15 00:00:00","2026-04-16 11:56:35"
4502,122,"2026-03-06 00:00:00",244.69,0.00,"2026-03-06 00:00:00","2026-04-16 11:56:35"
4503,222,"2024-07-29 00:00:00",80.96,0.00,"2024-07-29 00:00:00","2026-04-16 11:56:35"
4504,112,"2024-02-02 00:00:00",161.54,0.00,"2024-02-02 00:00:00","2026-04-16 11:56:35"
4505,13,"2026-02-17 00:00:00",196.00,0.00,"2026-02-17 00:00:00","2026-04-16 11:56:35"
4506,198,"2026-01-21 00:00:00",114.78,0.00,"2026-01-21 00:00:00","2026-04-16 11:56:35"
4507,155,"2025-11-07 00:00:00",192.04,0.00,"2025-11-07 00:00:00","2026-04-16 11:56:35"
4508,203,"2024-09-04 00:00:00",27.70,10.00,"2024-09-04 00:00:00","2026-04-16 11:56:35"
4509,65,"2025-09-07 00:00:00",281.67,0.00,"2025-09-07 00:00:00","2026-04-16 11:56:35"
4510,155,"2025-04-29 00:00:00",108.27,0.00,"2025-04-29 00:00:00","2026-04-16 11:56:35"
4511,197,"2024-11-08 00:00:00",197.81,0.00,"2024-11-08 00:00:00","2026-04-16 11:56:35"
4512,151,"2023-09-24 00:00:00",110.14,0.00,"2023-09-24 00:00:00","2026-04-16 11:56:35"
4513,242,"2021-02-03 00:00:00",254.97,0.00,"2021-02-03 00:00:00","2026-04-16 11:56:35"
4514,36,"2024-05-27 00:00:00",95.21,0.00,"2024-05-27 00:00:00","2026-04-16 11:56:35"
4515,41,"2023-05-15 00:00:00",59.38,5.00,"2023-05-15 00:00:00","2026-04-16 11:56:35"
4516,144,"2020-06-20 00:00:00",132.05,0.00,"2020-06-20 00:00:00","2026-04-16 11:56:35"
4517,212,"2022-09-22 00:00:00",45.80,10.00,"2022-09-22 00:00:00","2026-04-16 11:56:35"
4518,127,"2026-03-23 00:00:00",200.64,0.00,"2026-03-23 00:00:00","2026-04-16 11:56:35"
4519,207,"2024-07-28 00:00:00",281.54,0.00,"2024-07-28 00:00:00","2026-04-16 11:56:35"
4520,75,"2026-02-03 00:00:00",8.29,25.00,"2026-02-03 00:00:00","2026-04-16 11:56:35"
4521,161,"2022-11-29 00:00:00",127.55,0.00,"2022-11-29 00:00:00","2026-04-16 11:56:35"
4522,80,"2023-11-12 00:00:00",121.60,0.00,"2023-11-12 00:00:00","2026-04-16 11:56:35"
4523,198,"2026-02-11 00:00:00",51.92,5.00,"2026-02-11 00:00:00","2026-04-16 11:56:35"
4524,218,"2024-07-29 00:00:00",48.86,10.00,"2024-07-29 00:00:00","2026-04-16 11:56:35"
4525,213,"2024-04-17 00:00:00",50.02,5.00,"2024-04-17 00:00:00","2026-04-16 11:56:35"
4526,133,"2024-12-21 00:00:00",42.80,10.00,"2024-12-21 00:00:00","2026-04-16 11:56:35"
4527,45,"2021-12-10 00:00:00",251.64,0.00,"2021-12-10 00:00:00","2026-04-16 11:56:35"
4528,53,"2025-05-05 00:00:00",188.83,0.00,"2025-05-05 00:00:00","2026-04-16 11:56:35"
4529,232,"2026-03-20 00:00:00",87.15,0.00,"2026-03-20 00:00:00","2026-04-16 11:56:35"
4530,256,"2023-05-23 00:00:00",70.49,5.00,"2023-05-23 00:00:00","2026-04-16 11:56:35"
4531,287,"2022-09-09 00:00:00",195.14,0.00,"2022-09-09 00:00:00","2026-04-16 11:56:35"
4532,54,"2025-11-06 00:00:00",150.05,0.00,"2025-11-06 00:00:00","2026-04-16 11:56:35"
4533,40,"2025-10-15 00:00:00",74.20,5.00,"2025-10-15 00:00:00","2026-04-16 11:56:35"
4534,234,"2025-05-14 00:00:00",64.16,5.00,"2025-05-14 00:00:00","2026-04-16 11:56:35"
4535,260,"2021-08-27 00:00:00",63.12,5.00,"2021-08-27 00:00:00","2026-04-16 11:56:35"
4536,259,"2026-03-14 00:00:00",302.26,0.00,"2026-03-14 00:00:00","2026-04-16 11:56:35"
4537,243,"2024-11-04 00:00:00",99.99,0.00,"2024-11-04 00:00:00","2026-04-16 11:56:35"
4538,13,"2023-10-21 00:00:00",32.78,10.00,"2023-10-21 00:00:00","2026-04-16 11:56:35"
4539,233,"2025-03-20 00:00:00",31.55,10.00,"2025-03-20 00:00:00","2026-04-16 11:56:35"
4540,208,"2023-02-18 00:00:00",78.61,0.00,"2023-02-18 00:00:00","2026-04-16 11:56:35"
4541,275,"2023-09-16 00:00:00",61.85,5.00,"2023-09-16 00:00:00","2026-04-16 11:56:35"
4542,102,"2026-01-05 00:00:00",89.86,0.00,"2026-01-05 00:00:00","2026-04-16 11:56:35"
4543,161,"2025-08-11 00:00:00",45.97,10.00,"2025-08-11 00:00:00","2026-04-16 11:56:35"
4544,79,"2025-12-09 00:00:00",110.79,0.00,"2025-12-09 00:00:00","2026-04-16 11:56:35"
4545,168,"2025-10-11 00:00:00",37.93,10.00,"2025-10-11 00:00:00","2026-04-16 11:56:35"
4546,148,"2022-07-03 00:00:00",55.44,5.00,"2022-07-03 00:00:00","2026-04-16 11:56:35"
4547,142,"2025-03-17 00:00:00",43.89,10.00,"2025-03-17 00:00:00","2026-04-16 11:56:35"
4548,9,"2024-12-27 00:00:00",263.02,0.00,"2024-12-27 00:00:00","2026-04-16 11:56:35"
4549,51,"2025-12-03 00:00:00",30.87,10.00,"2025-12-03 00:00:00","2026-04-16 11:56:35"
4550,190,"2026-02-02 00:00:00",71.00,5.00,"2026-02-02 00:00:00","2026-04-16 11:56:35"
4551,8,"2025-11-05 00:00:00",26.86,10.00,"2025-11-05 00:00:00","2026-04-16 11:56:35"
4552,135,"2026-03-26 00:00:00",70.48,5.00,"2026-03-26 00:00:00","2026-04-16 11:56:35"
4553,60,"2025-06-03 00:00:00",190.24,0.00,"2025-06-03 00:00:00","2026-04-16 11:56:35"
4554,293,"2023-07-17 00:00:00",139.02,0.00,"2023-07-17 00:00:00","2026-04-16 11:56:35"
4555,179,"2026-02-27 00:00:00",243.97,0.00,"2026-02-27 00:00:00","2026-04-16 11:56:35"
4556,60,"2025-05-14 00:00:00",168.00,0.00,"2025-05-14 00:00:00","2026-04-16 11:56:35"
4557,88,"2026-02-02 00:00:00",62.90,5.00,"2026-02-02 00:00:00","2026-04-16 11:56:35"
4558,37,"2024-10-05 00:00:00",170.66,0.00,"2024-10-05 00:00:00","2026-04-16 11:56:35"
4559,294,"2025-04-02 00:00:00",168.06,0.00,"2025-04-02 00:00:00","2026-04-16 11:56:35"
4560,109,"2024-02-15 00:00:00",121.27,0.00,"2024-02-15 00:00:00","2026-04-16 11:56:35"
4561,6,"2025-06-13 00:00:00",19.68,25.00,"2025-06-13 00:00:00","2026-04-16 11:56:35"
4562,122,"2026-02-28 00:00:00",22.67,25.00,"2026-02-28 00:00:00","2026-04-16 11:56:35"
4563,29,"2026-04-13 00:00:00",57.13,5.00,"2026-04-13 00:00:00","2026-04-16 11:56:35"
4564,199,"2025-02-27 00:00:00",138.95,0.00,"2025-02-27 00:00:00","2026-04-16 11:56:35"
4565,66,"2024-11-04 00:00:00",3.85,25.00,"2024-11-04 00:00:00","2026-04-16 11:56:35"
4566,1,"2025-05-20 00:00:00",141.56,0.00,"2025-05-20 00:00:00","2026-04-16 11:56:35"
4567,12,"2026-04-03 00:00:00",28.27,10.00,"2026-04-03 00:00:00","2026-04-16 11:56:35"
4568,59,"2024-12-28 00:00:00",137.80,0.00,"2024-12-28 00:00:00","2026-04-16 11:56:35"
4569,134,"2022-09-28 00:00:00",156.07,0.00,"2022-09-28 00:00:00","2026-04-16 11:56:35"
4570,184,"2026-04-04 00:00:00",73.50,5.00,"2026-04-04 00:00:00","2026-04-16 11:56:35"
4571,65,"2025-08-16 00:00:00",252.13,0.00,"2025-08-16 00:00:00","2026-04-16 11:56:35"
4572,183,"2024-09-04 00:00:00",75.80,0.00,"2024-09-04 00:00:00","2026-04-16 11:56:35"
4573,174,"2025-06-09 00:00:00",370.16,0.00,"2025-06-09 00:00:00","2026-04-16 11:56:35"
4574,204,"2023-10-31 00:00:00",196.16,0.00,"2023-10-31 00:00:00","2026-04-16 11:56:35"
4575,245,"2025-07-22 00:00:00",222.40,0.00,"2025-07-22 00:00:00","2026-04-16 11:56:35"
4576,169,"2025-06-26 00:00:00",240.92,0.00,"2025-06-26 00:00:00","2026-04-16 11:56:35"
4577,11,"2026-03-01 00:00:00",127.79,0.00,"2026-03-01 00:00:00","2026-04-16 11:56:35"
4578,38,"2023-09-30 00:00:00",125.15,0.00,"2023-09-30 00:00:00","2026-04-16 11:56:35"
4579,193,"2025-11-15 00:00:00",274.25,0.00,"2025-11-15 00:00:00","2026-04-16 11:56:35"
4580,81,"2023-03-15 00:00:00",275.68,0.00,"2023-03-15 00:00:00","2026-04-16 11:56:35"
4581,272,"2023-11-10 00:00:00",422.97,0.00,"2023-11-10 00:00:00","2026-04-16 11:56:35"
4582,198,"2025-04-04 00:00:00",224.15,0.00,"2025-04-04 00:00:00","2026-04-16 11:56:35"
4583,127,"2026-04-03 00:00:00",59.02,5.00,"2026-04-03 00:00:00","2026-04-16 11:56:35"
4584,191,"2026-03-29 00:00:00",148.98,0.00,"2026-03-29 00:00:00","2026-04-16 11:56:35"
4585,149,"2026-04-05 00:00:00",202.13,0.00,"2026-04-05 00:00:00","2026-04-16 11:56:35"
4586,58,"2021-10-02 00:00:00",258.68,0.00,"2021-10-02 00:00:00","2026-04-16 11:56:35"
4587,19,"2025-10-25 00:00:00",114.64,0.00,"2025-10-25 00:00:00","2026-04-16 11:56:35"
4588,95,"2025-08-31 00:00:00",34.71,10.00,"2025-08-31 00:00:00","2026-04-16 11:56:35"
4589,177,"2026-03-31 00:00:00",369.43,0.00,"2026-03-31 00:00:00","2026-04-16 11:56:35"
4590,150,"2026-02-14 00:00:00",157.98,0.00,"2026-02-14 00:00:00","2026-04-16 11:56:35"
4591,146,"2025-06-15 00:00:00",242.82,0.00,"2025-06-15 00:00:00","2026-04-16 11:56:35"
4592,130,"2025-01-18 00:00:00",16.62,25.00,"2025-01-18 00:00:00","2026-04-16 11:56:35"
4593,178,"2023-03-25 00:00:00",130.08,0.00,"2023-03-25 00:00:00","2026-04-16 11:56:35"
4594,171,"2024-08-28 00:00:00",60.24,5.00,"2024-08-28 00:00:00","2026-04-16 11:56:35"
4595,264,"2025-09-14 00:00:00",265.09,0.00,"2025-09-14 00:00:00","2026-04-16 11:56:35"
4596,240,"2025-05-11 00:00:00",63.67,5.00,"2025-05-11 00:00:00","2026-04-16 11:56:35"
4597,92,"2025-10-23 00:00:00",59.47,5.00,"2025-10-23 00:00:00","2026-04-16 11:56:35"
4598,255,"2022-09-08 00:00:00",58.93,5.00,"2022-09-08 00:00:00","2026-04-16 11:56:35"
4599,247,"2023-02-17 00:00:00",98.89,0.00,"2023-02-17 00:00:00","2026-04-16 11:56:35"
4600,15,"2025-10-01 00:00:00",15.68,25.00,"2025-10-01 00:00:00","2026-04-16 11:56:35"
4601,130,"2025-11-02 00:00:00",306.76,0.00,"2025-11-02 00:00:00","2026-04-16 11:56:35"
4602,129,"2025-09-13 00:00:00",49.86,10.00,"2025-09-13 00:00:00","2026-04-16 11:56:35"
4603,280,"2024-06-03 00:00:00",87.49,0.00,"2024-06-03 00:00:00","2026-04-16 11:56:35"
4604,210,"2026-02-18 00:00:00",63.00,5.00,"2026-02-18 00:00:00","2026-04-16 11:56:35"
4605,15,"2026-03-15 00:00:00",66.76,5.00,"2026-03-15 00:00:00","2026-04-16 11:56:35"
4606,282,"2025-07-08 00:00:00",156.78,0.00,"2025-07-08 00:00:00","2026-04-16 11:56:35"
4607,6,"2025-01-17 00:00:00",176.80,0.00,"2025-01-17 00:00:00","2026-04-16 11:56:35"
4608,132,"2022-01-25 00:00:00",176.74,0.00,"2022-01-25 00:00:00","2026-04-16 11:56:35"
4609,69,"2025-11-13 00:00:00",79.56,0.00,"2025-11-13 00:00:00","2026-04-16 11:56:35"
4610,9,"2025-12-15 00:00:00",95.46,0.00,"2025-12-15 00:00:00","2026-04-16 11:56:35"
4611,191,"2026-03-11 00:00:00",15.68,25.00,"2026-03-11 00:00:00","2026-04-16 11:56:35"
4612,247,"2022-06-05 00:00:00",30.98,10.00,"2022-06-05 00:00:00","2026-04-16 11:56:35"
4613,215,"2024-07-23 00:00:00",74.46,5.00,"2024-07-23 00:00:00","2026-04-16 11:56:35"
4614,89,"2022-05-21 00:00:00",180.35,0.00,"2022-05-21 00:00:00","2026-04-16 11:56:35"
4615,78,"2026-02-11 00:00:00",148.72,0.00,"2026-02-11 00:00:00","2026-04-16 11:56:35"
4616,150,"2026-03-04 00:00:00",41.83,10.00,"2026-03-04 00:00:00","2026-04-16 11:56:35"
4617,103,"2023-08-19 00:00:00",186.13,0.00,"2023-08-19 00:00:00","2026-04-16 11:56:35"
4618,32,"2022-02-06 00:00:00",60.72,5.00,"2022-02-06 00:00:00","2026-04-16 11:56:35"
4619,35,"2025-10-06 00:00:00",142.90,0.00,"2025-10-06 00:00:00","2026-04-16 11:56:35"
4620,224,"2025-11-25 00:00:00",9.64,25.00,"2025-11-25 00:00:00","2026-04-16 11:56:35"
4621,173,"2026-04-04 00:00:00",29.40,10.00,"2026-04-04 00:00:00","2026-04-16 11:56:35"
4622,187,"2022-09-09 00:00:00",187.89,0.00,"2022-09-09 00:00:00","2026-04-16 11:56:35"
4623,141,"2026-02-12 00:00:00",167.26,0.00,"2026-02-12 00:00:00","2026-04-16 11:56:35"
4624,272,"2026-02-07 00:00:00",234.10,0.00,"2026-02-07 00:00:00","2026-04-16 11:56:35"
4625,28,"2023-01-06 00:00:00",166.81,0.00,"2023-01-06 00:00:00","2026-04-16 11:56:35"
4626,258,"2025-09-17 00:00:00",59.08,5.00,"2025-09-17 00:00:00","2026-04-16 11:56:35"
4627,262,"2024-05-05 00:00:00",95.75,0.00,"2024-05-05 00:00:00","2026-04-16 11:56:35"
4628,35,"2025-04-21 00:00:00",73.96,5.00,"2025-04-21 00:00:00","2026-04-16 11:56:35"
4629,219,"2022-10-26 00:00:00",187.98,0.00,"2022-10-26 00:00:00","2026-04-16 11:56:35"
4630,145,"2024-12-17 00:00:00",110.66,0.00,"2024-12-17 00:00:00","2026-04-16 11:56:35"
4631,192,"2026-03-05 00:00:00",9.04,25.00,"2026-03-05 00:00:00","2026-04-16 11:56:35"
4632,254,"2023-10-25 00:00:00",214.32,0.00,"2023-10-25 00:00:00","2026-04-16 11:56:35"
4633,237,"2026-03-24 00:00:00",31.52,10.00,"2026-03-24 00:00:00","2026-04-16 11:56:35"
4634,54,"2024-05-27 00:00:00",208.87,0.00,"2024-05-27 00:00:00","2026-04-16 11:56:35"
4635,238,"2025-09-12 00:00:00",36.40,10.00,"2025-09-12 00:00:00","2026-04-16 11:56:35"
4636,277,"2024-06-21 00:00:00",255.15,0.00,"2024-06-21 00:00:00","2026-04-16 11:56:35"
4637,45,"2023-09-19 00:00:00",243.37,0.00,"2023-09-19 00:00:00","2026-04-16 11:56:35"
4638,135,"2026-03-17 00:00:00",71.32,5.00,"2026-03-17 00:00:00","2026-04-16 11:56:35"
4639,182,"2022-02-21 00:00:00",31.04,10.00,"2022-02-21 00:00:00","2026-04-16 11:56:35"
4640,205,"2024-07-11 00:00:00",208.58,0.00,"2024-07-11 00:00:00","2026-04-16 11:56:35"
4641,272,"2026-04-12 00:00:00",10.56,25.00,"2026-04-12 00:00:00","2026-04-16 11:56:35"
4642,236,"2025-11-17 00:00:00",94.17,0.00,"2025-11-17 00:00:00","2026-04-16 11:56:35"
4643,161,"2023-07-26 00:00:00",290.63,0.00,"2023-07-26 00:00:00","2026-04-16 11:56:35"
4644,212,"2023-01-11 00:00:00",26.59,10.00,"2023-01-11 00:00:00","2026-04-16 11:56:35"
4645,299,"2026-01-25 00:00:00",166.77,0.00,"2026-01-25 00:00:00","2026-04-16 11:56:35"
4646,189,"2025-06-27 00:00:00",110.21,0.00,"2025-06-27 00:00:00","2026-04-16 11:56:35"
4647,272,"2026-03-28 00:00:00",306.45,0.00,"2026-03-28 00:00:00","2026-04-16 11:56:35"
4648,85,"2026-02-13 00:00:00",113.77,0.00,"2026-02-13 00:00:00","2026-04-16 11:56:35"
4649,106,"2024-10-28 00:00:00",108.32,0.00,"2024-10-28 00:00:00","2026-04-16 11:56:35"
4650,6,"2025-12-01 00:00:00",169.09,0.00,"2025-12-01 00:00:00","2026-04-16 11:56:35"
4651,116,"2026-03-30 00:00:00",44.36,10.00,"2026-03-30 00:00:00","2026-04-16 11:56:35"
4652,272,"2026-02-25 00:00:00",167.97,0.00,"2026-02-25 00:00:00","2026-04-16 11:56:35"
4653,152,"2023-12-25 00:00:00",281.30,0.00,"2023-12-25 00:00:00","2026-04-16 11:56:35"
4654,262,"2024-08-03 00:00:00",315.44,0.00,"2024-08-03 00:00:00","2026-04-16 11:56:35"
4655,177,"2025-04-10 00:00:00",274.75,0.00,"2025-04-10 00:00:00","2026-04-16 11:56:35"
4656,33,"2026-04-09 00:00:00",83.76,0.00,"2026-04-09 00:00:00","2026-04-16 11:56:35"
4657,195,"2025-05-13 00:00:00",78.75,0.00,"2025-05-13 00:00:00","2026-04-16 11:56:35"
4658,63,"2024-09-26 00:00:00",213.02,0.00,"2024-09-26 00:00:00","2026-04-16 11:56:35"
4659,38,"2024-01-19 00:00:00",254.78,0.00,"2024-01-19 00:00:00","2026-04-16 11:56:35"
4660,282,"2024-03-02 00:00:00",7.34,25.00,"2024-03-02 00:00:00","2026-04-16 11:56:35"
4661,156,"2024-01-03 00:00:00",214.35,0.00,"2024-01-03 00:00:00","2026-04-16 11:56:35"
4662,99,"2025-03-09 00:00:00",230.05,0.00,"2025-03-09 00:00:00","2026-04-16 11:56:35"
4663,18,"2023-10-01 00:00:00",24.84,25.00,"2023-10-01 00:00:00","2026-04-16 11:56:35"
4664,271,"2022-06-11 00:00:00",66.80,5.00,"2022-06-11 00:00:00","2026-04-16 11:56:35"
4665,235,"2024-04-17 00:00:00",166.12,0.00,"2024-04-17 00:00:00","2026-04-16 11:56:35"
4666,111,"2024-11-30 00:00:00",370.30,0.00,"2024-11-30 00:00:00","2026-04-16 11:56:35"
4667,284,"2024-06-19 00:00:00",106.45,0.00,"2024-06-19 00:00:00","2026-04-16 11:56:35"
4668,274,"2023-04-01 00:00:00",17.22,25.00,"2023-04-01 00:00:00","2026-04-16 11:56:35"
4669,206,"2026-03-11 00:00:00",159.64,0.00,"2026-03-11 00:00:00","2026-04-16 11:56:35"
4670,124,"2026-02-23 00:00:00",165.53,0.00,"2026-02-23 00:00:00","2026-04-16 11:56:35"
4671,219,"2022-07-03 00:00:00",59.12,5.00,"2022-07-03 00:00:00","2026-04-16 11:56:35"
4672,52,"2026-02-25 00:00:00",141.97,0.00,"2026-02-25 00:00:00","2026-04-16 11:56:35"
4673,57,"2025-06-29 00:00:00",129.05,0.00,"2025-06-29 00:00:00","2026-04-16 11:56:35"
4674,41,"2022-09-29 00:00:00",101.59,0.00,"2022-09-29 00:00:00","2026-04-16 11:56:35"
4675,236,"2024-01-13 00:00:00",107.54,0.00,"2024-01-13 00:00:00","2026-04-16 11:56:35"
4676,30,"2025-12-01 00:00:00",118.80,0.00,"2025-12-01 00:00:00","2026-04-16 11:56:35"
4677,169,"2024-12-30 00:00:00",33.90,10.00,"2024-12-30 00:00:00","2026-04-16 11:56:35"
4678,258,"2025-11-02 00:00:00",126.31,0.00,"2025-11-02 00:00:00","2026-04-16 11:56:35"
4679,158,"2025-07-31 00:00:00",47.16,10.00,"2025-07-31 00:00:00","2026-04-16 11:56:35"
4680,146,"2023-08-07 00:00:00",127.92,0.00,"2023-08-07 00:00:00","2026-04-16 11:56:35"
4681,223,"2023-12-09 00:00:00",9.10,25.00,"2023-12-09 00:00:00","2026-04-16 11:56:35"
4682,169,"2025-04-22 00:00:00",99.27,0.00,"2025-04-22 00:00:00","2026-04-16 11:56:35"
4683,23,"2026-01-24 00:00:00",10.64,25.00,"2026-01-24 00:00:00","2026-04-16 11:56:35"
4684,260,"2021-10-25 00:00:00",195.68,0.00,"2021-10-25 00:00:00","2026-04-16 11:56:35"
4685,89,"2025-02-15 00:00:00",147.78,0.00,"2025-02-15 00:00:00","2026-04-16 11:56:35"
4686,188,"2026-01-07 00:00:00",299.70,0.00,"2026-01-07 00:00:00","2026-04-16 11:56:35"
4687,226,"2025-06-05 00:00:00",200.16,0.00,"2025-06-05 00:00:00","2026-04-16 11:56:35"
4688,146,"2023-06-30 00:00:00",54.36,5.00,"2023-06-30 00:00:00","2026-04-16 11:56:35"
4689,13,"2023-11-22 00:00:00",100.04,0.00,"2023-11-22 00:00:00","2026-04-16 11:56:35"
4690,132,"2023-01-04 00:00:00",430.24,0.00,"2023-01-04 00:00:00","2026-04-16 11:56:35"
4691,239,"2022-01-28 00:00:00",37.00,10.00,"2022-01-28 00:00:00","2026-04-16 11:56:35"
4692,208,"2025-07-10 00:00:00",13.78,25.00,"2025-07-10 00:00:00","2026-04-16 11:56:35"
4693,6,"2024-04-24 00:00:00",73.20,5.00,"2024-04-24 00:00:00","2026-04-16 11:56:35"
4694,209,"2026-01-14 00:00:00",171.89,0.00,"2026-01-14 00:00:00","2026-04-16 11:56:35"
4695,190,"2025-08-20 00:00:00",100.89,0.00,"2025-08-20 00:00:00","2026-04-16 11:56:35"
4696,171,"2024-06-30 00:00:00",131.43,0.00,"2024-06-30 00:00:00","2026-04-16 11:56:35"
4697,62,"2025-06-22 00:00:00",164.51,0.00,"2025-06-22 00:00:00","2026-04-16 11:56:35"
4698,62,"2025-03-20 00:00:00",44.69,10.00,"2025-03-20 00:00:00","2026-04-16 11:56:35"
4699,216,"2023-08-29 00:00:00",72.86,5.00,"2023-08-29 00:00:00","2026-04-16 11:56:35"
4700,118,"2021-06-01 00:00:00",91.97,0.00,"2021-06-01 00:00:00","2026-04-16 11:56:35"
4701,68,"2026-03-30 00:00:00",186.50,0.00,"2026-03-30 00:00:00","2026-04-16 11:56:35"
4702,296,"2024-11-21 00:00:00",30.88,10.00,"2024-11-21 00:00:00","2026-04-16 11:56:35"
4703,114,"2023-01-12 00:00:00",178.86,0.00,"2023-01-12 00:00:00","2026-04-16 11:56:35"
4704,57,"2022-08-19 00:00:00",55.57,5.00,"2022-08-19 00:00:00","2026-04-16 11:56:35"
4705,95,"2025-06-20 00:00:00",368.01,0.00,"2025-06-20 00:00:00","2026-04-16 11:56:35"
4706,191,"2026-04-02 00:00:00",89.37,0.00,"2026-04-02 00:00:00","2026-04-16 11:56:35"
4707,138,"2020-07-06 00:00:00",132.64,0.00,"2020-07-06 00:00:00","2026-04-16 11:56:35"
4708,276,"2025-10-23 00:00:00",144.55,0.00,"2025-10-23 00:00:00","2026-04-16 11:56:35"
4709,168,"2025-11-26 00:00:00",197.42,0.00,"2025-11-26 00:00:00","2026-04-16 11:56:35"
4710,11,"2024-09-14 00:00:00",125.34,0.00,"2024-09-14 00:00:00","2026-04-16 11:56:35"
4711,221,"2025-11-14 00:00:00",24.88,25.00,"2025-11-14 00:00:00","2026-04-16 11:56:35"
4712,110,"2025-08-27 00:00:00",141.22,0.00,"2025-08-27 00:00:00","2026-04-16 11:56:35"
4713,142,"2026-04-11 00:00:00",18.34,25.00,"2026-04-11 00:00:00","2026-04-16 11:56:35"
4714,174,"2024-08-17 00:00:00",232.82,0.00,"2024-08-17 00:00:00","2026-04-16 11:56:35"
4715,278,"2026-04-05 00:00:00",190.37,0.00,"2026-04-05 00:00:00","2026-04-16 11:56:35"
4716,14,"2023-06-03 00:00:00",51.76,5.00,"2023-06-03 00:00:00","2026-04-16 11:56:35"
4717,161,"2022-08-26 00:00:00",33.74,10.00,"2022-08-26 00:00:00","2026-04-16 11:56:35"
4718,100,"2023-07-25 00:00:00",101.75,0.00,"2023-07-25 00:00:00","2026-04-16 11:56:35"
4719,118,"2023-07-20 00:00:00",182.78,0.00,"2023-07-20 00:00:00","2026-04-16 11:56:35"
4720,166,"2021-12-18 00:00:00",53.77,5.00,"2021-12-18 00:00:00","2026-04-16 11:56:35"
4721,292,"2023-06-21 00:00:00",69.86,5.00,"2023-06-21 00:00:00","2026-04-16 11:56:35"
4722,104,"2023-12-24 00:00:00",36.99,10.00,"2023-12-24 00:00:00","2026-04-16 11:56:35"
4723,177,"2025-04-13 00:00:00",167.07,0.00,"2025-04-13 00:00:00","2026-04-16 11:56:35"
4724,280,"2023-03-04 00:00:00",52.76,5.00,"2023-03-04 00:00:00","2026-04-16 11:56:35"
4725,223,"2022-08-10 00:00:00",6.09,25.00,"2022-08-10 00:00:00","2026-04-16 11:56:35"
4726,243,"2025-05-13 00:00:00",44.66,10.00,"2025-05-13 00:00:00","2026-04-16 11:56:35"
4727,181,"2025-11-04 00:00:00",107.82,0.00,"2025-11-04 00:00:00","2026-04-16 11:56:35"
4728,10,"2025-07-21 00:00:00",170.70,0.00,"2025-07-21 00:00:00","2026-04-16 11:56:35"
4729,87,"2026-03-10 00:00:00",198.91,0.00,"2026-03-10 00:00:00","2026-04-16 11:56:35"
4730,274,"2022-09-09 00:00:00",32.20,10.00,"2022-09-09 00:00:00","2026-04-16 11:56:35"
4731,142,"2026-02-02 00:00:00",208.28,0.00,"2026-02-02 00:00:00","2026-04-16 11:56:35"
4732,185,"2025-12-23 00:00:00",75.59,0.00,"2025-12-23 00:00:00","2026-04-16 11:56:35"
4733,286,"2024-12-18 00:00:00",371.85,0.00,"2024-12-18 00:00:00","2026-04-16 11:56:35"
4734,111,"2023-10-17 00:00:00",238.70,0.00,"2023-10-17 00:00:00","2026-04-16 11:56:35"
4735,19,"2025-07-07 00:00:00",1.69,25.00,"2025-07-07 00:00:00","2026-04-16 11:56:35"
4736,191,"2025-12-30 00:00:00",61.03,5.00,"2025-12-30 00:00:00","2026-04-16 11:56:35"
4737,286,"2023-11-10 00:00:00",45.90,10.00,"2023-11-10 00:00:00","2026-04-16 11:56:35"
4738,183,"2024-02-24 00:00:00",27.78,10.00,"2024-02-24 00:00:00","2026-04-16 11:56:35"
4739,85,"2026-03-20 00:00:00",143.36,0.00,"2026-03-20 00:00:00","2026-04-16 11:56:35"
4740,239,"2024-04-03 00:00:00",130.86,0.00,"2024-04-03 00:00:00","2026-04-16 11:56:35"
4741,27,"2024-03-01 00:00:00",73.03,5.00,"2024-03-01 00:00:00","2026-04-16 11:56:35"
4742,269,"2024-05-27 00:00:00",28.48,10.00,"2024-05-27 00:00:00","2026-04-16 11:56:35"
4743,170,"2022-05-14 00:00:00",208.75,0.00,"2022-05-14 00:00:00","2026-04-16 11:56:35"
4744,80,"2026-04-05 00:00:00",199.72,0.00,"2026-04-05 00:00:00","2026-04-16 11:56:35"
4745,138,"2021-05-03 00:00:00",142.02,0.00,"2021-05-03 00:00:00","2026-04-16 11:56:35"
4746,31,"2021-10-27 00:00:00",260.76,0.00,"2021-10-27 00:00:00","2026-04-16 11:56:35"
4747,10,"2025-07-22 00:00:00",339.54,0.00,"2025-07-22 00:00:00","2026-04-16 11:56:35"
4748,56,"2025-12-02 00:00:00",154.16,0.00,"2025-12-02 00:00:00","2026-04-16 11:56:35"
4749,295,"2025-07-07 00:00:00",132.49,0.00,"2025-07-07 00:00:00","2026-04-16 11:56:35"
4750,22,"2023-10-09 00:00:00",4.76,25.00,"2023-10-09 00:00:00","2026-04-16 11:56:35"
4751,227,"2026-03-25 00:00:00",97.62,0.00,"2026-03-25 00:00:00","2026-04-16 11:56:35"
4752,178,"2022-07-30 00:00:00",250.50,0.00,"2022-07-30 00:00:00","2026-04-16 11:56:35"
4753,161,"2025-05-03 00:00:00",210.87,0.00,"2025-05-03 00:00:00","2026-04-16 11:56:35"
4754,153,"2021-10-20 00:00:00",89.84,0.00,"2021-10-20 00:00:00","2026-04-16 11:56:35"
4755,52,"2025-07-07 00:00:00",264.58,0.00,"2025-07-07 00:00:00","2026-04-16 11:56:35"
4756,170,"2021-12-02 00:00:00",168.57,0.00,"2021-12-02 00:00:00","2026-04-16 11:56:35"
4757,62,"2024-09-15 00:00:00",106.43,0.00,"2024-09-15 00:00:00","2026-04-16 11:56:35"
4758,49,"2021-10-29 00:00:00",120.29,0.00,"2021-10-29 00:00:00","2026-04-16 11:56:35"
4759,88,"2026-03-13 00:00:00",203.77,0.00,"2026-03-13 00:00:00","2026-04-16 11:56:35"
4760,238,"2021-01-02 00:00:00",63.79,5.00,"2021-01-02 00:00:00","2026-04-16 11:56:35"
4761,102,"2022-10-27 00:00:00",160.33,0.00,"2022-10-27 00:00:00","2026-04-16 11:56:35"
4762,202,"2025-09-09 00:00:00",248.06,0.00,"2025-09-09 00:00:00","2026-04-16 11:56:35"
4763,300,"2025-06-27 00:00:00",228.81,0.00,"2025-06-27 00:00:00","2026-04-16 11:56:35"
4764,287,"2022-09-28 00:00:00",43.75,10.00,"2022-09-28 00:00:00","2026-04-16 11:56:35"
4765,10,"2026-02-01 00:00:00",41.65,10.00,"2026-02-01 00:00:00","2026-04-16 11:56:35"
4766,132,"2022-11-20 00:00:00",38.92,10.00,"2022-11-20 00:00:00","2026-04-16 11:56:35"
4767,91,"2024-12-19 00:00:00",195.71,0.00,"2024-12-19 00:00:00","2026-04-16 11:56:35"
4768,258,"2025-05-24 00:00:00",353.43,0.00,"2025-05-24 00:00:00","2026-04-16 11:56:35"
4769,198,"2026-01-08 00:00:00",75.62,0.00,"2026-01-08 00:00:00","2026-04-16 11:56:35"
4770,15,"2024-09-07 00:00:00",122.05,0.00,"2024-09-07 00:00:00","2026-04-16 11:56:35"
4771,102,"2024-02-26 00:00:00",123.65,0.00,"2024-02-26 00:00:00","2026-04-16 11:56:35"
4772,41,"2023-04-30 00:00:00",451.27,0.00,"2023-04-30 00:00:00","2026-04-16 11:56:35"
4773,88,"2026-02-27 00:00:00",181.03,0.00,"2026-02-27 00:00:00","2026-04-16 11:56:35"
4774,132,"2022-02-10 00:00:00",222.19,0.00,"2022-02-10 00:00:00","2026-04-16 11:56:35"
4775,116,"2025-10-07 00:00:00",138.46,0.00,"2025-10-07 00:00:00","2026-04-16 11:56:35"
4776,42,"2024-10-19 00:00:00",19.40,25.00,"2024-10-19 00:00:00","2026-04-16 11:56:35"
4777,199,"2023-09-20 00:00:00",73.80,5.00,"2023-09-20 00:00:00","2026-04-16 11:56:35"
4778,210,"2025-09-23 00:00:00",133.08,0.00,"2025-09-23 00:00:00","2026-04-16 11:56:35"
4779,187,"2022-09-16 00:00:00",35.85,10.00,"2022-09-16 00:00:00","2026-04-16 11:56:35"
4780,297,"2025-08-25 00:00:00",26.80,10.00,"2025-08-25 00:00:00","2026-04-16 11:56:35"
4781,179,"2023-12-11 00:00:00",141.99,0.00,"2023-12-11 00:00:00","2026-04-16 11:56:35"
4782,37,"2025-05-18 00:00:00",94.77,0.00,"2025-05-18 00:00:00","2026-04-16 11:56:35"
4783,36,"2025-11-03 00:00:00",196.69,0.00,"2025-11-03 00:00:00","2026-04-16 11:56:35"
4784,253,"2025-02-08 00:00:00",215.95,0.00,"2025-02-08 00:00:00","2026-04-16 11:56:35"
4785,244,"2026-03-11 00:00:00",130.53,0.00,"2026-03-11 00:00:00","2026-04-16 11:56:35"
4786,231,"2025-10-28 00:00:00",182.84,0.00,"2025-10-28 00:00:00","2026-04-16 11:56:35"
4787,214,"2022-09-29 00:00:00",7.44,25.00,"2022-09-29 00:00:00","2026-04-16 11:56:35"
4788,238,"2024-06-14 00:00:00",64.55,5.00,"2024-06-14 00:00:00","2026-04-16 11:56:35"
4789,233,"2025-06-03 00:00:00",156.73,0.00,"2025-06-03 00:00:00","2026-04-16 11:56:35"
4790,39,"2022-12-05 00:00:00",85.50,0.00,"2022-12-05 00:00:00","2026-04-16 11:56:35"
4791,135,"2026-04-01 00:00:00",248.81,0.00,"2026-04-01 00:00:00","2026-04-16 11:56:35"
4792,135,"2026-03-25 00:00:00",74.98,5.00,"2026-03-25 00:00:00","2026-04-16 11:56:35"
4793,12,"2026-04-11 00:00:00",169.26,0.00,"2026-04-11 00:00:00","2026-04-16 11:56:35"
4794,64,"2025-08-21 00:00:00",236.00,0.00,"2025-08-21 00:00:00","2026-04-16 11:56:35"
4795,117,"2024-01-13 00:00:00",126.07,0.00,"2024-01-13 00:00:00","2026-04-16 11:56:35"
4796,202,"2025-07-06 00:00:00",100.48,0.00,"2025-07-06 00:00:00","2026-04-16 11:56:35"
4797,162,"2023-11-14 00:00:00",139.06,0.00,"2023-11-14 00:00:00","2026-04-16 11:56:35"
4798,150,"2026-02-14 00:00:00",147.78,0.00,"2026-02-14 00:00:00","2026-04-16 11:56:35"
4799,268,"2021-03-28 00:00:00",185.81,0.00,"2021-03-28 00:00:00","2026-04-16 11:56:35"
4800,57,"2024-02-14 00:00:00",243.03,0.00,"2024-02-14 00:00:00","2026-04-16 11:56:35"
4801,263,"2020-01-09 00:00:00",83.19,0.00,"2020-01-09 00:00:00","2026-04-16 11:56:35"
4802,213,"2025-05-30 00:00:00",92.70,0.00,"2025-05-30 00:00:00","2026-04-16 11:56:35"
4803,59,"2025-12-17 00:00:00",49.91,10.00,"2025-12-17 00:00:00","2026-04-16 11:56:35"
4804,65,"2025-08-16 00:00:00",300.18,0.00,"2025-08-16 00:00:00","2026-04-16 11:56:35"
4805,207,"2024-11-09 00:00:00",69.35,5.00,"2024-11-09 00:00:00","2026-04-16 11:56:35"
4806,72,"2024-04-05 00:00:00",131.15,0.00,"2024-04-05 00:00:00","2026-04-16 11:56:35"
4807,151,"2023-11-16 00:00:00",129.34,0.00,"2023-11-16 00:00:00","2026-04-16 11:56:35"
4808,48,"2025-08-05 00:00:00",284.66,0.00,"2025-08-05 00:00:00","2026-04-16 11:56:35"
4809,84,"2025-04-30 00:00:00",103.75,0.00,"2025-04-30 00:00:00","2026-04-16 11:56:35"
4810,46,"2026-04-04 00:00:00",225.73,0.00,"2026-04-04 00:00:00","2026-04-16 11:56:35"
4811,276,"2025-08-05 00:00:00",141.49,0.00,"2025-08-05 00:00:00","2026-04-16 11:56:35"
4812,270,"2025-08-18 00:00:00",120.91,0.00,"2025-08-18 00:00:00","2026-04-16 11:56:35"
4813,257,"2026-03-31 00:00:00",363.32,0.00,"2026-03-31 00:00:00","2026-04-16 11:56:35"
4814,75,"2026-04-10 00:00:00",138.31,0.00,"2026-04-10 00:00:00","2026-04-16 11:56:35"
4815,214,"2025-06-16 00:00:00",323.99,0.00,"2025-06-16 00:00:00","2026-04-16 11:56:35"
4816,65,"2025-09-20 00:00:00",154.47,0.00,"2025-09-20 00:00:00","2026-04-16 11:56:35"
4817,23,"2024-11-15 00:00:00",54.02,5.00,"2024-11-15 00:00:00","2026-04-16 11:56:35"
4818,47,"2023-10-14 00:00:00",74.39,5.00,"2023-10-14 00:00:00","2026-04-16 11:56:35"
4819,253,"2023-10-27 00:00:00",104.05,0.00,"2023-10-27 00:00:00","2026-04-16 11:56:35"
4820,281,"2024-11-15 00:00:00",148.49,0.00,"2024-11-15 00:00:00","2026-04-16 11:56:35"
4821,297,"2025-05-28 00:00:00",204.43,0.00,"2025-05-28 00:00:00","2026-04-16 11:56:35"
4822,142,"2025-12-26 00:00:00",191.35,0.00,"2025-12-26 00:00:00","2026-04-16 11:56:35"
4823,36,"2025-05-23 00:00:00",36.46,10.00,"2025-05-23 00:00:00","2026-04-16 11:56:35"
4824,99,"2025-10-18 00:00:00",141.46,0.00,"2025-10-18 00:00:00","2026-04-16 11:56:35"
4825,24,"2022-07-09 00:00:00",109.35,0.00,"2022-07-09 00:00:00","2026-04-16 11:56:35"
4826,7,"2025-10-30 00:00:00",89.46,0.00,"2025-10-30 00:00:00","2026-04-16 11:56:35"
4827,243,"2025-04-30 00:00:00",314.46,0.00,"2025-04-30 00:00:00","2026-04-16 11:56:35"
4828,159,"2025-02-25 00:00:00",220.41,0.00,"2025-02-25 00:00:00","2026-04-16 11:56:35"
4829,223,"2023-03-12 00:00:00",140.48,0.00,"2023-03-12 00:00:00","2026-04-16 11:56:35"
4830,61,"2026-01-01 00:00:00",225.68,0.00,"2026-01-01 00:00:00","2026-04-16 11:56:35"
4831,99,"2025-07-06 00:00:00",49.20,10.00,"2025-07-06 00:00:00","2026-04-16 11:56:35"
4832,192,"2024-08-24 00:00:00",19.08,25.00,"2024-08-24 00:00:00","2026-04-16 11:56:35"
4833,276,"2025-08-13 00:00:00",26.65,10.00,"2025-08-13 00:00:00","2026-04-16 11:56:35"
4834,267,"2023-07-22 00:00:00",361.98,0.00,"2023-07-22 00:00:00","2026-04-16 11:56:35"
4835,14,"2022-08-05 00:00:00",165.31,0.00,"2022-08-05 00:00:00","2026-04-16 11:56:35"
4836,188,"2026-03-08 00:00:00",217.56,0.00,"2026-03-08 00:00:00","2026-04-16 11:56:35"
4837,12,"2023-10-27 00:00:00",372.56,0.00,"2023-10-27 00:00:00","2026-04-16 11:56:35"
4838,49,"2023-10-02 00:00:00",172.44,0.00,"2023-10-02 00:00:00","2026-04-16 11:56:35"
4839,267,"2023-03-05 00:00:00",99.08,0.00,"2023-03-05 00:00:00","2026-04-16 11:56:35"
4840,56,"2024-12-01 00:00:00",276.77,0.00,"2024-12-01 00:00:00","2026-04-16 11:56:35"
4841,152,"2023-07-24 00:00:00",65.52,5.00,"2023-07-24 00:00:00","2026-04-16 11:56:35"
4842,62,"2025-12-16 00:00:00",227.47,0.00,"2025-12-16 00:00:00","2026-04-16 11:56:35"
4843,4,"2024-09-14 00:00:00",191.74,0.00,"2024-09-14 00:00:00","2026-04-16 11:56:35"
4844,78,"2026-03-29 00:00:00",144.06,0.00,"2026-03-29 00:00:00","2026-04-16 11:56:35"
4845,189,"2025-12-05 00:00:00",249.68,0.00,"2025-12-05 00:00:00","2026-04-16 11:56:35"
4846,205,"2022-06-05 00:00:00",17.20,25.00,"2022-06-05 00:00:00","2026-04-16 11:56:35"
4847,189,"2026-01-31 00:00:00",75.00,0.00,"2026-01-31 00:00:00","2026-04-16 11:56:35"
4848,222,"2023-09-19 00:00:00",261.57,0.00,"2023-09-19 00:00:00","2026-04-16 11:56:35"
4849,210,"2025-10-18 00:00:00",25.67,10.00,"2025-10-18 00:00:00","2026-04-16 11:56:35"
4850,98,"2022-06-07 00:00:00",241.60,0.00,"2022-06-07 00:00:00","2026-04-16 11:56:35"
4851,41,"2025-08-23 00:00:00",133.61,0.00,"2025-08-23 00:00:00","2026-04-16 11:56:35"
4852,55,"2026-01-30 00:00:00",74.92,5.00,"2026-01-30 00:00:00","2026-04-16 11:56:35"
4853,126,"2023-05-29 00:00:00",142.95,0.00,"2023-05-29 00:00:00","2026-04-16 11:56:35"
4854,227,"2026-03-28 00:00:00",33.91,10.00,"2026-03-28 00:00:00","2026-04-16 11:56:35"
4855,259,"2026-03-01 00:00:00",185.82,0.00,"2026-03-01 00:00:00","2026-04-16 11:56:35"
4856,250,"2022-09-16 00:00:00",179.20,0.00,"2022-09-16 00:00:00","2026-04-16 11:56:35"
4857,1,"2025-12-17 00:00:00",93.70,0.00,"2025-12-17 00:00:00","2026-04-16 11:56:35"
4858,196,"2025-11-11 00:00:00",37.29,10.00,"2025-11-11 00:00:00","2026-04-16 11:56:35"
4859,96,"2025-05-25 00:00:00",69.49,5.00,"2025-05-25 00:00:00","2026-04-16 11:56:35"
4860,183,"2023-07-25 00:00:00",217.10,0.00,"2023-07-25 00:00:00","2026-04-16 11:56:35"
4861,77,"2024-11-19 00:00:00",316.68,0.00,"2024-11-19 00:00:00","2026-04-16 11:56:35"
4862,139,"2024-07-11 00:00:00",103.61,0.00,"2024-07-11 00:00:00","2026-04-16 11:56:35"
4863,40,"2025-12-26 00:00:00",132.78,0.00,"2025-12-26 00:00:00","2026-04-16 11:56:35"
4864,162,"2023-01-30 00:00:00",114.60,0.00,"2023-01-30 00:00:00","2026-04-16 11:56:35"
4865,280,"2025-02-26 00:00:00",47.48,10.00,"2025-02-26 00:00:00","2026-04-16 11:56:35"
4866,109,"2024-08-31 00:00:00",162.25,0.00,"2024-08-31 00:00:00","2026-04-16 11:56:35"
4867,255,"2022-06-29 00:00:00",72.57,5.00,"2022-06-29 00:00:00","2026-04-16 11:56:35"
4868,167,"2025-01-22 00:00:00",144.96,0.00,"2025-01-22 00:00:00","2026-04-16 11:56:35"
4869,229,"2026-04-13 00:00:00",141.69,0.00,"2026-04-13 00:00:00","2026-04-16 11:56:35"
4870,54,"2024-10-06 00:00:00",67.00,5.00,"2024-10-06 00:00:00","2026-04-16 11:56:35"
4871,282,"2025-10-10 00:00:00",286.11,0.00,"2025-10-10 00:00:00","2026-04-16 11:56:35"
4872,198,"2026-04-11 00:00:00",56.85,5.00,"2026-04-11 00:00:00","2026-04-16 11:56:35"
4873,267,"2024-05-04 00:00:00",14.60,25.00,"2024-05-04 00:00:00","2026-04-16 11:56:35"
4874,17,"2023-08-19 00:00:00",61.60,5.00,"2023-08-19 00:00:00","2026-04-16 11:56:35"
4875,226,"2025-11-17 00:00:00",74.28,5.00,"2025-11-17 00:00:00","2026-04-16 11:56:35"
4876,237,"2026-02-13 00:00:00",29.44,10.00,"2026-02-13 00:00:00","2026-04-16 11:56:35"
4877,34,"2025-05-30 00:00:00",91.17,0.00,"2025-05-30 00:00:00","2026-04-16 11:56:35"
4878,92,"2025-03-13 00:00:00",156.44,0.00,"2025-03-13 00:00:00","2026-04-16 11:56:35"
4879,12,"2023-03-24 00:00:00",52.14,5.00,"2023-03-24 00:00:00","2026-04-16 11:56:35"
4880,43,"2025-08-24 00:00:00",16.16,25.00,"2025-08-24 00:00:00","2026-04-16 11:56:35"
4881,286,"2025-04-04 00:00:00",144.78,0.00,"2025-04-04 00:00:00","2026-04-16 11:56:35"
4882,53,"2025-04-08 00:00:00",143.12,0.00,"2025-04-08 00:00:00","2026-04-16 11:56:35"
4883,213,"2026-01-30 00:00:00",125.52,0.00,"2026-01-30 00:00:00","2026-04-16 11:56:35"
4884,62,"2025-04-29 00:00:00",347.41,0.00,"2025-04-29 00:00:00","2026-04-16 11:56:35"
4885,209,"2026-03-30 00:00:00",50.63,5.00,"2026-03-30 00:00:00","2026-04-16 11:56:35"
4886,44,"2026-03-19 00:00:00",67.65,5.00,"2026-03-19 00:00:00","2026-04-16 11:56:35"
4887,213,"2024-09-11 00:00:00",246.24,0.00,"2024-09-11 00:00:00","2026-04-16 11:56:35"
4888,40,"2026-03-08 00:00:00",190.29,0.00,"2026-03-08 00:00:00","2026-04-16 11:56:35"
4889,214,"2024-12-12 00:00:00",80.70,0.00,"2024-12-12 00:00:00","2026-04-16 11:56:35"
4890,289,"2025-10-16 00:00:00",20.48,25.00,"2025-10-16 00:00:00","2026-04-16 11:56:35"
4891,265,"2025-06-30 00:00:00",156.87,0.00,"2025-06-30 00:00:00","2026-04-16 11:56:35"
4892,23,"2025-12-23 00:00:00",324.82,0.00,"2025-12-23 00:00:00","2026-04-16 11:56:35"
4893,208,"2025-02-15 00:00:00",48.27,10.00,"2025-02-15 00:00:00","2026-04-16 11:56:35"
4894,281,"2025-10-23 00:00:00",239.55,0.00,"2025-10-23 00:00:00","2026-04-16 11:56:35"
4895,196,"2026-01-11 00:00:00",45.31,10.00,"2026-01-11 00:00:00","2026-04-16 11:56:35"
4896,4,"2022-11-29 00:00:00",141.98,0.00,"2022-11-29 00:00:00","2026-04-16 11:56:35"
4897,117,"2025-06-23 00:00:00",49.96,10.00,"2025-06-23 00:00:00","2026-04-16 11:56:35"
4898,31,"2023-08-25 00:00:00",54.20,5.00,"2023-08-25 00:00:00","2026-04-16 11:56:35"
4899,92,"2025-07-11 00:00:00",3.52,25.00,"2025-07-11 00:00:00","2026-04-16 11:56:35"
4900,189,"2025-01-01 00:00:00",180.88,0.00,"2025-01-01 00:00:00","2026-04-16 11:56:35"
4901,216,"2025-01-02 00:00:00",50.71,5.00,"2025-01-02 00:00:00","2026-04-16 11:56:35"
4902,171,"2025-09-28 00:00:00",122.62,0.00,"2025-09-28 00:00:00","2026-04-16 11:56:35"
4903,285,"2024-02-12 00:00:00",260.31,0.00,"2024-02-12 00:00:00","2026-04-16 11:56:35"
4904,181,"2022-10-22 00:00:00",127.50,0.00,"2022-10-22 00:00:00","2026-04-16 11:56:35"
4905,206,"2024-02-12 00:00:00",289.10,0.00,"2024-02-12 00:00:00","2026-04-16 11:56:35"
4906,183,"2024-09-03 00:00:00",28.02,10.00,"2024-09-03 00:00:00","2026-04-16 11:56:35"
4907,299,"2024-02-06 00:00:00",7.27,25.00,"2024-02-06 00:00:00","2026-04-16 11:56:35"
4908,131,"2024-07-02 00:00:00",299.07,0.00,"2024-07-02 00:00:00","2026-04-16 11:56:35"
4909,284,"2025-04-28 00:00:00",78.65,0.00,"2025-04-28 00:00:00","2026-04-16 11:56:35"
4910,9,"2024-09-18 00:00:00",343.52,0.00,"2024-09-18 00:00:00","2026-04-16 11:56:35"
4911,98,"2025-08-15 00:00:00",84.44,0.00,"2025-08-15 00:00:00","2026-04-16 11:56:35"
4912,85,"2025-05-15 00:00:00",280.95,0.00,"2025-05-15 00:00:00","2026-04-16 11:56:35"
4913,274,"2023-01-09 00:00:00",87.33,0.00,"2023-01-09 00:00:00","2026-04-16 11:56:35"
4914,228,"2025-01-05 00:00:00",161.60,0.00,"2025-01-05 00:00:00","2026-04-16 11:56:35"
4915,286,"2025-01-30 00:00:00",9.74,25.00,"2025-01-30 00:00:00","2026-04-16 11:56:35"
4916,285,"2023-06-26 00:00:00",104.20,0.00,"2023-06-26 00:00:00","2026-04-16 11:56:35"
4917,165,"2025-04-20 00:00:00",69.89,5.00,"2025-04-20 00:00:00","2026-04-16 11:56:35"
4918,75,"2026-03-28 00:00:00",42.10,10.00,"2026-03-28 00:00:00","2026-04-16 11:56:35"
4919,183,"2024-11-20 00:00:00",147.38,0.00,"2024-11-20 00:00:00","2026-04-16 11:56:35"
4920,109,"2025-01-10 00:00:00",59.53,5.00,"2025-01-10 00:00:00","2026-04-16 11:56:35"
4921,144,"2020-07-01 00:00:00",139.95,0.00,"2020-07-01 00:00:00","2026-04-16 11:56:35"
4922,255,"2024-05-29 00:00:00",347.06,0.00,"2024-05-29 00:00:00","2026-04-16 11:56:35"
4923,46,"2025-12-12 00:00:00",149.72,0.00,"2025-12-12 00:00:00","2026-04-16 11:56:35"
4924,157,"2021-09-08 00:00:00",25.95,10.00,"2021-09-08 00:00:00","2026-04-16 11:56:35"
4925,147,"2022-01-01 00:00:00",63.52,5.00,"2022-01-01 00:00:00","2026-04-16 11:56:35"
4926,234,"2024-07-01 00:00:00",157.84,0.00,"2024-07-01 00:00:00","2026-04-16 11:56:35"
4927,54,"2024-10-30 00:00:00",65.44,5.00,"2024-10-30 00:00:00","2026-04-16 11:56:35"
4928,172,"2025-07-14 00:00:00",230.75,0.00,"2025-07-14 00:00:00","2026-04-16 11:56:35"
4929,96,"2026-02-13 00:00:00",169.83,0.00,"2026-02-13 00:00:00","2026-04-16 11:56:35"
4930,37,"2023-12-30 00:00:00",41.85,10.00,"2023-12-30 00:00:00","2026-04-16 11:56:35"
4931,173,"2025-07-11 00:00:00",197.03,0.00,"2025-07-11 00:00:00","2026-04-16 11:56:35"
4932,233,"2025-06-28 00:00:00",139.28,0.00,"2025-06-28 00:00:00","2026-04-16 11:56:35"
4933,11,"2026-03-16 00:00:00",25.16,10.00,"2026-03-16 00:00:00","2026-04-16 11:56:35"
4934,174,"2025-07-31 00:00:00",31.56,10.00,"2025-07-31 00:00:00","2026-04-16 11:56:35"
4935,256,"2025-07-06 00:00:00",167.35,0.00,"2025-07-06 00:00:00","2026-04-16 11:56:35"
4936,157,"2020-09-18 00:00:00",155.62,0.00,"2020-09-18 00:00:00","2026-04-16 11:56:35"
4937,131,"2024-12-20 00:00:00",33.03,10.00,"2024-12-20 00:00:00","2026-04-16 11:56:35"
4938,11,"2025-10-25 00:00:00",130.50,0.00,"2025-10-25 00:00:00","2026-04-16 11:56:35"
4939,19,"2025-11-01 00:00:00",70.49,5.00,"2025-11-01 00:00:00","2026-04-16 11:56:35"
4940,223,"2025-01-10 00:00:00",184.50,0.00,"2025-01-10 00:00:00","2026-04-16 11:56:35"
4941,178,"2022-11-27 00:00:00",142.46,0.00,"2022-11-27 00:00:00","2026-04-16 11:56:35"
4942,297,"2025-08-07 00:00:00",138.36,0.00,"2025-08-07 00:00:00","2026-04-16 11:56:35"
4943,242,"2023-03-03 00:00:00",11.01,25.00,"2023-03-03 00:00:00","2026-04-16 11:56:35"
4944,116,"2026-02-20 00:00:00",23.12,25.00,"2026-02-20 00:00:00","2026-04-16 11:56:35"
4945,168,"2026-03-28 00:00:00",152.76,0.00,"2026-03-28 00:00:00","2026-04-16 11:56:35"
4946,14,"2024-09-05 00:00:00",151.86,0.00,"2024-09-05 00:00:00","2026-04-16 11:56:35"
4947,123,"2025-05-17 00:00:00",147.82,0.00,"2025-05-17 00:00:00","2026-04-16 11:56:35"
4948,224,"2021-05-04 00:00:00",116.49,0.00,"2021-05-04 00:00:00","2026-04-16 11:56:35"
4949,12,"2025-04-06 00:00:00",71.30,5.00,"2025-04-06 00:00:00","2026-04-16 11:56:35"
4950,49,"2023-08-03 00:00:00",93.65,0.00,"2023-08-03 00:00:00","2026-04-16 11:56:35"
4951,231,"2024-04-07 00:00:00",203.13,0.00,"2024-04-07 00:00:00","2026-04-16 11:56:35"
4952,190,"2026-04-13 00:00:00",20.28,25.00,"2026-04-13 00:00:00","2026-04-16 11:56:35"
4953,57,"2024-07-15 00:00:00",107.84,0.00,"2024-07-15 00:00:00","2026-04-16 11:56:35"
4954,107,"2025-05-27 00:00:00",55.99,5.00,"2025-05-27 00:00:00","2026-04-16 11:56:35"
4955,80,"2024-07-07 00:00:00",198.73,0.00,"2024-07-07 00:00:00","2026-04-16 11:56:35"
4956,12,"2025-07-22 00:00:00",234.37,0.00,"2025-07-22 00:00:00","2026-04-16 11:56:35"
4957,197,"2024-07-06 00:00:00",232.68,0.00,"2024-07-06 00:00:00","2026-04-16 11:56:35"
4958,162,"2021-03-22 00:00:00",271.95,0.00,"2021-03-22 00:00:00","2026-04-16 11:56:35"
4959,182,"2025-08-05 00:00:00",130.38,0.00,"2025-08-05 00:00:00","2026-04-16 11:56:35"
4960,261,"2023-04-02 00:00:00",61.95,5.00,"2023-04-02 00:00:00","2026-04-16 11:56:35"
4961,69,"2025-04-04 00:00:00",253.23,0.00,"2025-04-04 00:00:00","2026-04-16 11:56:35"
4962,83,"2025-10-05 00:00:00",78.12,0.00,"2025-10-05 00:00:00","2026-04-16 11:56:35"
4963,234,"2024-07-27 00:00:00",205.95,0.00,"2024-07-27 00:00:00","2026-04-16 11:56:35"
4964,294,"2024-05-10 00:00:00",285.51,0.00,"2024-05-10 00:00:00","2026-04-16 11:56:35"
4965,77,"2024-11-22 00:00:00",111.45,0.00,"2024-11-22 00:00:00","2026-04-16 11:56:35"
4966,113,"2026-04-04 00:00:00",70.48,5.00,"2026-04-04 00:00:00","2026-04-16 11:56:35"
4967,64,"2025-07-20 00:00:00",349.92,0.00,"2025-07-20 00:00:00","2026-04-16 11:56:35"
4968,163,"2025-11-23 00:00:00",83.61,0.00,"2025-11-23 00:00:00","2026-04-16 11:56:35"
4969,39,"2023-01-13 00:00:00",269.60,0.00,"2023-01-13 00:00:00","2026-04-16 11:56:35"
4970,149,"2026-02-09 00:00:00",129.92,0.00,"2026-02-09 00:00:00","2026-04-16 11:56:35"
4971,78,"2026-04-01 00:00:00",120.43,0.00,"2026-04-01 00:00:00","2026-04-16 11:56:35"
4972,92,"2026-02-05 00:00:00",212.92,0.00,"2026-02-05 00:00:00","2026-04-16 11:56:35"
4973,19,"2026-02-15 00:00:00",183.86,0.00,"2026-02-15 00:00:00","2026-04-16 11:56:35"
4974,7,"2025-10-18 00:00:00",123.12,0.00,"2025-10-18 00:00:00","2026-04-16 11:56:35"
4975,44,"2026-03-16 00:00:00",231.48,0.00,"2026-03-16 00:00:00","2026-04-16 11:56:35"
4976,19,"2026-01-04 00:00:00",176.64,0.00,"2026-01-04 00:00:00","2026-04-16 11:56:35"
4977,34,"2025-11-10 00:00:00",23.32,25.00,"2025-11-10 00:00:00","2026-04-16 11:56:35"
4978,300,"2022-09-12 00:00:00",138.03,0.00,"2022-09-12 00:00:00","2026-04-16 11:56:35"
4979,266,"2026-03-08 00:00:00",244.70,0.00,"2026-03-08 00:00:00","2026-04-16 11:56:35"
4980,64,"2025-05-16 00:00:00",180.60,0.00,"2025-05-16 00:00:00","2026-04-16 11:56:35"
4981,54,"2025-09-21 00:00:00",339.06,0.00,"2025-09-21 00:00:00","2026-04-16 11:56:35"
4982,144,"2020-05-29 00:00:00",222.20,0.00,"2020-05-29 00:00:00","2026-04-16 11:56:35"
4983,269,"2025-04-12 00:00:00",104.05,0.00,"2025-04-12 00:00:00","2026-04-16 11:56:35"
4984,129,"2022-03-11 00:00:00",108.83,0.00,"2022-03-11 00:00:00","2026-04-16 11:56:35"
4985,154,"2024-11-04 00:00:00",71.07,5.00,"2024-11-04 00:00:00","2026-04-16 11:56:35"
4986,127,"2026-02-06 00:00:00",92.14,0.00,"2026-02-06 00:00:00","2026-04-16 11:56:35"
4987,4,"2025-09-08 00:00:00",99.92,0.00,"2025-09-08 00:00:00","2026-04-16 11:56:35"
4988,32,"2022-05-18 00:00:00",24.15,25.00,"2022-05-18 00:00:00","2026-04-16 11:56:35"
4989,27,"2023-11-27 00:00:00",233.05,0.00,"2023-11-27 00:00:00","2026-04-16 11:56:35"
4990,50,"2024-04-17 00:00:00",25.66,10.00,"2024-04-17 00:00:00","2026-04-16 11:56:35"
4991,237,"2026-03-09 00:00:00",150.99,0.00,"2026-03-09 00:00:00","2026-04-16 11:56:35"
4992,90,"2025-11-01 00:00:00",180.56,0.00,"2025-11-01 00:00:00","2026-04-16 11:56:35"
4993,13,"2025-09-08 00:00:00",139.91,0.00,"2025-09-08 00:00:00","2026-04-16 11:56:35"
4994,281,"2025-11-27 00:00:00",322.10,0.00,"2025-11-27 00:00:00","2026-04-16 11:56:35"
4995,258,"2024-12-02 00:00:00",365.02,0.00,"2024-12-02 00:00:00","2026-04-16 11:56:35"
4996,17,"2025-01-20 00:00:00",74.36,5.00,"2025-01-20 00:00:00","2026-04-16 11:56:35"
4997,253,"2024-08-21 00:00:00",132.74,0.00,"2024-08-21 00:00:00","2026-04-16 11:56:35"
4998,119,"2025-01-28 00:00:00",256.51,0.00,"2025-01-28 00:00:00","2026-04-16 11:56:35"
4999,201,"2026-01-12 00:00:00",180.49,0.00,"2026-01-12 00:00:00","2026-04-16 11:56:35"
5000,263,"2019-12-30 00:00:00",175.39,0.00,"2019-12-30 00:00:00","2026-04-16 11:56:35"
5001,152,"2023-10-25 00:00:00",56.13,5.00,"2023-10-25 00:00:00","2026-04-16 11:56:35"
5002,297,"2025-05-23 00:00:00",229.49,0.00,"2025-05-23 00:00:00","2026-04-16 11:56:35"
5003,255,"2024-09-17 00:00:00",70.25,5.00,"2024-09-17 00:00:00","2026-04-16 11:56:35"
5004,162,"2023-06-11 00:00:00",88.97,0.00,"2023-06-11 00:00:00","2026-04-16 11:56:35"
5005,123,"2024-08-22 00:00:00",99.81,0.00,"2024-08-22 00:00:00","2026-04-16 11:56:35"
5006,249,"2024-07-18 00:00:00",190.11,0.00,"2024-07-18 00:00:00","2026-04-16 11:56:35"
5007,124,"2026-03-04 00:00:00",188.03,0.00,"2026-03-04 00:00:00","2026-04-16 11:56:35"
5008,38,"2022-05-27 00:00:00",105.47,0.00,"2022-05-27 00:00:00","2026-04-16 11:56:35"
5009,284,"2023-11-28 00:00:00",184.36,0.00,"2023-11-28 00:00:00","2026-04-16 11:56:35"
5010,145,"2025-04-06 00:00:00",131.77,0.00,"2025-04-06 00:00:00","2026-04-16 11:56:35"
5011,279,"2026-03-31 00:00:00",158.40,0.00,"2026-03-31 00:00:00","2026-04-16 11:56:35"
5012,175,"2024-06-05 00:00:00",113.10,0.00,"2024-06-05 00:00:00","2026-04-16 11:56:35"
5013,212,"2022-09-24 00:00:00",50.75,5.00,"2022-09-24 00:00:00","2026-04-16 11:56:35"
5014,43,"2024-02-16 00:00:00",396.49,0.00,"2024-02-16 00:00:00","2026-04-16 11:56:35"
5015,140,"2026-03-31 00:00:00",272.47,0.00,"2026-03-31 00:00:00","2026-04-16 11:56:35"
5016,87,"2026-03-02 00:00:00",132.34,0.00,"2026-03-02 00:00:00","2026-04-16 11:56:35"
5017,87,"2026-01-25 00:00:00",126.52,0.00,"2026-01-25 00:00:00","2026-04-16 11:56:35"
5018,179,"2023-03-31 00:00:00",270.39,0.00,"2023-03-31 00:00:00","2026-04-16 11:56:35"
5019,65,"2025-07-03 00:00:00",77.05,0.00,"2025-07-03 00:00:00","2026-04-16 11:56:35"
5020,283,"2022-01-18 00:00:00",92.03,0.00,"2022-01-18 00:00:00","2026-04-16 11:56:35"
5021,299,"2023-12-07 00:00:00",399.95,0.00,"2023-12-07 00:00:00","2026-04-16 11:56:35"
5022,75,"2025-12-22 00:00:00",194.83,0.00,"2025-12-22 00:00:00","2026-04-16 11:56:35"
5023,196,"2025-12-21 00:00:00",201.30,0.00,"2025-12-21 00:00:00","2026-04-16 11:56:35"
5024,86,"2025-04-07 00:00:00",327.97,0.00,"2025-04-07 00:00:00","2026-04-16 11:56:35"
5025,79,"2026-02-05 00:00:00",173.43,0.00,"2026-02-05 00:00:00","2026-04-16 11:56:35"
5026,210,"2026-04-06 00:00:00",72.12,5.00,"2026-04-06 00:00:00","2026-04-16 11:56:35"
5027,267,"2024-09-06 00:00:00",50.36,5.00,"2024-09-06 00:00:00","2026-04-16 11:56:35"
5028,154,"2024-04-25 00:00:00",21.58,25.00,"2024-04-25 00:00:00","2026-04-16 11:56:35"
5029,267,"2023-07-19 00:00:00",83.18,0.00,"2023-07-19 00:00:00","2026-04-16 11:56:35"
5030,168,"2026-03-09 00:00:00",8.44,25.00,"2026-03-09 00:00:00","2026-04-16 11:56:35"
5031,31,"2022-02-14 00:00:00",205.25,0.00,"2022-02-14 00:00:00","2026-04-16 11:56:35"
5032,32,"2024-05-16 00:00:00",114.08,0.00,"2024-05-16 00:00:00","2026-04-16 11:56:35"
5033,127,"2026-02-21 00:00:00",107.38,0.00,"2026-02-21 00:00:00","2026-04-16 11:56:35"
5034,264,"2025-09-25 00:00:00",204.25,0.00,"2025-09-25 00:00:00","2026-04-16 11:56:35"
5035,151,"2023-09-03 00:00:00",240.46,0.00,"2023-09-03 00:00:00","2026-04-16 11:56:35"
5036,32,"2024-02-09 00:00:00",290.77,0.00,"2024-02-09 00:00:00","2026-04-16 11:56:35"
5037,233,"2025-04-17 00:00:00",71.93,5.00,"2025-04-17 00:00:00","2026-04-16 11:56:35"
5038,57,"2023-03-08 00:00:00",27.12,10.00,"2023-03-08 00:00:00","2026-04-16 11:56:35"
5039,268,"2024-07-16 00:00:00",162.98,0.00,"2024-07-16 00:00:00","2026-04-16 11:56:35"
5040,74,"2023-11-11 00:00:00",170.61,0.00,"2023-11-11 00:00:00","2026-04-16 11:56:35"
5041,31,"2023-02-20 00:00:00",164.83,0.00,"2023-02-20 00:00:00","2026-04-16 11:56:35"
5042,205,"2019-11-02 00:00:00",86.23,0.00,"2019-11-02 00:00:00","2026-04-16 11:56:35"
5043,64,"2025-08-27 00:00:00",292.96,0.00,"2025-08-27 00:00:00","2026-04-16 11:56:35"
5044,84,"2025-02-25 00:00:00",128.07,0.00,"2025-02-25 00:00:00","2026-04-16 11:56:35"
5045,296,"2025-05-18 00:00:00",193.15,0.00,"2025-05-18 00:00:00","2026-04-16 11:56:35"
5046,102,"2022-02-10 00:00:00",169.10,0.00,"2022-02-10 00:00:00","2026-04-16 11:56:35"
5047,73,"2025-07-16 00:00:00",31.65,10.00,"2025-07-16 00:00:00","2026-04-16 11:56:35"
5048,189,"2026-04-01 00:00:00",49.10,10.00,"2026-04-01 00:00:00","2026-04-16 11:56:35"
5049,109,"2026-01-17 00:00:00",287.39,0.00,"2026-01-17 00:00:00","2026-04-16 11:56:35"
5050,179,"2025-09-30 00:00:00",25.32,10.00,"2025-09-30 00:00:00","2026-04-16 11:56:35"
5051,253,"2024-07-20 00:00:00",78.68,0.00,"2024-07-20 00:00:00","2026-04-16 11:56:35"
5052,73,"2026-01-17 00:00:00",138.27,0.00,"2026-01-17 00:00:00","2026-04-16 11:56:35"
5053,250,"2022-11-20 00:00:00",6.32,25.00,"2022-11-20 00:00:00","2026-04-16 11:56:35"
5054,210,"2025-12-10 00:00:00",128.32,0.00,"2025-12-10 00:00:00","2026-04-16 11:56:35"
5055,65,"2025-09-11 00:00:00",91.23,0.00,"2025-09-11 00:00:00","2026-04-16 11:56:35"
5056,299,"2025-04-28 00:00:00",183.85,0.00,"2025-04-28 00:00:00","2026-04-16 11:56:35"
5057,29,"2025-04-28 00:00:00",123.23,0.00,"2025-04-28 00:00:00","2026-04-16 11:56:35"
5058,29,"2025-09-18 00:00:00",113.67,0.00,"2025-09-18 00:00:00","2026-04-16 11:56:35"
5059,71,"2025-05-02 00:00:00",78.47,0.00,"2025-05-02 00:00:00","2026-04-16 11:56:35"
5060,100,"2025-11-16 00:00:00",100.52,0.00,"2025-11-16 00:00:00","2026-04-16 11:56:35"
5061,102,"2022-09-01 00:00:00",56.92,5.00,"2022-09-01 00:00:00","2026-04-16 11:56:35"
5062,238,"2024-08-05 00:00:00",205.45,0.00,"2024-08-05 00:00:00","2026-04-16 11:56:35"
5063,251,"2026-03-24 00:00:00",233.76,0.00,"2026-03-24 00:00:00","2026-04-16 11:56:35"
5064,280,"2024-11-15 00:00:00",26.05,10.00,"2024-11-15 00:00:00","2026-04-16 11:56:35"
5065,228,"2025-10-03 00:00:00",363.18,0.00,"2025-10-03 00:00:00","2026-04-16 11:56:35"
5066,283,"2021-07-02 00:00:00",156.13,0.00,"2021-07-02 00:00:00","2026-04-16 11:56:35"
5067,166,"2023-09-16 00:00:00",175.57,0.00,"2023-09-16 00:00:00","2026-04-16 11:56:35"
5068,18,"2025-11-13 00:00:00",40.72,10.00,"2025-11-13 00:00:00","2026-04-16 11:56:35"
5069,290,"2022-06-17 00:00:00",94.01,0.00,"2022-06-17 00:00:00","2026-04-16 11:56:35"
5070,124,"2022-06-26 00:00:00",77.76,0.00,"2022-06-26 00:00:00","2026-04-16 11:56:35"
5071,286,"2024-08-22 00:00:00",8.95,25.00,"2024-08-22 00:00:00","2026-04-16 11:56:35"
5072,112,"2025-11-27 00:00:00",255.10,0.00,"2025-11-27 00:00:00","2026-04-16 11:56:35"
5073,162,"2026-02-10 00:00:00",36.21,10.00,"2026-02-10 00:00:00","2026-04-16 11:56:35"
5074,24,"2022-07-18 00:00:00",141.73,0.00,"2022-07-18 00:00:00","2026-04-16 11:56:35"
5075,166,"2025-07-03 00:00:00",132.69,0.00,"2025-07-03 00:00:00","2026-04-16 11:56:35"
5076,296,"2024-02-13 00:00:00",290.96,0.00,"2024-02-13 00:00:00","2026-04-16 11:56:35"
5077,145,"2025-04-04 00:00:00",42.24,10.00,"2025-04-04 00:00:00","2026-04-16 11:56:35"
5078,114,"2023-06-17 00:00:00",116.64,0.00,"2023-06-17 00:00:00","2026-04-16 11:56:35"
5079,40,"2026-01-30 00:00:00",191.91,0.00,"2026-01-30 00:00:00","2026-04-16 11:56:35"
5080,132,"2022-05-10 00:00:00",178.82,0.00,"2022-05-10 00:00:00","2026-04-16 11:56:35"
5081,80,"2025-02-08 00:00:00",132.19,0.00,"2025-02-08 00:00:00","2026-04-16 11:56:35"
5082,144,"2020-06-21 00:00:00",158.45,0.00,"2020-06-21 00:00:00","2026-04-16 11:56:35"
5083,37,"2024-02-23 00:00:00",74.35,5.00,"2024-02-23 00:00:00","2026-04-16 11:56:35"
5084,44,"2026-03-31 00:00:00",172.10,0.00,"2026-03-31 00:00:00","2026-04-16 11:56:35"
5085,244,"2025-05-19 00:00:00",25.04,10.00,"2025-05-19 00:00:00","2026-04-16 11:56:35"
5086,61,"2025-11-11 00:00:00",106.97,0.00,"2025-11-11 00:00:00","2026-04-16 11:56:35"
5087,64,"2025-08-23 00:00:00",192.00,0.00,"2025-08-23 00:00:00","2026-04-16 11:56:35"
5088,158,"2026-01-17 00:00:00",163.79,0.00,"2026-01-17 00:00:00","2026-04-16 11:56:35"
5089,146,"2025-06-26 00:00:00",229.91,0.00,"2025-06-26 00:00:00","2026-04-16 11:56:35"
5090,75,"2026-02-13 00:00:00",157.13,0.00,"2026-02-13 00:00:00","2026-04-16 11:56:35"
5091,15,"2023-01-26 00:00:00",300.56,0.00,"2023-01-26 00:00:00","2026-04-16 11:56:35"
5092,68,"2026-03-13 00:00:00",196.59,0.00,"2026-03-13 00:00:00","2026-04-16 11:56:35"
5093,110,"2025-09-03 00:00:00",206.85,0.00,"2025-09-03 00:00:00","2026-04-16 11:56:35"
5094,5,"2026-01-23 00:00:00",171.22,0.00,"2026-01-23 00:00:00","2026-04-16 11:56:35"
5095,73,"2023-12-22 00:00:00",221.37,0.00,"2023-12-22 00:00:00","2026-04-16 11:56:35"
5096,294,"2023-09-06 00:00:00",150.28,0.00,"2023-09-06 00:00:00","2026-04-16 11:56:35"
5097,139,"2025-08-18 00:00:00",85.75,0.00,"2025-08-18 00:00:00","2026-04-16 11:56:35"
5098,72,"2024-10-17 00:00:00",27.36,10.00,"2024-10-17 00:00:00","2026-04-16 11:56:35"
5099,250,"2022-01-29 00:00:00",303.94,0.00,"2022-01-29 00:00:00","2026-04-16 11:56:35"
5100,265,"2024-01-31 00:00:00",65.95,5.00,"2024-01-31 00:00:00","2026-04-16 11:56:35"
5101,189,"2024-05-20 00:00:00",111.62,0.00,"2024-05-20 00:00:00","2026-04-16 11:56:35"
5102,261,"2025-11-10 00:00:00",193.95,0.00,"2025-11-10 00:00:00","2026-04-16 11:56:35"
5103,274,"2022-01-20 00:00:00",62.25,5.00,"2022-01-20 00:00:00","2026-04-16 11:56:35"
5104,212,"2022-11-05 00:00:00",55.47,5.00,"2022-11-05 00:00:00","2026-04-16 11:56:35"
5105,129,"2024-03-14 00:00:00",30.95,10.00,"2024-03-14 00:00:00","2026-04-16 11:56:35"
5106,253,"2024-09-21 00:00:00",163.17,0.00,"2024-09-21 00:00:00","2026-04-16 11:56:35"
5107,107,"2025-02-24 00:00:00",186.65,0.00,"2025-02-24 00:00:00","2026-04-16 11:56:35"
5108,128,"2023-03-31 00:00:00",273.18,0.00,"2023-03-31 00:00:00","2026-04-16 11:56:35"
5109,293,"2025-06-25 00:00:00",1.99,25.00,"2025-06-25 00:00:00","2026-04-16 11:56:35"
5110,225,"2025-10-28 00:00:00",38.87,10.00,"2025-10-28 00:00:00","2026-04-16 11:56:35"
5111,41,"2023-11-25 00:00:00",382.91,0.00,"2023-11-25 00:00:00","2026-04-16 11:56:35"
5112,113,"2025-11-23 00:00:00",100.62,0.00,"2025-11-23 00:00:00","2026-04-16 11:56:35"
5113,31,"2023-03-08 00:00:00",384.97,0.00,"2023-03-08 00:00:00","2026-04-16 11:56:35"
5114,272,"2025-04-01 00:00:00",236.66,0.00,"2025-04-01 00:00:00","2026-04-16 11:56:35"
5115,57,"2025-07-10 00:00:00",133.75,0.00,"2025-07-10 00:00:00","2026-04-16 11:56:35"
5116,170,"2023-01-25 00:00:00",105.63,0.00,"2023-01-25 00:00:00","2026-04-16 11:56:35"
5117,2,"2023-10-16 00:00:00",119.17,0.00,"2023-10-16 00:00:00","2026-04-16 11:56:35"
5118,69,"2025-03-20 00:00:00",153.36,0.00,"2025-03-20 00:00:00","2026-04-16 11:56:35"
5119,238,"2025-10-08 00:00:00",83.52,0.00,"2025-10-08 00:00:00","2026-04-16 11:56:35"
5120,186,"2026-03-08 00:00:00",40.75,10.00,"2026-03-08 00:00:00","2026-04-16 11:56:35"
5121,223,"2023-11-09 00:00:00",149.71,0.00,"2023-11-09 00:00:00","2026-04-16 11:56:35"
5122,209,"2023-09-01 00:00:00",238.93,0.00,"2023-09-01 00:00:00","2026-04-16 11:56:35"
5123,127,"2025-12-04 00:00:00",70.46,5.00,"2025-12-04 00:00:00","2026-04-16 11:56:35"
5124,197,"2025-05-16 00:00:00",52.08,5.00,"2025-05-16 00:00:00","2026-04-16 11:56:35"
5125,180,"2024-06-06 00:00:00",139.64,0.00,"2024-06-06 00:00:00","2026-04-16 11:56:35"
5126,2,"2021-04-21 00:00:00",172.45,0.00,"2021-04-21 00:00:00","2026-04-16 11:56:35"
5127,83,"2024-01-19 00:00:00",218.40,0.00,"2024-01-19 00:00:00","2026-04-16 11:56:35"
5128,172,"2025-05-04 00:00:00",117.53,0.00,"2025-05-04 00:00:00","2026-04-16 11:56:35"
5129,166,"2023-11-06 00:00:00",59.57,5.00,"2023-11-06 00:00:00","2026-04-16 11:56:35"
5130,224,"2026-04-10 00:00:00",170.03,0.00,"2026-04-10 00:00:00","2026-04-16 11:56:35"
5131,36,"2025-08-03 00:00:00",161.64,0.00,"2025-08-03 00:00:00","2026-04-16 11:56:35"
5132,217,"2025-03-09 00:00:00",173.55,0.00,"2025-03-09 00:00:00","2026-04-16 11:56:35"
5133,202,"2025-05-18 00:00:00",172.48,0.00,"2025-05-18 00:00:00","2026-04-16 11:56:35"
5134,101,"2024-12-09 00:00:00",202.43,0.00,"2024-12-09 00:00:00","2026-04-16 11:56:35"
5135,73,"2020-11-04 00:00:00",37.23,10.00,"2020-11-04 00:00:00","2026-04-16 11:56:35"
5136,76,"2024-07-26 00:00:00",247.75,0.00,"2024-07-26 00:00:00","2026-04-16 11:56:35"
5137,160,"2025-05-24 00:00:00",13.02,25.00,"2025-05-24 00:00:00","2026-04-16 11:56:35"
5138,164,"2025-06-28 00:00:00",39.72,10.00,"2025-06-28 00:00:00","2026-04-16 11:56:35"
5139,204,"2023-10-07 00:00:00",78.47,0.00,"2023-10-07 00:00:00","2026-04-16 11:56:35"
5140,182,"2021-12-11 00:00:00",171.23,0.00,"2021-12-11 00:00:00","2026-04-16 11:56:35"
5141,116,"2025-09-09 00:00:00",160.20,0.00,"2025-09-09 00:00:00","2026-04-16 11:56:35"
5142,289,"2025-08-22 00:00:00",34.04,10.00,"2025-08-22 00:00:00","2026-04-16 11:56:35"
5143,287,"2022-08-30 00:00:00",204.26,0.00,"2022-08-30 00:00:00","2026-04-16 11:56:35"
5144,150,"2026-01-20 00:00:00",40.48,10.00,"2026-01-20 00:00:00","2026-04-16 11:56:35"
5145,42,"2025-05-24 00:00:00",159.20,0.00,"2025-05-24 00:00:00","2026-04-16 11:56:35"
5146,67,"2024-11-01 00:00:00",81.86,0.00,"2024-11-01 00:00:00","2026-04-16 11:56:35"
5147,259,"2025-10-01 00:00:00",94.81,0.00,"2025-10-01 00:00:00","2026-04-16 11:56:35"
5148,183,"2024-11-07 00:00:00",216.54,0.00,"2024-11-07 00:00:00","2026-04-16 11:56:35"
5149,289,"2024-07-03 00:00:00",73.34,5.00,"2024-07-03 00:00:00","2026-04-16 11:56:35"
5150,181,"2023-07-11 00:00:00",142.79,0.00,"2023-07-11 00:00:00","2026-04-16 11:56:35"
5151,265,"2025-04-12 00:00:00",49.15,10.00,"2025-04-12 00:00:00","2026-04-16 11:56:35"
5152,223,"2024-02-08 00:00:00",35.29,10.00,"2024-02-08 00:00:00","2026-04-16 11:56:35"
5153,298,"2025-08-04 00:00:00",59.48,5.00,"2025-08-04 00:00:00","2026-04-16 11:56:35"
5154,15,"2022-06-17 00:00:00",215.45,0.00,"2022-06-17 00:00:00","2026-04-16 11:56:35"
5155,180,"2025-04-20 00:00:00",59.94,5.00,"2025-04-20 00:00:00","2026-04-16 11:56:35"
5156,119,"2024-04-21 00:00:00",52.00,5.00,"2024-04-21 00:00:00","2026-04-16 11:56:35"
5157,20,"2021-10-11 00:00:00",266.69,0.00,"2021-10-11 00:00:00","2026-04-16 11:56:35"
5158,101,"2023-02-26 00:00:00",6.96,25.00,"2023-02-26 00:00:00","2026-04-16 11:56:35"
5159,172,"2024-12-30 00:00:00",20.79,25.00,"2024-12-30 00:00:00","2026-04-16 11:56:35"
5160,49,"2023-06-30 00:00:00",171.87,0.00,"2023-06-30 00:00:00","2026-04-16 11:56:35"
5161,275,"2023-02-22 00:00:00",26.45,10.00,"2023-02-22 00:00:00","2026-04-16 11:56:35"
5162,30,"2024-12-21 00:00:00",19.65,25.00,"2024-12-21 00:00:00","2026-04-16 11:56:35"
5163,65,"2025-10-03 00:00:00",148.11,0.00,"2025-10-03 00:00:00","2026-04-16 11:56:35"
5164,258,"2024-09-14 00:00:00",280.42,0.00,"2024-09-14 00:00:00","2026-04-16 11:56:35"
5165,38,"2023-12-02 00:00:00",217.07,0.00,"2023-12-02 00:00:00","2026-04-16 11:56:35"
5166,97,"2025-05-08 00:00:00",173.05,0.00,"2025-05-08 00:00:00","2026-04-16 11:56:35"
5167,264,"2023-05-29 00:00:00",56.77,5.00,"2023-05-29 00:00:00","2026-04-16 11:56:35"
5168,151,"2023-09-09 00:00:00",119.22,0.00,"2023-09-09 00:00:00","2026-04-16 11:56:35"
5169,253,"2024-04-22 00:00:00",122.70,0.00,"2024-04-22 00:00:00","2026-04-16 11:56:35"
5170,263,"2020-04-14 00:00:00",19.02,25.00,"2020-04-14 00:00:00","2026-04-16 11:56:35"
5171,116,"2025-12-25 00:00:00",217.51,0.00,"2025-12-25 00:00:00","2026-04-16 11:56:35"
5172,14,"2022-07-03 00:00:00",193.62,0.00,"2022-07-03 00:00:00","2026-04-16 11:56:35"
5173,54,"2025-08-19 00:00:00",172.62,0.00,"2025-08-19 00:00:00","2026-04-16 11:56:35"
5174,268,"2025-05-03 00:00:00",52.28,5.00,"2025-05-03 00:00:00","2026-04-16 11:56:35"
5175,195,"2024-03-30 00:00:00",36.12,10.00,"2024-03-30 00:00:00","2026-04-16 11:56:35"
5176,1,"2023-05-14 00:00:00",131.33,0.00,"2023-05-14 00:00:00","2026-04-16 11:56:35"
5177,107,"2024-10-14 00:00:00",55.12,5.00,"2024-10-14 00:00:00","2026-04-16 11:56:35"
5178,204,"2024-04-10 00:00:00",107.75,0.00,"2024-04-10 00:00:00","2026-04-16 11:56:35"
5179,79,"2025-04-28 00:00:00",67.99,5.00,"2025-04-28 00:00:00","2026-04-16 11:56:35"
5180,141,"2024-07-11 00:00:00",217.08,0.00,"2024-07-11 00:00:00","2026-04-16 11:56:35"
5181,119,"2026-02-14 00:00:00",258.34,0.00,"2026-02-14 00:00:00","2026-04-16 11:56:35"
5182,81,"2020-07-16 00:00:00",359.83,0.00,"2020-07-16 00:00:00","2026-04-16 11:56:35"
5183,126,"2022-03-29 00:00:00",67.53,5.00,"2022-03-29 00:00:00","2026-04-16 11:56:35"
5184,137,"2026-01-26 00:00:00",174.60,0.00,"2026-01-26 00:00:00","2026-04-16 11:56:35"
5185,16,"2026-04-14 00:00:00",59.04,5.00,"2026-04-14 00:00:00","2026-04-16 11:56:35"
5186,40,"2025-06-20 00:00:00",313.99,0.00,"2025-06-20 00:00:00","2026-04-16 11:56:35"
5187,216,"2025-07-13 00:00:00",231.86,0.00,"2025-07-13 00:00:00","2026-04-16 11:56:35"
5188,277,"2026-02-09 00:00:00",187.00,0.00,"2026-02-09 00:00:00","2026-04-16 11:56:35"
5189,181,"2025-05-15 00:00:00",73.79,5.00,"2025-05-15 00:00:00","2026-04-16 11:56:35"
5190,239,"2024-02-15 00:00:00",207.93,0.00,"2024-02-15 00:00:00","2026-04-16 11:56:35"
5191,137,"2026-03-30 00:00:00",161.65,0.00,"2026-03-30 00:00:00","2026-04-16 11:56:35"
5192,191,"2026-04-09 00:00:00",145.84,0.00,"2026-04-09 00:00:00","2026-04-16 11:56:35"
5193,270,"2024-06-04 00:00:00",149.02,0.00,"2024-06-04 00:00:00","2026-04-16 11:56:35"
5194,84,"2025-10-08 00:00:00",19.80,25.00,"2025-10-08 00:00:00","2026-04-16 11:56:35"
5195,158,"2024-12-19 00:00:00",310.63,0.00,"2024-12-19 00:00:00","2026-04-16 11:56:35"
5196,54,"2025-09-30 00:00:00",184.36,0.00,"2025-09-30 00:00:00","2026-04-16 11:56:35"
5197,23,"2025-11-10 00:00:00",146.08,0.00,"2025-11-10 00:00:00","2026-04-16 11:56:35"
5198,120,"2024-08-31 00:00:00",172.56,0.00,"2024-08-31 00:00:00","2026-04-16 11:56:35"
5199,206,"2026-02-13 00:00:00",24.30,25.00,"2026-02-13 00:00:00","2026-04-16 11:56:35"
5200,113,"2026-01-14 00:00:00",108.81,0.00,"2026-01-14 00:00:00","2026-04-16 11:56:35"
5201,212,"2023-01-17 00:00:00",156.78,0.00,"2023-01-17 00:00:00","2026-04-16 11:56:35"
5202,212,"2023-02-21 00:00:00",35.43,10.00,"2023-02-21 00:00:00","2026-04-16 11:56:35"
5203,174,"2025-09-26 00:00:00",30.26,10.00,"2025-09-26 00:00:00","2026-04-16 11:56:35"
5204,133,"2025-11-21 00:00:00",248.36,0.00,"2025-11-21 00:00:00","2026-04-16 11:56:35"
5205,20,"2021-02-13 00:00:00",151.30,0.00,"2021-02-13 00:00:00","2026-04-16 11:56:35"
5206,172,"2025-03-31 00:00:00",65.52,5.00,"2025-03-31 00:00:00","2026-04-16 11:56:35"
5207,25,"2024-11-16 00:00:00",139.82,0.00,"2024-11-16 00:00:00","2026-04-16 11:56:35"
5208,12,"2022-10-19 00:00:00",62.18,5.00,"2022-10-19 00:00:00","2026-04-16 11:56:35"
5209,73,"2022-05-11 00:00:00",250.69,0.00,"2022-05-11 00:00:00","2026-04-16 11:56:35"
5210,289,"2024-10-22 00:00:00",56.62,5.00,"2024-10-22 00:00:00","2026-04-16 11:56:35"
5211,37,"2023-12-30 00:00:00",70.70,5.00,"2023-12-30 00:00:00","2026-04-16 11:56:35"
5212,15,"2022-01-17 00:00:00",6.62,25.00,"2022-01-17 00:00:00","2026-04-16 11:56:35"
5213,89,"2025-01-31 00:00:00",323.07,0.00,"2025-01-31 00:00:00","2026-04-16 11:56:35"
5214,97,"2024-08-24 00:00:00",192.48,0.00,"2024-08-24 00:00:00","2026-04-16 11:56:35"
5215,81,"2024-01-12 00:00:00",119.36,0.00,"2024-01-12 00:00:00","2026-04-16 11:56:35"
5216,47,"2023-08-10 00:00:00",226.31,0.00,"2023-08-10 00:00:00","2026-04-16 11:56:35"
5217,264,"2024-11-18 00:00:00",153.41,0.00,"2024-11-18 00:00:00","2026-04-16 11:56:35"
5218,217,"2025-09-02 00:00:00",53.46,5.00,"2025-09-02 00:00:00","2026-04-16 11:56:35"
5219,165,"2025-05-02 00:00:00",141.68,0.00,"2025-05-02 00:00:00","2026-04-16 11:56:35"
5220,71,"2024-04-10 00:00:00",411.02,0.00,"2024-04-10 00:00:00","2026-04-16 11:56:35"
5221,281,"2026-01-21 00:00:00",130.42,0.00,"2026-01-21 00:00:00","2026-04-16 11:56:35"
5222,4,"2024-09-25 00:00:00",25.20,10.00,"2024-09-25 00:00:00","2026-04-16 11:56:35"
5223,145,"2025-04-27 00:00:00",81.42,0.00,"2025-04-27 00:00:00","2026-04-16 11:56:35"
5224,62,"2024-07-11 00:00:00",206.70,0.00,"2024-07-11 00:00:00","2026-04-16 11:56:35"
5225,150,"2026-01-06 00:00:00",69.84,5.00,"2026-01-06 00:00:00","2026-04-16 11:56:35"
5226,196,"2026-03-28 00:00:00",188.91,0.00,"2026-03-28 00:00:00","2026-04-16 11:56:35"
5227,248,"2024-06-11 00:00:00",7.44,25.00,"2024-06-11 00:00:00","2026-04-16 11:56:35"
5228,76,"2022-10-28 00:00:00",71.82,5.00,"2022-10-28 00:00:00","2026-04-16 11:56:35"
5229,281,"2025-07-25 00:00:00",74.90,5.00,"2025-07-25 00:00:00","2026-04-16 11:56:35"
5230,297,"2026-01-12 00:00:00",67.21,5.00,"2026-01-12 00:00:00","2026-04-16 11:56:35"
5231,91,"2025-07-29 00:00:00",104.83,0.00,"2025-07-29 00:00:00","2026-04-16 11:56:35"
5232,147,"2021-11-21 00:00:00",139.03,0.00,"2021-11-21 00:00:00","2026-04-16 11:56:35"
5233,213,"2025-12-11 00:00:00",109.86,0.00,"2025-12-11 00:00:00","2026-04-16 11:56:35"
5234,149,"2026-04-15 00:00:00",55.24,5.00,"2026-04-15 00:00:00","2026-04-16 11:56:35"
5235,266,"2026-03-11 00:00:00",267.45,0.00,"2026-03-11 00:00:00","2026-04-16 11:56:35"
5236,43,"2022-07-10 00:00:00",146.11,0.00,"2022-07-10 00:00:00","2026-04-16 11:56:35"
5237,276,"2024-11-29 00:00:00",92.48,0.00,"2024-11-29 00:00:00","2026-04-16 11:56:35"
5238,127,"2026-03-06 00:00:00",165.15,0.00,"2026-03-06 00:00:00","2026-04-16 11:56:35"
5239,231,"2024-12-10 00:00:00",46.46,10.00,"2024-12-10 00:00:00","2026-04-16 11:56:35"
5240,96,"2025-05-29 00:00:00",150.04,0.00,"2025-05-29 00:00:00","2026-04-16 11:56:35"
5241,23,"2024-11-12 00:00:00",123.06,0.00,"2024-11-12 00:00:00","2026-04-16 11:56:35"
5242,176,"2024-10-30 00:00:00",35.96,10.00,"2024-10-30 00:00:00","2026-04-16 11:56:35"
5243,189,"2026-03-10 00:00:00",134.52,0.00,"2026-03-10 00:00:00","2026-04-16 11:56:35"
5244,187,"2022-10-02 00:00:00",68.81,5.00,"2022-10-02 00:00:00","2026-04-16 11:56:35"
5245,40,"2026-03-22 00:00:00",80.80,0.00,"2026-03-22 00:00:00","2026-04-16 11:56:35"
5246,55,"2025-07-05 00:00:00",59.89,5.00,"2025-07-05 00:00:00","2026-04-16 11:56:35"
5247,185,"2023-11-16 00:00:00",150.59,0.00,"2023-11-16 00:00:00","2026-04-16 11:56:35"
5248,166,"2025-09-23 00:00:00",4.36,25.00,"2025-09-23 00:00:00","2026-04-16 11:56:35"
5249,44,"2026-04-02 00:00:00",30.52,10.00,"2026-04-02 00:00:00","2026-04-16 11:56:35"
5250,203,"2026-03-17 00:00:00",225.11,0.00,"2026-03-17 00:00:00","2026-04-16 11:56:35"
5251,118,"2023-02-10 00:00:00",8.35,25.00,"2023-02-10 00:00:00","2026-04-16 11:56:35"
5252,209,"2024-12-14 00:00:00",333.94,0.00,"2024-12-14 00:00:00","2026-04-16 11:56:35"
5253,271,"2021-11-20 00:00:00",133.10,0.00,"2021-11-20 00:00:00","2026-04-16 11:56:35"
5254,226,"2026-02-09 00:00:00",274.72,0.00,"2026-02-09 00:00:00","2026-04-16 11:56:35"
5255,118,"2023-09-03 00:00:00",223.57,0.00,"2023-09-03 00:00:00","2026-04-16 11:56:35"
5256,227,"2026-03-22 00:00:00",6.60,25.00,"2026-03-22 00:00:00","2026-04-16 11:56:35"
5257,5,"2025-08-24 00:00:00",79.88,0.00,"2025-08-24 00:00:00","2026-04-16 11:56:35"
5258,91,"2025-07-23 00:00:00",214.30,0.00,"2025-07-23 00:00:00","2026-04-16 11:56:35"
5259,201,"2026-02-16 00:00:00",59.68,5.00,"2026-02-16 00:00:00","2026-04-16 11:56:35"
5260,85,"2026-02-15 00:00:00",268.23,0.00,"2026-02-15 00:00:00","2026-04-16 11:56:35"
5261,229,"2026-04-13 00:00:00",59.56,5.00,"2026-04-13 00:00:00","2026-04-16 11:56:35"
5262,47,"2023-10-04 00:00:00",173.37,0.00,"2023-10-04 00:00:00","2026-04-16 11:56:35"
5263,252,"2024-09-16 00:00:00",38.56,10.00,"2024-09-16 00:00:00","2026-04-16 11:56:35"
5264,1,"2024-05-07 00:00:00",80.07,0.00,"2024-05-07 00:00:00","2026-04-16 11:56:35"
5265,149,"2026-03-10 00:00:00",245.60,0.00,"2026-03-10 00:00:00","2026-04-16 11:56:35"
5266,155,"2026-01-10 00:00:00",372.49,0.00,"2026-01-10 00:00:00","2026-04-16 11:56:35"
5267,246,"2024-06-17 00:00:00",148.56,0.00,"2024-06-17 00:00:00","2026-04-16 11:56:35"
5268,259,"2025-12-13 00:00:00",156.90,0.00,"2025-12-13 00:00:00","2026-04-16 11:56:35"
5269,176,"2025-04-14 00:00:00",187.26,0.00,"2025-04-14 00:00:00","2026-04-16 11:56:35"
5270,141,"2026-04-09 00:00:00",12.11,25.00,"2026-04-09 00:00:00","2026-04-16 11:56:35"
5271,245,"2025-06-08 00:00:00",6.66,25.00,"2025-06-08 00:00:00","2026-04-16 11:56:35"
5272,270,"2024-10-28 00:00:00",42.89,10.00,"2024-10-28 00:00:00","2026-04-16 11:56:35"
5273,163,"2025-12-17 00:00:00",3.05,25.00,"2025-12-17 00:00:00","2026-04-16 11:56:35"
5274,27,"2026-02-11 00:00:00",196.97,0.00,"2026-02-11 00:00:00","2026-04-16 11:56:35"
5275,195,"2025-10-31 00:00:00",43.52,10.00,"2025-10-31 00:00:00","2026-04-16 11:56:35"
5276,244,"2026-04-05 00:00:00",124.90,0.00,"2026-04-05 00:00:00","2026-04-16 11:56:35"
5277,122,"2025-08-17 00:00:00",164.03,0.00,"2025-08-17 00:00:00","2026-04-16 11:56:35"
5278,118,"2023-05-18 00:00:00",15.71,25.00,"2023-05-18 00:00:00","2026-04-16 11:56:35"
5279,108,"2026-04-12 00:00:00",83.09,0.00,"2026-04-12 00:00:00","2026-04-16 11:56:35"
5280,278,"2026-02-25 00:00:00",51.41,5.00,"2026-02-25 00:00:00","2026-04-16 11:56:35"
5281,163,"2025-10-31 00:00:00",14.64,25.00,"2025-10-31 00:00:00","2026-04-16 11:56:35"
5282,44,"2026-03-17 00:00:00",151.76,0.00,"2026-03-17 00:00:00","2026-04-16 11:56:35"
5283,112,"2025-03-24 00:00:00",110.77,0.00,"2025-03-24 00:00:00","2026-04-16 11:56:35"
5284,300,"2023-05-16 00:00:00",80.26,0.00,"2023-05-16 00:00:00","2026-04-16 11:56:35"
5285,253,"2024-02-13 00:00:00",196.52,0.00,"2024-02-13 00:00:00","2026-04-16 11:56:35"
5286,158,"2024-02-11 00:00:00",66.25,5.00,"2024-02-11 00:00:00","2026-04-16 11:56:35"
5287,177,"2025-08-03 00:00:00",167.70,0.00,"2025-08-03 00:00:00","2026-04-16 11:56:35"
5288,167,"2025-02-25 00:00:00",107.65,0.00,"2025-02-25 00:00:00","2026-04-16 11:56:35"
5289,194,"2024-03-13 00:00:00",116.03,0.00,"2024-03-13 00:00:00","2026-04-16 11:56:35"
5290,114,"2026-01-06 00:00:00",418.20,0.00,"2026-01-06 00:00:00","2026-04-16 11:56:35"
5291,176,"2026-03-20 00:00:00",142.47,0.00,"2026-03-20 00:00:00","2026-04-16 11:56:35"
5292,82,"2025-04-30 00:00:00",87.71,0.00,"2025-04-30 00:00:00","2026-04-16 11:56:35"
5293,73,"2023-11-17 00:00:00",34.24,10.00,"2023-11-17 00:00:00","2026-04-16 11:56:35"
5294,219,"2022-05-04 00:00:00",141.07,0.00,"2022-05-04 00:00:00","2026-04-16 11:56:35"
5295,122,"2026-02-24 00:00:00",141.30,0.00,"2026-02-24 00:00:00","2026-04-16 11:56:35"
5296,289,"2025-02-23 00:00:00",32.91,10.00,"2025-02-23 00:00:00","2026-04-16 11:56:35"
5297,37,"2025-05-08 00:00:00",102.25,0.00,"2025-05-08 00:00:00","2026-04-16 11:56:35"
5298,249,"2025-06-19 00:00:00",355.67,0.00,"2025-06-19 00:00:00","2026-04-16 11:56:35"
5299,269,"2025-08-31 00:00:00",108.39,0.00,"2025-08-31 00:00:00","2026-04-16 11:56:35"
5300,205,"2021-08-19 00:00:00",138.42,0.00,"2021-08-19 00:00:00","2026-04-16 11:56:35"
5301,234,"2022-08-19 00:00:00",84.85,0.00,"2022-08-19 00:00:00","2026-04-16 11:56:35"
5302,82,"2025-02-26 00:00:00",119.22,0.00,"2025-02-26 00:00:00","2026-04-16 11:56:35"
5303,43,"2024-05-25 00:00:00",66.96,5.00,"2024-05-25 00:00:00","2026-04-16 11:56:35"
5304,139,"2026-02-15 00:00:00",232.41,0.00,"2026-02-15 00:00:00","2026-04-16 11:56:35"
5305,201,"2026-03-29 00:00:00",242.77,0.00,"2026-03-29 00:00:00","2026-04-16 11:56:35"
5306,288,"2023-04-22 00:00:00",134.80,0.00,"2023-04-22 00:00:00","2026-04-16 11:56:35"
5307,189,"2024-05-22 00:00:00",348.65,0.00,"2024-05-22 00:00:00","2026-04-16 11:56:35"
5308,84,"2025-10-07 00:00:00",202.93,0.00,"2025-10-07 00:00:00","2026-04-16 11:56:35"
5309,194,"2025-04-14 00:00:00",112.58,0.00,"2025-04-14 00:00:00","2026-04-16 11:56:35"
5310,151,"2023-07-26 00:00:00",147.35,0.00,"2023-07-26 00:00:00","2026-04-16 11:56:35"
5311,90,"2025-10-16 00:00:00",290.36,0.00,"2025-10-16 00:00:00","2026-04-16 11:56:35"
5312,90,"2025-06-24 00:00:00",166.89,0.00,"2025-06-24 00:00:00","2026-04-16 11:56:35"
5313,89,"2024-04-23 00:00:00",31.58,10.00,"2024-04-23 00:00:00","2026-04-16 11:56:35"
5314,55,"2023-12-31 00:00:00",315.42,0.00,"2023-12-31 00:00:00","2026-04-16 11:56:35"
5315,285,"2025-05-01 00:00:00",169.08,0.00,"2025-05-01 00:00:00","2026-04-16 11:56:35"
5316,104,"2023-05-10 00:00:00",158.60,0.00,"2023-05-10 00:00:00","2026-04-16 11:56:35"
5317,157,"2021-08-18 00:00:00",113.76,0.00,"2021-08-18 00:00:00","2026-04-16 11:56:35"
5318,11,"2025-02-09 00:00:00",55.04,5.00,"2025-02-09 00:00:00","2026-04-16 11:56:35"
5319,207,"2025-08-17 00:00:00",207.48,0.00,"2025-08-17 00:00:00","2026-04-16 11:56:35"
5320,256,"2025-11-23 00:00:00",106.48,0.00,"2025-11-23 00:00:00","2026-04-16 11:56:35"
5321,198,"2025-09-16 00:00:00",149.84,0.00,"2025-09-16 00:00:00","2026-04-16 11:56:35"
5322,97,"2025-05-16 00:00:00",122.56,0.00,"2025-05-16 00:00:00","2026-04-16 11:56:35"
5323,135,"2026-03-26 00:00:00",146.71,0.00,"2026-03-26 00:00:00","2026-04-16 11:56:35"
5324,83,"2024-11-18 00:00:00",204.27,0.00,"2024-11-18 00:00:00","2026-04-16 11:56:35"
5325,288,"2022-10-24 00:00:00",158.82,0.00,"2022-10-24 00:00:00","2026-04-16 11:56:35"
5326,140,"2026-04-01 00:00:00",87.60,0.00,"2026-04-01 00:00:00","2026-04-16 11:56:35"
5327,280,"2026-03-04 00:00:00",11.88,25.00,"2026-03-04 00:00:00","2026-04-16 11:56:35"
5328,291,"2024-08-09 00:00:00",220.53,0.00,"2024-08-09 00:00:00","2026-04-16 11:56:35"
5329,142,"2025-10-02 00:00:00",329.11,0.00,"2025-10-02 00:00:00","2026-04-16 11:56:35"
5330,101,"2025-12-04 00:00:00",65.68,5.00,"2025-12-04 00:00:00","2026-04-16 11:56:35"
5331,273,"2024-08-13 00:00:00",64.80,5.00,"2024-08-13 00:00:00","2026-04-16 11:56:35"
5332,106,"2023-05-09 00:00:00",57.92,5.00,"2023-05-09 00:00:00","2026-04-16 11:56:35"
5333,22,"2024-04-10 00:00:00",142.61,0.00,"2024-04-10 00:00:00","2026-04-16 11:56:35"
5334,3,"2024-09-24 00:00:00",227.22,0.00,"2024-09-24 00:00:00","2026-04-16 11:56:35"
5335,83,"2026-01-22 00:00:00",129.06,0.00,"2026-01-22 00:00:00","2026-04-16 11:56:35"
5336,9,"2024-05-15 00:00:00",63.85,5.00,"2024-05-15 00:00:00","2026-04-16 11:56:35"
5337,190,"2025-10-26 00:00:00",114.56,0.00,"2025-10-26 00:00:00","2026-04-16 11:56:35"
5338,98,"2024-12-09 00:00:00",108.14,0.00,"2024-12-09 00:00:00","2026-04-16 11:56:35"
5339,131,"2024-06-23 00:00:00",209.37,0.00,"2024-06-23 00:00:00","2026-04-16 11:56:35"
5340,60,"2025-11-20 00:00:00",42.20,10.00,"2025-11-20 00:00:00","2026-04-16 11:56:35"
5341,214,"2025-01-29 00:00:00",222.66,0.00,"2025-01-29 00:00:00","2026-04-16 11:56:35"
5342,75,"2026-03-31 00:00:00",165.56,0.00,"2026-03-31 00:00:00","2026-04-16 11:56:35"
5343,2,"2020-09-29 00:00:00",111.31,0.00,"2020-09-29 00:00:00","2026-04-16 11:56:35"
5344,190,"2026-04-06 00:00:00",40.62,10.00,"2026-04-06 00:00:00","2026-04-16 11:56:35"
5345,239,"2024-04-04 00:00:00",160.37,0.00,"2024-04-04 00:00:00","2026-04-16 11:56:35"
5346,63,"2025-05-23 00:00:00",65.14,5.00,"2025-05-23 00:00:00","2026-04-16 11:56:35"
5347,206,"2024-03-04 00:00:00",7.90,25.00,"2024-03-04 00:00:00","2026-04-16 11:56:35"
5348,1,"2025-03-03 00:00:00",82.31,0.00,"2025-03-03 00:00:00","2026-04-16 11:56:35"
5349,190,"2025-08-30 00:00:00",13.15,25.00,"2025-08-30 00:00:00","2026-04-16 11:56:35"
5350,161,"2024-11-23 00:00:00",17.02,25.00,"2024-11-23 00:00:00","2026-04-16 11:56:35"
5351,152,"2026-03-08 00:00:00",220.55,0.00,"2026-03-08 00:00:00","2026-04-16 11:56:35"
5352,87,"2025-11-13 00:00:00",38.92,10.00,"2025-11-13 00:00:00","2026-04-16 11:56:35"
5353,274,"2022-04-20 00:00:00",201.34,0.00,"2022-04-20 00:00:00","2026-04-16 11:56:35"
5354,101,"2021-04-01 00:00:00",214.83,0.00,"2021-04-01 00:00:00","2026-04-16 11:56:35"
5355,96,"2025-02-25 00:00:00",103.95,0.00,"2025-02-25 00:00:00","2026-04-16 11:56:35"
5356,108,"2026-03-14 00:00:00",8.58,25.00,"2026-03-14 00:00:00","2026-04-16 11:56:35"
5357,54,"2025-06-20 00:00:00",333.79,0.00,"2025-06-20 00:00:00","2026-04-16 11:56:35"
5358,199,"2025-04-11 00:00:00",161.11,0.00,"2025-04-11 00:00:00","2026-04-16 11:56:35"
5359,285,"2025-10-06 00:00:00",253.83,0.00,"2025-10-06 00:00:00","2026-04-16 11:56:35"
5360,191,"2026-02-08 00:00:00",130.32,0.00,"2026-02-08 00:00:00","2026-04-16 11:56:35"
5361,3,"2025-02-06 00:00:00",197.88,0.00,"2025-02-06 00:00:00","2026-04-16 11:56:35"
5362,115,"2024-09-25 00:00:00",225.80,0.00,"2024-09-25 00:00:00","2026-04-16 11:56:35"
5363,294,"2022-10-26 00:00:00",148.18,0.00,"2022-10-26 00:00:00","2026-04-16 11:56:35"
5364,81,"2024-11-23 00:00:00",247.34,0.00,"2024-11-23 00:00:00","2026-04-16 11:56:35"
5365,90,"2025-11-08 00:00:00",12.70,25.00,"2025-11-08 00:00:00","2026-04-16 11:56:35"
5366,13,"2025-10-20 00:00:00",103.09,0.00,"2025-10-20 00:00:00","2026-04-16 11:56:35"
5367,58,"2024-12-31 00:00:00",47.66,10.00,"2024-12-31 00:00:00","2026-04-16 11:56:35"
5368,61,"2022-09-25 00:00:00",2.91,25.00,"2022-09-25 00:00:00","2026-04-16 11:56:35"
5369,155,"2025-08-21 00:00:00",79.98,0.00,"2025-08-21 00:00:00","2026-04-16 11:56:35"
5370,294,"2026-03-21 00:00:00",132.70,0.00,"2026-03-21 00:00:00","2026-04-16 11:56:35"
5371,24,"2022-09-16 00:00:00",35.15,10.00,"2022-09-16 00:00:00","2026-04-16 11:56:35"
5372,193,"2025-09-18 00:00:00",222.22,0.00,"2025-09-18 00:00:00","2026-04-16 11:56:35"
5373,217,"2025-09-05 00:00:00",103.36,0.00,"2025-09-05 00:00:00","2026-04-16 11:56:35"
5374,61,"2023-05-11 00:00:00",254.84,0.00,"2023-05-11 00:00:00","2026-04-16 11:56:35"
5375,166,"2025-10-06 00:00:00",48.55,10.00,"2025-10-06 00:00:00","2026-04-16 11:56:35"
5376,262,"2024-05-02 00:00:00",191.23,0.00,"2024-05-02 00:00:00","2026-04-16 11:56:35"
5377,55,"2026-03-20 00:00:00",177.00,0.00,"2026-03-20 00:00:00","2026-04-16 11:56:35"
5378,278,"2026-02-01 00:00:00",149.39,0.00,"2026-02-01 00:00:00","2026-04-16 11:56:35"
5379,126,"2023-01-21 00:00:00",191.94,0.00,"2023-01-21 00:00:00","2026-04-16 11:56:35"
5380,202,"2026-03-08 00:00:00",8.24,25.00,"2026-03-08 00:00:00","2026-04-16 11:56:35"
5381,72,"2026-03-27 00:00:00",197.10,0.00,"2026-03-27 00:00:00","2026-04-16 11:56:35"
5382,63,"2026-01-03 00:00:00",80.58,0.00,"2026-01-03 00:00:00","2026-04-16 11:56:35"
5383,146,"2025-04-19 00:00:00",103.61,0.00,"2025-04-19 00:00:00","2026-04-16 11:56:35"
5384,263,"2020-03-24 00:00:00",47.53,10.00,"2020-03-24 00:00:00","2026-04-16 11:56:35"
5385,234,"2024-06-11 00:00:00",108.40,0.00,"2024-06-11 00:00:00","2026-04-16 11:56:35"
5386,164,"2025-09-22 00:00:00",23.52,25.00,"2025-09-22 00:00:00","2026-04-16 11:56:35"
5387,149,"2026-04-15 00:00:00",130.53,0.00,"2026-04-15 00:00:00","2026-04-16 11:56:35"
5388,69,"2022-07-19 00:00:00",270.79,0.00,"2022-07-19 00:00:00","2026-04-16 11:56:35"
5389,175,"2025-01-04 00:00:00",136.92,0.00,"2025-01-04 00:00:00","2026-04-16 11:56:35"
5390,74,"2023-12-26 00:00:00",52.74,5.00,"2023-12-26 00:00:00","2026-04-16 11:56:35"
5391,69,"2026-02-27 00:00:00",134.17,0.00,"2026-02-27 00:00:00","2026-04-16 11:56:36"
5392,219,"2022-01-20 00:00:00",28.45,10.00,"2022-01-20 00:00:00","2026-04-16 11:56:36"
5393,108,"2026-04-11 00:00:00",116.40,0.00,"2026-04-11 00:00:00","2026-04-16 11:56:36"
5394,246,"2023-09-20 00:00:00",139.99,0.00,"2023-09-20 00:00:00","2026-04-16 11:56:36"
5395,191,"2026-04-15 00:00:00",257.79,0.00,"2026-04-15 00:00:00","2026-04-16 11:56:36"
5396,229,"2026-04-12 00:00:00",234.57,0.00,"2026-04-12 00:00:00","2026-04-16 11:56:36"
5397,165,"2026-01-11 00:00:00",206.23,0.00,"2026-01-11 00:00:00","2026-04-16 11:56:36"
5398,21,"2024-11-20 00:00:00",199.20,0.00,"2024-11-20 00:00:00","2026-04-16 11:56:36"
5399,257,"2026-02-28 00:00:00",36.66,10.00,"2026-02-28 00:00:00","2026-04-16 11:56:36"
5400,237,"2026-03-30 00:00:00",73.96,5.00,"2026-03-30 00:00:00","2026-04-16 11:56:36"
5401,12,"2023-07-26 00:00:00",107.72,0.00,"2023-07-26 00:00:00","2026-04-16 11:56:36"
5402,203,"2025-11-28 00:00:00",75.84,0.00,"2025-11-28 00:00:00","2026-04-16 11:56:36"
5403,259,"2026-02-14 00:00:00",63.69,5.00,"2026-02-14 00:00:00","2026-04-16 11:56:36"
5404,143,"2024-10-18 00:00:00",316.77,0.00,"2024-10-18 00:00:00","2026-04-16 11:56:36"
5405,167,"2025-03-15 00:00:00",159.23,0.00,"2025-03-15 00:00:00","2026-04-16 11:56:36"
5406,16,"2026-04-13 00:00:00",208.62,0.00,"2026-04-13 00:00:00","2026-04-16 11:56:36"
5407,35,"2024-11-27 00:00:00",194.67,0.00,"2024-11-27 00:00:00","2026-04-16 11:56:36"
5408,133,"2025-03-17 00:00:00",117.47,0.00,"2025-03-17 00:00:00","2026-04-16 11:56:36"
5409,108,"2026-03-24 00:00:00",24.90,25.00,"2026-03-24 00:00:00","2026-04-16 11:56:36"
5410,170,"2025-07-30 00:00:00",293.81,0.00,"2025-07-30 00:00:00","2026-04-16 11:56:36"
5411,149,"2026-03-24 00:00:00",32.45,10.00,"2026-03-24 00:00:00","2026-04-16 11:56:36"
5412,288,"2022-11-01 00:00:00",136.72,0.00,"2022-11-01 00:00:00","2026-04-16 11:56:36"
5413,218,"2026-04-15 00:00:00",191.06,0.00,"2026-04-15 00:00:00","2026-04-16 11:56:36"
5414,50,"2024-08-12 00:00:00",99.70,0.00,"2024-08-12 00:00:00","2026-04-16 11:56:36"
5415,31,"2023-06-06 00:00:00",249.10,0.00,"2023-06-06 00:00:00","2026-04-16 11:56:36"
5416,162,"2024-03-26 00:00:00",69.14,5.00,"2024-03-26 00:00:00","2026-04-16 11:56:36"
5417,132,"2022-12-02 00:00:00",74.28,5.00,"2022-12-02 00:00:00","2026-04-16 11:56:36"
5418,55,"2022-08-05 00:00:00",42.30,10.00,"2022-08-05 00:00:00","2026-04-16 11:56:36"
5419,65,"2025-08-18 00:00:00",58.18,5.00,"2025-08-18 00:00:00","2026-04-16 11:56:36"
5420,56,"2025-06-02 00:00:00",38.11,10.00,"2025-06-02 00:00:00","2026-04-16 11:56:36"
5421,157,"2021-04-13 00:00:00",11.96,25.00,"2021-04-13 00:00:00","2026-04-16 11:56:36"
5422,126,"2021-04-09 00:00:00",37.42,10.00,"2021-04-09 00:00:00","2026-04-16 11:56:36"
5423,163,"2025-06-16 00:00:00",29.86,10.00,"2025-06-16 00:00:00","2026-04-16 11:56:36"
5424,149,"2026-03-27 00:00:00",71.70,5.00,"2026-03-27 00:00:00","2026-04-16 11:56:36"
5425,175,"2025-05-29 00:00:00",191.70,0.00,"2025-05-29 00:00:00","2026-04-16 11:56:36"
5426,218,"2026-02-26 00:00:00",233.94,0.00,"2026-02-26 00:00:00","2026-04-16 11:56:36"
5427,273,"2025-08-03 00:00:00",18.88,25.00,"2025-08-03 00:00:00","2026-04-16 11:56:36"
5428,163,"2025-10-25 00:00:00",127.04,0.00,"2025-10-25 00:00:00","2026-04-16 11:56:36"
5429,76,"2024-09-21 00:00:00",209.71,0.00,"2024-09-21 00:00:00","2026-04-16 11:56:36"
5430,87,"2026-03-11 00:00:00",140.91,0.00,"2026-03-11 00:00:00","2026-04-16 11:56:36"
5431,287,"2022-01-21 00:00:00",27.32,10.00,"2022-01-21 00:00:00","2026-04-16 11:56:36"
5432,4,"2023-11-24 00:00:00",399.33,0.00,"2023-11-24 00:00:00","2026-04-16 11:56:36"
5433,209,"2025-09-29 00:00:00",14.88,25.00,"2025-09-29 00:00:00","2026-04-16 11:56:36"
5434,69,"2024-02-12 00:00:00",205.20,0.00,"2024-02-12 00:00:00","2026-04-16 11:56:36"
5435,47,"2023-09-07 00:00:00",113.68,0.00,"2023-09-07 00:00:00","2026-04-16 11:56:36"
5436,289,"2025-07-29 00:00:00",64.43,5.00,"2025-07-29 00:00:00","2026-04-16 11:56:36"
5437,199,"2025-02-28 00:00:00",368.48,0.00,"2025-02-28 00:00:00","2026-04-16 11:56:36"
5438,64,"2025-07-20 00:00:00",218.67,0.00,"2025-07-20 00:00:00","2026-04-16 11:56:36"
5439,53,"2024-01-22 00:00:00",25.88,10.00,"2024-01-22 00:00:00","2026-04-16 11:56:36"
5440,261,"2024-09-02 00:00:00",10.36,25.00,"2024-09-02 00:00:00","2026-04-16 11:56:36"
5441,97,"2026-01-12 00:00:00",83.23,0.00,"2026-01-12 00:00:00","2026-04-16 11:56:36"
5442,4,"2025-09-26 00:00:00",78.23,0.00,"2025-09-26 00:00:00","2026-04-16 11:56:36"
5443,113,"2025-08-30 00:00:00",108.56,0.00,"2025-08-30 00:00:00","2026-04-16 11:56:36"
5444,123,"2024-08-13 00:00:00",127.68,0.00,"2024-08-13 00:00:00","2026-04-16 11:56:36"
5445,15,"2025-05-31 00:00:00",268.91,0.00,"2025-05-31 00:00:00","2026-04-16 11:56:36"
5446,278,"2025-11-01 00:00:00",283.85,0.00,"2025-11-01 00:00:00","2026-04-16 11:56:36"
5447,249,"2024-10-21 00:00:00",18.87,25.00,"2024-10-21 00:00:00","2026-04-16 11:56:36"
5448,235,"2026-01-03 00:00:00",248.38,0.00,"2026-01-03 00:00:00","2026-04-16 11:56:36"
5449,41,"2021-12-04 00:00:00",355.79,0.00,"2021-12-04 00:00:00","2026-04-16 11:56:36"
5450,298,"2025-02-20 00:00:00",33.61,10.00,"2025-02-20 00:00:00","2026-04-16 11:56:36"
5451,263,"2020-01-21 00:00:00",115.00,0.00,"2020-01-21 00:00:00","2026-04-16 11:56:36"
5452,137,"2026-04-11 00:00:00",151.51,0.00,"2026-04-11 00:00:00","2026-04-16 11:56:36"
5453,3,"2024-01-16 00:00:00",308.84,0.00,"2024-01-16 00:00:00","2026-04-16 11:56:36"
5454,230,"2023-02-23 00:00:00",84.12,0.00,"2023-02-23 00:00:00","2026-04-16 11:56:36"
5455,198,"2025-04-16 00:00:00",137.41,0.00,"2025-04-16 00:00:00","2026-04-16 11:56:36"
5456,275,"2023-06-02 00:00:00",240.09,0.00,"2023-06-02 00:00:00","2026-04-16 11:56:36"
5457,136,"2025-03-06 00:00:00",39.50,10.00,"2025-03-06 00:00:00","2026-04-16 11:56:36"
5458,119,"2024-09-22 00:00:00",171.80,0.00,"2024-09-22 00:00:00","2026-04-16 11:56:36"
5459,61,"2025-11-16 00:00:00",112.61,0.00,"2025-11-16 00:00:00","2026-04-16 11:56:36"
5460,52,"2025-06-17 00:00:00",17.97,25.00,"2025-06-17 00:00:00","2026-04-16 11:56:36"
5461,177,"2026-03-18 00:00:00",59.73,5.00,"2026-03-18 00:00:00","2026-04-16 11:56:36"
5462,164,"2025-07-29 00:00:00",128.58,0.00,"2025-07-29 00:00:00","2026-04-16 11:56:36"
5463,54,"2025-08-17 00:00:00",69.09,5.00,"2025-08-17 00:00:00","2026-04-16 11:56:36"
5464,261,"2025-07-20 00:00:00",15.04,25.00,"2025-07-20 00:00:00","2026-04-16 11:56:36"
5465,63,"2024-01-18 00:00:00",101.42,0.00,"2024-01-18 00:00:00","2026-04-16 11:56:36"
5466,300,"2026-04-01 00:00:00",106.14,0.00,"2026-04-01 00:00:00","2026-04-16 11:56:36"
5467,108,"2026-04-12 00:00:00",15.46,25.00,"2026-04-12 00:00:00","2026-04-16 11:56:36"
5468,184,"2026-04-04 00:00:00",239.33,0.00,"2026-04-04 00:00:00","2026-04-16 11:56:36"
5469,38,"2023-04-27 00:00:00",118.05,0.00,"2023-04-27 00:00:00","2026-04-16 11:56:36"
5470,261,"2025-12-10 00:00:00",51.58,5.00,"2025-12-10 00:00:00","2026-04-16 11:56:36"
5471,163,"2026-01-25 00:00:00",85.92,0.00,"2026-01-25 00:00:00","2026-04-16 11:56:36"
5472,244,"2025-05-17 00:00:00",59.01,5.00,"2025-05-17 00:00:00","2026-04-16 11:56:36"
5473,192,"2024-05-13 00:00:00",235.94,0.00,"2024-05-13 00:00:00","2026-04-16 11:56:36"
5474,40,"2025-03-20 00:00:00",218.36,0.00,"2025-03-20 00:00:00","2026-04-16 11:56:36"
5475,203,"2022-12-13 00:00:00",72.68,5.00,"2022-12-13 00:00:00","2026-04-16 11:56:36"
5476,89,"2025-08-07 00:00:00",106.97,0.00,"2025-08-07 00:00:00","2026-04-16 11:56:36"
5477,293,"2025-07-03 00:00:00",313.57,0.00,"2025-07-03 00:00:00","2026-04-16 11:56:36"
5478,145,"2024-11-07 00:00:00",252.73,0.00,"2024-11-07 00:00:00","2026-04-16 11:56:36"
5479,36,"2025-11-08 00:00:00",146.43,0.00,"2025-11-08 00:00:00","2026-04-16 11:56:36"
5480,290,"2021-04-17 00:00:00",160.74,0.00,"2021-04-17 00:00:00","2026-04-16 11:56:36"
5481,208,"2025-12-14 00:00:00",158.26,0.00,"2025-12-14 00:00:00","2026-04-16 11:56:36"
5482,38,"2023-11-01 00:00:00",245.32,0.00,"2023-11-01 00:00:00","2026-04-16 11:56:36"
5483,67,"2024-01-15 00:00:00",110.57,0.00,"2024-01-15 00:00:00","2026-04-16 11:56:36"
5484,171,"2023-02-04 00:00:00",65.44,5.00,"2023-02-04 00:00:00","2026-04-16 11:56:36"
5485,283,"2022-02-01 00:00:00",29.80,10.00,"2022-02-01 00:00:00","2026-04-16 11:56:36"
5486,7,"2025-12-19 00:00:00",253.03,0.00,"2025-12-19 00:00:00","2026-04-16 11:56:36"
5487,156,"2025-06-09 00:00:00",4.74,25.00,"2025-06-09 00:00:00","2026-04-16 11:56:36"
5488,125,"2024-08-02 00:00:00",65.95,5.00,"2024-08-02 00:00:00","2026-04-16 11:56:36"
5489,95,"2026-01-24 00:00:00",100.75,0.00,"2026-01-24 00:00:00","2026-04-16 11:56:36"
5490,87,"2026-01-23 00:00:00",83.73,0.00,"2026-01-23 00:00:00","2026-04-16 11:56:36"
5491,122,"2026-03-19 00:00:00",163.92,0.00,"2026-03-19 00:00:00","2026-04-16 11:56:36"
5492,89,"2024-02-22 00:00:00",172.75,0.00,"2024-02-22 00:00:00","2026-04-16 11:56:36"
5493,229,"2026-04-13 00:00:00",142.00,0.00,"2026-04-13 00:00:00","2026-04-16 11:56:36"
5494,6,"2023-10-27 00:00:00",189.02,0.00,"2023-10-27 00:00:00","2026-04-16 11:56:36"
5495,30,"2024-08-08 00:00:00",75.46,0.00,"2024-08-08 00:00:00","2026-04-16 11:56:36"
5496,146,"2023-07-08 00:00:00",28.55,10.00,"2023-07-08 00:00:00","2026-04-16 11:56:36"
5497,47,"2023-09-15 00:00:00",176.33,0.00,"2023-09-15 00:00:00","2026-04-16 11:56:36"
5498,191,"2026-01-23 00:00:00",169.88,0.00,"2026-01-23 00:00:00","2026-04-16 11:56:36"
5499,13,"2025-03-24 00:00:00",69.11,5.00,"2025-03-24 00:00:00","2026-04-16 11:56:36"
5500,127,"2025-10-07 00:00:00",45.77,10.00,"2025-10-07 00:00:00","2026-04-16 11:56:36"
5501,140,"2026-04-12 00:00:00",181.82,0.00,"2026-04-12 00:00:00","2026-04-16 11:56:36"
5502,104,"2022-01-07 00:00:00",19.00,25.00,"2022-01-07 00:00:00","2026-04-16 11:56:36"
5503,300,"2023-06-25 00:00:00",171.70,0.00,"2023-06-25 00:00:00","2026-04-16 11:56:36"
5504,10,"2025-04-03 00:00:00",167.27,0.00,"2025-04-03 00:00:00","2026-04-16 11:56:36"
5505,204,"2024-06-19 00:00:00",66.57,5.00,"2024-06-19 00:00:00","2026-04-16 11:56:36"
5506,166,"2023-01-26 00:00:00",139.36,0.00,"2023-01-26 00:00:00","2026-04-16 11:56:36"
5507,124,"2024-01-14 00:00:00",133.01,0.00,"2024-01-14 00:00:00","2026-04-16 11:56:36"
5508,72,"2025-10-01 00:00:00",124.62,0.00,"2025-10-01 00:00:00","2026-04-16 11:56:36"
5509,12,"2025-12-06 00:00:00",98.77,0.00,"2025-12-06 00:00:00","2026-04-16 11:56:36"
5510,92,"2025-04-07 00:00:00",179.94,0.00,"2025-04-07 00:00:00","2026-04-16 11:56:36"
5511,293,"2022-06-28 00:00:00",46.52,10.00,"2022-06-28 00:00:00","2026-04-16 11:56:36"
5512,193,"2025-01-15 00:00:00",53.34,5.00,"2025-01-15 00:00:00","2026-04-16 11:56:36"
5513,247,"2025-06-17 00:00:00",111.09,0.00,"2025-06-17 00:00:00","2026-04-16 11:56:36"
5514,81,"2024-08-08 00:00:00",168.00,0.00,"2024-08-08 00:00:00","2026-04-16 11:56:36"
5515,293,"2024-07-30 00:00:00",228.36,0.00,"2024-07-30 00:00:00","2026-04-16 11:56:36"
5516,120,"2025-08-17 00:00:00",39.40,10.00,"2025-08-17 00:00:00","2026-04-16 11:56:36"
5517,271,"2022-04-28 00:00:00",30.56,10.00,"2022-04-28 00:00:00","2026-04-16 11:56:36"
5518,295,"2025-12-06 00:00:00",117.90,0.00,"2025-12-06 00:00:00","2026-04-16 11:56:36"
5519,104,"2024-12-07 00:00:00",41.03,10.00,"2024-12-07 00:00:00","2026-04-16 11:56:36"
5520,146,"2024-09-25 00:00:00",9.35,25.00,"2024-09-25 00:00:00","2026-04-16 11:56:36"
5521,4,"2021-10-02 00:00:00",28.93,10.00,"2021-10-02 00:00:00","2026-04-16 11:56:36"
5522,75,"2026-03-18 00:00:00",107.02,0.00,"2026-03-18 00:00:00","2026-04-16 11:56:36"
5523,223,"2022-07-10 00:00:00",124.81,0.00,"2022-07-10 00:00:00","2026-04-16 11:56:36"
5524,250,"2022-08-05 00:00:00",132.35,0.00,"2022-08-05 00:00:00","2026-04-16 11:56:36"
5525,234,"2023-08-15 00:00:00",77.98,0.00,"2023-08-15 00:00:00","2026-04-16 11:56:36"
5526,279,"2023-12-15 00:00:00",41.63,10.00,"2023-12-15 00:00:00","2026-04-16 11:56:36"
5527,285,"2026-03-27 00:00:00",147.72,0.00,"2026-03-27 00:00:00","2026-04-16 11:56:36"
5528,153,"2021-10-20 00:00:00",226.36,0.00,"2021-10-20 00:00:00","2026-04-16 11:56:36"
5529,103,"2024-03-07 00:00:00",173.74,0.00,"2024-03-07 00:00:00","2026-04-16 11:56:36"
5530,235,"2026-03-19 00:00:00",62.06,5.00,"2026-03-19 00:00:00","2026-04-16 11:56:36"
5531,83,"2024-06-24 00:00:00",36.82,10.00,"2024-06-24 00:00:00","2026-04-16 11:56:36"
5532,148,"2024-07-08 00:00:00",109.72,0.00,"2024-07-08 00:00:00","2026-04-16 11:56:36"
5533,183,"2024-05-26 00:00:00",378.12,0.00,"2024-05-26 00:00:00","2026-04-16 11:56:36"
5534,291,"2025-02-15 00:00:00",47.98,10.00,"2025-02-15 00:00:00","2026-04-16 11:56:36"
5535,17,"2025-04-03 00:00:00",265.12,0.00,"2025-04-03 00:00:00","2026-04-16 11:56:36"
5536,212,"2023-01-04 00:00:00",131.44,0.00,"2023-01-04 00:00:00","2026-04-16 11:56:36"
5537,172,"2024-11-07 00:00:00",101.67,0.00,"2024-11-07 00:00:00","2026-04-16 11:56:36"
5538,283,"2021-08-05 00:00:00",210.58,0.00,"2021-08-05 00:00:00","2026-04-16 11:56:36"
5539,35,"2025-07-02 00:00:00",42.78,10.00,"2025-07-02 00:00:00","2026-04-16 11:56:36"
5540,131,"2023-10-18 00:00:00",71.61,5.00,"2023-10-18 00:00:00","2026-04-16 11:56:36"
5541,193,"2024-11-27 00:00:00",41.26,10.00,"2024-11-27 00:00:00","2026-04-16 11:56:36"
5542,261,"2025-11-25 00:00:00",60.44,5.00,"2025-11-25 00:00:00","2026-04-16 11:56:36"
5543,156,"2023-12-04 00:00:00",146.37,0.00,"2023-12-04 00:00:00","2026-04-16 11:56:36"
5544,223,"2023-05-12 00:00:00",110.34,0.00,"2023-05-12 00:00:00","2026-04-16 11:56:36"
5545,73,"2021-11-24 00:00:00",188.53,0.00,"2021-11-24 00:00:00","2026-04-16 11:56:36"
5546,52,"2025-11-18 00:00:00",225.67,0.00,"2025-11-18 00:00:00","2026-04-16 11:56:36"
5547,60,"2025-07-17 00:00:00",181.05,0.00,"2025-07-17 00:00:00","2026-04-16 11:56:36"
5548,118,"2022-08-28 00:00:00",385.37,0.00,"2022-08-28 00:00:00","2026-04-16 11:56:36"
5549,65,"2025-10-02 00:00:00",195.60,0.00,"2025-10-02 00:00:00","2026-04-16 11:56:36"
5550,16,"2026-04-12 00:00:00",39.75,10.00,"2026-04-12 00:00:00","2026-04-16 11:56:36"
5551,98,"2023-05-07 00:00:00",72.24,5.00,"2023-05-07 00:00:00","2026-04-16 11:56:36"
5552,143,"2024-04-05 00:00:00",233.40,0.00,"2024-04-05 00:00:00","2026-04-16 11:56:36"
5553,118,"2022-12-04 00:00:00",132.60,0.00,"2022-12-04 00:00:00","2026-04-16 11:56:36"
5554,163,"2026-01-24 00:00:00",169.59,0.00,"2026-01-24 00:00:00","2026-04-16 11:56:36"
5555,11,"2025-05-27 00:00:00",177.52,0.00,"2025-05-27 00:00:00","2026-04-16 11:56:36"
5556,74,"2023-10-08 00:00:00",271.92,0.00,"2023-10-08 00:00:00","2026-04-16 11:56:36"
5557,88,"2025-10-31 00:00:00",184.92,0.00,"2025-10-31 00:00:00","2026-04-16 11:56:36"
5558,11,"2023-12-02 00:00:00",165.33,0.00,"2023-12-02 00:00:00","2026-04-16 11:56:36"
5559,33,"2026-03-20 00:00:00",50.16,5.00,"2026-03-20 00:00:00","2026-04-16 11:56:36"
5560,283,"2021-08-02 00:00:00",51.22,5.00,"2021-08-02 00:00:00","2026-04-16 11:56:36"
5561,257,"2025-02-11 00:00:00",83.98,0.00,"2025-02-11 00:00:00","2026-04-16 11:56:36"
5562,300,"2024-12-18 00:00:00",103.06,0.00,"2024-12-18 00:00:00","2026-04-16 11:56:36"
5563,5,"2026-01-11 00:00:00",149.68,0.00,"2026-01-11 00:00:00","2026-04-16 11:56:36"
5564,166,"2022-05-05 00:00:00",39.24,10.00,"2022-05-05 00:00:00","2026-04-16 11:56:36"
5565,71,"2025-05-18 00:00:00",47.05,10.00,"2025-05-18 00:00:00","2026-04-16 11:56:36"
5566,269,"2025-01-03 00:00:00",184.11,0.00,"2025-01-03 00:00:00","2026-04-16 11:56:36"
5567,29,"2026-04-11 00:00:00",207.20,0.00,"2026-04-11 00:00:00","2026-04-16 11:56:36"
5568,101,"2026-02-24 00:00:00",167.73,0.00,"2026-02-24 00:00:00","2026-04-16 11:56:36"
5569,253,"2025-02-07 00:00:00",34.80,10.00,"2025-02-07 00:00:00","2026-04-16 11:56:36"
5570,116,"2025-07-10 00:00:00",287.80,0.00,"2025-07-10 00:00:00","2026-04-16 11:56:36"
5571,179,"2022-11-17 00:00:00",252.72,0.00,"2022-11-17 00:00:00","2026-04-16 11:56:36"
5572,138,"2021-07-13 00:00:00",61.28,5.00,"2021-07-13 00:00:00","2026-04-16 11:56:36"
5573,193,"2023-10-04 00:00:00",137.30,0.00,"2023-10-04 00:00:00","2026-04-16 11:56:36"
5574,182,"2022-12-10 00:00:00",260.44,0.00,"2022-12-10 00:00:00","2026-04-16 11:56:36"
5575,170,"2023-03-27 00:00:00",7.26,25.00,"2023-03-27 00:00:00","2026-04-16 11:56:36"
5576,174,"2025-07-12 00:00:00",107.65,0.00,"2025-07-12 00:00:00","2026-04-16 11:56:36"
5577,276,"2025-08-25 00:00:00",174.90,0.00,"2025-08-25 00:00:00","2026-04-16 11:56:36"
5578,216,"2025-01-29 00:00:00",102.72,0.00,"2025-01-29 00:00:00","2026-04-16 11:56:36"
5579,30,"2025-01-18 00:00:00",112.02,0.00,"2025-01-18 00:00:00","2026-04-16 11:56:36"
5580,231,"2024-07-04 00:00:00",15.45,25.00,"2024-07-04 00:00:00","2026-04-16 11:56:36"
5581,223,"2025-02-28 00:00:00",274.61,0.00,"2025-02-28 00:00:00","2026-04-16 11:56:36"
5582,151,"2023-10-31 00:00:00",218.41,0.00,"2023-10-31 00:00:00","2026-04-16 11:56:36"
5583,2,"2025-03-19 00:00:00",45.62,10.00,"2025-03-19 00:00:00","2026-04-16 11:56:36"
5584,213,"2024-12-15 00:00:00",73.48,5.00,"2024-12-15 00:00:00","2026-04-16 11:56:36"
5585,37,"2025-05-14 00:00:00",142.36,0.00,"2025-05-14 00:00:00","2026-04-16 11:56:36"
5586,265,"2025-11-25 00:00:00",274.97,0.00,"2025-11-25 00:00:00","2026-04-16 11:56:36"
5587,211,"2024-11-07 00:00:00",216.64,0.00,"2024-11-07 00:00:00","2026-04-16 11:56:36"
5588,142,"2025-03-26 00:00:00",137.13,0.00,"2025-03-26 00:00:00","2026-04-16 11:56:36"
5589,194,"2023-01-25 00:00:00",83.50,0.00,"2023-01-25 00:00:00","2026-04-16 11:56:36"
5590,78,"2026-04-07 00:00:00",53.96,5.00,"2026-04-07 00:00:00","2026-04-16 11:56:36"
5591,263,"2020-02-11 00:00:00",136.69,0.00,"2020-02-11 00:00:00","2026-04-16 11:56:36"
5592,271,"2022-11-02 00:00:00",78.06,0.00,"2022-11-02 00:00:00","2026-04-16 11:56:36"
5593,90,"2025-09-02 00:00:00",38.45,10.00,"2025-09-02 00:00:00","2026-04-16 11:56:36"
5594,89,"2024-07-09 00:00:00",107.98,0.00,"2024-07-09 00:00:00","2026-04-16 11:56:36"
5595,179,"2024-01-22 00:00:00",151.29,0.00,"2024-01-22 00:00:00","2026-04-16 11:56:36"
5596,272,"2024-12-19 00:00:00",166.42,0.00,"2024-12-19 00:00:00","2026-04-16 11:56:36"
5597,131,"2024-07-20 00:00:00",291.17,0.00,"2024-07-20 00:00:00","2026-04-16 11:56:36"
5598,263,"2020-03-14 00:00:00",191.00,0.00,"2020-03-14 00:00:00","2026-04-16 11:56:36"
5599,159,"2024-09-15 00:00:00",66.20,5.00,"2024-09-15 00:00:00","2026-04-16 11:56:36"
5600,294,"2025-05-31 00:00:00",55.13,5.00,"2025-05-31 00:00:00","2026-04-16 11:56:36"
5601,278,"2026-04-08 00:00:00",13.50,25.00,"2026-04-08 00:00:00","2026-04-16 11:56:36"
5602,93,"2025-02-25 00:00:00",176.59,0.00,"2025-02-25 00:00:00","2026-04-16 11:56:36"
5603,189,"2025-11-05 00:00:00",211.94,0.00,"2025-11-05 00:00:00","2026-04-16 11:56:36"
5604,185,"2026-01-28 00:00:00",82.04,0.00,"2026-01-28 00:00:00","2026-04-16 11:56:36"
5605,173,"2025-09-07 00:00:00",208.04,0.00,"2025-09-07 00:00:00","2026-04-16 11:56:36"
5606,41,"2025-02-17 00:00:00",51.10,5.00,"2025-02-17 00:00:00","2026-04-16 11:56:36"
5607,90,"2025-11-20 00:00:00",111.94,0.00,"2025-11-20 00:00:00","2026-04-16 11:56:36"
5608,131,"2022-10-25 00:00:00",207.52,0.00,"2022-10-25 00:00:00","2026-04-16 11:56:36"
5609,204,"2025-12-25 00:00:00",17.97,25.00,"2025-12-25 00:00:00","2026-04-16 11:56:36"
5610,157,"2021-07-19 00:00:00",70.65,5.00,"2021-07-19 00:00:00","2026-04-16 11:56:36"
5611,278,"2026-04-05 00:00:00",82.23,0.00,"2026-04-05 00:00:00","2026-04-16 11:56:36"
5612,18,"2024-01-29 00:00:00",37.86,10.00,"2024-01-29 00:00:00","2026-04-16 11:56:36"
5613,69,"2025-11-28 00:00:00",195.97,0.00,"2025-11-28 00:00:00","2026-04-16 11:56:36"
5614,277,"2025-04-17 00:00:00",19.52,25.00,"2025-04-17 00:00:00","2026-04-16 11:56:36"
5615,147,"2025-11-07 00:00:00",113.80,0.00,"2025-11-07 00:00:00","2026-04-16 11:56:36"
5616,221,"2025-08-27 00:00:00",93.77,0.00,"2025-08-27 00:00:00","2026-04-16 11:56:36"
5617,21,"2025-12-06 00:00:00",144.72,0.00,"2025-12-06 00:00:00","2026-04-16 11:56:36"
5618,28,"2023-04-12 00:00:00",375.05,0.00,"2023-04-12 00:00:00","2026-04-16 11:56:36"
5619,278,"2026-03-07 00:00:00",27.45,10.00,"2026-03-07 00:00:00","2026-04-16 11:56:36"
5620,248,"2022-02-28 00:00:00",174.28,0.00,"2022-02-28 00:00:00","2026-04-16 11:56:36"
5621,152,"2025-04-16 00:00:00",32.64,10.00,"2025-04-16 00:00:00","2026-04-16 11:56:36"
5622,269,"2024-06-01 00:00:00",178.23,0.00,"2024-06-01 00:00:00","2026-04-16 11:56:36"
5623,295,"2026-04-12 00:00:00",61.67,5.00,"2026-04-12 00:00:00","2026-04-16 11:56:36"
5624,134,"2024-10-19 00:00:00",159.82,0.00,"2024-10-19 00:00:00","2026-04-16 11:56:36"
5625,285,"2024-12-14 00:00:00",61.19,5.00,"2024-12-14 00:00:00","2026-04-16 11:56:36"
5626,72,"2024-09-09 00:00:00",212.97,0.00,"2024-09-09 00:00:00","2026-04-16 11:56:36"
5627,267,"2026-01-26 00:00:00",169.97,0.00,"2026-01-26 00:00:00","2026-04-16 11:56:36"
5628,11,"2025-11-01 00:00:00",135.85,0.00,"2025-11-01 00:00:00","2026-04-16 11:56:36"
5629,211,"2024-11-11 00:00:00",45.79,10.00,"2024-11-11 00:00:00","2026-04-16 11:56:36"
5630,211,"2025-02-10 00:00:00",244.51,0.00,"2025-02-10 00:00:00","2026-04-16 11:56:36"
5631,265,"2025-04-16 00:00:00",118.88,0.00,"2025-04-16 00:00:00","2026-04-16 11:56:36"
5632,88,"2025-04-22 00:00:00",16.05,25.00,"2025-04-22 00:00:00","2026-04-16 11:56:36"
5633,133,"2025-12-28 00:00:00",143.85,0.00,"2025-12-28 00:00:00","2026-04-16 11:56:36"
5634,219,"2022-08-30 00:00:00",42.85,10.00,"2022-08-30 00:00:00","2026-04-16 11:56:36"
5635,143,"2025-11-30 00:00:00",67.32,5.00,"2025-11-30 00:00:00","2026-04-16 11:56:36"
5636,32,"2024-03-27 00:00:00",41.38,10.00,"2024-03-27 00:00:00","2026-04-16 11:56:36"
5637,290,"2022-10-08 00:00:00",289.54,0.00,"2022-10-08 00:00:00","2026-04-16 11:56:36"
5638,146,"2023-03-07 00:00:00",30.14,10.00,"2023-03-07 00:00:00","2026-04-16 11:56:36"
5639,176,"2025-07-21 00:00:00",195.60,0.00,"2025-07-21 00:00:00","2026-04-16 11:56:36"
5640,180,"2025-10-03 00:00:00",130.72,0.00,"2025-10-03 00:00:00","2026-04-16 11:56:36"
5641,55,"2021-09-02 00:00:00",282.17,0.00,"2021-09-02 00:00:00","2026-04-16 11:56:36"
5642,266,"2026-03-30 00:00:00",99.33,0.00,"2026-03-30 00:00:00","2026-04-16 11:56:36"
5643,219,"2022-01-31 00:00:00",19.72,25.00,"2022-01-31 00:00:00","2026-04-16 11:56:36"
5644,292,"2025-03-18 00:00:00",66.44,5.00,"2025-03-18 00:00:00","2026-04-16 11:56:36"
5645,111,"2024-08-23 00:00:00",103.51,0.00,"2024-08-23 00:00:00","2026-04-16 11:56:36"
5646,141,"2024-05-06 00:00:00",8.46,25.00,"2024-05-06 00:00:00","2026-04-16 11:56:36"
5647,113,"2025-08-28 00:00:00",43.45,10.00,"2025-08-28 00:00:00","2026-04-16 11:56:36"
5648,198,"2025-05-12 00:00:00",77.88,0.00,"2025-05-12 00:00:00","2026-04-16 11:56:36"
5649,215,"2025-11-05 00:00:00",190.37,0.00,"2025-11-05 00:00:00","2026-04-16 11:56:36"
5650,129,"2025-11-05 00:00:00",85.17,0.00,"2025-11-05 00:00:00","2026-04-16 11:56:36"
5651,287,"2022-08-07 00:00:00",181.31,0.00,"2022-08-07 00:00:00","2026-04-16 11:56:36"
5652,15,"2022-09-20 00:00:00",44.72,10.00,"2022-09-20 00:00:00","2026-04-16 11:56:36"
5653,19,"2025-12-23 00:00:00",40.96,10.00,"2025-12-23 00:00:00","2026-04-16 11:56:36"
5654,132,"2021-08-19 00:00:00",150.32,0.00,"2021-08-19 00:00:00","2026-04-16 11:56:36"
5655,268,"2025-11-29 00:00:00",142.59,0.00,"2025-11-29 00:00:00","2026-04-16 11:56:36"
5656,269,"2025-08-24 00:00:00",310.03,0.00,"2025-08-24 00:00:00","2026-04-16 11:56:36"
5657,108,"2026-04-07 00:00:00",148.02,0.00,"2026-04-07 00:00:00","2026-04-16 11:56:36"
5658,269,"2025-03-30 00:00:00",22.40,25.00,"2025-03-30 00:00:00","2026-04-16 11:56:36"
5659,218,"2025-05-20 00:00:00",96.51,0.00,"2025-05-20 00:00:00","2026-04-16 11:56:36"
5660,145,"2026-01-18 00:00:00",35.54,10.00,"2026-01-18 00:00:00","2026-04-16 11:56:36"
5661,270,"2021-01-10 00:00:00",57.71,5.00,"2021-01-10 00:00:00","2026-04-16 11:56:36"
5662,109,"2025-09-17 00:00:00",179.18,0.00,"2025-09-17 00:00:00","2026-04-16 11:56:36"
5663,278,"2025-10-24 00:00:00",34.60,10.00,"2025-10-24 00:00:00","2026-04-16 11:56:36"
5664,36,"2026-03-29 00:00:00",83.54,0.00,"2026-03-29 00:00:00","2026-04-16 11:56:36"
5665,133,"2022-12-06 00:00:00",84.15,0.00,"2022-12-06 00:00:00","2026-04-16 11:56:36"
5666,268,"2026-02-27 00:00:00",247.02,0.00,"2026-02-27 00:00:00","2026-04-16 11:56:36"
5667,129,"2025-08-17 00:00:00",123.22,0.00,"2025-08-17 00:00:00","2026-04-16 11:56:36"
5668,152,"2023-11-11 00:00:00",137.48,0.00,"2023-11-11 00:00:00","2026-04-16 11:56:36"
5669,94,"2024-11-29 00:00:00",164.76,0.00,"2024-11-29 00:00:00","2026-04-16 11:56:36"
5670,79,"2025-06-07 00:00:00",147.39,0.00,"2025-06-07 00:00:00","2026-04-16 11:56:36"
5671,173,"2026-02-24 00:00:00",218.68,0.00,"2026-02-24 00:00:00","2026-04-16 11:56:36"
5672,92,"2025-07-10 00:00:00",40.64,10.00,"2025-07-10 00:00:00","2026-04-16 11:56:36"
5673,24,"2022-11-16 00:00:00",80.06,0.00,"2022-11-16 00:00:00","2026-04-16 11:56:36"
5674,13,"2023-08-24 00:00:00",271.82,0.00,"2023-08-24 00:00:00","2026-04-16 11:56:36"
5675,252,"2024-03-19 00:00:00",134.23,0.00,"2024-03-19 00:00:00","2026-04-16 11:56:36"
5676,158,"2024-08-08 00:00:00",44.22,10.00,"2024-08-08 00:00:00","2026-04-16 11:56:36"
5677,293,"2025-05-02 00:00:00",104.71,0.00,"2025-05-02 00:00:00","2026-04-16 11:56:36"
5678,67,"2023-05-14 00:00:00",251.59,0.00,"2023-05-14 00:00:00","2026-04-16 11:56:36"
5679,88,"2026-03-27 00:00:00",214.39,0.00,"2026-03-27 00:00:00","2026-04-16 11:56:36"
5680,27,"2025-08-01 00:00:00",222.51,0.00,"2025-08-01 00:00:00","2026-04-16 11:56:36"
5681,78,"2025-08-06 00:00:00",127.64,0.00,"2025-08-06 00:00:00","2026-04-16 11:56:36"
5682,115,"2024-02-15 00:00:00",60.55,5.00,"2024-02-15 00:00:00","2026-04-16 11:56:36"
5683,285,"2025-06-14 00:00:00",235.23,0.00,"2025-06-14 00:00:00","2026-04-16 11:56:36"
5684,119,"2024-08-28 00:00:00",68.32,5.00,"2024-08-28 00:00:00","2026-04-16 11:56:36"
5685,13,"2026-04-12 00:00:00",65.04,5.00,"2026-04-12 00:00:00","2026-04-16 11:56:36"
5686,63,"2024-10-19 00:00:00",345.28,0.00,"2024-10-19 00:00:00","2026-04-16 11:56:36"
5687,217,"2025-07-12 00:00:00",174.50,0.00,"2025-07-12 00:00:00","2026-04-16 11:56:36"
5688,21,"2026-03-07 00:00:00",220.14,0.00,"2026-03-07 00:00:00","2026-04-16 11:56:36"
5689,51,"2025-08-13 00:00:00",167.91,0.00,"2025-08-13 00:00:00","2026-04-16 11:56:36"
5690,238,"2022-10-13 00:00:00",276.99,0.00,"2022-10-13 00:00:00","2026-04-16 11:56:36"
5691,85,"2025-11-06 00:00:00",188.07,0.00,"2025-11-06 00:00:00","2026-04-16 11:56:36"
5692,71,"2025-10-17 00:00:00",208.74,0.00,"2025-10-17 00:00:00","2026-04-16 11:56:36"
5693,32,"2022-08-28 00:00:00",9.42,25.00,"2022-08-28 00:00:00","2026-04-16 11:56:36"
5694,251,"2026-03-16 00:00:00",34.31,10.00,"2026-03-16 00:00:00","2026-04-16 11:56:36"
5695,63,"2025-11-24 00:00:00",28.43,10.00,"2025-11-24 00:00:00","2026-04-16 11:56:36"
5696,27,"2026-03-07 00:00:00",286.34,0.00,"2026-03-07 00:00:00","2026-04-16 11:56:36"
5697,131,"2023-09-23 00:00:00",80.52,0.00,"2023-09-23 00:00:00","2026-04-16 11:56:36"
5698,220,"2025-07-01 00:00:00",75.40,0.00,"2025-07-01 00:00:00","2026-04-16 11:56:36"
5699,75,"2026-02-22 00:00:00",268.18,0.00,"2026-02-22 00:00:00","2026-04-16 11:56:36"
5700,232,"2025-10-01 00:00:00",115.60,0.00,"2025-10-01 00:00:00","2026-04-16 11:56:36"
5701,188,"2026-02-21 00:00:00",138.84,0.00,"2026-02-21 00:00:00","2026-04-16 11:56:36"
5702,12,"2024-12-21 00:00:00",140.85,0.00,"2024-12-21 00:00:00","2026-04-16 11:56:36"
5703,103,"2024-01-09 00:00:00",57.22,5.00,"2024-01-09 00:00:00","2026-04-16 11:56:36"
5704,286,"2022-06-13 00:00:00",32.36,10.00,"2022-06-13 00:00:00","2026-04-16 11:56:36"
5705,253,"2025-02-14 00:00:00",78.66,0.00,"2025-02-14 00:00:00","2026-04-16 11:56:36"
5706,166,"2024-03-03 00:00:00",29.20,10.00,"2024-03-03 00:00:00","2026-04-16 11:56:36"
5707,168,"2024-03-29 00:00:00",105.84,0.00,"2024-03-29 00:00:00","2026-04-16 11:56:36"
5708,243,"2024-07-03 00:00:00",114.60,0.00,"2024-07-03 00:00:00","2026-04-16 11:56:36"
5709,110,"2025-12-24 00:00:00",160.13,0.00,"2025-12-24 00:00:00","2026-04-16 11:56:36"
5710,247,"2026-04-12 00:00:00",261.22,0.00,"2026-04-12 00:00:00","2026-04-16 11:56:36"
5711,157,"2022-03-17 00:00:00",63.93,5.00,"2022-03-17 00:00:00","2026-04-16 11:56:36"
5712,247,"2024-05-24 00:00:00",261.33,0.00,"2024-05-24 00:00:00","2026-04-16 11:56:36"
5713,179,"2024-06-16 00:00:00",109.59,0.00,"2024-06-16 00:00:00","2026-04-16 11:56:36"
5714,29,"2026-04-13 00:00:00",223.30,0.00,"2026-04-13 00:00:00","2026-04-16 11:56:36"
5715,197,"2024-04-19 00:00:00",97.94,0.00,"2024-04-19 00:00:00","2026-04-16 11:56:36"
5716,198,"2026-02-22 00:00:00",240.81,0.00,"2026-02-22 00:00:00","2026-04-16 11:56:36"
5717,134,"2024-03-24 00:00:00",45.96,10.00,"2024-03-24 00:00:00","2026-04-16 11:56:36"
5718,263,"2020-03-13 00:00:00",79.10,0.00,"2020-03-13 00:00:00","2026-04-16 11:56:36"
5719,151,"2023-08-08 00:00:00",166.84,0.00,"2023-08-08 00:00:00","2026-04-16 11:56:36"
5720,222,"2025-08-09 00:00:00",275.46,0.00,"2025-08-09 00:00:00","2026-04-16 11:56:36"
5721,224,"2023-09-11 00:00:00",9.36,25.00,"2023-09-11 00:00:00","2026-04-16 11:56:36"
5722,156,"2026-01-08 00:00:00",31.29,10.00,"2026-01-08 00:00:00","2026-04-16 11:56:36"
5723,152,"2024-12-03 00:00:00",96.70,0.00,"2024-12-03 00:00:00","2026-04-16 11:56:36"
5724,233,"2025-03-20 00:00:00",62.98,5.00,"2025-03-20 00:00:00","2026-04-16 11:56:36"
5725,295,"2026-03-08 00:00:00",120.48,0.00,"2026-03-08 00:00:00","2026-04-16 11:56:36"
5726,18,"2023-07-27 00:00:00",6.30,25.00,"2023-07-27 00:00:00","2026-04-16 11:56:36"
5727,249,"2024-06-03 00:00:00",164.71,0.00,"2024-06-03 00:00:00","2026-04-16 11:56:36"
5728,239,"2024-12-14 00:00:00",96.08,0.00,"2024-12-14 00:00:00","2026-04-16 11:56:36"
5729,297,"2026-04-07 00:00:00",158.32,0.00,"2026-04-07 00:00:00","2026-04-16 11:56:36"
5730,265,"2026-04-01 00:00:00",208.22,0.00,"2026-04-01 00:00:00","2026-04-16 11:56:36"
5731,159,"2025-04-06 00:00:00",22.04,25.00,"2025-04-06 00:00:00","2026-04-16 11:56:36"
5732,285,"2025-09-10 00:00:00",280.38,0.00,"2025-09-10 00:00:00","2026-04-16 11:56:36"
5733,56,"2025-11-19 00:00:00",12.20,25.00,"2025-11-19 00:00:00","2026-04-16 11:56:36"
5734,175,"2025-07-28 00:00:00",4.25,25.00,"2025-07-28 00:00:00","2026-04-16 11:56:36"
5735,58,"2021-06-24 00:00:00",118.82,0.00,"2021-06-24 00:00:00","2026-04-16 11:56:36"
5736,64,"2025-05-29 00:00:00",5.27,25.00,"2025-05-29 00:00:00","2026-04-16 11:56:36"
5737,227,"2026-02-24 00:00:00",101.84,0.00,"2026-02-24 00:00:00","2026-04-16 11:56:36"
5738,27,"2025-06-13 00:00:00",135.77,0.00,"2025-06-13 00:00:00","2026-04-16 11:56:36"
5739,176,"2026-03-15 00:00:00",132.26,0.00,"2026-03-15 00:00:00","2026-04-16 11:56:36"
5740,250,"2022-01-07 00:00:00",37.46,10.00,"2022-01-07 00:00:00","2026-04-16 11:56:36"
5741,199,"2023-11-22 00:00:00",130.04,0.00,"2023-11-22 00:00:00","2026-04-16 11:56:36"
5742,23,"2025-08-16 00:00:00",104.85,0.00,"2025-08-16 00:00:00","2026-04-16 11:56:36"
5743,124,"2025-10-30 00:00:00",31.77,10.00,"2025-10-30 00:00:00","2026-04-16 11:56:36"
5744,195,"2025-08-19 00:00:00",92.76,0.00,"2025-08-19 00:00:00","2026-04-16 11:56:36"
5745,247,"2026-02-03 00:00:00",183.96,0.00,"2026-02-03 00:00:00","2026-04-16 11:56:36"
5746,66,"2022-06-13 00:00:00",47.05,10.00,"2022-06-13 00:00:00","2026-04-16 11:56:36"
5747,122,"2025-11-26 00:00:00",169.83,0.00,"2025-11-26 00:00:00","2026-04-16 11:56:36"
5748,94,"2025-02-09 00:00:00",70.43,5.00,"2025-02-09 00:00:00","2026-04-16 11:56:36"
5749,121,"2024-03-06 00:00:00",148.37,0.00,"2024-03-06 00:00:00","2026-04-16 11:56:36"
5750,11,"2022-11-30 00:00:00",163.60,0.00,"2022-11-30 00:00:00","2026-04-16 11:56:36"
5751,136,"2025-12-22 00:00:00",57.98,5.00,"2025-12-22 00:00:00","2026-04-16 11:56:36"
5752,77,"2024-11-26 00:00:00",22.36,25.00,"2024-11-26 00:00:00","2026-04-16 11:56:36"
5753,98,"2024-01-11 00:00:00",105.65,0.00,"2024-01-11 00:00:00","2026-04-16 11:56:36"
5754,103,"2024-03-26 00:00:00",8.70,25.00,"2024-03-26 00:00:00","2026-04-16 11:56:36"
5755,151,"2023-12-03 00:00:00",167.93,0.00,"2023-12-03 00:00:00","2026-04-16 11:56:36"
5756,62,"2025-06-17 00:00:00",48.18,10.00,"2025-06-17 00:00:00","2026-04-16 11:56:36"
5757,224,"2022-11-30 00:00:00",227.18,0.00,"2022-11-30 00:00:00","2026-04-16 11:56:36"
5758,199,"2023-02-09 00:00:00",273.73,0.00,"2023-02-09 00:00:00","2026-04-16 11:56:36"
5759,192,"2023-09-11 00:00:00",331.19,0.00,"2023-09-11 00:00:00","2026-04-16 11:56:36"
5760,297,"2025-11-16 00:00:00",91.85,0.00,"2025-11-16 00:00:00","2026-04-16 11:56:36"
5761,10,"2024-05-26 00:00:00",98.31,0.00,"2024-05-26 00:00:00","2026-04-16 11:56:36"
5762,101,"2023-08-11 00:00:00",175.62,0.00,"2023-08-11 00:00:00","2026-04-16 11:56:36"
5763,109,"2024-02-10 00:00:00",279.50,0.00,"2024-02-10 00:00:00","2026-04-16 11:56:36"
5764,244,"2026-01-04 00:00:00",337.72,0.00,"2026-01-04 00:00:00","2026-04-16 11:56:36"
5765,87,"2026-03-14 00:00:00",24.50,25.00,"2026-03-14 00:00:00","2026-04-16 11:56:36"
5766,110,"2025-09-11 00:00:00",287.26,0.00,"2025-09-11 00:00:00","2026-04-16 11:56:36"
5767,29,"2025-06-30 00:00:00",80.18,0.00,"2025-06-30 00:00:00","2026-04-16 11:56:36"
5768,128,"2023-04-24 00:00:00",150.71,0.00,"2023-04-24 00:00:00","2026-04-16 11:56:36"
5769,179,"2025-04-07 00:00:00",48.38,10.00,"2025-04-07 00:00:00","2026-04-16 11:56:36"
5770,299,"2025-06-11 00:00:00",122.04,0.00,"2025-06-11 00:00:00","2026-04-16 11:56:36"
5771,283,"2021-10-08 00:00:00",162.86,0.00,"2021-10-08 00:00:00","2026-04-16 11:56:36"
5772,46,"2025-10-25 00:00:00",80.29,0.00,"2025-10-25 00:00:00","2026-04-16 11:56:36"
5773,128,"2022-12-13 00:00:00",225.01,0.00,"2022-12-13 00:00:00","2026-04-16 11:56:36"
5774,57,"2022-06-25 00:00:00",111.41,0.00,"2022-06-25 00:00:00","2026-04-16 11:56:36"
5775,62,"2025-03-08 00:00:00",146.05,0.00,"2025-03-08 00:00:00","2026-04-16 11:56:36"
5776,159,"2026-03-04 00:00:00",51.32,5.00,"2026-03-04 00:00:00","2026-04-16 11:56:36"
5777,177,"2026-04-13 00:00:00",216.07,0.00,"2026-04-13 00:00:00","2026-04-16 11:56:36"
5778,263,"2020-04-04 00:00:00",226.25,0.00,"2020-04-04 00:00:00","2026-04-16 11:56:36"
5779,13,"2022-11-19 00:00:00",54.65,5.00,"2022-11-19 00:00:00","2026-04-16 11:56:36"
5780,268,"2024-10-21 00:00:00",61.66,5.00,"2024-10-21 00:00:00","2026-04-16 11:56:36"
5781,243,"2026-03-09 00:00:00",143.41,0.00,"2026-03-09 00:00:00","2026-04-16 11:56:36"
5782,165,"2025-11-23 00:00:00",53.72,5.00,"2025-11-23 00:00:00","2026-04-16 11:56:36"
5783,119,"2026-02-11 00:00:00",74.84,5.00,"2026-02-11 00:00:00","2026-04-16 11:56:36"
5784,210,"2025-11-25 00:00:00",85.66,0.00,"2025-11-25 00:00:00","2026-04-16 11:56:36"
5785,223,"2025-03-14 00:00:00",189.22,0.00,"2025-03-14 00:00:00","2026-04-16 11:56:36"
5786,104,"2021-05-09 00:00:00",23.80,25.00,"2021-05-09 00:00:00","2026-04-16 11:56:36"
5787,300,"2025-02-17 00:00:00",111.42,0.00,"2025-02-17 00:00:00","2026-04-16 11:56:36"
5788,28,"2024-02-12 00:00:00",126.95,0.00,"2024-02-12 00:00:00","2026-04-16 11:56:36"
5789,105,"2023-05-15 00:00:00",322.97,0.00,"2023-05-15 00:00:00","2026-04-16 11:56:36"
5790,178,"2024-11-17 00:00:00",185.86,0.00,"2024-11-17 00:00:00","2026-04-16 11:56:36"
5791,144,"2020-06-24 00:00:00",150.13,0.00,"2020-06-24 00:00:00","2026-04-16 11:56:36"
5792,183,"2022-05-29 00:00:00",280.65,0.00,"2022-05-29 00:00:00","2026-04-16 11:56:36"
5793,208,"2025-11-11 00:00:00",88.64,0.00,"2025-11-11 00:00:00","2026-04-16 11:56:36"
5794,237,"2026-04-02 00:00:00",78.81,0.00,"2026-04-02 00:00:00","2026-04-16 11:56:36"
5795,246,"2024-08-18 00:00:00",146.47,0.00,"2024-08-18 00:00:00","2026-04-16 11:56:36"
5796,266,"2026-02-26 00:00:00",19.56,25.00,"2026-02-26 00:00:00","2026-04-16 11:56:36"
5797,32,"2024-05-22 00:00:00",81.76,0.00,"2024-05-22 00:00:00","2026-04-16 11:56:36"
5798,117,"2023-12-10 00:00:00",122.27,0.00,"2023-12-10 00:00:00","2026-04-16 11:56:36"
5799,102,"2022-04-14 00:00:00",240.82,0.00,"2022-04-14 00:00:00","2026-04-16 11:56:36"
5800,136,"2026-03-28 00:00:00",248.16,0.00,"2026-03-28 00:00:00","2026-04-16 11:56:36"
5801,229,"2026-04-15 00:00:00",180.07,0.00,"2026-04-15 00:00:00","2026-04-16 11:56:36"
5802,133,"2023-01-19 00:00:00",15.21,25.00,"2023-01-19 00:00:00","2026-04-16 11:56:36"
5803,252,"2025-11-03 00:00:00",23.77,25.00,"2025-11-03 00:00:00","2026-04-16 11:56:36"
5804,183,"2024-08-14 00:00:00",93.62,0.00,"2024-08-14 00:00:00","2026-04-16 11:56:36"
5805,211,"2024-09-23 00:00:00",96.97,0.00,"2024-09-23 00:00:00","2026-04-16 11:56:36"
5806,156,"2024-04-25 00:00:00",15.26,25.00,"2024-04-25 00:00:00","2026-04-16 11:56:36"
5807,46,"2026-04-14 00:00:00",7.47,25.00,"2026-04-14 00:00:00","2026-04-16 11:56:36"
5808,282,"2025-10-12 00:00:00",59.05,5.00,"2025-10-12 00:00:00","2026-04-16 11:56:36"
5809,240,"2024-06-09 00:00:00",41.22,10.00,"2024-06-09 00:00:00","2026-04-16 11:56:36"
5810,290,"2021-12-05 00:00:00",85.34,0.00,"2021-12-05 00:00:00","2026-04-16 11:56:36"
5811,211,"2025-02-07 00:00:00",75.61,0.00,"2025-02-07 00:00:00","2026-04-16 11:56:36"
5812,71,"2026-03-29 00:00:00",196.96,0.00,"2026-03-29 00:00:00","2026-04-16 11:56:36"
5813,297,"2025-06-15 00:00:00",71.70,5.00,"2025-06-15 00:00:00","2026-04-16 11:56:36"
5814,95,"2025-08-31 00:00:00",41.55,10.00,"2025-08-31 00:00:00","2026-04-16 11:56:36"
5815,86,"2026-01-22 00:00:00",13.76,25.00,"2026-01-22 00:00:00","2026-04-16 11:56:36"
5816,85,"2025-10-03 00:00:00",57.19,5.00,"2025-10-03 00:00:00","2026-04-16 11:56:36"
5817,258,"2025-04-29 00:00:00",85.31,0.00,"2025-04-29 00:00:00","2026-04-16 11:56:36"
5818,100,"2023-03-03 00:00:00",89.23,0.00,"2023-03-03 00:00:00","2026-04-16 11:56:36"
5819,214,"2024-07-18 00:00:00",33.41,10.00,"2024-07-18 00:00:00","2026-04-16 11:56:36"
5820,39,"2021-07-03 00:00:00",187.22,0.00,"2021-07-03 00:00:00","2026-04-16 11:56:36"
5821,200,"2024-11-20 00:00:00",238.40,0.00,"2024-11-20 00:00:00","2026-04-16 11:56:36"
5822,270,"2022-05-11 00:00:00",36.29,10.00,"2022-05-11 00:00:00","2026-04-16 11:56:36"
5823,55,"2023-09-06 00:00:00",124.66,0.00,"2023-09-06 00:00:00","2026-04-16 11:56:36"
5824,77,"2024-10-15 00:00:00",168.82,0.00,"2024-10-15 00:00:00","2026-04-16 11:56:36"
5825,167,"2023-10-17 00:00:00",78.04,0.00,"2023-10-17 00:00:00","2026-04-16 11:56:36"
5826,128,"2022-11-10 00:00:00",98.15,0.00,"2022-11-10 00:00:00","2026-04-16 11:56:36"
5827,41,"2024-08-05 00:00:00",32.50,10.00,"2024-08-05 00:00:00","2026-04-16 11:56:36"
5828,181,"2021-10-10 00:00:00",158.53,0.00,"2021-10-10 00:00:00","2026-04-16 11:56:36"
5829,219,"2022-09-24 00:00:00",125.12,0.00,"2022-09-24 00:00:00","2026-04-16 11:56:36"
5830,296,"2023-07-17 00:00:00",150.84,0.00,"2023-07-17 00:00:00","2026-04-16 11:56:36"
5831,247,"2021-10-29 00:00:00",102.35,0.00,"2021-10-29 00:00:00","2026-04-16 11:56:36"
5832,295,"2025-09-17 00:00:00",27.96,10.00,"2025-09-17 00:00:00","2026-04-16 11:56:36"
5833,127,"2026-04-03 00:00:00",170.50,0.00,"2026-04-03 00:00:00","2026-04-16 11:56:36"
5834,211,"2024-06-06 00:00:00",4.46,25.00,"2024-06-06 00:00:00","2026-04-16 11:56:36"
5835,8,"2025-07-22 00:00:00",24.63,25.00,"2025-07-22 00:00:00","2026-04-16 11:56:36"
5836,13,"2025-04-06 00:00:00",63.68,5.00,"2025-04-06 00:00:00","2026-04-16 11:56:36"
5837,182,"2025-04-18 00:00:00",123.77,0.00,"2025-04-18 00:00:00","2026-04-16 11:56:36"
5838,135,"2026-04-01 00:00:00",81.88,0.00,"2026-04-01 00:00:00","2026-04-16 11:56:36"
5839,291,"2024-10-17 00:00:00",305.81,0.00,"2024-10-17 00:00:00","2026-04-16 11:56:36"
5840,131,"2025-04-20 00:00:00",132.59,0.00,"2025-04-20 00:00:00","2026-04-16 11:56:36"
5841,87,"2026-03-27 00:00:00",227.52,0.00,"2026-03-27 00:00:00","2026-04-16 11:56:36"
5842,197,"2025-01-14 00:00:00",195.70,0.00,"2025-01-14 00:00:00","2026-04-16 11:56:36"
5843,153,"2021-10-20 00:00:00",206.01,0.00,"2021-10-20 00:00:00","2026-04-16 11:56:36"
5844,268,"2022-06-17 00:00:00",176.67,0.00,"2022-06-17 00:00:00","2026-04-16 11:56:36"
5845,208,"2025-02-15 00:00:00",102.75,0.00,"2025-02-15 00:00:00","2026-04-16 11:56:36"
5846,9,"2025-10-17 00:00:00",349.58,0.00,"2025-10-17 00:00:00","2026-04-16 11:56:36"
5847,108,"2026-03-27 00:00:00",219.35,0.00,"2026-03-27 00:00:00","2026-04-16 11:56:36"
5848,182,"2024-10-10 00:00:00",17.30,25.00,"2024-10-10 00:00:00","2026-04-16 11:56:36"
5849,271,"2022-06-23 00:00:00",188.24,0.00,"2022-06-23 00:00:00","2026-04-16 11:56:36"
5850,91,"2025-12-06 00:00:00",87.44,0.00,"2025-12-06 00:00:00","2026-04-16 11:56:36"
5851,10,"2024-10-30 00:00:00",144.39,0.00,"2024-10-30 00:00:00","2026-04-16 11:56:36"
5852,12,"2025-05-04 00:00:00",179.61,0.00,"2025-05-04 00:00:00","2026-04-16 11:56:36"
5853,135,"2026-03-10 00:00:00",132.14,0.00,"2026-03-10 00:00:00","2026-04-16 11:56:36"
5854,112,"2025-11-05 00:00:00",135.31,0.00,"2025-11-05 00:00:00","2026-04-16 11:56:36"
5855,279,"2025-12-14 00:00:00",242.30,0.00,"2025-12-14 00:00:00","2026-04-16 11:56:36"
5856,65,"2025-09-15 00:00:00",215.59,0.00,"2025-09-15 00:00:00","2026-04-16 11:56:36"
5857,174,"2025-11-06 00:00:00",108.31,0.00,"2025-11-06 00:00:00","2026-04-16 11:56:36"
5858,53,"2025-01-20 00:00:00",82.59,0.00,"2025-01-20 00:00:00","2026-04-16 11:56:36"
5859,120,"2025-06-29 00:00:00",9.66,25.00,"2025-06-29 00:00:00","2026-04-16 11:56:36"
5860,138,"2020-06-09 00:00:00",297.67,0.00,"2020-06-09 00:00:00","2026-04-16 11:56:36"
5861,237,"2026-03-13 00:00:00",371.63,0.00,"2026-03-13 00:00:00","2026-04-16 11:56:36"
5862,205,"2024-07-05 00:00:00",111.85,0.00,"2024-07-05 00:00:00","2026-04-16 11:56:36"
5863,57,"2023-02-09 00:00:00",168.47,0.00,"2023-02-09 00:00:00","2026-04-16 11:56:36"
5864,126,"2022-09-20 00:00:00",33.12,10.00,"2022-09-20 00:00:00","2026-04-16 11:56:36"
5865,153,"2021-10-19 00:00:00",39.70,10.00,"2021-10-19 00:00:00","2026-04-16 11:56:36"
5866,103,"2023-01-17 00:00:00",265.93,0.00,"2023-01-17 00:00:00","2026-04-16 11:56:36"
5867,273,"2026-02-15 00:00:00",334.47,0.00,"2026-02-15 00:00:00","2026-04-16 11:56:36"
5868,291,"2025-07-25 00:00:00",395.77,0.00,"2025-07-25 00:00:00","2026-04-16 11:56:36"
5869,3,"2025-07-07 00:00:00",158.34,0.00,"2025-07-07 00:00:00","2026-04-16 11:56:36"
5870,229,"2026-04-09 00:00:00",242.71,0.00,"2026-04-09 00:00:00","2026-04-16 11:56:36"
5871,167,"2025-10-25 00:00:00",69.45,5.00,"2025-10-25 00:00:00","2026-04-16 11:56:36"
5872,231,"2023-12-10 00:00:00",24.05,25.00,"2023-12-10 00:00:00","2026-04-16 11:56:36"
5873,22,"2024-07-11 00:00:00",179.70,0.00,"2024-07-11 00:00:00","2026-04-16 11:56:36"
5874,282,"2026-01-21 00:00:00",271.11,0.00,"2026-01-21 00:00:00","2026-04-16 11:56:36"
5875,253,"2024-12-26 00:00:00",112.82,0.00,"2024-12-26 00:00:00","2026-04-16 11:56:36"
5876,180,"2026-01-08 00:00:00",125.42,0.00,"2026-01-08 00:00:00","2026-04-16 11:56:36"
5877,201,"2026-02-01 00:00:00",176.21,0.00,"2026-02-01 00:00:00","2026-04-16 11:56:36"
5878,274,"2023-03-13 00:00:00",119.57,0.00,"2023-03-13 00:00:00","2026-04-16 11:56:36"
5879,145,"2025-09-01 00:00:00",96.18,0.00,"2025-09-01 00:00:00","2026-04-16 11:56:36"
5880,20,"2021-04-18 00:00:00",127.92,0.00,"2021-04-18 00:00:00","2026-04-16 11:56:36"
5881,278,"2025-11-27 00:00:00",175.70,0.00,"2025-11-27 00:00:00","2026-04-16 11:56:36"
5882,71,"2026-01-07 00:00:00",142.30,0.00,"2026-01-07 00:00:00","2026-04-16 11:56:36"
5883,232,"2025-08-27 00:00:00",123.64,0.00,"2025-08-27 00:00:00","2026-04-16 11:56:36"
5884,263,"2019-12-13 00:00:00",111.69,0.00,"2019-12-13 00:00:00","2026-04-16 11:56:36"
5885,161,"2025-10-22 00:00:00",149.25,0.00,"2025-10-22 00:00:00","2026-04-16 11:56:36"
5886,179,"2025-01-23 00:00:00",5.97,25.00,"2025-01-23 00:00:00","2026-04-16 11:56:36"
5887,282,"2025-02-05 00:00:00",83.42,0.00,"2025-02-05 00:00:00","2026-04-16 11:56:36"
5888,296,"2025-08-11 00:00:00",131.74,0.00,"2025-08-11 00:00:00","2026-04-16 11:56:36"
5889,97,"2026-01-03 00:00:00",72.73,5.00,"2026-01-03 00:00:00","2026-04-16 11:56:36"
5890,132,"2020-07-07 00:00:00",104.78,0.00,"2020-07-07 00:00:00","2026-04-16 11:56:36"
5891,275,"2021-10-24 00:00:00",142.10,0.00,"2021-10-24 00:00:00","2026-04-16 11:56:36"
5892,154,"2024-05-12 00:00:00",125.03,0.00,"2024-05-12 00:00:00","2026-04-16 11:56:36"
5893,277,"2025-06-23 00:00:00",106.26,0.00,"2025-06-23 00:00:00","2026-04-16 11:56:36"
5894,52,"2025-07-14 00:00:00",94.60,0.00,"2025-07-14 00:00:00","2026-04-16 11:56:36"
5895,216,"2023-08-14 00:00:00",244.42,0.00,"2023-08-14 00:00:00","2026-04-16 11:56:36"
5896,280,"2022-12-31 00:00:00",259.95,0.00,"2022-12-31 00:00:00","2026-04-16 11:56:36"
5897,264,"2024-12-14 00:00:00",91.65,0.00,"2024-12-14 00:00:00","2026-04-16 11:56:36"
5898,293,"2025-05-11 00:00:00",58.48,5.00,"2025-05-11 00:00:00","2026-04-16 11:56:36"
5899,257,"2025-04-13 00:00:00",57.84,5.00,"2025-04-13 00:00:00","2026-04-16 11:56:36"
5900,186,"2026-03-09 00:00:00",294.77,0.00,"2026-03-09 00:00:00","2026-04-16 11:56:36"
5901,44,"2026-03-15 00:00:00",64.45,5.00,"2026-03-15 00:00:00","2026-04-16 11:56:36"
5902,296,"2024-12-12 00:00:00",249.71,0.00,"2024-12-12 00:00:00","2026-04-16 11:56:36"
5903,288,"2025-07-07 00:00:00",29.56,10.00,"2025-07-07 00:00:00","2026-04-16 11:56:36"
5904,263,"2020-02-12 00:00:00",254.12,0.00,"2020-02-12 00:00:00","2026-04-16 11:56:36"
5905,59,"2023-06-16 00:00:00",14.35,25.00,"2023-06-16 00:00:00","2026-04-16 11:56:36"
5906,184,"2026-03-28 00:00:00",235.39,0.00,"2026-03-28 00:00:00","2026-04-16 11:56:36"
5907,116,"2026-02-28 00:00:00",76.70,0.00,"2026-02-28 00:00:00","2026-04-16 11:56:36"
5908,65,"2025-06-18 00:00:00",338.04,0.00,"2025-06-18 00:00:00","2026-04-16 11:56:36"
5909,224,"2021-04-01 00:00:00",132.59,0.00,"2021-04-01 00:00:00","2026-04-16 11:56:36"
5910,263,"2020-02-18 00:00:00",142.79,0.00,"2020-02-18 00:00:00","2026-04-16 11:56:36"
5911,251,"2026-04-10 00:00:00",34.82,10.00,"2026-04-10 00:00:00","2026-04-16 11:56:36"
5912,62,"2024-08-30 00:00:00",115.63,0.00,"2024-08-30 00:00:00","2026-04-16 11:56:36"
5913,30,"2023-05-29 00:00:00",266.30,0.00,"2023-05-29 00:00:00","2026-04-16 11:56:36"
5914,194,"2022-02-24 00:00:00",231.74,0.00,"2022-02-24 00:00:00","2026-04-16 11:56:36"
5915,287,"2022-04-07 00:00:00",36.16,10.00,"2022-04-07 00:00:00","2026-04-16 11:56:36"
5916,20,"2022-04-26 00:00:00",303.63,0.00,"2022-04-26 00:00:00","2026-04-16 11:56:36"
5917,270,"2023-09-25 00:00:00",224.21,0.00,"2023-09-25 00:00:00","2026-04-16 11:56:36"
5918,73,"2023-10-04 00:00:00",214.48,0.00,"2023-10-04 00:00:00","2026-04-16 11:56:36"
5919,247,"2024-12-21 00:00:00",131.28,0.00,"2024-12-21 00:00:00","2026-04-16 11:56:36"
5920,56,"2025-02-06 00:00:00",216.11,0.00,"2025-02-06 00:00:00","2026-04-16 11:56:36"
5921,252,"2025-07-29 00:00:00",247.63,0.00,"2025-07-29 00:00:00","2026-04-16 11:56:36"
5922,171,"2024-09-05 00:00:00",45.32,10.00,"2024-09-05 00:00:00","2026-04-16 11:56:36"
5923,140,"2026-04-14 00:00:00",74.22,5.00,"2026-04-14 00:00:00","2026-04-16 11:56:36"
5924,186,"2026-04-10 00:00:00",155.01,0.00,"2026-04-10 00:00:00","2026-04-16 11:56:36"
5925,128,"2023-07-22 00:00:00",100.51,0.00,"2023-07-22 00:00:00","2026-04-16 11:56:36"
5926,237,"2026-04-01 00:00:00",9.81,25.00,"2026-04-01 00:00:00","2026-04-16 11:56:36"
5927,243,"2025-03-12 00:00:00",28.10,10.00,"2025-03-12 00:00:00","2026-04-16 11:56:36"
5928,132,"2021-08-25 00:00:00",191.44,0.00,"2021-08-25 00:00:00","2026-04-16 11:56:36"
5929,201,"2026-02-06 00:00:00",302.37,0.00,"2026-02-06 00:00:00","2026-04-16 11:56:36"
5930,85,"2026-03-06 00:00:00",113.54,0.00,"2026-03-06 00:00:00","2026-04-16 11:56:36"
5931,69,"2026-02-10 00:00:00",296.56,0.00,"2026-02-10 00:00:00","2026-04-16 11:56:36"
5932,32,"2024-03-14 00:00:00",49.44,10.00,"2024-03-14 00:00:00","2026-04-16 11:56:36"
5933,250,"2022-11-14 00:00:00",83.46,0.00,"2022-11-14 00:00:00","2026-04-16 11:56:36"
5934,141,"2025-09-15 00:00:00",66.70,5.00,"2025-09-15 00:00:00","2026-04-16 11:56:36"
5935,11,"2024-07-09 00:00:00",215.11,0.00,"2024-07-09 00:00:00","2026-04-16 11:56:36"
5936,92,"2025-12-24 00:00:00",170.29,0.00,"2025-12-24 00:00:00","2026-04-16 11:56:36"
5937,238,"2024-06-29 00:00:00",157.67,0.00,"2024-06-29 00:00:00","2026-04-16 11:56:36"
5938,202,"2025-04-15 00:00:00",92.78,0.00,"2025-04-15 00:00:00","2026-04-16 11:56:36"
5939,207,"2024-12-01 00:00:00",161.24,0.00,"2024-12-01 00:00:00","2026-04-16 11:56:36"
5940,98,"2023-04-28 00:00:00",122.49,0.00,"2023-04-28 00:00:00","2026-04-16 11:56:36"
5941,173,"2025-05-06 00:00:00",178.40,0.00,"2025-05-06 00:00:00","2026-04-16 11:56:36"
5942,272,"2023-07-01 00:00:00",1.73,25.00,"2023-07-01 00:00:00","2026-04-16 11:56:36"
5943,220,"2025-10-01 00:00:00",171.47,0.00,"2025-10-01 00:00:00","2026-04-16 11:56:36"
5944,242,"2023-05-03 00:00:00",144.45,0.00,"2023-05-03 00:00:00","2026-04-16 11:56:36"
5945,129,"2025-11-30 00:00:00",10.24,25.00,"2025-11-30 00:00:00","2026-04-16 11:56:36"
5946,68,"2026-04-09 00:00:00",17.74,25.00,"2026-04-09 00:00:00","2026-04-16 11:56:36"
5947,162,"2024-02-06 00:00:00",105.99,0.00,"2024-02-06 00:00:00","2026-04-16 11:56:36"
5948,185,"2025-09-29 00:00:00",12.66,25.00,"2025-09-29 00:00:00","2026-04-16 11:56:36"
5949,217,"2024-12-05 00:00:00",187.20,0.00,"2024-12-05 00:00:00","2026-04-16 11:56:36"
5950,215,"2025-02-02 00:00:00",48.73,10.00,"2025-02-02 00:00:00","2026-04-16 11:56:36"
5951,269,"2026-04-13 00:00:00",67.03,5.00,"2026-04-13 00:00:00","2026-04-16 11:56:36"
5952,199,"2025-06-24 00:00:00",139.79,0.00,"2025-06-24 00:00:00","2026-04-16 11:56:36"
5953,99,"2026-03-27 00:00:00",208.92,0.00,"2026-03-27 00:00:00","2026-04-16 11:56:36"
5954,221,"2024-10-13 00:00:00",275.81,0.00,"2024-10-13 00:00:00","2026-04-16 11:56:36"
5955,151,"2023-08-16 00:00:00",114.87,0.00,"2023-08-16 00:00:00","2026-04-16 11:56:36"
5956,97,"2025-12-17 00:00:00",91.60,0.00,"2025-12-17 00:00:00","2026-04-16 11:56:36"
5957,178,"2025-10-13 00:00:00",187.50,0.00,"2025-10-13 00:00:00","2026-04-16 11:56:36"
5958,17,"2022-05-24 00:00:00",140.43,0.00,"2022-05-24 00:00:00","2026-04-16 11:56:36"
5959,219,"2022-07-19 00:00:00",115.03,0.00,"2022-07-19 00:00:00","2026-04-16 11:56:36"
5960,73,"2023-08-07 00:00:00",197.72,0.00,"2023-08-07 00:00:00","2026-04-16 11:56:36"
5961,185,"2022-03-08 00:00:00",164.12,0.00,"2022-03-08 00:00:00","2026-04-16 11:56:36"
5962,40,"2025-11-02 00:00:00",86.82,0.00,"2025-11-02 00:00:00","2026-04-16 11:56:36"
5963,1,"2025-08-28 00:00:00",157.94,0.00,"2025-08-28 00:00:00","2026-04-16 11:56:36"
5964,205,"2024-06-18 00:00:00",186.47,0.00,"2024-06-18 00:00:00","2026-04-16 11:56:36"
5965,109,"2023-11-25 00:00:00",230.40,0.00,"2023-11-25 00:00:00","2026-04-16 11:56:36"
5966,202,"2024-05-01 00:00:00",180.35,0.00,"2024-05-01 00:00:00","2026-04-16 11:56:36"
5967,232,"2025-11-14 00:00:00",95.95,0.00,"2025-11-14 00:00:00","2026-04-16 11:56:36"
5968,124,"2021-08-14 00:00:00",17.91,25.00,"2021-08-14 00:00:00","2026-04-16 11:56:36"
5969,187,"2022-09-22 00:00:00",160.88,0.00,"2022-09-22 00:00:00","2026-04-16 11:56:36"
5970,81,"2023-11-22 00:00:00",156.05,0.00,"2023-11-22 00:00:00","2026-04-16 11:56:36"
5971,100,"2023-06-08 00:00:00",185.40,0.00,"2023-06-08 00:00:00","2026-04-16 11:56:36"
5972,229,"2026-04-05 00:00:00",343.24,0.00,"2026-04-05 00:00:00","2026-04-16 11:56:36"
5973,207,"2026-03-19 00:00:00",10.30,25.00,"2026-03-19 00:00:00","2026-04-16 11:56:36"
5974,82,"2023-04-30 00:00:00",43.92,10.00,"2023-04-30 00:00:00","2026-04-16 11:56:36"
5975,20,"2021-11-28 00:00:00",167.73,0.00,"2021-11-28 00:00:00","2026-04-16 11:56:36"
5976,55,"2023-09-22 00:00:00",205.12,0.00,"2023-09-22 00:00:00","2026-04-16 11:56:36"
5977,135,"2026-03-15 00:00:00",238.90,0.00,"2026-03-15 00:00:00","2026-04-16 11:56:36"
5978,71,"2025-08-07 00:00:00",40.35,10.00,"2025-08-07 00:00:00","2026-04-16 11:56:36"
5979,239,"2024-12-15 00:00:00",166.50,0.00,"2024-12-15 00:00:00","2026-04-16 11:56:36"
5980,257,"2025-06-08 00:00:00",141.63,0.00,"2025-06-08 00:00:00","2026-04-16 11:56:36"
5981,199,"2023-09-27 00:00:00",262.89,0.00,"2023-09-27 00:00:00","2026-04-16 11:56:36"
5982,263,"2020-02-10 00:00:00",166.81,0.00,"2020-02-10 00:00:00","2026-04-16 11:56:36"
5983,100,"2022-12-30 00:00:00",183.71,0.00,"2022-12-30 00:00:00","2026-04-16 11:56:36"
5984,116,"2025-09-23 00:00:00",271.68,0.00,"2025-09-23 00:00:00","2026-04-16 11:56:36"
5985,251,"2026-03-20 00:00:00",47.58,10.00,"2026-03-20 00:00:00","2026-04-16 11:56:36"
5986,174,"2026-04-10 00:00:00",139.18,0.00,"2026-04-10 00:00:00","2026-04-16 11:56:36"
5987,124,"2022-10-09 00:00:00",144.80,0.00,"2022-10-09 00:00:00","2026-04-16 11:56:36"
5988,154,"2023-06-24 00:00:00",94.91,0.00,"2023-06-24 00:00:00","2026-04-16 11:56:36"
5989,140,"2026-03-19 00:00:00",256.06,0.00,"2026-03-19 00:00:00","2026-04-16 11:56:36"
5990,69,"2025-02-19 00:00:00",239.10,0.00,"2025-02-19 00:00:00","2026-04-16 11:56:36"
5991,39,"2021-01-20 00:00:00",185.19,0.00,"2021-01-20 00:00:00","2026-04-16 11:56:36"
5992,299,"2024-11-29 00:00:00",285.00,0.00,"2024-11-29 00:00:00","2026-04-16 11:56:36"
5993,243,"2024-08-16 00:00:00",146.84,0.00,"2024-08-16 00:00:00","2026-04-16 11:56:36"
5994,46,"2026-03-26 00:00:00",114.64,0.00,"2026-03-26 00:00:00","2026-04-16 11:56:36"
5995,214,"2025-12-03 00:00:00",124.89,0.00,"2025-12-03 00:00:00","2026-04-16 11:56:36"
5996,82,"2025-07-21 00:00:00",158.41,0.00,"2025-07-21 00:00:00","2026-04-16 11:56:36"
5997,37,"2025-10-31 00:00:00",61.77,5.00,"2025-10-31 00:00:00","2026-04-16 11:56:36"
5998,263,"2020-03-04 00:00:00",120.14,0.00,"2020-03-04 00:00:00","2026-04-16 11:56:36"
5999,47,"2023-08-30 00:00:00",76.77,0.00,"2023-08-30 00:00:00","2026-04-16 11:56:36"
6000,268,"2026-02-27 00:00:00",30.54,10.00,"2026-02-27 00:00:00","2026-04-16 11:56:36"
6001,149,"2026-01-25 00:00:00",444.66,0.00,"2026-01-25 00:00:00","2026-04-16 11:56:36"
6002,134,"2023-10-11 00:00:00",62.92,5.00,"2023-10-11 00:00:00","2026-04-16 11:56:36"
6003,112,"2023-06-05 00:00:00",32.36,10.00,"2023-06-05 00:00:00","2026-04-16 11:56:36"
6004,21,"2024-12-13 00:00:00",257.98,0.00,"2024-12-13 00:00:00","2026-04-16 11:56:36"
6005,202,"2025-09-06 00:00:00",169.97,0.00,"2025-09-06 00:00:00","2026-04-16 11:56:36"
6006,84,"2025-07-08 00:00:00",137.55,0.00,"2025-07-08 00:00:00","2026-04-16 11:56:36"
6007,68,"2026-01-13 00:00:00",137.16,0.00,"2026-01-13 00:00:00","2026-04-16 11:56:36"
6008,221,"2024-03-26 00:00:00",110.81,0.00,"2024-03-26 00:00:00","2026-04-16 11:56:36"
6009,192,"2025-07-15 00:00:00",34.79,10.00,"2025-07-15 00:00:00","2026-04-16 11:56:36"
6010,16,"2026-04-13 00:00:00",109.04,0.00,"2026-04-13 00:00:00","2026-04-16 11:56:36"
6011,176,"2025-12-24 00:00:00",361.45,0.00,"2025-12-24 00:00:00","2026-04-16 11:56:36"
6012,116,"2025-11-26 00:00:00",288.18,0.00,"2025-11-26 00:00:00","2026-04-16 11:56:36"
6013,2,"2024-05-02 00:00:00",152.98,0.00,"2024-05-02 00:00:00","2026-04-16 11:56:36"
6014,245,"2025-10-03 00:00:00",79.96,0.00,"2025-10-03 00:00:00","2026-04-16 11:56:36"
6015,7,"2023-02-28 00:00:00",29.85,10.00,"2023-02-28 00:00:00","2026-04-16 11:56:36"
6016,27,"2021-07-18 00:00:00",65.12,5.00,"2021-07-18 00:00:00","2026-04-16 11:56:36"
6017,172,"2024-07-02 00:00:00",284.78,0.00,"2024-07-02 00:00:00","2026-04-16 11:56:36"
6018,184,"2026-04-02 00:00:00",5.15,25.00,"2026-04-02 00:00:00","2026-04-16 11:56:36"
6019,111,"2025-12-17 00:00:00",67.53,5.00,"2025-12-17 00:00:00","2026-04-16 11:56:36"
6020,128,"2023-08-20 00:00:00",103.47,0.00,"2023-08-20 00:00:00","2026-04-16 11:56:36"
6021,261,"2024-08-15 00:00:00",20.46,25.00,"2024-08-15 00:00:00","2026-04-16 11:56:36"
6022,142,"2025-08-06 00:00:00",142.91,0.00,"2025-08-06 00:00:00","2026-04-16 11:56:36"
6023,101,"2023-03-05 00:00:00",127.09,0.00,"2023-03-05 00:00:00","2026-04-16 11:56:36"
6024,128,"2023-07-15 00:00:00",185.30,0.00,"2023-07-15 00:00:00","2026-04-16 11:56:36"
6025,28,"2022-12-13 00:00:00",22.16,25.00,"2022-12-13 00:00:00","2026-04-16 11:56:36"
6026,83,"2023-12-19 00:00:00",164.38,0.00,"2023-12-19 00:00:00","2026-04-16 11:56:36"
6027,39,"2022-09-11 00:00:00",105.08,0.00,"2022-09-11 00:00:00","2026-04-16 11:56:36"
6028,47,"2023-10-06 00:00:00",85.35,0.00,"2023-10-06 00:00:00","2026-04-16 11:56:36"
6029,74,"2023-03-07 00:00:00",194.82,0.00,"2023-03-07 00:00:00","2026-04-16 11:56:36"
6030,22,"2024-08-12 00:00:00",38.60,10.00,"2024-08-12 00:00:00","2026-04-16 11:56:36"
6031,13,"2025-08-08 00:00:00",98.86,0.00,"2025-08-08 00:00:00","2026-04-16 11:56:36"
6032,39,"2022-11-30 00:00:00",66.93,5.00,"2022-11-30 00:00:00","2026-04-16 11:56:36"
6033,49,"2024-08-25 00:00:00",200.48,0.00,"2024-08-25 00:00:00","2026-04-16 11:56:36"
6034,145,"2025-05-29 00:00:00",61.48,5.00,"2025-05-29 00:00:00","2026-04-16 11:56:36"
6035,272,"2024-01-07 00:00:00",35.78,10.00,"2024-01-07 00:00:00","2026-04-16 11:56:36"
6036,264,"2025-08-10 00:00:00",93.53,0.00,"2025-08-10 00:00:00","2026-04-16 11:56:36"
6037,46,"2025-11-22 00:00:00",263.39,0.00,"2025-11-22 00:00:00","2026-04-16 11:56:36"
6038,156,"2024-11-18 00:00:00",34.58,10.00,"2024-11-18 00:00:00","2026-04-16 11:56:36"
6039,236,"2023-11-24 00:00:00",238.25,0.00,"2023-11-24 00:00:00","2026-04-16 11:56:36"
6040,17,"2022-12-17 00:00:00",69.40,5.00,"2022-12-17 00:00:00","2026-04-16 11:56:36"
6041,1,"2025-04-03 00:00:00",145.73,0.00,"2025-04-03 00:00:00","2026-04-16 11:56:36"
6042,195,"2024-10-27 00:00:00",203.04,0.00,"2024-10-27 00:00:00","2026-04-16 11:56:36"
6043,296,"2024-11-24 00:00:00",68.82,5.00,"2024-11-24 00:00:00","2026-04-16 11:56:36"
6044,111,"2025-04-28 00:00:00",99.00,0.00,"2025-04-28 00:00:00","2026-04-16 11:56:36"
6045,115,"2024-04-10 00:00:00",177.11,0.00,"2024-04-10 00:00:00","2026-04-16 11:56:36"
6046,69,"2024-10-31 00:00:00",283.90,0.00,"2024-10-31 00:00:00","2026-04-16 11:56:36"
6047,201,"2026-04-02 00:00:00",104.70,0.00,"2026-04-02 00:00:00","2026-04-16 11:56:36"
6048,239,"2021-12-09 00:00:00",72.35,5.00,"2021-12-09 00:00:00","2026-04-16 11:56:36"
6049,64,"2025-07-25 00:00:00",107.19,0.00,"2025-07-25 00:00:00","2026-04-16 11:56:36"
6050,295,"2025-02-28 00:00:00",214.02,0.00,"2025-02-28 00:00:00","2026-04-16 11:56:36"
6051,37,"2024-10-22 00:00:00",140.25,0.00,"2024-10-22 00:00:00","2026-04-16 11:56:36"
6052,177,"2025-11-15 00:00:00",248.43,0.00,"2025-11-15 00:00:00","2026-04-16 11:56:36"
6053,267,"2022-01-02 00:00:00",17.64,25.00,"2022-01-02 00:00:00","2026-04-16 11:56:36"
6054,24,"2022-09-14 00:00:00",104.66,0.00,"2022-09-14 00:00:00","2026-04-16 11:56:36"
6055,244,"2025-05-12 00:00:00",285.46,0.00,"2025-05-12 00:00:00","2026-04-16 11:56:36"
6056,92,"2026-03-23 00:00:00",50.28,5.00,"2026-03-23 00:00:00","2026-04-16 11:56:36"
6057,196,"2026-02-01 00:00:00",80.36,0.00,"2026-02-01 00:00:00","2026-04-16 11:56:36"
6058,243,"2025-04-25 00:00:00",52.97,5.00,"2025-04-25 00:00:00","2026-04-16 11:56:36"
6059,140,"2026-04-01 00:00:00",139.45,0.00,"2026-04-01 00:00:00","2026-04-16 11:56:36"
6060,151,"2023-09-22 00:00:00",14.65,25.00,"2023-09-22 00:00:00","2026-04-16 11:56:36"
6061,115,"2024-04-12 00:00:00",40.55,10.00,"2024-04-12 00:00:00","2026-04-16 11:56:36"
6062,297,"2026-02-08 00:00:00",4.56,25.00,"2026-02-08 00:00:00","2026-04-16 11:56:36"
6063,162,"2026-03-08 00:00:00",105.85,0.00,"2026-03-08 00:00:00","2026-04-16 11:56:36"
6064,211,"2025-03-21 00:00:00",261.66,0.00,"2025-03-21 00:00:00","2026-04-16 11:56:36"
6065,171,"2024-09-08 00:00:00",131.63,0.00,"2024-09-08 00:00:00","2026-04-16 11:56:36"
6066,148,"2022-04-15 00:00:00",122.07,0.00,"2022-04-15 00:00:00","2026-04-16 11:56:36"
6067,244,"2026-03-03 00:00:00",16.96,25.00,"2026-03-03 00:00:00","2026-04-16 11:56:36"
6068,263,"2019-12-28 00:00:00",110.76,0.00,"2019-12-28 00:00:00","2026-04-16 11:56:36"
6069,39,"2023-01-22 00:00:00",46.84,10.00,"2023-01-22 00:00:00","2026-04-16 11:56:36"
6070,184,"2026-04-04 00:00:00",176.67,0.00,"2026-04-04 00:00:00","2026-04-16 11:56:36"
6071,189,"2025-05-16 00:00:00",61.30,5.00,"2025-05-16 00:00:00","2026-04-16 11:56:36"
6072,216,"2025-04-26 00:00:00",153.34,0.00,"2025-04-26 00:00:00","2026-04-16 11:56:36"
6073,99,"2025-09-10 00:00:00",181.35,0.00,"2025-09-10 00:00:00","2026-04-16 11:56:36"
6074,159,"2024-08-28 00:00:00",254.69,0.00,"2024-08-28 00:00:00","2026-04-16 11:56:36"
6075,99,"2025-07-05 00:00:00",156.61,0.00,"2025-07-05 00:00:00","2026-04-16 11:56:36"
6076,207,"2024-10-11 00:00:00",73.91,5.00,"2024-10-11 00:00:00","2026-04-16 11:56:36"
6077,66,"2026-03-18 00:00:00",57.69,5.00,"2026-03-18 00:00:00","2026-04-16 11:56:36"
6078,106,"2022-11-06 00:00:00",82.24,0.00,"2022-11-06 00:00:00","2026-04-16 11:56:36"
6079,121,"2025-11-05 00:00:00",28.16,10.00,"2025-11-05 00:00:00","2026-04-16 11:56:36"
6080,239,"2025-09-01 00:00:00",113.87,0.00,"2025-09-01 00:00:00","2026-04-16 11:56:36"
6081,82,"2025-11-13 00:00:00",150.86,0.00,"2025-11-13 00:00:00","2026-04-16 11:56:36"
6082,5,"2026-01-06 00:00:00",24.00,25.00,"2026-01-06 00:00:00","2026-04-16 11:56:36"
6083,259,"2026-01-10 00:00:00",54.85,5.00,"2026-01-10 00:00:00","2026-04-16 11:56:36"
6084,170,"2023-06-09 00:00:00",117.94,0.00,"2023-06-09 00:00:00","2026-04-16 11:56:36"
6085,233,"2025-01-29 00:00:00",193.23,0.00,"2025-01-29 00:00:00","2026-04-16 11:56:36"
6086,124,"2024-02-29 00:00:00",320.85,0.00,"2024-02-29 00:00:00","2026-04-16 11:56:36"
6087,273,"2025-07-16 00:00:00",21.06,25.00,"2025-07-16 00:00:00","2026-04-16 11:56:36"
6088,267,"2021-10-25 00:00:00",81.37,0.00,"2021-10-25 00:00:00","2026-04-16 11:56:36"
6089,268,"2026-03-28 00:00:00",92.54,0.00,"2026-03-28 00:00:00","2026-04-16 11:56:36"
6090,8,"2026-03-20 00:00:00",184.67,0.00,"2026-03-20 00:00:00","2026-04-16 11:56:36"
6091,264,"2025-11-17 00:00:00",218.66,0.00,"2025-11-17 00:00:00","2026-04-16 11:56:36"
6092,53,"2025-07-17 00:00:00",17.64,25.00,"2025-07-17 00:00:00","2026-04-16 11:56:36"
6093,11,"2022-10-25 00:00:00",51.48,5.00,"2022-10-25 00:00:00","2026-04-16 11:56:36"
6094,186,"2026-02-11 00:00:00",257.69,0.00,"2026-02-11 00:00:00","2026-04-16 11:56:36"
6095,102,"2023-11-11 00:00:00",175.89,0.00,"2023-11-11 00:00:00","2026-04-16 11:56:36"
6096,61,"2026-01-19 00:00:00",236.63,0.00,"2026-01-19 00:00:00","2026-04-16 11:56:36"
6097,227,"2026-04-08 00:00:00",70.50,5.00,"2026-04-08 00:00:00","2026-04-16 11:56:36"
6098,215,"2022-11-22 00:00:00",37.36,10.00,"2022-11-22 00:00:00","2026-04-16 11:56:36"
6099,57,"2021-07-25 00:00:00",158.38,0.00,"2021-07-25 00:00:00","2026-04-16 11:56:36"
6100,136,"2025-11-24 00:00:00",197.27,0.00,"2025-11-24 00:00:00","2026-04-16 11:56:36"
6101,266,"2026-01-16 00:00:00",118.20,0.00,"2026-01-16 00:00:00","2026-04-16 11:56:36"
6102,173,"2026-01-04 00:00:00",164.93,0.00,"2026-01-04 00:00:00","2026-04-16 11:56:36"
6103,235,"2024-05-18 00:00:00",242.44,0.00,"2024-05-18 00:00:00","2026-04-16 11:56:36"
6104,275,"2022-12-03 00:00:00",87.53,0.00,"2022-12-03 00:00:00","2026-04-16 11:56:36"
6105,236,"2025-07-05 00:00:00",134.20,0.00,"2025-07-05 00:00:00","2026-04-16 11:56:36"
6106,256,"2022-12-02 00:00:00",201.09,0.00,"2022-12-02 00:00:00","2026-04-16 11:56:36"
6107,156,"2025-12-18 00:00:00",120.99,0.00,"2025-12-18 00:00:00","2026-04-16 11:56:36"
6108,60,"2025-09-24 00:00:00",116.69,0.00,"2025-09-24 00:00:00","2026-04-16 11:56:36"
6109,149,"2026-02-20 00:00:00",44.30,10.00,"2026-02-20 00:00:00","2026-04-16 11:56:36"
6110,39,"2023-01-04 00:00:00",208.98,0.00,"2023-01-04 00:00:00","2026-04-16 11:56:36"
6111,137,"2026-03-21 00:00:00",156.94,0.00,"2026-03-21 00:00:00","2026-04-16 11:56:36"
6112,116,"2025-10-08 00:00:00",12.84,25.00,"2025-10-08 00:00:00","2026-04-16 11:56:36"
6113,200,"2025-09-15 00:00:00",269.32,0.00,"2025-09-15 00:00:00","2026-04-16 11:56:36"
6114,292,"2023-07-01 00:00:00",364.43,0.00,"2023-07-01 00:00:00","2026-04-16 11:56:36"
6115,119,"2024-07-12 00:00:00",51.61,5.00,"2024-07-12 00:00:00","2026-04-16 11:56:36"
6116,114,"2026-03-19 00:00:00",21.46,25.00,"2026-03-19 00:00:00","2026-04-16 11:56:36"
6117,53,"2026-02-20 00:00:00",26.46,10.00,"2026-02-20 00:00:00","2026-04-16 11:56:36"
6118,131,"2023-10-07 00:00:00",14.39,25.00,"2023-10-07 00:00:00","2026-04-16 11:56:36"
6119,67,"2021-05-24 00:00:00",54.14,5.00,"2021-05-24 00:00:00","2026-04-16 11:56:36"
6120,24,"2022-11-25 00:00:00",138.65,0.00,"2022-11-25 00:00:00","2026-04-16 11:56:36"
6121,161,"2025-01-02 00:00:00",140.65,0.00,"2025-01-02 00:00:00","2026-04-16 11:56:36"
6122,52,"2026-01-04 00:00:00",54.96,5.00,"2026-01-04 00:00:00","2026-04-16 11:56:36"
6123,276,"2024-08-23 00:00:00",313.95,0.00,"2024-08-23 00:00:00","2026-04-16 11:56:36"
6124,205,"2023-07-14 00:00:00",138.61,0.00,"2023-07-14 00:00:00","2026-04-16 11:56:36"
6125,71,"2025-09-15 00:00:00",41.25,10.00,"2025-09-15 00:00:00","2026-04-16 11:56:36"
6126,90,"2025-11-18 00:00:00",147.72,0.00,"2025-11-18 00:00:00","2026-04-16 11:56:36"
6127,144,"2020-07-11 00:00:00",69.70,5.00,"2020-07-11 00:00:00","2026-04-16 11:56:36"
6128,155,"2025-11-19 00:00:00",24.48,25.00,"2025-11-19 00:00:00","2026-04-16 11:56:36"
6129,27,"2025-08-25 00:00:00",45.07,10.00,"2025-08-25 00:00:00","2026-04-16 11:56:36"
6130,49,"2023-11-06 00:00:00",60.29,5.00,"2023-11-06 00:00:00","2026-04-16 11:56:36"
6131,28,"2023-07-28 00:00:00",115.19,0.00,"2023-07-28 00:00:00","2026-04-16 11:56:36"
6132,208,"2025-12-28 00:00:00",7.13,25.00,"2025-12-28 00:00:00","2026-04-16 11:56:36"
6133,16,"2026-04-15 00:00:00",105.89,0.00,"2026-04-15 00:00:00","2026-04-16 11:56:36"
6134,48,"2026-01-10 00:00:00",88.29,0.00,"2026-01-10 00:00:00","2026-04-16 11:56:36"
6135,30,"2025-05-28 00:00:00",239.91,0.00,"2025-05-28 00:00:00","2026-04-16 11:56:36"
6136,173,"2025-11-29 00:00:00",8.32,25.00,"2025-11-29 00:00:00","2026-04-16 11:56:36"
6137,47,"2023-10-07 00:00:00",116.10,0.00,"2023-10-07 00:00:00","2026-04-16 11:56:36"
6138,39,"2021-04-18 00:00:00",71.87,5.00,"2021-04-18 00:00:00","2026-04-16 11:56:36"
6139,144,"2020-06-25 00:00:00",4.50,25.00,"2020-06-25 00:00:00","2026-04-16 11:56:36"
6140,229,"2026-04-08 00:00:00",262.81,0.00,"2026-04-08 00:00:00","2026-04-16 11:56:36"
6141,167,"2025-08-28 00:00:00",172.43,0.00,"2025-08-28 00:00:00","2026-04-16 11:56:36"
6142,247,"2023-07-20 00:00:00",64.11,5.00,"2023-07-20 00:00:00","2026-04-16 11:56:36"
6143,295,"2026-04-07 00:00:00",136.16,0.00,"2026-04-07 00:00:00","2026-04-16 11:56:36"
6144,199,"2023-06-04 00:00:00",79.50,0.00,"2023-06-04 00:00:00","2026-04-16 11:56:36"
6145,264,"2025-04-30 00:00:00",110.71,0.00,"2025-04-30 00:00:00","2026-04-16 11:56:36"
6146,250,"2022-01-26 00:00:00",210.53,0.00,"2022-01-26 00:00:00","2026-04-16 11:56:36"
6147,255,"2024-07-03 00:00:00",115.65,0.00,"2024-07-03 00:00:00","2026-04-16 11:56:36"
6148,12,"2026-02-17 00:00:00",68.35,5.00,"2026-02-17 00:00:00","2026-04-16 11:56:36"
6149,226,"2025-05-21 00:00:00",154.07,0.00,"2025-05-21 00:00:00","2026-04-16 11:56:36"
6150,122,"2025-12-21 00:00:00",241.78,0.00,"2025-12-21 00:00:00","2026-04-16 11:56:36"
6151,299,"2025-03-30 00:00:00",38.49,10.00,"2025-03-30 00:00:00","2026-04-16 11:56:36"
6152,145,"2025-04-06 00:00:00",32.28,10.00,"2025-04-06 00:00:00","2026-04-16 11:56:36"
6153,116,"2025-12-24 00:00:00",78.24,0.00,"2025-12-24 00:00:00","2026-04-16 11:56:36"
6154,278,"2026-02-19 00:00:00",168.68,0.00,"2026-02-19 00:00:00","2026-04-16 11:56:36"
6155,192,"2023-11-29 00:00:00",198.58,0.00,"2023-11-29 00:00:00","2026-04-16 11:56:36"
6156,236,"2023-06-29 00:00:00",86.79,0.00,"2023-06-29 00:00:00","2026-04-16 11:56:36"
6157,212,"2022-10-09 00:00:00",45.20,10.00,"2022-10-09 00:00:00","2026-04-16 11:56:36"
6158,84,"2026-04-07 00:00:00",163.04,0.00,"2026-04-07 00:00:00","2026-04-16 11:56:36"
6159,174,"2024-02-19 00:00:00",44.25,10.00,"2024-02-19 00:00:00","2026-04-16 11:56:36"
6160,196,"2026-03-13 00:00:00",50.89,5.00,"2026-03-13 00:00:00","2026-04-16 11:56:36"
6161,155,"2026-02-20 00:00:00",60.80,5.00,"2026-02-20 00:00:00","2026-04-16 11:56:36"
6162,35,"2024-12-22 00:00:00",377.23,0.00,"2024-12-22 00:00:00","2026-04-16 11:56:36"
6163,47,"2023-09-06 00:00:00",157.21,0.00,"2023-09-06 00:00:00","2026-04-16 11:56:36"
6164,182,"2025-11-25 00:00:00",116.71,0.00,"2025-11-25 00:00:00","2026-04-16 11:56:36"
6165,148,"2023-11-19 00:00:00",17.49,25.00,"2023-11-19 00:00:00","2026-04-16 11:56:36"
6166,143,"2023-11-10 00:00:00",120.55,0.00,"2023-11-10 00:00:00","2026-04-16 11:56:36"
6167,130,"2025-04-28 00:00:00",140.57,0.00,"2025-04-28 00:00:00","2026-04-16 11:56:36"
6168,184,"2026-04-03 00:00:00",26.25,10.00,"2026-04-03 00:00:00","2026-04-16 11:56:36"
6169,9,"2023-08-30 00:00:00",221.64,0.00,"2023-08-30 00:00:00","2026-04-16 11:56:36"
6170,12,"2023-05-08 00:00:00",99.66,0.00,"2023-05-08 00:00:00","2026-04-16 11:56:36"
6171,191,"2026-04-11 00:00:00",133.10,0.00,"2026-04-11 00:00:00","2026-04-16 11:56:36"
6172,144,"2020-06-14 00:00:00",265.67,0.00,"2020-06-14 00:00:00","2026-04-16 11:56:36"
6173,15,"2024-08-16 00:00:00",173.98,0.00,"2024-08-16 00:00:00","2026-04-16 11:56:36"
6174,36,"2025-09-26 00:00:00",117.82,0.00,"2025-09-26 00:00:00","2026-04-16 11:56:36"
6175,19,"2025-10-06 00:00:00",50.39,5.00,"2025-10-06 00:00:00","2026-04-16 11:56:36"
6176,136,"2025-03-21 00:00:00",87.68,0.00,"2025-03-21 00:00:00","2026-04-16 11:56:36"
6177,63,"2025-03-14 00:00:00",95.90,0.00,"2025-03-14 00:00:00","2026-04-16 11:56:36"
6178,35,"2025-02-03 00:00:00",69.34,5.00,"2025-02-03 00:00:00","2026-04-16 11:56:36"
6179,91,"2023-03-23 00:00:00",213.73,0.00,"2023-03-23 00:00:00","2026-04-16 11:56:36"
6180,194,"2025-02-25 00:00:00",48.60,10.00,"2025-02-25 00:00:00","2026-04-16 11:56:36"
6181,13,"2026-01-12 00:00:00",291.84,0.00,"2026-01-12 00:00:00","2026-04-16 11:56:36"
6182,6,"2026-01-17 00:00:00",65.34,5.00,"2026-01-17 00:00:00","2026-04-16 11:56:36"
6183,185,"2024-09-18 00:00:00",30.03,10.00,"2024-09-18 00:00:00","2026-04-16 11:56:36"
6184,169,"2024-07-22 00:00:00",261.59,0.00,"2024-07-22 00:00:00","2026-04-16 11:56:36"
6185,283,"2021-07-05 00:00:00",225.74,0.00,"2021-07-05 00:00:00","2026-04-16 11:56:36"
6186,206,"2026-01-08 00:00:00",26.19,10.00,"2026-01-08 00:00:00","2026-04-16 11:56:36"
6187,262,"2023-01-15 00:00:00",87.38,0.00,"2023-01-15 00:00:00","2026-04-16 11:56:36"
6188,181,"2023-02-02 00:00:00",33.28,10.00,"2023-02-02 00:00:00","2026-04-16 11:56:36"
6189,28,"2023-10-09 00:00:00",70.95,5.00,"2023-10-09 00:00:00","2026-04-16 11:56:36"
6190,167,"2025-04-13 00:00:00",66.48,5.00,"2025-04-13 00:00:00","2026-04-16 11:56:36"
6191,46,"2026-03-17 00:00:00",94.36,0.00,"2026-03-17 00:00:00","2026-04-16 11:56:36"
6192,263,"2020-03-31 00:00:00",88.22,0.00,"2020-03-31 00:00:00","2026-04-16 11:56:36"
6193,135,"2026-04-04 00:00:00",14.60,25.00,"2026-04-04 00:00:00","2026-04-16 11:56:36"
6194,120,"2025-09-06 00:00:00",278.06,0.00,"2025-09-06 00:00:00","2026-04-16 11:56:36"
6195,136,"2026-01-12 00:00:00",152.10,0.00,"2026-01-12 00:00:00","2026-04-16 11:56:36"
6196,78,"2025-11-24 00:00:00",318.68,0.00,"2025-11-24 00:00:00","2026-04-16 11:56:36"
6197,56,"2025-11-27 00:00:00",145.99,0.00,"2025-11-27 00:00:00","2026-04-16 11:56:36"
6198,231,"2023-07-15 00:00:00",162.11,0.00,"2023-07-15 00:00:00","2026-04-16 11:56:36"
6199,187,"2022-09-28 00:00:00",156.36,0.00,"2022-09-28 00:00:00","2026-04-16 11:56:36"
6200,61,"2026-02-27 00:00:00",35.50,10.00,"2026-02-27 00:00:00","2026-04-16 11:56:36"
6201,41,"2024-06-10 00:00:00",82.54,0.00,"2024-06-10 00:00:00","2026-04-16 11:56:36"
6202,30,"2024-02-17 00:00:00",179.93,0.00,"2024-02-17 00:00:00","2026-04-16 11:56:36"
6203,206,"2024-07-10 00:00:00",207.30,0.00,"2024-07-10 00:00:00","2026-04-16 11:56:36"
6204,5,"2025-12-07 00:00:00",25.38,10.00,"2025-12-07 00:00:00","2026-04-16 11:56:36"
6205,17,"2024-10-02 00:00:00",260.71,0.00,"2024-10-02 00:00:00","2026-04-16 11:56:36"
6206,248,"2023-10-27 00:00:00",37.35,10.00,"2023-10-27 00:00:00","2026-04-16 11:56:36"
6207,221,"2024-11-29 00:00:00",52.31,5.00,"2024-11-29 00:00:00","2026-04-16 11:56:36"
6208,284,"2022-04-25 00:00:00",35.51,10.00,"2022-04-25 00:00:00","2026-04-16 11:56:36"
6209,148,"2025-10-19 00:00:00",13.59,25.00,"2025-10-19 00:00:00","2026-04-16 11:56:36"
6210,202,"2025-06-08 00:00:00",135.28,0.00,"2025-06-08 00:00:00","2026-04-16 11:56:36"
6211,174,"2024-10-07 00:00:00",91.78,0.00,"2024-10-07 00:00:00","2026-04-16 11:56:36"
6212,150,"2025-12-13 00:00:00",79.48,0.00,"2025-12-13 00:00:00","2026-04-16 11:56:36"
6213,55,"2026-04-15 00:00:00",105.12,0.00,"2026-04-15 00:00:00","2026-04-16 11:56:36"
6214,286,"2023-03-14 00:00:00",77.09,0.00,"2023-03-14 00:00:00","2026-04-16 11:56:36"
6215,93,"2023-11-10 00:00:00",171.45,0.00,"2023-11-10 00:00:00","2026-04-16 11:56:36"
6216,206,"2023-11-20 00:00:00",32.91,10.00,"2023-11-20 00:00:00","2026-04-16 11:56:36"
6217,255,"2023-06-01 00:00:00",266.34,0.00,"2023-06-01 00:00:00","2026-04-16 11:56:36"
6218,89,"2024-08-05 00:00:00",120.83,0.00,"2024-08-05 00:00:00","2026-04-16 11:56:36"
6219,132,"2022-12-28 00:00:00",107.28,0.00,"2022-12-28 00:00:00","2026-04-16 11:56:36"
6220,72,"2025-07-13 00:00:00",138.27,0.00,"2025-07-13 00:00:00","2026-04-16 11:56:36"
6221,123,"2023-03-18 00:00:00",43.85,10.00,"2023-03-18 00:00:00","2026-04-16 11:56:36"
6222,284,"2024-01-09 00:00:00",83.89,0.00,"2024-01-09 00:00:00","2026-04-16 11:56:36"
6223,246,"2022-05-03 00:00:00",220.21,0.00,"2022-05-03 00:00:00","2026-04-16 11:56:36"
6224,59,"2025-06-29 00:00:00",146.18,0.00,"2025-06-29 00:00:00","2026-04-16 11:56:36"
6225,209,"2025-11-18 00:00:00",95.10,0.00,"2025-11-18 00:00:00","2026-04-16 11:56:36"
6226,184,"2026-04-04 00:00:00",47.05,10.00,"2026-04-04 00:00:00","2026-04-16 11:56:36"
6227,259,"2026-02-03 00:00:00",26.10,10.00,"2026-02-03 00:00:00","2026-04-16 11:56:36"
6228,147,"2023-09-15 00:00:00",123.82,0.00,"2023-09-15 00:00:00","2026-04-16 11:56:36"
6229,62,"2024-01-31 00:00:00",95.97,0.00,"2024-01-31 00:00:00","2026-04-16 11:56:36"
6230,39,"2020-11-08 00:00:00",316.22,0.00,"2020-11-08 00:00:00","2026-04-16 11:56:36"
6231,157,"2021-02-01 00:00:00",41.75,10.00,"2021-02-01 00:00:00","2026-04-16 11:56:36"
6232,66,"2024-10-31 00:00:00",29.62,10.00,"2024-10-31 00:00:00","2026-04-16 11:56:36"
6233,249,"2025-02-21 00:00:00",65.77,5.00,"2025-02-21 00:00:00","2026-04-16 11:56:36"
6234,214,"2025-05-12 00:00:00",85.26,0.00,"2025-05-12 00:00:00","2026-04-16 11:56:36"
6235,248,"2025-04-08 00:00:00",358.96,0.00,"2025-04-08 00:00:00","2026-04-16 11:56:36"
6236,272,"2024-05-02 00:00:00",77.91,0.00,"2024-05-02 00:00:00","2026-04-16 11:56:36"
6237,205,"2023-07-26 00:00:00",1.70,25.00,"2023-07-26 00:00:00","2026-04-16 11:56:36"
6238,174,"2023-10-08 00:00:00",172.50,0.00,"2023-10-08 00:00:00","2026-04-16 11:56:36"
6239,277,"2025-10-01 00:00:00",334.40,0.00,"2025-10-01 00:00:00","2026-04-16 11:56:36"
6240,145,"2024-07-29 00:00:00",61.00,5.00,"2024-07-29 00:00:00","2026-04-16 11:56:36"
6241,245,"2025-09-17 00:00:00",109.82,0.00,"2025-09-17 00:00:00","2026-04-16 11:56:36"
6242,21,"2024-11-17 00:00:00",107.95,0.00,"2024-11-17 00:00:00","2026-04-16 11:56:36"
6243,286,"2025-07-26 00:00:00",152.86,0.00,"2025-07-26 00:00:00","2026-04-16 11:56:36"
6244,277,"2024-03-19 00:00:00",80.85,0.00,"2024-03-19 00:00:00","2026-04-16 11:56:36"
6245,165,"2025-09-24 00:00:00",227.90,0.00,"2025-09-24 00:00:00","2026-04-16 11:56:36"
6246,100,"2025-12-09 00:00:00",211.78,0.00,"2025-12-09 00:00:00","2026-04-16 11:56:36"
6247,157,"2021-09-28 00:00:00",36.89,10.00,"2021-09-28 00:00:00","2026-04-16 11:56:36"
6248,177,"2025-09-24 00:00:00",171.15,0.00,"2025-09-24 00:00:00","2026-04-16 11:56:36"
6249,158,"2025-05-05 00:00:00",126.07,0.00,"2025-05-05 00:00:00","2026-04-16 11:56:36"
6250,85,"2025-08-26 00:00:00",224.88,0.00,"2025-08-26 00:00:00","2026-04-16 11:56:36"
6251,189,"2025-03-16 00:00:00",38.86,10.00,"2025-03-16 00:00:00","2026-04-16 11:56:36"
6252,97,"2024-11-12 00:00:00",177.38,0.00,"2024-11-12 00:00:00","2026-04-16 11:56:36"
6253,268,"2026-04-10 00:00:00",199.71,0.00,"2026-04-10 00:00:00","2026-04-16 11:56:36"
6254,291,"2025-10-04 00:00:00",213.38,0.00,"2025-10-04 00:00:00","2026-04-16 11:56:36"
6255,233,"2025-06-27 00:00:00",167.25,0.00,"2025-06-27 00:00:00","2026-04-16 11:56:36"
6256,287,"2022-05-01 00:00:00",200.86,0.00,"2022-05-01 00:00:00","2026-04-16 11:56:36"
6257,28,"2023-02-27 00:00:00",57.98,5.00,"2023-02-27 00:00:00","2026-04-16 11:56:36"
6258,99,"2025-11-25 00:00:00",189.49,0.00,"2025-11-25 00:00:00","2026-04-16 11:56:36"
6259,94,"2024-12-26 00:00:00",170.29,0.00,"2024-12-26 00:00:00","2026-04-16 11:56:36"
6260,198,"2025-02-19 00:00:00",31.32,10.00,"2025-02-19 00:00:00","2026-04-16 11:56:36"
6261,100,"2021-08-22 00:00:00",62.29,5.00,"2021-08-22 00:00:00","2026-04-16 11:56:36"
6262,269,"2026-03-12 00:00:00",52.55,5.00,"2026-03-12 00:00:00","2026-04-16 11:56:36"
6263,32,"2022-10-18 00:00:00",168.16,0.00,"2022-10-18 00:00:00","2026-04-16 11:56:36"
6264,136,"2025-10-16 00:00:00",120.54,0.00,"2025-10-16 00:00:00","2026-04-16 11:56:36"
6265,27,"2023-07-01 00:00:00",370.91,0.00,"2023-07-01 00:00:00","2026-04-16 11:56:36"
6266,285,"2025-10-16 00:00:00",151.74,0.00,"2025-10-16 00:00:00","2026-04-16 11:56:36"
6267,99,"2025-10-29 00:00:00",160.71,0.00,"2025-10-29 00:00:00","2026-04-16 11:56:36"
6268,247,"2025-11-10 00:00:00",6.89,25.00,"2025-11-10 00:00:00","2026-04-16 11:56:36"
6269,169,"2025-09-04 00:00:00",283.52,0.00,"2025-09-04 00:00:00","2026-04-16 11:56:36"
6270,64,"2025-08-11 00:00:00",48.25,10.00,"2025-08-11 00:00:00","2026-04-16 11:56:36"
6271,268,"2026-01-11 00:00:00",45.77,10.00,"2026-01-11 00:00:00","2026-04-16 11:56:36"
6272,44,"2026-03-26 00:00:00",180.76,0.00,"2026-03-26 00:00:00","2026-04-16 11:56:36"
6273,120,"2023-04-28 00:00:00",93.89,0.00,"2023-04-28 00:00:00","2026-04-16 11:56:36"
6274,37,"2022-07-12 00:00:00",63.26,5.00,"2022-07-12 00:00:00","2026-04-16 11:56:36"
6275,110,"2025-06-17 00:00:00",202.53,0.00,"2025-06-17 00:00:00","2026-04-16 11:56:36"
6276,281,"2025-12-09 00:00:00",133.63,0.00,"2025-12-09 00:00:00","2026-04-16 11:56:36"
6277,210,"2026-02-07 00:00:00",235.66,0.00,"2026-02-07 00:00:00","2026-04-16 11:56:36"
6278,119,"2025-12-26 00:00:00",166.30,0.00,"2025-12-26 00:00:00","2026-04-16 11:56:36"
6279,285,"2025-04-10 00:00:00",89.93,0.00,"2025-04-10 00:00:00","2026-04-16 11:56:36"
6280,272,"2024-02-04 00:00:00",19.38,25.00,"2024-02-04 00:00:00","2026-04-16 11:56:36"
6281,78,"2026-03-22 00:00:00",220.15,0.00,"2026-03-22 00:00:00","2026-04-16 11:56:36"
6282,60,"2025-10-29 00:00:00",64.64,5.00,"2025-10-29 00:00:00","2026-04-16 11:56:36"
6283,274,"2023-07-24 00:00:00",304.21,0.00,"2023-07-24 00:00:00","2026-04-16 11:56:36"
6284,43,"2022-08-23 00:00:00",30.74,10.00,"2022-08-23 00:00:00","2026-04-16 11:56:36"
6285,41,"2020-08-11 00:00:00",108.07,0.00,"2020-08-11 00:00:00","2026-04-16 11:56:37"
6286,281,"2025-07-27 00:00:00",229.27,0.00,"2025-07-27 00:00:00","2026-04-16 11:56:37"
6287,292,"2025-10-09 00:00:00",33.44,10.00,"2025-10-09 00:00:00","2026-04-16 11:56:37"
6288,296,"2025-02-28 00:00:00",53.72,5.00,"2025-02-28 00:00:00","2026-04-16 11:56:37"
6289,84,"2024-07-22 00:00:00",47.71,10.00,"2024-07-22 00:00:00","2026-04-16 11:56:37"
6290,282,"2026-04-14 00:00:00",160.86,0.00,"2026-04-14 00:00:00","2026-04-16 11:56:37"
6291,136,"2024-11-26 00:00:00",70.36,5.00,"2024-11-26 00:00:00","2026-04-16 11:56:37"
6292,161,"2023-04-24 00:00:00",324.08,0.00,"2023-04-24 00:00:00","2026-04-16 11:56:37"
6293,5,"2026-03-06 00:00:00",56.79,5.00,"2026-03-06 00:00:00","2026-04-16 11:56:37"
6294,262,"2024-07-28 00:00:00",137.23,0.00,"2024-07-28 00:00:00","2026-04-16 11:56:37"
6295,220,"2024-12-07 00:00:00",101.41,0.00,"2024-12-07 00:00:00","2026-04-16 11:56:37"
6296,183,"2023-09-13 00:00:00",318.88,0.00,"2023-09-13 00:00:00","2026-04-16 11:56:37"
6297,10,"2025-03-08 00:00:00",54.94,5.00,"2025-03-08 00:00:00","2026-04-16 11:56:37"
6298,163,"2026-03-07 00:00:00",15.33,25.00,"2026-03-07 00:00:00","2026-04-16 11:56:37"
6299,187,"2022-08-28 00:00:00",96.84,0.00,"2022-08-28 00:00:00","2026-04-16 11:56:37"
6300,271,"2022-12-05 00:00:00",106.93,0.00,"2022-12-05 00:00:00","2026-04-16 11:56:37"
6301,102,"2024-12-21 00:00:00",66.77,5.00,"2024-12-21 00:00:00","2026-04-16 11:56:37"
6302,273,"2021-03-26 00:00:00",189.36,0.00,"2021-03-26 00:00:00","2026-04-16 11:56:37"
6303,235,"2024-10-08 00:00:00",27.08,10.00,"2024-10-08 00:00:00","2026-04-16 11:56:37"
6304,115,"2024-02-13 00:00:00",142.58,0.00,"2024-02-13 00:00:00","2026-04-16 11:56:37"
6305,124,"2026-03-08 00:00:00",113.58,0.00,"2026-03-08 00:00:00","2026-04-16 11:56:37"
6306,10,"2025-07-09 00:00:00",139.05,0.00,"2025-07-09 00:00:00","2026-04-16 11:56:37"
6307,37,"2024-09-19 00:00:00",142.65,0.00,"2024-09-19 00:00:00","2026-04-16 11:56:37"
6308,145,"2026-03-19 00:00:00",52.02,5.00,"2026-03-19 00:00:00","2026-04-16 11:56:37"
6309,220,"2024-08-15 00:00:00",6.21,25.00,"2024-08-15 00:00:00","2026-04-16 11:56:37"
6310,201,"2026-02-16 00:00:00",52.08,5.00,"2026-02-16 00:00:00","2026-04-16 11:56:37"
6311,165,"2025-08-18 00:00:00",109.51,0.00,"2025-08-18 00:00:00","2026-04-16 11:56:37"
6312,253,"2022-05-04 00:00:00",128.97,0.00,"2022-05-04 00:00:00","2026-04-16 11:56:37"
6313,91,"2025-03-08 00:00:00",103.19,0.00,"2025-03-08 00:00:00","2026-04-16 11:56:37"
6314,245,"2025-12-09 00:00:00",107.79,0.00,"2025-12-09 00:00:00","2026-04-16 11:56:37"
6315,70,"2025-05-06 00:00:00",104.31,0.00,"2025-05-06 00:00:00","2026-04-16 11:56:37"
6316,293,"2025-08-27 00:00:00",126.91,0.00,"2025-08-27 00:00:00","2026-04-16 11:56:37"
6317,246,"2023-08-08 00:00:00",144.02,0.00,"2023-08-08 00:00:00","2026-04-16 11:56:37"
6318,224,"2023-07-05 00:00:00",31.65,10.00,"2023-07-05 00:00:00","2026-04-16 11:56:37"
6319,4,"2024-10-18 00:00:00",245.40,0.00,"2024-10-18 00:00:00","2026-04-16 11:56:37"
6320,114,"2025-11-25 00:00:00",12.04,25.00,"2025-11-25 00:00:00","2026-04-16 11:56:37"
6321,161,"2024-06-05 00:00:00",191.96,0.00,"2024-06-05 00:00:00","2026-04-16 11:56:37"
6322,47,"2023-09-03 00:00:00",193.12,0.00,"2023-09-03 00:00:00","2026-04-16 11:56:37"
6323,171,"2024-08-15 00:00:00",82.79,0.00,"2024-08-15 00:00:00","2026-04-16 11:56:37"
6324,170,"2025-01-20 00:00:00",11.16,25.00,"2025-01-20 00:00:00","2026-04-16 11:56:37"
6325,214,"2025-03-30 00:00:00",209.01,0.00,"2025-03-30 00:00:00","2026-04-16 11:56:37"
6326,146,"2022-04-23 00:00:00",187.35,0.00,"2022-04-23 00:00:00","2026-04-16 11:56:37"
6327,62,"2025-06-22 00:00:00",153.73,0.00,"2025-06-22 00:00:00","2026-04-16 11:56:37"
6328,51,"2026-01-13 00:00:00",19.38,25.00,"2026-01-13 00:00:00","2026-04-16 11:56:37"
6329,65,"2025-09-15 00:00:00",217.61,0.00,"2025-09-15 00:00:00","2026-04-16 11:56:37"
6330,59,"2025-03-14 00:00:00",151.04,0.00,"2025-03-14 00:00:00","2026-04-16 11:56:37"
6331,207,"2025-09-03 00:00:00",44.40,10.00,"2025-09-03 00:00:00","2026-04-16 11:56:37"
6332,20,"2020-10-19 00:00:00",7.79,25.00,"2020-10-19 00:00:00","2026-04-16 11:56:37"
6333,55,"2024-11-01 00:00:00",229.25,0.00,"2024-11-01 00:00:00","2026-04-16 11:56:37"
6334,81,"2025-04-01 00:00:00",94.19,0.00,"2025-04-01 00:00:00","2026-04-16 11:56:37"
6335,166,"2024-05-08 00:00:00",21.96,25.00,"2024-05-08 00:00:00","2026-04-16 11:56:37"
6336,6,"2025-09-18 00:00:00",184.73,0.00,"2025-09-18 00:00:00","2026-04-16 11:56:37"
6337,155,"2025-07-13 00:00:00",230.49,0.00,"2025-07-13 00:00:00","2026-04-16 11:56:37"
6338,87,"2026-02-07 00:00:00",28.62,10.00,"2026-02-07 00:00:00","2026-04-16 11:56:37"
6339,143,"2023-09-23 00:00:00",72.25,5.00,"2023-09-23 00:00:00","2026-04-16 11:56:37"
6340,242,"2022-07-21 00:00:00",127.89,0.00,"2022-07-21 00:00:00","2026-04-16 11:56:37"
6341,158,"2025-08-18 00:00:00",67.43,5.00,"2025-08-18 00:00:00","2026-04-16 11:56:37"
6342,271,"2022-12-28 00:00:00",129.56,0.00,"2022-12-28 00:00:00","2026-04-16 11:56:37"
6343,36,"2024-12-21 00:00:00",302.98,0.00,"2024-12-21 00:00:00","2026-04-16 11:56:37"
6344,235,"2025-07-24 00:00:00",59.20,5.00,"2025-07-24 00:00:00","2026-04-16 11:56:37"
6345,181,"2023-05-14 00:00:00",49.26,10.00,"2023-05-14 00:00:00","2026-04-16 11:56:37"
6346,97,"2025-01-17 00:00:00",185.83,0.00,"2025-01-17 00:00:00","2026-04-16 11:56:37"
6347,128,"2023-06-02 00:00:00",63.61,5.00,"2023-06-02 00:00:00","2026-04-16 11:56:37"
6348,37,"2022-10-14 00:00:00",214.44,0.00,"2022-10-14 00:00:00","2026-04-16 11:56:37"
6349,142,"2025-02-27 00:00:00",168.21,0.00,"2025-02-27 00:00:00","2026-04-16 11:56:37"
6350,56,"2023-10-17 00:00:00",6.51,25.00,"2023-10-17 00:00:00","2026-04-16 11:56:37"
6351,177,"2026-01-25 00:00:00",190.35,0.00,"2026-01-25 00:00:00","2026-04-16 11:56:37"
6352,103,"2023-07-23 00:00:00",66.01,5.00,"2023-07-23 00:00:00","2026-04-16 11:56:37"
6353,58,"2025-09-14 00:00:00",35.29,10.00,"2025-09-14 00:00:00","2026-04-16 11:56:37"
6354,244,"2025-09-29 00:00:00",83.42,0.00,"2025-09-29 00:00:00","2026-04-16 11:56:37"
6355,25,"2024-05-23 00:00:00",127.15,0.00,"2024-05-23 00:00:00","2026-04-16 11:56:37"
6356,205,"2020-10-25 00:00:00",96.95,0.00,"2020-10-25 00:00:00","2026-04-16 11:56:37"
6357,267,"2025-01-18 00:00:00",30.30,10.00,"2025-01-18 00:00:00","2026-04-16 11:56:37"
6358,188,"2025-10-22 00:00:00",227.59,0.00,"2025-10-22 00:00:00","2026-04-16 11:56:37"
6359,29,"2025-01-19 00:00:00",146.16,0.00,"2025-01-19 00:00:00","2026-04-16 11:56:37"
6360,92,"2026-03-07 00:00:00",31.84,10.00,"2026-03-07 00:00:00","2026-04-16 11:56:37"
6361,158,"2025-11-03 00:00:00",197.16,0.00,"2025-11-03 00:00:00","2026-04-16 11:56:37"
6362,16,"2026-04-14 00:00:00",229.49,0.00,"2026-04-14 00:00:00","2026-04-16 11:56:37"
6363,209,"2024-07-31 00:00:00",177.22,0.00,"2024-07-31 00:00:00","2026-04-16 11:56:37"
6364,222,"2023-06-18 00:00:00",69.74,5.00,"2023-06-18 00:00:00","2026-04-16 11:56:37"
6365,234,"2026-04-09 00:00:00",230.32,0.00,"2026-04-09 00:00:00","2026-04-16 11:56:37"
6366,129,"2022-11-15 00:00:00",59.21,5.00,"2022-11-15 00:00:00","2026-04-16 11:56:37"
6367,190,"2025-11-30 00:00:00",114.44,0.00,"2025-11-30 00:00:00","2026-04-16 11:56:37"
6368,155,"2025-06-07 00:00:00",10.36,25.00,"2025-06-07 00:00:00","2026-04-16 11:56:37"
6369,105,"2025-03-04 00:00:00",90.76,0.00,"2025-03-04 00:00:00","2026-04-16 11:56:37"
6370,73,"2023-01-10 00:00:00",207.75,0.00,"2023-01-10 00:00:00","2026-04-16 11:56:37"
6371,145,"2026-01-10 00:00:00",38.58,10.00,"2026-01-10 00:00:00","2026-04-16 11:56:37"
6372,50,"2021-05-05 00:00:00",389.69,0.00,"2021-05-05 00:00:00","2026-04-16 11:56:37"
6373,287,"2022-10-21 00:00:00",49.59,10.00,"2022-10-21 00:00:00","2026-04-16 11:56:37"
6374,23,"2025-11-05 00:00:00",346.74,0.00,"2025-11-05 00:00:00","2026-04-16 11:56:37"
6375,138,"2021-09-26 00:00:00",252.75,0.00,"2021-09-26 00:00:00","2026-04-16 11:56:37"
6376,54,"2023-12-20 00:00:00",34.32,10.00,"2023-12-20 00:00:00","2026-04-16 11:56:37"
6377,49,"2022-04-16 00:00:00",155.32,0.00,"2022-04-16 00:00:00","2026-04-16 11:56:37"
6378,1,"2026-03-01 00:00:00",121.71,0.00,"2026-03-01 00:00:00","2026-04-16 11:56:37"
6379,22,"2024-02-09 00:00:00",148.67,0.00,"2024-02-09 00:00:00","2026-04-16 11:56:37"
6380,298,"2025-06-04 00:00:00",8.96,25.00,"2025-06-04 00:00:00","2026-04-16 11:56:37"
6381,141,"2025-08-26 00:00:00",107.51,0.00,"2025-08-26 00:00:00","2026-04-16 11:56:37"
6382,48,"2026-01-28 00:00:00",185.40,0.00,"2026-01-28 00:00:00","2026-04-16 11:56:37"
6383,271,"2022-09-29 00:00:00",156.77,0.00,"2022-09-29 00:00:00","2026-04-16 11:56:37"
6384,291,"2026-04-14 00:00:00",290.38,0.00,"2026-04-14 00:00:00","2026-04-16 11:56:37"
6385,101,"2023-08-31 00:00:00",316.62,0.00,"2023-08-31 00:00:00","2026-04-16 11:56:37"
6386,37,"2022-10-31 00:00:00",198.87,0.00,"2022-10-31 00:00:00","2026-04-16 11:56:37"
6387,137,"2026-01-11 00:00:00",247.54,0.00,"2026-01-11 00:00:00","2026-04-16 11:56:37"
6388,104,"2022-08-17 00:00:00",169.06,0.00,"2022-08-17 00:00:00","2026-04-16 11:56:37"
6389,215,"2020-12-30 00:00:00",155.01,0.00,"2020-12-30 00:00:00","2026-04-16 11:56:37"
6390,86,"2026-02-18 00:00:00",72.39,5.00,"2026-02-18 00:00:00","2026-04-16 11:56:37"
6391,148,"2024-06-02 00:00:00",279.19,0.00,"2024-06-02 00:00:00","2026-04-16 11:56:37"
6392,241,"2025-09-03 00:00:00",188.38,0.00,"2025-09-03 00:00:00","2026-04-16 11:56:37"
6393,97,"2025-11-11 00:00:00",255.72,0.00,"2025-11-11 00:00:00","2026-04-16 11:56:37"
6394,110,"2026-02-02 00:00:00",237.71,0.00,"2026-02-02 00:00:00","2026-04-16 11:56:37"
6395,112,"2021-12-26 00:00:00",26.26,10.00,"2021-12-26 00:00:00","2026-04-16 11:56:37"
6396,239,"2024-01-29 00:00:00",179.52,0.00,"2024-01-29 00:00:00","2026-04-16 11:56:37"
6397,4,"2025-08-21 00:00:00",194.00,0.00,"2025-08-21 00:00:00","2026-04-16 11:56:37"
6398,214,"2025-01-18 00:00:00",237.50,0.00,"2025-01-18 00:00:00","2026-04-16 11:56:37"
6399,131,"2024-07-07 00:00:00",159.00,0.00,"2024-07-07 00:00:00","2026-04-16 11:56:37"
6400,209,"2025-11-15 00:00:00",32.92,10.00,"2025-11-15 00:00:00","2026-04-16 11:56:37"
6401,295,"2025-01-23 00:00:00",87.85,0.00,"2025-01-23 00:00:00","2026-04-16 11:56:37"
6402,123,"2025-12-16 00:00:00",106.08,0.00,"2025-12-16 00:00:00","2026-04-16 11:56:37"
6403,286,"2023-04-11 00:00:00",207.66,0.00,"2023-04-11 00:00:00","2026-04-16 11:56:37"
6404,124,"2022-07-24 00:00:00",41.34,10.00,"2022-07-24 00:00:00","2026-04-16 11:56:37"
6405,150,"2026-03-16 00:00:00",123.64,0.00,"2026-03-16 00:00:00","2026-04-16 11:56:37"
6406,194,"2024-12-13 00:00:00",64.35,5.00,"2024-12-13 00:00:00","2026-04-16 11:56:37"
6407,248,"2026-01-15 00:00:00",18.74,25.00,"2026-01-15 00:00:00","2026-04-16 11:56:37"
6408,37,"2023-06-21 00:00:00",87.04,0.00,"2023-06-21 00:00:00","2026-04-16 11:56:37"
6409,38,"2024-03-21 00:00:00",155.67,0.00,"2024-03-21 00:00:00","2026-04-16 11:56:37"
6410,141,"2026-04-15 00:00:00",48.46,10.00,"2026-04-15 00:00:00","2026-04-16 11:56:37"
6411,246,"2023-03-16 00:00:00",243.38,0.00,"2023-03-16 00:00:00","2026-04-16 11:56:37"
6412,141,"2023-04-09 00:00:00",143.11,0.00,"2023-04-09 00:00:00","2026-04-16 11:56:37"
6413,132,"2021-11-05 00:00:00",15.60,25.00,"2021-11-05 00:00:00","2026-04-16 11:56:37"
6414,78,"2026-01-04 00:00:00",48.09,10.00,"2026-01-04 00:00:00","2026-04-16 11:56:37"
6415,73,"2022-09-09 00:00:00",61.50,5.00,"2022-09-09 00:00:00","2026-04-16 11:56:37"
6416,17,"2025-02-03 00:00:00",184.04,0.00,"2025-02-03 00:00:00","2026-04-16 11:56:37"
6417,176,"2025-09-17 00:00:00",106.10,0.00,"2025-09-17 00:00:00","2026-04-16 11:56:37"
6418,149,"2026-03-22 00:00:00",64.34,5.00,"2026-03-22 00:00:00","2026-04-16 11:56:37"
6419,78,"2026-01-24 00:00:00",103.14,0.00,"2026-01-24 00:00:00","2026-04-16 11:56:37"
6420,145,"2025-09-23 00:00:00",236.11,0.00,"2025-09-23 00:00:00","2026-04-16 11:56:37"
6421,239,"2025-08-22 00:00:00",91.63,0.00,"2025-08-22 00:00:00","2026-04-16 11:56:37"
6422,62,"2022-11-22 00:00:00",47.94,10.00,"2022-11-22 00:00:00","2026-04-16 11:56:37"
6423,61,"2025-10-08 00:00:00",120.35,0.00,"2025-10-08 00:00:00","2026-04-16 11:56:37"
6424,243,"2026-01-23 00:00:00",32.10,10.00,"2026-01-23 00:00:00","2026-04-16 11:56:37"
6425,287,"2021-11-17 00:00:00",76.21,0.00,"2021-11-17 00:00:00","2026-04-16 11:56:37"
6426,97,"2025-09-05 00:00:00",74.55,5.00,"2025-09-05 00:00:00","2026-04-16 11:56:37"
6427,58,"2026-03-07 00:00:00",160.60,0.00,"2026-03-07 00:00:00","2026-04-16 11:56:37"
6428,133,"2024-10-05 00:00:00",72.68,5.00,"2024-10-05 00:00:00","2026-04-16 11:56:37"
6429,209,"2026-02-10 00:00:00",88.41,0.00,"2026-02-10 00:00:00","2026-04-16 11:56:37"
6430,198,"2025-10-16 00:00:00",169.32,0.00,"2025-10-16 00:00:00","2026-04-16 11:56:37"
6431,69,"2024-09-17 00:00:00",77.99,0.00,"2024-09-17 00:00:00","2026-04-16 11:56:37"
6432,175,"2024-06-10 00:00:00",158.04,0.00,"2024-06-10 00:00:00","2026-04-16 11:56:37"
6433,260,"2021-09-16 00:00:00",114.42,0.00,"2021-09-16 00:00:00","2026-04-16 11:56:37"
6434,204,"2024-02-01 00:00:00",84.36,0.00,"2024-02-01 00:00:00","2026-04-16 11:56:37"
6435,239,"2023-10-18 00:00:00",186.56,0.00,"2023-10-18 00:00:00","2026-04-16 11:56:37"
6436,47,"2023-09-06 00:00:00",117.10,0.00,"2023-09-06 00:00:00","2026-04-16 11:56:37"
6437,69,"2025-12-31 00:00:00",131.87,0.00,"2025-12-31 00:00:00","2026-04-16 11:56:37"
6438,45,"2022-03-25 00:00:00",125.97,0.00,"2022-03-25 00:00:00","2026-04-16 11:56:37"
6439,101,"2025-02-14 00:00:00",185.09,0.00,"2025-02-14 00:00:00","2026-04-16 11:56:37"
6440,180,"2025-12-03 00:00:00",115.62,0.00,"2025-12-03 00:00:00","2026-04-16 11:56:37"
6441,76,"2023-05-02 00:00:00",123.03,0.00,"2023-05-02 00:00:00","2026-04-16 11:56:37"
6442,31,"2022-11-22 00:00:00",224.03,0.00,"2022-11-22 00:00:00","2026-04-16 11:56:37"
6443,59,"2026-03-03 00:00:00",49.06,10.00,"2026-03-03 00:00:00","2026-04-16 11:56:37"
6444,286,"2021-11-10 00:00:00",151.85,0.00,"2021-11-10 00:00:00","2026-04-16 11:56:37"
6445,267,"2022-10-30 00:00:00",146.38,0.00,"2022-10-30 00:00:00","2026-04-16 11:56:37"
6446,249,"2024-09-24 00:00:00",18.94,25.00,"2024-09-24 00:00:00","2026-04-16 11:56:37"
6447,173,"2026-04-02 00:00:00",273.01,0.00,"2026-04-02 00:00:00","2026-04-16 11:56:37"
6448,108,"2026-03-23 00:00:00",238.49,0.00,"2026-03-23 00:00:00","2026-04-16 11:56:37"
6449,221,"2026-03-31 00:00:00",196.21,0.00,"2026-03-31 00:00:00","2026-04-16 11:56:37"
6450,221,"2023-05-05 00:00:00",109.52,0.00,"2023-05-05 00:00:00","2026-04-16 11:56:37"
6451,219,"2021-08-06 00:00:00",145.77,0.00,"2021-08-06 00:00:00","2026-04-16 11:56:37"
6452,191,"2026-03-15 00:00:00",55.87,5.00,"2026-03-15 00:00:00","2026-04-16 11:56:37"
6453,26,"2025-06-10 00:00:00",103.72,0.00,"2025-06-10 00:00:00","2026-04-16 11:56:37"
6454,226,"2025-02-12 00:00:00",398.06,0.00,"2025-02-12 00:00:00","2026-04-16 11:56:37"
6455,59,"2023-06-03 00:00:00",182.82,0.00,"2023-06-03 00:00:00","2026-04-16 11:56:37"
6456,199,"2024-07-31 00:00:00",27.86,10.00,"2024-07-31 00:00:00","2026-04-16 11:56:37"
6457,65,"2025-09-04 00:00:00",90.72,0.00,"2025-09-04 00:00:00","2026-04-16 11:56:37"
6458,198,"2026-01-07 00:00:00",95.78,0.00,"2026-01-07 00:00:00","2026-04-16 11:56:37"
6459,22,"2024-07-17 00:00:00",61.89,5.00,"2024-07-17 00:00:00","2026-04-16 11:56:37"
6460,123,"2024-04-30 00:00:00",7.62,25.00,"2024-04-30 00:00:00","2026-04-16 11:56:37"
6461,150,"2026-01-31 00:00:00",150.07,0.00,"2026-01-31 00:00:00","2026-04-16 11:56:37"
6462,218,"2023-09-02 00:00:00",100.70,0.00,"2023-09-02 00:00:00","2026-04-16 11:56:37"
6463,157,"2020-11-06 00:00:00",195.64,0.00,"2020-11-06 00:00:00","2026-04-16 11:56:37"
6464,55,"2023-09-04 00:00:00",102.17,0.00,"2023-09-04 00:00:00","2026-04-16 11:56:37"
6465,198,"2025-10-18 00:00:00",294.49,0.00,"2025-10-18 00:00:00","2026-04-16 11:56:37"
6466,142,"2023-08-28 00:00:00",113.86,0.00,"2023-08-28 00:00:00","2026-04-16 11:56:37"
6467,215,"2025-05-08 00:00:00",44.51,10.00,"2025-05-08 00:00:00","2026-04-16 11:56:37"
6468,17,"2024-11-14 00:00:00",199.89,0.00,"2024-11-14 00:00:00","2026-04-16 11:56:37"
6469,21,"2024-02-22 00:00:00",251.93,0.00,"2024-02-22 00:00:00","2026-04-16 11:56:37"
6470,90,"2025-10-13 00:00:00",193.65,0.00,"2025-10-13 00:00:00","2026-04-16 11:56:37"
6471,95,"2024-10-23 00:00:00",150.63,0.00,"2024-10-23 00:00:00","2026-04-16 11:56:37"
6472,243,"2025-10-27 00:00:00",273.92,0.00,"2025-10-27 00:00:00","2026-04-16 11:56:37"
6473,68,"2026-04-11 00:00:00",122.57,0.00,"2026-04-11 00:00:00","2026-04-16 11:56:37"
6474,114,"2021-12-03 00:00:00",146.59,0.00,"2021-12-03 00:00:00","2026-04-16 11:56:37"
6475,204,"2023-07-29 00:00:00",185.92,0.00,"2023-07-29 00:00:00","2026-04-16 11:56:37"
6476,14,"2024-09-12 00:00:00",83.88,0.00,"2024-09-12 00:00:00","2026-04-16 11:56:37"
6477,255,"2023-10-23 00:00:00",312.07,0.00,"2023-10-23 00:00:00","2026-04-16 11:56:37"
6478,289,"2025-11-23 00:00:00",29.48,10.00,"2025-11-23 00:00:00","2026-04-16 11:56:37"
6479,101,"2024-08-04 00:00:00",247.35,0.00,"2024-08-04 00:00:00","2026-04-16 11:56:37"
6480,103,"2024-03-16 00:00:00",186.43,0.00,"2024-03-16 00:00:00","2026-04-16 11:56:37"
6481,93,"2026-03-31 00:00:00",134.40,0.00,"2026-03-31 00:00:00","2026-04-16 11:56:37"
6482,272,"2025-07-06 00:00:00",126.33,0.00,"2025-07-06 00:00:00","2026-04-16 11:56:37"
6483,142,"2024-10-13 00:00:00",49.94,10.00,"2024-10-13 00:00:00","2026-04-16 11:56:37"
6484,108,"2026-03-11 00:00:00",207.57,0.00,"2026-03-11 00:00:00","2026-04-16 11:56:37"
6485,199,"2023-02-22 00:00:00",6.57,25.00,"2023-02-22 00:00:00","2026-04-16 11:56:37"
6486,261,"2024-01-23 00:00:00",52.73,5.00,"2024-01-23 00:00:00","2026-04-16 11:56:37"
6487,179,"2022-09-15 00:00:00",248.01,0.00,"2022-09-15 00:00:00","2026-04-16 11:56:37"
6488,271,"2022-04-04 00:00:00",245.94,0.00,"2022-04-04 00:00:00","2026-04-16 11:56:37"
6489,222,"2025-01-02 00:00:00",53.91,5.00,"2025-01-02 00:00:00","2026-04-16 11:56:37"
6490,113,"2026-03-05 00:00:00",95.66,0.00,"2026-03-05 00:00:00","2026-04-16 11:56:37"
6491,129,"2024-07-28 00:00:00",238.91,0.00,"2024-07-28 00:00:00","2026-04-16 11:56:37"
6492,177,"2025-12-23 00:00:00",2.21,25.00,"2025-12-23 00:00:00","2026-04-16 11:56:37"
6493,249,"2025-06-23 00:00:00",171.69,0.00,"2025-06-23 00:00:00","2026-04-16 11:56:37"
6494,140,"2026-04-08 00:00:00",99.06,0.00,"2026-04-08 00:00:00","2026-04-16 11:56:37"
6495,68,"2026-04-15 00:00:00",21.93,25.00,"2026-04-15 00:00:00","2026-04-16 11:56:37"
6496,126,"2023-04-23 00:00:00",122.79,0.00,"2023-04-23 00:00:00","2026-04-16 11:56:37"
6497,157,"2022-04-15 00:00:00",121.06,0.00,"2022-04-15 00:00:00","2026-04-16 11:56:37"
6498,47,"2023-09-10 00:00:00",146.65,0.00,"2023-09-10 00:00:00","2026-04-16 11:56:37"
6499,84,"2026-01-12 00:00:00",128.29,0.00,"2026-01-12 00:00:00","2026-04-16 11:56:37"
6500,14,"2024-07-18 00:00:00",120.23,0.00,"2024-07-18 00:00:00","2026-04-16 11:56:37"
6501,262,"2024-03-14 00:00:00",65.58,5.00,"2024-03-14 00:00:00","2026-04-16 11:56:37"
6502,189,"2026-02-18 00:00:00",176.67,0.00,"2026-02-18 00:00:00","2026-04-16 11:56:37"
6503,124,"2025-08-22 00:00:00",60.73,5.00,"2025-08-22 00:00:00","2026-04-16 11:56:37"
6504,288,"2026-03-24 00:00:00",18.51,25.00,"2026-03-24 00:00:00","2026-04-16 11:56:37"
6505,260,"2021-09-18 00:00:00",186.59,0.00,"2021-09-18 00:00:00","2026-04-16 11:56:37"
6506,58,"2025-02-09 00:00:00",148.41,0.00,"2025-02-09 00:00:00","2026-04-16 11:56:37"
6507,61,"2024-10-30 00:00:00",238.90,0.00,"2024-10-30 00:00:00","2026-04-16 11:56:37"
6508,42,"2024-12-26 00:00:00",66.48,5.00,"2024-12-26 00:00:00","2026-04-16 11:56:37"
6509,141,"2026-02-16 00:00:00",64.03,5.00,"2026-02-16 00:00:00","2026-04-16 11:56:37"
6510,206,"2023-08-23 00:00:00",302.38,0.00,"2023-08-23 00:00:00","2026-04-16 11:56:37"
6511,177,"2024-12-15 00:00:00",247.22,0.00,"2024-12-15 00:00:00","2026-04-16 11:56:37"
6512,155,"2025-12-03 00:00:00",34.17,10.00,"2025-12-03 00:00:00","2026-04-16 11:56:37"
6513,140,"2026-04-13 00:00:00",149.08,0.00,"2026-04-13 00:00:00","2026-04-16 11:56:37"
6514,106,"2024-08-01 00:00:00",39.14,10.00,"2024-08-01 00:00:00","2026-04-16 11:56:37"
6515,100,"2023-04-29 00:00:00",102.28,0.00,"2023-04-29 00:00:00","2026-04-16 11:56:37"
6516,113,"2026-02-26 00:00:00",273.40,0.00,"2026-02-26 00:00:00","2026-04-16 11:56:37"
6517,162,"2025-09-06 00:00:00",38.69,10.00,"2025-09-06 00:00:00","2026-04-16 11:56:37"
6518,28,"2024-02-08 00:00:00",169.18,0.00,"2024-02-08 00:00:00","2026-04-16 11:56:37"
6519,146,"2024-02-28 00:00:00",14.16,25.00,"2024-02-28 00:00:00","2026-04-16 11:56:37"
6520,42,"2025-07-28 00:00:00",16.40,25.00,"2025-07-28 00:00:00","2026-04-16 11:56:37"
6521,26,"2026-03-16 00:00:00",325.95,0.00,"2026-03-16 00:00:00","2026-04-16 11:56:37"
6522,98,"2025-05-01 00:00:00",216.90,0.00,"2025-05-01 00:00:00","2026-04-16 11:56:37"
6523,190,"2026-01-30 00:00:00",182.16,0.00,"2026-01-30 00:00:00","2026-04-16 11:56:37"
6524,206,"2025-05-23 00:00:00",120.84,0.00,"2025-05-23 00:00:00","2026-04-16 11:56:37"
6525,201,"2026-03-08 00:00:00",105.00,0.00,"2026-03-08 00:00:00","2026-04-16 11:56:37"
6526,276,"2025-12-13 00:00:00",367.96,0.00,"2025-12-13 00:00:00","2026-04-16 11:56:37"
6527,280,"2025-05-13 00:00:00",72.55,5.00,"2025-05-13 00:00:00","2026-04-16 11:56:37"
6528,160,"2024-07-23 00:00:00",131.30,0.00,"2024-07-23 00:00:00","2026-04-16 11:56:37"
6529,157,"2021-08-17 00:00:00",192.66,0.00,"2021-08-17 00:00:00","2026-04-16 11:56:37"
6530,167,"2025-12-21 00:00:00",230.14,0.00,"2025-12-21 00:00:00","2026-04-16 11:56:37"
6531,282,"2025-05-31 00:00:00",72.40,5.00,"2025-05-31 00:00:00","2026-04-16 11:56:37"
6532,209,"2024-09-19 00:00:00",9.36,25.00,"2024-09-19 00:00:00","2026-04-16 11:56:37"
6533,151,"2023-12-04 00:00:00",191.47,0.00,"2023-12-04 00:00:00","2026-04-16 11:56:37"
6534,160,"2023-10-31 00:00:00",259.04,0.00,"2023-10-31 00:00:00","2026-04-16 11:56:37"
6535,214,"2026-04-08 00:00:00",226.25,0.00,"2026-04-08 00:00:00","2026-04-16 11:56:37"
6536,62,"2023-03-16 00:00:00",68.76,5.00,"2023-03-16 00:00:00","2026-04-16 11:56:37"
6537,27,"2024-09-11 00:00:00",173.67,0.00,"2024-09-11 00:00:00","2026-04-16 11:56:37"
6538,287,"2022-11-13 00:00:00",240.96,0.00,"2022-11-13 00:00:00","2026-04-16 11:56:37"
6539,191,"2026-04-02 00:00:00",158.73,0.00,"2026-04-02 00:00:00","2026-04-16 11:56:37"
6540,132,"2021-06-14 00:00:00",26.73,10.00,"2021-06-14 00:00:00","2026-04-16 11:56:37"
6541,145,"2025-11-05 00:00:00",149.88,0.00,"2025-11-05 00:00:00","2026-04-16 11:56:37"
6542,180,"2025-07-21 00:00:00",39.26,10.00,"2025-07-21 00:00:00","2026-04-16 11:56:37"
6543,250,"2022-07-09 00:00:00",173.45,0.00,"2022-07-09 00:00:00","2026-04-16 11:56:37"
6544,242,"2022-05-26 00:00:00",199.14,0.00,"2022-05-26 00:00:00","2026-04-16 11:56:37"
6545,180,"2025-10-06 00:00:00",103.94,0.00,"2025-10-06 00:00:00","2026-04-16 11:56:37"
6546,256,"2022-11-08 00:00:00",32.49,10.00,"2022-11-08 00:00:00","2026-04-16 11:56:37"
6547,218,"2026-02-23 00:00:00",4.78,25.00,"2026-02-23 00:00:00","2026-04-16 11:56:37"
6548,227,"2026-04-10 00:00:00",295.87,0.00,"2026-04-10 00:00:00","2026-04-16 11:56:37"
6549,229,"2026-04-04 00:00:00",218.44,0.00,"2026-04-04 00:00:00","2026-04-16 11:56:37"
6550,138,"2021-02-19 00:00:00",280.28,0.00,"2021-02-19 00:00:00","2026-04-16 11:56:37"
6551,247,"2024-08-07 00:00:00",184.39,0.00,"2024-08-07 00:00:00","2026-04-16 11:56:37"
6552,182,"2023-10-20 00:00:00",9.94,25.00,"2023-10-20 00:00:00","2026-04-16 11:56:37"
6553,251,"2026-04-03 00:00:00",283.85,0.00,"2026-04-03 00:00:00","2026-04-16 11:56:37"
6554,299,"2024-01-27 00:00:00",13.88,25.00,"2024-01-27 00:00:00","2026-04-16 11:56:37"
6555,259,"2026-04-08 00:00:00",46.83,10.00,"2026-04-08 00:00:00","2026-04-16 11:56:37"
6556,177,"2024-09-25 00:00:00",183.56,0.00,"2024-09-25 00:00:00","2026-04-16 11:56:37"
6557,61,"2026-02-07 00:00:00",96.39,0.00,"2026-02-07 00:00:00","2026-04-16 11:56:37"
6558,59,"2024-08-23 00:00:00",15.60,25.00,"2024-08-23 00:00:00","2026-04-16 11:56:37"
6559,121,"2022-10-18 00:00:00",196.60,0.00,"2022-10-18 00:00:00","2026-04-16 11:56:37"
6560,288,"2025-08-23 00:00:00",34.38,10.00,"2025-08-23 00:00:00","2026-04-16 11:56:37"
6561,59,"2024-11-09 00:00:00",293.54,0.00,"2024-11-09 00:00:00","2026-04-16 11:56:37"
6562,246,"2024-06-12 00:00:00",144.87,0.00,"2024-06-12 00:00:00","2026-04-16 11:56:37"
6563,142,"2025-07-20 00:00:00",203.77,0.00,"2025-07-20 00:00:00","2026-04-16 11:56:37"
6564,259,"2025-12-28 00:00:00",36.97,10.00,"2025-12-28 00:00:00","2026-04-16 11:56:37"
6565,287,"2023-01-09 00:00:00",131.93,0.00,"2023-01-09 00:00:00","2026-04-16 11:56:37"
6566,48,"2026-03-13 00:00:00",381.45,0.00,"2026-03-13 00:00:00","2026-04-16 11:56:37"
6567,40,"2026-03-01 00:00:00",226.86,0.00,"2026-03-01 00:00:00","2026-04-16 11:56:37"
6568,225,"2025-08-26 00:00:00",153.23,0.00,"2025-08-26 00:00:00","2026-04-16 11:56:37"
6569,276,"2024-11-30 00:00:00",285.78,0.00,"2024-11-30 00:00:00","2026-04-16 11:56:37"
6570,29,"2025-10-04 00:00:00",112.72,0.00,"2025-10-04 00:00:00","2026-04-16 11:56:37"
6571,161,"2025-09-30 00:00:00",36.46,10.00,"2025-09-30 00:00:00","2026-04-16 11:56:37"
6572,177,"2024-08-16 00:00:00",75.96,0.00,"2024-08-16 00:00:00","2026-04-16 11:56:37"
6573,236,"2026-02-10 00:00:00",210.63,0.00,"2026-02-10 00:00:00","2026-04-16 11:56:37"
6574,230,"2024-08-15 00:00:00",191.43,0.00,"2024-08-15 00:00:00","2026-04-16 11:56:37"
6575,82,"2026-01-06 00:00:00",178.80,0.00,"2026-01-06 00:00:00","2026-04-16 11:56:37"
6576,135,"2026-04-08 00:00:00",214.53,0.00,"2026-04-08 00:00:00","2026-04-16 11:56:37"
6577,16,"2026-04-15 00:00:00",61.35,5.00,"2026-04-15 00:00:00","2026-04-16 11:56:37"
6578,93,"2025-12-27 00:00:00",191.52,0.00,"2025-12-27 00:00:00","2026-04-16 11:56:37"
6579,12,"2026-03-01 00:00:00",47.31,10.00,"2026-03-01 00:00:00","2026-04-16 11:56:37"
6580,197,"2026-03-23 00:00:00",237.03,0.00,"2026-03-23 00:00:00","2026-04-16 11:56:37"
6581,72,"2024-11-08 00:00:00",190.43,0.00,"2024-11-08 00:00:00","2026-04-16 11:56:37"
6582,91,"2024-10-07 00:00:00",129.20,0.00,"2024-10-07 00:00:00","2026-04-16 11:56:37"
6583,244,"2025-08-23 00:00:00",325.40,0.00,"2025-08-23 00:00:00","2026-04-16 11:56:37"
6584,84,"2024-08-02 00:00:00",7.02,25.00,"2024-08-02 00:00:00","2026-04-16 11:56:37"
6585,128,"2023-06-16 00:00:00",149.77,0.00,"2023-06-16 00:00:00","2026-04-16 11:56:37"
6586,226,"2026-03-06 00:00:00",138.33,0.00,"2026-03-06 00:00:00","2026-04-16 11:56:37"
6587,35,"2021-07-09 00:00:00",157.16,0.00,"2021-07-09 00:00:00","2026-04-16 11:56:37"
6588,68,"2026-03-07 00:00:00",168.51,0.00,"2026-03-07 00:00:00","2026-04-16 11:56:37"
6589,124,"2026-02-24 00:00:00",166.75,0.00,"2026-02-24 00:00:00","2026-04-16 11:56:37"
6590,174,"2024-07-29 00:00:00",17.20,25.00,"2024-07-29 00:00:00","2026-04-16 11:56:37"
6591,243,"2024-10-23 00:00:00",144.56,0.00,"2024-10-23 00:00:00","2026-04-16 11:56:37"
6592,133,"2023-09-16 00:00:00",258.45,0.00,"2023-09-16 00:00:00","2026-04-16 11:56:37"
6593,8,"2025-08-09 00:00:00",63.74,5.00,"2025-08-09 00:00:00","2026-04-16 11:56:37"
6594,69,"2024-09-10 00:00:00",232.63,0.00,"2024-09-10 00:00:00","2026-04-16 11:56:37"
6595,187,"2022-10-12 00:00:00",101.79,0.00,"2022-10-12 00:00:00","2026-04-16 11:56:37"
6596,150,"2026-03-17 00:00:00",258.92,0.00,"2026-03-17 00:00:00","2026-04-16 11:56:37"
6597,67,"2025-10-19 00:00:00",43.80,10.00,"2025-10-19 00:00:00","2026-04-16 11:56:37"
6598,264,"2024-07-29 00:00:00",149.94,0.00,"2024-07-29 00:00:00","2026-04-16 11:56:37"
6599,282,"2025-11-15 00:00:00",68.19,5.00,"2025-11-15 00:00:00","2026-04-16 11:56:37"
6600,222,"2022-10-02 00:00:00",156.94,0.00,"2022-10-02 00:00:00","2026-04-16 11:56:37"
6601,80,"2025-07-30 00:00:00",134.77,0.00,"2025-07-30 00:00:00","2026-04-16 11:56:37"
6602,60,"2025-09-27 00:00:00",216.66,0.00,"2025-09-27 00:00:00","2026-04-16 11:56:37"
6603,255,"2021-08-11 00:00:00",48.05,10.00,"2021-08-11 00:00:00","2026-04-16 11:56:37"
6604,208,"2022-08-26 00:00:00",30.55,10.00,"2022-08-26 00:00:00","2026-04-16 11:56:37"
6605,23,"2025-02-16 00:00:00",109.58,0.00,"2025-02-16 00:00:00","2026-04-16 11:56:37"
6606,232,"2025-08-04 00:00:00",246.15,0.00,"2025-08-04 00:00:00","2026-04-16 11:56:37"
6607,247,"2026-01-28 00:00:00",276.98,0.00,"2026-01-28 00:00:00","2026-04-16 11:56:37"
6608,81,"2025-05-31 00:00:00",57.88,5.00,"2025-05-31 00:00:00","2026-04-16 11:56:37"
6609,72,"2025-07-19 00:00:00",54.05,5.00,"2025-07-19 00:00:00","2026-04-16 11:56:37"
6610,155,"2026-03-11 00:00:00",130.96,0.00,"2026-03-11 00:00:00","2026-04-16 11:56:37"
6611,63,"2025-12-01 00:00:00",174.59,0.00,"2025-12-01 00:00:00","2026-04-16 11:56:37"
6612,154,"2025-04-25 00:00:00",225.32,0.00,"2025-04-25 00:00:00","2026-04-16 11:56:37"
6613,185,"2022-05-13 00:00:00",130.78,0.00,"2022-05-13 00:00:00","2026-04-16 11:56:37"
6614,158,"2024-11-21 00:00:00",308.17,0.00,"2024-11-21 00:00:00","2026-04-16 11:56:37"
6615,274,"2021-02-18 00:00:00",138.89,0.00,"2021-02-18 00:00:00","2026-04-16 11:56:37"
6616,94,"2025-01-28 00:00:00",191.89,0.00,"2025-01-28 00:00:00","2026-04-16 11:56:37"
6617,139,"2025-10-12 00:00:00",113.84,0.00,"2025-10-12 00:00:00","2026-04-16 11:56:37"
6618,234,"2024-09-30 00:00:00",178.97,0.00,"2024-09-30 00:00:00","2026-04-16 11:56:37"
6619,72,"2024-09-08 00:00:00",87.75,0.00,"2024-09-08 00:00:00","2026-04-16 11:56:37"
6620,271,"2022-09-27 00:00:00",20.48,25.00,"2022-09-27 00:00:00","2026-04-16 11:56:37"
6621,90,"2025-08-15 00:00:00",219.74,0.00,"2025-08-15 00:00:00","2026-04-16 11:56:37"
6622,144,"2020-07-12 00:00:00",198.83,0.00,"2020-07-12 00:00:00","2026-04-16 11:56:37"
6623,131,"2024-04-06 00:00:00",211.22,0.00,"2024-04-06 00:00:00","2026-04-16 11:56:37"
6624,289,"2024-08-10 00:00:00",155.31,0.00,"2024-08-10 00:00:00","2026-04-16 11:56:37"
6625,225,"2025-07-20 00:00:00",248.84,0.00,"2025-07-20 00:00:00","2026-04-16 11:56:37"
6626,233,"2025-04-09 00:00:00",63.70,5.00,"2025-04-09 00:00:00","2026-04-16 11:56:37"
6627,181,"2023-08-13 00:00:00",113.88,0.00,"2023-08-13 00:00:00","2026-04-16 11:56:37"
6628,151,"2023-10-07 00:00:00",130.46,0.00,"2023-10-07 00:00:00","2026-04-16 11:56:37"
6629,96,"2024-07-29 00:00:00",92.98,0.00,"2024-07-29 00:00:00","2026-04-16 11:56:37"
6630,31,"2021-02-15 00:00:00",44.55,10.00,"2021-02-15 00:00:00","2026-04-16 11:56:37"
6631,103,"2022-12-05 00:00:00",200.69,0.00,"2022-12-05 00:00:00","2026-04-16 11:56:37"
6632,217,"2024-03-10 00:00:00",222.18,0.00,"2024-03-10 00:00:00","2026-04-16 11:56:37"
6633,11,"2025-07-03 00:00:00",416.13,0.00,"2025-07-03 00:00:00","2026-04-16 11:56:37"
6634,55,"2024-07-19 00:00:00",114.52,0.00,"2024-07-19 00:00:00","2026-04-16 11:56:37"
6635,31,"2021-02-11 00:00:00",115.66,0.00,"2021-02-11 00:00:00","2026-04-16 11:56:37"
6636,4,"2026-01-13 00:00:00",173.11,0.00,"2026-01-13 00:00:00","2026-04-16 11:56:37"
6637,176,"2025-10-21 00:00:00",31.98,10.00,"2025-10-21 00:00:00","2026-04-16 11:56:37"
6638,129,"2024-12-20 00:00:00",177.09,0.00,"2024-12-20 00:00:00","2026-04-16 11:56:37"
6639,110,"2026-03-10 00:00:00",85.91,0.00,"2026-03-10 00:00:00","2026-04-16 11:56:37"
6640,99,"2025-01-18 00:00:00",113.59,0.00,"2025-01-18 00:00:00","2026-04-16 11:56:37"
6641,160,"2024-07-26 00:00:00",53.13,5.00,"2024-07-26 00:00:00","2026-04-16 11:56:37"
6642,189,"2025-11-04 00:00:00",196.45,0.00,"2025-11-04 00:00:00","2026-04-16 11:56:37"
6643,5,"2025-07-03 00:00:00",118.48,0.00,"2025-07-03 00:00:00","2026-04-16 11:56:37"
6644,101,"2024-11-20 00:00:00",127.53,0.00,"2024-11-20 00:00:00","2026-04-16 11:56:37"
6645,87,"2026-02-12 00:00:00",148.62,0.00,"2026-02-12 00:00:00","2026-04-16 11:56:37"
6646,151,"2023-07-25 00:00:00",35.28,10.00,"2023-07-25 00:00:00","2026-04-16 11:56:37"
6647,210,"2026-04-03 00:00:00",248.28,0.00,"2026-04-03 00:00:00","2026-04-16 11:56:37"
6648,1,"2024-10-27 00:00:00",40.82,10.00,"2024-10-27 00:00:00","2026-04-16 11:56:37"
6649,81,"2022-11-05 00:00:00",258.46,0.00,"2022-11-05 00:00:00","2026-04-16 11:56:37"
6650,297,"2025-07-05 00:00:00",126.07,0.00,"2025-07-05 00:00:00","2026-04-16 11:56:37"
6651,297,"2025-09-06 00:00:00",158.90,0.00,"2025-09-06 00:00:00","2026-04-16 11:56:37"
6652,59,"2023-07-23 00:00:00",25.68,10.00,"2023-07-23 00:00:00","2026-04-16 11:56:37"
6653,263,"2020-03-23 00:00:00",52.97,5.00,"2020-03-23 00:00:00","2026-04-16 11:56:37"
6654,300,"2024-08-01 00:00:00",211.53,0.00,"2024-08-01 00:00:00","2026-04-16 11:56:37"
6655,201,"2026-04-10 00:00:00",69.64,5.00,"2026-04-10 00:00:00","2026-04-16 11:56:37"
6656,108,"2026-04-10 00:00:00",131.02,0.00,"2026-04-10 00:00:00","2026-04-16 11:56:37"
6657,223,"2024-09-20 00:00:00",41.00,10.00,"2024-09-20 00:00:00","2026-04-16 11:56:37"
6658,93,"2024-10-22 00:00:00",206.03,0.00,"2024-10-22 00:00:00","2026-04-16 11:56:37"
6659,49,"2022-04-07 00:00:00",147.10,0.00,"2022-04-07 00:00:00","2026-04-16 11:56:37"
6660,161,"2021-11-04 00:00:00",159.34,0.00,"2021-11-04 00:00:00","2026-04-16 11:56:37"
6661,147,"2023-11-12 00:00:00",10.05,25.00,"2023-11-12 00:00:00","2026-04-16 11:56:37"
6662,104,"2022-02-20 00:00:00",12.79,25.00,"2022-02-20 00:00:00","2026-04-16 11:56:37"
6663,2,"2024-02-29 00:00:00",133.68,0.00,"2024-02-29 00:00:00","2026-04-16 11:56:37"
6664,60,"2025-12-05 00:00:00",411.28,0.00,"2025-12-05 00:00:00","2026-04-16 11:56:37"
6665,14,"2022-06-14 00:00:00",78.78,0.00,"2022-06-14 00:00:00","2026-04-16 11:56:37"
6666,103,"2023-03-30 00:00:00",228.08,0.00,"2023-03-30 00:00:00","2026-04-16 11:56:37"
6667,98,"2022-11-17 00:00:00",112.63,0.00,"2022-11-17 00:00:00","2026-04-16 11:56:37"
6668,2,"2024-08-22 00:00:00",41.75,10.00,"2024-08-22 00:00:00","2026-04-16 11:56:37"
6669,76,"2022-04-20 00:00:00",11.88,25.00,"2022-04-20 00:00:00","2026-04-16 11:56:37"
6670,300,"2025-04-09 00:00:00",53.85,5.00,"2025-04-09 00:00:00","2026-04-16 11:56:37"
6671,8,"2026-03-20 00:00:00",152.81,0.00,"2026-03-20 00:00:00","2026-04-16 11:56:37"
6672,197,"2025-10-20 00:00:00",37.16,10.00,"2025-10-20 00:00:00","2026-04-16 11:56:37"
6673,297,"2026-01-02 00:00:00",113.65,0.00,"2026-01-02 00:00:00","2026-04-16 11:56:37"
6674,139,"2022-09-07 00:00:00",250.13,0.00,"2022-09-07 00:00:00","2026-04-16 11:56:37"
6675,39,"2023-03-02 00:00:00",251.45,0.00,"2023-03-02 00:00:00","2026-04-16 11:56:37"
6676,135,"2026-03-30 00:00:00",203.66,0.00,"2026-03-30 00:00:00","2026-04-16 11:56:37"
6677,271,"2021-11-03 00:00:00",487.98,0.00,"2021-11-03 00:00:00","2026-04-16 11:56:37"
6678,40,"2026-03-25 00:00:00",161.00,0.00,"2026-03-25 00:00:00","2026-04-16 11:56:37"
6679,249,"2025-02-02 00:00:00",338.45,0.00,"2025-02-02 00:00:00","2026-04-16 11:56:37"
6680,195,"2025-08-07 00:00:00",322.78,0.00,"2025-08-07 00:00:00","2026-04-16 11:56:37"
6681,216,"2024-07-02 00:00:00",199.54,0.00,"2024-07-02 00:00:00","2026-04-16 11:56:37"
6682,113,"2025-08-25 00:00:00",33.93,10.00,"2025-08-25 00:00:00","2026-04-16 11:56:37"
6683,207,"2025-01-08 00:00:00",4.35,25.00,"2025-01-08 00:00:00","2026-04-16 11:56:37"
6684,275,"2022-07-09 00:00:00",74.09,5.00,"2022-07-09 00:00:00","2026-04-16 11:56:37"
6685,164,"2025-12-14 00:00:00",79.86,0.00,"2025-12-14 00:00:00","2026-04-16 11:56:37"
6686,129,"2023-09-14 00:00:00",57.79,5.00,"2023-09-14 00:00:00","2026-04-16 11:56:37"
6687,231,"2022-03-30 00:00:00",69.74,5.00,"2022-03-30 00:00:00","2026-04-16 11:56:37"
6688,88,"2026-04-02 00:00:00",2.39,25.00,"2026-04-02 00:00:00","2026-04-16 11:56:37"
6689,103,"2024-03-16 00:00:00",6.93,25.00,"2024-03-16 00:00:00","2026-04-16 11:56:37"
6690,285,"2025-07-21 00:00:00",143.54,0.00,"2025-07-21 00:00:00","2026-04-16 11:56:37"
6691,140,"2026-03-28 00:00:00",171.54,0.00,"2026-03-28 00:00:00","2026-04-16 11:56:37"
6692,260,"2021-10-17 00:00:00",99.29,0.00,"2021-10-17 00:00:00","2026-04-16 11:56:37"
6693,298,"2025-07-26 00:00:00",18.54,25.00,"2025-07-26 00:00:00","2026-04-16 11:56:37"
6694,139,"2025-03-25 00:00:00",333.98,0.00,"2025-03-25 00:00:00","2026-04-16 11:56:37"
6695,293,"2024-08-23 00:00:00",52.14,5.00,"2024-08-23 00:00:00","2026-04-16 11:56:37"
6696,286,"2025-01-15 00:00:00",47.72,10.00,"2025-01-15 00:00:00","2026-04-16 11:56:37"
6697,99,"2025-04-28 00:00:00",199.06,0.00,"2025-04-28 00:00:00","2026-04-16 11:56:37"
6698,107,"2026-04-05 00:00:00",294.81,0.00,"2026-04-05 00:00:00","2026-04-16 11:56:37"
6699,241,"2024-12-19 00:00:00",191.58,0.00,"2024-12-19 00:00:00","2026-04-16 11:56:37"
6700,265,"2026-03-18 00:00:00",116.14,0.00,"2026-03-18 00:00:00","2026-04-16 11:56:37"
6701,57,"2023-07-07 00:00:00",93.80,0.00,"2023-07-07 00:00:00","2026-04-16 11:56:37"
6702,206,"2024-11-03 00:00:00",121.15,0.00,"2024-11-03 00:00:00","2026-04-16 11:56:37"
6703,82,"2024-06-18 00:00:00",141.42,0.00,"2024-06-18 00:00:00","2026-04-16 11:56:37"
6704,240,"2023-02-23 00:00:00",9.00,25.00,"2023-02-23 00:00:00","2026-04-16 11:56:37"
6705,197,"2024-12-12 00:00:00",271.22,0.00,"2024-12-12 00:00:00","2026-04-16 11:56:37"
6706,58,"2025-05-18 00:00:00",77.77,0.00,"2025-05-18 00:00:00","2026-04-16 11:56:37"
6707,49,"2022-02-25 00:00:00",83.84,0.00,"2022-02-25 00:00:00","2026-04-16 11:56:37"
6708,153,"2021-10-17 00:00:00",50.23,5.00,"2021-10-17 00:00:00","2026-04-16 11:56:37"
6709,178,"2024-01-09 00:00:00",240.29,0.00,"2024-01-09 00:00:00","2026-04-16 11:56:37"
6710,201,"2026-03-15 00:00:00",79.41,0.00,"2026-03-15 00:00:00","2026-04-16 11:56:37"
6711,215,"2024-08-14 00:00:00",233.36,0.00,"2024-08-14 00:00:00","2026-04-16 11:56:37"
6712,45,"2023-03-29 00:00:00",11.20,25.00,"2023-03-29 00:00:00","2026-04-16 11:56:37"
6713,240,"2026-01-04 00:00:00",175.52,0.00,"2026-01-04 00:00:00","2026-04-16 11:56:37"
6714,114,"2025-02-27 00:00:00",117.66,0.00,"2025-02-27 00:00:00","2026-04-16 11:56:37"
6715,5,"2025-09-06 00:00:00",106.45,0.00,"2025-09-06 00:00:00","2026-04-16 11:56:37"
6716,216,"2026-01-04 00:00:00",78.22,0.00,"2026-01-04 00:00:00","2026-04-16 11:56:37"
6717,163,"2025-09-20 00:00:00",37.11,10.00,"2025-09-20 00:00:00","2026-04-16 11:56:37"
6718,61,"2023-04-21 00:00:00",130.78,0.00,"2023-04-21 00:00:00","2026-04-16 11:56:37"
6719,58,"2025-01-21 00:00:00",123.85,0.00,"2025-01-21 00:00:00","2026-04-16 11:56:37"
6720,47,"2023-09-20 00:00:00",34.25,10.00,"2023-09-20 00:00:00","2026-04-16 11:56:37"
6721,86,"2024-06-19 00:00:00",140.73,0.00,"2024-06-19 00:00:00","2026-04-16 11:56:37"
6722,220,"2026-03-23 00:00:00",200.25,0.00,"2026-03-23 00:00:00","2026-04-16 11:56:37"
6723,106,"2025-01-31 00:00:00",108.43,0.00,"2025-01-31 00:00:00","2026-04-16 11:56:37"
6724,117,"2025-04-14 00:00:00",47.42,10.00,"2025-04-14 00:00:00","2026-04-16 11:56:37"
6725,104,"2025-07-23 00:00:00",138.18,0.00,"2025-07-23 00:00:00","2026-04-16 11:56:37"
6726,224,"2025-02-07 00:00:00",9.82,25.00,"2025-02-07 00:00:00","2026-04-16 11:56:37"
6727,66,"2024-06-02 00:00:00",103.11,0.00,"2024-06-02 00:00:00","2026-04-16 11:56:37"
6728,258,"2026-04-13 00:00:00",34.22,10.00,"2026-04-13 00:00:00","2026-04-16 11:56:37"
6729,163,"2025-11-05 00:00:00",61.72,5.00,"2025-11-05 00:00:00","2026-04-16 11:56:37"
6730,7,"2022-09-22 00:00:00",233.10,0.00,"2022-09-22 00:00:00","2026-04-16 11:56:37"
6731,59,"2025-07-16 00:00:00",332.57,0.00,"2025-07-16 00:00:00","2026-04-16 11:56:37"
6732,29,"2025-09-21 00:00:00",180.37,0.00,"2025-09-21 00:00:00","2026-04-16 11:56:37"
6733,28,"2023-06-16 00:00:00",311.60,0.00,"2023-06-16 00:00:00","2026-04-16 11:56:37"
6734,184,"2026-03-30 00:00:00",171.60,0.00,"2026-03-30 00:00:00","2026-04-16 11:56:37"
6735,109,"2024-12-19 00:00:00",154.32,0.00,"2024-12-19 00:00:00","2026-04-16 11:56:37"
6736,245,"2025-11-14 00:00:00",68.45,5.00,"2025-11-14 00:00:00","2026-04-16 11:56:37"
6737,186,"2026-03-09 00:00:00",42.05,10.00,"2026-03-09 00:00:00","2026-04-16 11:56:37"
6738,124,"2021-06-27 00:00:00",101.97,0.00,"2021-06-27 00:00:00","2026-04-16 11:56:37"
6739,37,"2026-02-20 00:00:00",252.38,0.00,"2026-02-20 00:00:00","2026-04-16 11:56:37"
6740,169,"2024-06-01 00:00:00",388.32,0.00,"2024-06-01 00:00:00","2026-04-16 11:56:37"
6741,222,"2024-11-15 00:00:00",199.65,0.00,"2024-11-15 00:00:00","2026-04-16 11:56:37"
6742,279,"2026-01-22 00:00:00",125.19,0.00,"2026-01-22 00:00:00","2026-04-16 11:56:37"
6743,88,"2026-04-09 00:00:00",108.32,0.00,"2026-04-09 00:00:00","2026-04-16 11:56:37"
6744,167,"2026-02-18 00:00:00",142.26,0.00,"2026-02-18 00:00:00","2026-04-16 11:56:37"
6745,45,"2022-05-01 00:00:00",8.13,25.00,"2022-05-01 00:00:00","2026-04-16 11:56:37"
6746,10,"2026-02-10 00:00:00",145.09,0.00,"2026-02-10 00:00:00","2026-04-16 11:56:37"
6747,19,"2026-03-21 00:00:00",105.92,0.00,"2026-03-21 00:00:00","2026-04-16 11:56:37"
6748,143,"2023-04-12 00:00:00",175.08,0.00,"2023-04-12 00:00:00","2026-04-16 11:56:37"
6749,132,"2020-05-20 00:00:00",62.08,5.00,"2020-05-20 00:00:00","2026-04-16 11:56:37"
6750,125,"2021-12-29 00:00:00",126.25,0.00,"2021-12-29 00:00:00","2026-04-16 11:56:37"
6751,83,"2024-02-03 00:00:00",224.95,0.00,"2024-02-03 00:00:00","2026-04-16 11:56:37"
6752,9,"2025-01-02 00:00:00",154.45,0.00,"2025-01-02 00:00:00","2026-04-16 11:56:37"
6753,94,"2025-01-09 00:00:00",159.97,0.00,"2025-01-09 00:00:00","2026-04-16 11:56:37"
6754,32,"2023-10-22 00:00:00",124.88,0.00,"2023-10-22 00:00:00","2026-04-16 11:56:37"
6755,138,"2021-04-16 00:00:00",202.77,0.00,"2021-04-16 00:00:00","2026-04-16 11:56:37"
6756,63,"2024-03-07 00:00:00",44.44,10.00,"2024-03-07 00:00:00","2026-04-16 11:56:37"
6757,151,"2023-09-23 00:00:00",2.09,25.00,"2023-09-23 00:00:00","2026-04-16 11:56:37"
6758,257,"2025-12-20 00:00:00",289.87,0.00,"2025-12-20 00:00:00","2026-04-16 11:56:37"
6759,275,"2021-04-01 00:00:00",72.63,5.00,"2021-04-01 00:00:00","2026-04-16 11:56:37"
6760,1,"2024-09-03 00:00:00",134.71,0.00,"2024-09-03 00:00:00","2026-04-16 11:56:37"
6761,27,"2024-01-31 00:00:00",9.50,25.00,"2024-01-31 00:00:00","2026-04-16 11:56:37"
6762,273,"2024-02-28 00:00:00",21.41,25.00,"2024-02-28 00:00:00","2026-04-16 11:56:37"
6763,62,"2024-09-23 00:00:00",22.61,25.00,"2024-09-23 00:00:00","2026-04-16 11:56:37"
6764,280,"2025-05-31 00:00:00",365.06,0.00,"2025-05-31 00:00:00","2026-04-16 11:56:37"
6765,257,"2025-10-28 00:00:00",86.41,0.00,"2025-10-28 00:00:00","2026-04-16 11:56:37"
6766,134,"2024-05-24 00:00:00",85.11,0.00,"2024-05-24 00:00:00","2026-04-16 11:56:37"
6767,183,"2024-09-08 00:00:00",180.63,0.00,"2024-09-08 00:00:00","2026-04-16 11:56:37"
6768,46,"2026-03-29 00:00:00",157.69,0.00,"2026-03-29 00:00:00","2026-04-16 11:56:37"
6769,37,"2025-07-24 00:00:00",261.14,0.00,"2025-07-24 00:00:00","2026-04-16 11:56:37"
6770,265,"2025-09-21 00:00:00",150.11,0.00,"2025-09-21 00:00:00","2026-04-16 11:56:37"
6771,198,"2025-09-18 00:00:00",27.36,10.00,"2025-09-18 00:00:00","2026-04-16 11:56:37"
6772,204,"2024-12-16 00:00:00",14.30,25.00,"2024-12-16 00:00:00","2026-04-16 11:56:37"
6773,271,"2022-07-18 00:00:00",151.68,0.00,"2022-07-18 00:00:00","2026-04-16 11:56:37"
6774,299,"2025-08-23 00:00:00",200.82,0.00,"2025-08-23 00:00:00","2026-04-16 11:56:37"
6775,88,"2026-01-04 00:00:00",172.27,0.00,"2026-01-04 00:00:00","2026-04-16 11:56:37"
6776,144,"2020-07-08 00:00:00",81.90,0.00,"2020-07-08 00:00:00","2026-04-16 11:56:37"
6777,43,"2025-03-14 00:00:00",167.44,0.00,"2025-03-14 00:00:00","2026-04-16 11:56:37"
6778,149,"2026-03-26 00:00:00",58.00,5.00,"2026-03-26 00:00:00","2026-04-16 11:56:37"
6779,215,"2023-12-19 00:00:00",88.22,0.00,"2023-12-19 00:00:00","2026-04-16 11:56:37"
6780,222,"2021-11-14 00:00:00",168.76,0.00,"2021-11-14 00:00:00","2026-04-16 11:56:37"
6781,229,"2026-04-13 00:00:00",163.20,0.00,"2026-04-13 00:00:00","2026-04-16 11:56:37"
6782,255,"2022-06-21 00:00:00",144.05,0.00,"2022-06-21 00:00:00","2026-04-16 11:56:37"
6783,134,"2024-02-22 00:00:00",91.27,0.00,"2024-02-22 00:00:00","2026-04-16 11:56:37"
6784,291,"2023-09-25 00:00:00",64.42,5.00,"2023-09-25 00:00:00","2026-04-16 11:56:37"
6785,146,"2022-06-26 00:00:00",102.80,0.00,"2022-06-26 00:00:00","2026-04-16 11:56:37"
6786,156,"2025-08-17 00:00:00",150.29,0.00,"2025-08-17 00:00:00","2026-04-16 11:56:37"
6787,294,"2026-03-25 00:00:00",317.66,0.00,"2026-03-25 00:00:00","2026-04-16 11:56:37"
6788,185,"2025-05-10 00:00:00",145.10,0.00,"2025-05-10 00:00:00","2026-04-16 11:56:37"
6789,294,"2022-11-13 00:00:00",370.79,0.00,"2022-11-13 00:00:00","2026-04-16 11:56:37"
6790,147,"2022-02-10 00:00:00",105.56,0.00,"2022-02-10 00:00:00","2026-04-16 11:56:37"
6791,30,"2024-04-16 00:00:00",118.59,0.00,"2024-04-16 00:00:00","2026-04-16 11:56:37"
6792,297,"2024-12-17 00:00:00",215.75,0.00,"2024-12-17 00:00:00","2026-04-16 11:56:37"
6793,38,"2023-06-08 00:00:00",95.00,0.00,"2023-06-08 00:00:00","2026-04-16 11:56:37"
6794,237,"2026-01-28 00:00:00",75.92,0.00,"2026-01-28 00:00:00","2026-04-16 11:56:37"
6795,210,"2024-11-21 00:00:00",231.84,0.00,"2024-11-21 00:00:00","2026-04-16 11:56:37"
6796,50,"2023-11-30 00:00:00",139.85,0.00,"2023-11-30 00:00:00","2026-04-16 11:56:37"
6797,282,"2025-07-21 00:00:00",175.82,0.00,"2025-07-21 00:00:00","2026-04-16 11:56:37"
6798,171,"2025-01-04 00:00:00",297.79,0.00,"2025-01-04 00:00:00","2026-04-16 11:56:37"
6799,58,"2022-11-06 00:00:00",148.00,0.00,"2022-11-06 00:00:00","2026-04-16 11:56:37"
6800,26,"2024-04-10 00:00:00",221.67,0.00,"2024-04-10 00:00:00","2026-04-16 11:56:37"
6801,144,"2020-05-28 00:00:00",161.80,0.00,"2020-05-28 00:00:00","2026-04-16 11:56:37"
6802,203,"2025-02-23 00:00:00",245.12,0.00,"2025-02-23 00:00:00","2026-04-16 11:56:37"
6803,245,"2024-11-30 00:00:00",39.06,10.00,"2024-11-30 00:00:00","2026-04-16 11:56:37"
6804,18,"2025-10-20 00:00:00",19.64,25.00,"2025-10-20 00:00:00","2026-04-16 11:56:37"
6805,207,"2026-02-25 00:00:00",222.01,0.00,"2026-02-25 00:00:00","2026-04-16 11:56:37"
6806,204,"2025-10-29 00:00:00",347.96,0.00,"2025-10-29 00:00:00","2026-04-16 11:56:37"
6807,88,"2025-11-25 00:00:00",22.86,25.00,"2025-11-25 00:00:00","2026-04-16 11:56:37"
6808,292,"2024-06-06 00:00:00",63.96,5.00,"2024-06-06 00:00:00","2026-04-16 11:56:37"
6809,272,"2024-09-10 00:00:00",65.38,5.00,"2024-09-10 00:00:00","2026-04-16 11:56:37"
6810,215,"2022-05-21 00:00:00",65.65,5.00,"2022-05-21 00:00:00","2026-04-16 11:56:37"
6811,242,"2023-04-10 00:00:00",121.33,0.00,"2023-04-10 00:00:00","2026-04-16 11:56:37"
6812,119,"2025-10-12 00:00:00",51.29,5.00,"2025-10-12 00:00:00","2026-04-16 11:56:37"
6813,90,"2025-10-24 00:00:00",70.62,5.00,"2025-10-24 00:00:00","2026-04-16 11:56:37"
6814,8,"2026-04-13 00:00:00",21.60,25.00,"2026-04-13 00:00:00","2026-04-16 11:56:37"
6815,110,"2026-03-28 00:00:00",203.19,0.00,"2026-03-28 00:00:00","2026-04-16 11:56:37"
6816,102,"2024-01-31 00:00:00",101.23,0.00,"2024-01-31 00:00:00","2026-04-16 11:56:37"
6817,82,"2024-12-28 00:00:00",208.80,0.00,"2024-12-28 00:00:00","2026-04-16 11:56:37"
6818,102,"2021-09-21 00:00:00",89.54,0.00,"2021-09-21 00:00:00","2026-04-16 11:56:37"
6819,168,"2026-04-01 00:00:00",118.09,0.00,"2026-04-01 00:00:00","2026-04-16 11:56:37"
6820,297,"2025-11-02 00:00:00",259.29,0.00,"2025-11-02 00:00:00","2026-04-16 11:56:37"
6821,68,"2026-01-28 00:00:00",104.07,0.00,"2026-01-28 00:00:00","2026-04-16 11:56:37"
6822,37,"2025-10-15 00:00:00",303.87,0.00,"2025-10-15 00:00:00","2026-04-16 11:56:37"
6823,143,"2025-08-08 00:00:00",6.34,25.00,"2025-08-08 00:00:00","2026-04-16 11:56:37"
6824,149,"2026-04-06 00:00:00",88.63,0.00,"2026-04-06 00:00:00","2026-04-16 11:56:37"
6825,239,"2024-11-21 00:00:00",145.67,0.00,"2024-11-21 00:00:00","2026-04-16 11:56:37"
6826,150,"2026-02-24 00:00:00",322.09,0.00,"2026-02-24 00:00:00","2026-04-16 11:56:37"
6827,137,"2026-03-02 00:00:00",113.57,0.00,"2026-03-02 00:00:00","2026-04-16 11:56:37"
6828,128,"2023-10-11 00:00:00",151.23,0.00,"2023-10-11 00:00:00","2026-04-16 11:56:37"
6829,40,"2026-02-20 00:00:00",78.78,0.00,"2026-02-20 00:00:00","2026-04-16 11:56:37"
6830,3,"2023-05-10 00:00:00",213.91,0.00,"2023-05-10 00:00:00","2026-04-16 11:56:37"
6831,161,"2021-08-16 00:00:00",88.69,0.00,"2021-08-16 00:00:00","2026-04-16 11:56:37"
6832,272,"2025-02-28 00:00:00",293.75,0.00,"2025-02-28 00:00:00","2026-04-16 11:56:37"
6833,252,"2025-09-23 00:00:00",87.79,0.00,"2025-09-23 00:00:00","2026-04-16 11:56:37"
6834,76,"2025-07-31 00:00:00",84.25,0.00,"2025-07-31 00:00:00","2026-04-16 11:56:37"
6835,181,"2026-03-04 00:00:00",262.14,0.00,"2026-03-04 00:00:00","2026-04-16 11:56:37"
6836,255,"2021-11-12 00:00:00",71.52,5.00,"2021-11-12 00:00:00","2026-04-16 11:56:37"
6837,277,"2026-03-04 00:00:00",69.41,5.00,"2026-03-04 00:00:00","2026-04-16 11:56:37"
6838,202,"2026-02-28 00:00:00",251.75,0.00,"2026-02-28 00:00:00","2026-04-16 11:56:37"
6839,261,"2024-01-13 00:00:00",241.59,0.00,"2024-01-13 00:00:00","2026-04-16 11:56:37"
6840,155,"2026-03-03 00:00:00",185.74,0.00,"2026-03-03 00:00:00","2026-04-16 11:56:37"
6841,154,"2026-02-09 00:00:00",115.64,0.00,"2026-02-09 00:00:00","2026-04-16 11:56:37"
6842,98,"2023-09-24 00:00:00",73.76,5.00,"2023-09-24 00:00:00","2026-04-16 11:56:37"
6843,120,"2025-08-21 00:00:00",180.13,0.00,"2025-08-21 00:00:00","2026-04-16 11:56:37"
6844,94,"2024-11-02 00:00:00",30.82,10.00,"2024-11-02 00:00:00","2026-04-16 11:56:37"
6845,214,"2025-03-07 00:00:00",188.31,0.00,"2025-03-07 00:00:00","2026-04-16 11:56:37"
6846,207,"2026-01-29 00:00:00",69.20,5.00,"2026-01-29 00:00:00","2026-04-16 11:56:37"
6847,207,"2026-02-22 00:00:00",195.41,0.00,"2026-02-22 00:00:00","2026-04-16 11:56:37"
6848,129,"2023-03-17 00:00:00",213.11,0.00,"2023-03-17 00:00:00","2026-04-16 11:56:37"
6849,242,"2020-10-18 00:00:00",213.60,0.00,"2020-10-18 00:00:00","2026-04-16 11:56:37"
6850,62,"2025-02-26 00:00:00",28.44,10.00,"2025-02-26 00:00:00","2026-04-16 11:56:37"
6851,50,"2023-12-26 00:00:00",231.63,0.00,"2023-12-26 00:00:00","2026-04-16 11:56:37"
6852,68,"2026-03-31 00:00:00",115.73,0.00,"2026-03-31 00:00:00","2026-04-16 11:56:37"
6853,262,"2024-07-12 00:00:00",178.38,0.00,"2024-07-12 00:00:00","2026-04-16 11:56:37"
6854,282,"2024-10-26 00:00:00",13.86,25.00,"2024-10-26 00:00:00","2026-04-16 11:56:37"
6855,207,"2026-04-13 00:00:00",123.23,0.00,"2026-04-13 00:00:00","2026-04-16 11:56:37"
6856,139,"2023-10-06 00:00:00",237.81,0.00,"2023-10-06 00:00:00","2026-04-16 11:56:37"
6857,273,"2023-11-25 00:00:00",23.33,25.00,"2023-11-25 00:00:00","2026-04-16 11:56:37"
6858,176,"2026-03-26 00:00:00",92.09,0.00,"2026-03-26 00:00:00","2026-04-16 11:56:37"
6859,75,"2026-02-01 00:00:00",6.70,25.00,"2026-02-01 00:00:00","2026-04-16 11:56:37"
6860,274,"2022-12-11 00:00:00",102.53,0.00,"2022-12-11 00:00:00","2026-04-16 11:56:37"
6861,216,"2025-06-08 00:00:00",133.45,0.00,"2025-06-08 00:00:00","2026-04-16 11:56:37"
6862,240,"2025-01-06 00:00:00",232.30,0.00,"2025-01-06 00:00:00","2026-04-16 11:56:37"
6863,172,"2024-02-07 00:00:00",163.69,0.00,"2024-02-07 00:00:00","2026-04-16 11:56:37"
6864,294,"2024-11-14 00:00:00",16.94,25.00,"2024-11-14 00:00:00","2026-04-16 11:56:37"
6865,9,"2023-02-02 00:00:00",359.36,0.00,"2023-02-02 00:00:00","2026-04-16 11:56:37"
6866,217,"2025-04-13 00:00:00",206.84,0.00,"2025-04-13 00:00:00","2026-04-16 11:56:37"
6867,54,"2025-08-09 00:00:00",105.36,0.00,"2025-08-09 00:00:00","2026-04-16 11:56:37"
6868,34,"2025-10-09 00:00:00",167.89,0.00,"2025-10-09 00:00:00","2026-04-16 11:56:37"
6869,154,"2025-12-06 00:00:00",103.08,0.00,"2025-12-06 00:00:00","2026-04-16 11:56:37"
6870,29,"2024-07-10 00:00:00",186.33,0.00,"2024-07-10 00:00:00","2026-04-16 11:56:37"
6871,37,"2024-09-30 00:00:00",107.35,0.00,"2024-09-30 00:00:00","2026-04-16 11:56:37"
6872,88,"2026-04-15 00:00:00",164.35,0.00,"2026-04-15 00:00:00","2026-04-16 11:56:37"
6873,125,"2023-07-28 00:00:00",113.29,0.00,"2023-07-28 00:00:00","2026-04-16 11:56:37"
6874,129,"2024-11-01 00:00:00",17.16,25.00,"2024-11-01 00:00:00","2026-04-16 11:56:37"
6875,181,"2025-12-02 00:00:00",245.08,0.00,"2025-12-02 00:00:00","2026-04-16 11:56:37"
6876,135,"2026-03-22 00:00:00",254.11,0.00,"2026-03-22 00:00:00","2026-04-16 11:56:37"
6877,122,"2026-01-28 00:00:00",18.80,25.00,"2026-01-28 00:00:00","2026-04-16 11:56:37"
6878,105,"2022-10-07 00:00:00",91.17,0.00,"2022-10-07 00:00:00","2026-04-16 11:56:37"
6879,144,"2020-06-29 00:00:00",85.87,0.00,"2020-06-29 00:00:00","2026-04-16 11:56:37"
6880,84,"2025-11-14 00:00:00",33.42,10.00,"2025-11-14 00:00:00","2026-04-16 11:56:37"
6881,140,"2026-04-07 00:00:00",99.68,0.00,"2026-04-07 00:00:00","2026-04-16 11:56:37"
6882,184,"2026-04-01 00:00:00",184.52,0.00,"2026-04-01 00:00:00","2026-04-16 11:56:37"
6883,152,"2024-05-08 00:00:00",34.06,10.00,"2024-05-08 00:00:00","2026-04-16 11:56:37"
6884,279,"2023-12-08 00:00:00",62.08,5.00,"2023-12-08 00:00:00","2026-04-16 11:56:37"
6885,172,"2025-02-14 00:00:00",190.46,0.00,"2025-02-14 00:00:00","2026-04-16 11:56:37"
6886,155,"2025-11-25 00:00:00",62.78,5.00,"2025-11-25 00:00:00","2026-04-16 11:56:37"
6887,66,"2021-11-28 00:00:00",32.32,10.00,"2021-11-28 00:00:00","2026-04-16 11:56:37"
6888,268,"2024-02-03 00:00:00",3.79,25.00,"2024-02-03 00:00:00","2026-04-16 11:56:37"
6889,282,"2025-10-07 00:00:00",162.92,0.00,"2025-10-07 00:00:00","2026-04-16 11:56:37"
6890,139,"2024-01-18 00:00:00",83.26,0.00,"2024-01-18 00:00:00","2026-04-16 11:56:37"
6891,262,"2024-09-18 00:00:00",114.18,0.00,"2024-09-18 00:00:00","2026-04-16 11:56:37"
6892,42,"2025-03-31 00:00:00",9.24,25.00,"2025-03-31 00:00:00","2026-04-16 11:56:37"
6893,186,"2026-01-25 00:00:00",225.85,0.00,"2026-01-25 00:00:00","2026-04-16 11:56:37"
6894,2,"2022-09-12 00:00:00",167.25,0.00,"2022-09-12 00:00:00","2026-04-16 11:56:37"
6895,151,"2023-07-10 00:00:00",284.04,0.00,"2023-07-10 00:00:00","2026-04-16 11:56:37"
6896,234,"2024-11-15 00:00:00",41.25,10.00,"2024-11-15 00:00:00","2026-04-16 11:56:37"
6897,136,"2026-03-23 00:00:00",213.01,0.00,"2026-03-23 00:00:00","2026-04-16 11:56:37"
6898,21,"2025-08-13 00:00:00",161.27,0.00,"2025-08-13 00:00:00","2026-04-16 11:56:37"
6899,82,"2025-01-30 00:00:00",172.23,0.00,"2025-01-30 00:00:00","2026-04-16 11:56:37"
6900,257,"2025-11-11 00:00:00",31.83,10.00,"2025-11-11 00:00:00","2026-04-16 11:56:37"
6901,274,"2023-06-06 00:00:00",81.40,0.00,"2023-06-06 00:00:00","2026-04-16 11:56:37"
6902,44,"2026-03-30 00:00:00",285.41,0.00,"2026-03-30 00:00:00","2026-04-16 11:56:37"
6903,152,"2024-01-12 00:00:00",135.82,0.00,"2024-01-12 00:00:00","2026-04-16 11:56:37"
6904,19,"2026-01-19 00:00:00",158.82,0.00,"2026-01-19 00:00:00","2026-04-16 11:56:37"
6905,152,"2025-03-10 00:00:00",189.68,0.00,"2025-03-10 00:00:00","2026-04-16 11:56:37"
6906,165,"2025-05-07 00:00:00",307.58,0.00,"2025-05-07 00:00:00","2026-04-16 11:56:37"
6907,35,"2026-01-23 00:00:00",208.51,0.00,"2026-01-23 00:00:00","2026-04-16 11:56:37"
6908,18,"2025-11-27 00:00:00",80.41,0.00,"2025-11-27 00:00:00","2026-04-16 11:56:37"
6909,146,"2025-10-29 00:00:00",78.15,0.00,"2025-10-29 00:00:00","2026-04-16 11:56:37"
6910,99,"2025-09-06 00:00:00",115.74,0.00,"2025-09-06 00:00:00","2026-04-16 11:56:37"
6911,122,"2026-01-29 00:00:00",138.38,0.00,"2026-01-29 00:00:00","2026-04-16 11:56:37"
6912,42,"2024-09-03 00:00:00",48.80,10.00,"2024-09-03 00:00:00","2026-04-16 11:56:37"
6913,75,"2026-03-15 00:00:00",108.57,0.00,"2026-03-15 00:00:00","2026-04-16 11:56:37"
6914,297,"2024-11-27 00:00:00",165.09,0.00,"2024-11-27 00:00:00","2026-04-16 11:56:37"
6915,89,"2023-06-30 00:00:00",162.43,0.00,"2023-06-30 00:00:00","2026-04-16 11:56:37"
6916,187,"2022-10-01 00:00:00",102.15,0.00,"2022-10-01 00:00:00","2026-04-16 11:56:37"
6917,46,"2026-02-21 00:00:00",104.57,0.00,"2026-02-21 00:00:00","2026-04-16 11:56:37"
6918,251,"2026-03-19 00:00:00",78.61,0.00,"2026-03-19 00:00:00","2026-04-16 11:56:37"
6919,129,"2024-12-05 00:00:00",255.05,0.00,"2024-12-05 00:00:00","2026-04-16 11:56:37"
6920,257,"2025-08-19 00:00:00",267.11,0.00,"2025-08-19 00:00:00","2026-04-16 11:56:37"
6921,153,"2021-10-18 00:00:00",107.23,0.00,"2021-10-18 00:00:00","2026-04-16 11:56:37"
6922,127,"2026-02-24 00:00:00",155.89,0.00,"2026-02-24 00:00:00","2026-04-16 11:56:37"
6923,86,"2025-08-24 00:00:00",217.03,0.00,"2025-08-24 00:00:00","2026-04-16 11:56:37"
6924,196,"2025-12-10 00:00:00",48.03,10.00,"2025-12-10 00:00:00","2026-04-16 11:56:37"
6925,110,"2025-05-22 00:00:00",149.35,0.00,"2025-05-22 00:00:00","2026-04-16 11:56:37"
6926,51,"2026-03-02 00:00:00",197.99,0.00,"2026-03-02 00:00:00","2026-04-16 11:56:37"
6927,296,"2023-09-11 00:00:00",31.40,10.00,"2023-09-11 00:00:00","2026-04-16 11:56:37"
6928,119,"2025-03-29 00:00:00",87.65,0.00,"2025-03-29 00:00:00","2026-04-16 11:56:37"
6929,90,"2025-07-29 00:00:00",21.86,25.00,"2025-07-29 00:00:00","2026-04-16 11:56:37"
6930,208,"2024-07-18 00:00:00",242.49,0.00,"2024-07-18 00:00:00","2026-04-16 11:56:37"
6931,120,"2025-01-21 00:00:00",177.58,0.00,"2025-01-21 00:00:00","2026-04-16 11:56:37"
6932,196,"2026-03-04 00:00:00",32.52,10.00,"2026-03-04 00:00:00","2026-04-16 11:56:37"
6933,17,"2026-03-21 00:00:00",227.83,0.00,"2026-03-21 00:00:00","2026-04-16 11:56:37"
6934,149,"2026-02-03 00:00:00",185.21,0.00,"2026-02-03 00:00:00","2026-04-16 11:56:37"
6935,111,"2026-04-12 00:00:00",99.09,0.00,"2026-04-12 00:00:00","2026-04-16 11:56:37"
6936,233,"2025-01-17 00:00:00",115.46,0.00,"2025-01-17 00:00:00","2026-04-16 11:56:37"
6937,135,"2026-02-14 00:00:00",40.52,10.00,"2026-02-14 00:00:00","2026-04-16 11:56:37"
6938,69,"2026-01-31 00:00:00",336.27,0.00,"2026-01-31 00:00:00","2026-04-16 11:56:37"
6939,134,"2026-03-17 00:00:00",198.99,0.00,"2026-03-17 00:00:00","2026-04-16 11:56:37"
6940,61,"2023-05-31 00:00:00",130.53,0.00,"2023-05-31 00:00:00","2026-04-16 11:56:37"
6941,36,"2023-09-08 00:00:00",84.10,0.00,"2023-09-08 00:00:00","2026-04-16 11:56:37"
6942,4,"2024-02-29 00:00:00",287.28,0.00,"2024-02-29 00:00:00","2026-04-16 11:56:37"
6943,45,"2023-04-30 00:00:00",250.61,0.00,"2023-04-30 00:00:00","2026-04-16 11:56:37"
6944,99,"2026-03-29 00:00:00",246.42,0.00,"2026-03-29 00:00:00","2026-04-16 11:56:37"
6945,238,"2020-12-07 00:00:00",87.04,0.00,"2020-12-07 00:00:00","2026-04-16 11:56:37"
6946,145,"2024-07-24 00:00:00",86.12,0.00,"2024-07-24 00:00:00","2026-04-16 11:56:37"
6947,111,"2024-01-03 00:00:00",182.73,0.00,"2024-01-03 00:00:00","2026-04-16 11:56:37"
6948,273,"2024-04-01 00:00:00",58.92,5.00,"2024-04-01 00:00:00","2026-04-16 11:56:37"
6949,163,"2026-02-03 00:00:00",179.83,0.00,"2026-02-03 00:00:00","2026-04-16 11:56:37"
6950,162,"2022-02-19 00:00:00",29.24,10.00,"2022-02-19 00:00:00","2026-04-16 11:56:37"
6951,210,"2025-03-25 00:00:00",62.61,5.00,"2025-03-25 00:00:00","2026-04-16 11:56:37"
6952,12,"2025-07-12 00:00:00",111.26,0.00,"2025-07-12 00:00:00","2026-04-16 11:56:37"
6953,294,"2026-01-22 00:00:00",106.45,0.00,"2026-01-22 00:00:00","2026-04-16 11:56:37"
6954,133,"2022-05-11 00:00:00",28.24,10.00,"2022-05-11 00:00:00","2026-04-16 11:56:37"
6955,27,"2022-03-02 00:00:00",186.57,0.00,"2022-03-02 00:00:00","2026-04-16 11:56:37"
6956,19,"2025-08-13 00:00:00",196.25,0.00,"2025-08-13 00:00:00","2026-04-16 11:56:37"
6957,150,"2026-04-13 00:00:00",247.22,0.00,"2026-04-13 00:00:00","2026-04-16 11:56:37"
6958,197,"2024-11-16 00:00:00",5.27,25.00,"2024-11-16 00:00:00","2026-04-16 11:56:37"
6959,285,"2025-02-15 00:00:00",33.68,10.00,"2025-02-15 00:00:00","2026-04-16 11:56:37"
6960,8,"2026-02-14 00:00:00",189.28,0.00,"2026-02-14 00:00:00","2026-04-16 11:56:37"
6961,64,"2025-08-06 00:00:00",96.14,0.00,"2025-08-06 00:00:00","2026-04-16 11:56:37"
6962,113,"2026-03-16 00:00:00",284.82,0.00,"2026-03-16 00:00:00","2026-04-16 11:56:37"
6963,283,"2021-04-30 00:00:00",271.86,0.00,"2021-04-30 00:00:00","2026-04-16 11:56:37"
6964,50,"2024-11-18 00:00:00",134.10,0.00,"2024-11-18 00:00:00","2026-04-16 11:56:37"
6965,154,"2026-04-03 00:00:00",161.07,0.00,"2026-04-03 00:00:00","2026-04-16 11:56:37"
6966,187,"2022-10-05 00:00:00",127.34,0.00,"2022-10-05 00:00:00","2026-04-16 11:56:37"
6967,157,"2021-11-01 00:00:00",46.95,10.00,"2021-11-01 00:00:00","2026-04-16 11:56:37"
6968,157,"2021-05-20 00:00:00",13.87,25.00,"2021-05-20 00:00:00","2026-04-16 11:56:37"
6969,227,"2026-03-31 00:00:00",190.18,0.00,"2026-03-31 00:00:00","2026-04-16 11:56:37"
6970,200,"2026-01-30 00:00:00",12.48,25.00,"2026-01-30 00:00:00","2026-04-16 11:56:37"
6971,60,"2025-11-03 00:00:00",14.40,25.00,"2025-11-03 00:00:00","2026-04-16 11:56:37"
6972,169,"2026-02-26 00:00:00",66.60,5.00,"2026-02-26 00:00:00","2026-04-16 11:56:37"
6973,141,"2026-01-22 00:00:00",106.30,0.00,"2026-01-22 00:00:00","2026-04-16 11:56:37"
6974,241,"2025-05-26 00:00:00",209.01,0.00,"2025-05-26 00:00:00","2026-04-16 11:56:37"
6975,251,"2026-04-10 00:00:00",246.59,0.00,"2026-04-10 00:00:00","2026-04-16 11:56:37"
6976,87,"2026-03-15 00:00:00",22.35,25.00,"2026-03-15 00:00:00","2026-04-16 11:56:37"
6977,109,"2022-11-13 00:00:00",145.11,0.00,"2022-11-13 00:00:00","2026-04-16 11:56:37"
6978,222,"2024-07-19 00:00:00",22.26,25.00,"2024-07-19 00:00:00","2026-04-16 11:56:37"
6979,81,"2024-09-05 00:00:00",209.08,0.00,"2024-09-05 00:00:00","2026-04-16 11:56:37"
6980,270,"2023-11-11 00:00:00",39.87,10.00,"2023-11-11 00:00:00","2026-04-16 11:56:37"
6981,179,"2023-08-15 00:00:00",268.37,0.00,"2023-08-15 00:00:00","2026-04-16 11:56:37"
6982,228,"2025-12-02 00:00:00",172.18,0.00,"2025-12-02 00:00:00","2026-04-16 11:56:37"
6983,49,"2024-06-30 00:00:00",8.78,25.00,"2024-06-30 00:00:00","2026-04-16 11:56:37"
6984,219,"2021-04-28 00:00:00",68.32,5.00,"2021-04-28 00:00:00","2026-04-16 11:56:37"
6985,262,"2023-12-24 00:00:00",31.72,10.00,"2023-12-24 00:00:00","2026-04-16 11:56:37"
6986,76,"2026-01-04 00:00:00",196.05,0.00,"2026-01-04 00:00:00","2026-04-16 11:56:37"
6987,156,"2025-05-06 00:00:00",246.31,0.00,"2025-05-06 00:00:00","2026-04-16 11:56:37"
6988,134,"2026-04-09 00:00:00",91.00,0.00,"2026-04-09 00:00:00","2026-04-16 11:56:37"
6989,172,"2024-10-08 00:00:00",71.34,5.00,"2024-10-08 00:00:00","2026-04-16 11:56:37"
6990,280,"2025-02-12 00:00:00",134.92,0.00,"2025-02-12 00:00:00","2026-04-16 11:56:37"
6991,217,"2023-01-09 00:00:00",66.40,5.00,"2023-01-09 00:00:00","2026-04-16 11:56:37"
6992,46,"2026-03-14 00:00:00",284.56,0.00,"2026-03-14 00:00:00","2026-04-16 11:56:37"
6993,261,"2024-01-17 00:00:00",133.72,0.00,"2024-01-17 00:00:00","2026-04-16 11:56:37"
6994,102,"2021-01-29 00:00:00",47.49,10.00,"2021-01-29 00:00:00","2026-04-16 11:56:37"
6995,110,"2025-12-01 00:00:00",172.63,0.00,"2025-12-01 00:00:00","2026-04-16 11:56:37"
6996,241,"2025-08-21 00:00:00",79.25,0.00,"2025-08-21 00:00:00","2026-04-16 11:56:37"
6997,122,"2025-11-02 00:00:00",47.23,10.00,"2025-11-02 00:00:00","2026-04-16 11:56:37"
6998,59,"2021-01-18 00:00:00",64.41,5.00,"2021-01-18 00:00:00","2026-04-16 11:56:37"
6999,123,"2022-04-07 00:00:00",72.61,5.00,"2022-04-07 00:00:00","2026-04-16 11:56:37"
7000,107,"2024-10-21 00:00:00",116.05,0.00,"2024-10-21 00:00:00","2026-04-16 11:56:37"
7001,43,"2021-06-21 00:00:00",161.13,0.00,"2021-06-21 00:00:00","2026-04-16 11:56:37"
7002,230,"2024-05-15 00:00:00",78.17,0.00,"2024-05-15 00:00:00","2026-04-16 11:56:37"
7003,288,"2026-01-09 00:00:00",9.19,25.00,"2026-01-09 00:00:00","2026-04-16 11:56:37"
7004,130,"2025-10-27 00:00:00",257.92,0.00,"2025-10-27 00:00:00","2026-04-16 11:56:37"
7005,21,"2024-08-10 00:00:00",47.90,10.00,"2024-08-10 00:00:00","2026-04-16 11:56:37"
7006,101,"2022-05-23 00:00:00",102.69,0.00,"2022-05-23 00:00:00","2026-04-16 11:56:37"
7007,37,"2025-06-15 00:00:00",341.12,0.00,"2025-06-15 00:00:00","2026-04-16 11:56:37"
7008,175,"2025-05-12 00:00:00",59.46,5.00,"2025-05-12 00:00:00","2026-04-16 11:56:37"
7009,261,"2025-01-23 00:00:00",24.48,25.00,"2025-01-23 00:00:00","2026-04-16 11:56:37"
7010,21,"2024-10-10 00:00:00",241.15,0.00,"2024-10-10 00:00:00","2026-04-16 11:56:37"
7011,9,"2022-10-28 00:00:00",35.48,10.00,"2022-10-28 00:00:00","2026-04-16 11:56:37"
7012,147,"2021-10-16 00:00:00",293.80,0.00,"2021-10-16 00:00:00","2026-04-16 11:56:37"
7013,60,"2025-11-19 00:00:00",93.10,0.00,"2025-11-19 00:00:00","2026-04-16 11:56:37"
7014,282,"2024-12-13 00:00:00",149.71,0.00,"2024-12-13 00:00:00","2026-04-16 11:56:37"
7015,218,"2022-10-09 00:00:00",221.37,0.00,"2022-10-09 00:00:00","2026-04-16 11:56:37"
7016,239,"2025-10-21 00:00:00",74.49,5.00,"2025-10-21 00:00:00","2026-04-16 11:56:37"
7017,80,"2024-01-01 00:00:00",5.25,25.00,"2024-01-01 00:00:00","2026-04-16 11:56:37"
7018,298,"2024-04-04 00:00:00",142.46,0.00,"2024-04-04 00:00:00","2026-04-16 11:56:37"
7019,164,"2023-02-26 00:00:00",50.45,5.00,"2023-02-26 00:00:00","2026-04-16 11:56:37"
7020,37,"2024-04-17 00:00:00",247.45,0.00,"2024-04-17 00:00:00","2026-04-16 11:56:37"
7021,279,"2025-08-22 00:00:00",7.32,25.00,"2025-08-22 00:00:00","2026-04-16 11:56:37"
7022,254,"2025-04-10 00:00:00",149.49,0.00,"2025-04-10 00:00:00","2026-04-16 11:56:37"
7023,116,"2025-08-25 00:00:00",45.75,10.00,"2025-08-25 00:00:00","2026-04-16 11:56:37"
7024,263,"2020-01-24 00:00:00",289.58,0.00,"2020-01-24 00:00:00","2026-04-16 11:56:37"
7025,188,"2025-12-27 00:00:00",8.48,25.00,"2025-12-27 00:00:00","2026-04-16 11:56:37"
7026,298,"2024-07-07 00:00:00",19.92,25.00,"2024-07-07 00:00:00","2026-04-16 11:56:37"
7027,71,"2025-05-05 00:00:00",45.46,10.00,"2025-05-05 00:00:00","2026-04-16 11:56:37"
7028,15,"2022-09-17 00:00:00",118.57,0.00,"2022-09-17 00:00:00","2026-04-16 11:56:37"
7029,29,"2025-06-01 00:00:00",100.12,0.00,"2025-06-01 00:00:00","2026-04-16 11:56:37"
7030,268,"2025-05-08 00:00:00",106.40,0.00,"2025-05-08 00:00:00","2026-04-16 11:56:37"
7031,235,"2025-12-25 00:00:00",44.55,10.00,"2025-12-25 00:00:00","2026-04-16 11:56:37"
7032,291,"2025-08-31 00:00:00",65.45,5.00,"2025-08-31 00:00:00","2026-04-16 11:56:37"
7033,154,"2024-08-09 00:00:00",169.42,0.00,"2024-08-09 00:00:00","2026-04-16 11:56:37"
7034,34,"2026-03-28 00:00:00",409.78,0.00,"2026-03-28 00:00:00","2026-04-16 11:56:37"
7035,3,"2025-05-04 00:00:00",54.39,5.00,"2025-05-04 00:00:00","2026-04-16 11:56:37"
7036,201,"2026-02-18 00:00:00",197.00,0.00,"2026-02-18 00:00:00","2026-04-16 11:56:37"
7037,281,"2024-07-22 00:00:00",64.65,5.00,"2024-07-22 00:00:00","2026-04-16 11:56:37"
7038,247,"2022-08-19 00:00:00",86.62,0.00,"2022-08-19 00:00:00","2026-04-16 11:56:37"
7039,5,"2025-05-09 00:00:00",6.54,25.00,"2025-05-09 00:00:00","2026-04-16 11:56:37"
7040,229,"2026-04-06 00:00:00",167.39,0.00,"2026-04-06 00:00:00","2026-04-16 11:56:37"
7041,287,"2022-12-28 00:00:00",81.66,0.00,"2022-12-28 00:00:00","2026-04-16 11:56:37"
7042,2,"2024-01-22 00:00:00",304.68,0.00,"2024-01-22 00:00:00","2026-04-16 11:56:37"
7043,128,"2023-08-14 00:00:00",163.22,0.00,"2023-08-14 00:00:00","2026-04-16 11:56:37"
7044,67,"2024-12-20 00:00:00",80.94,0.00,"2024-12-20 00:00:00","2026-04-16 11:56:37"
7045,273,"2025-06-21 00:00:00",171.91,0.00,"2025-06-21 00:00:00","2026-04-16 11:56:37"
7046,164,"2022-11-21 00:00:00",72.13,5.00,"2022-11-21 00:00:00","2026-04-16 11:56:37"
7047,5,"2025-06-02 00:00:00",92.87,0.00,"2025-06-02 00:00:00","2026-04-16 11:56:37"
7048,229,"2026-04-07 00:00:00",70.04,5.00,"2026-04-07 00:00:00","2026-04-16 11:56:37"
7049,38,"2023-02-06 00:00:00",122.62,0.00,"2023-02-06 00:00:00","2026-04-16 11:56:37"
7050,139,"2025-10-09 00:00:00",74.86,5.00,"2025-10-09 00:00:00","2026-04-16 11:56:37"
7051,209,"2024-12-26 00:00:00",76.78,0.00,"2024-12-26 00:00:00","2026-04-16 11:56:37"
7052,129,"2024-01-24 00:00:00",56.41,5.00,"2024-01-24 00:00:00","2026-04-16 11:56:37"
7053,90,"2025-05-04 00:00:00",172.64,0.00,"2025-05-04 00:00:00","2026-04-16 11:56:37"
7054,112,"2022-04-24 00:00:00",168.70,0.00,"2022-04-24 00:00:00","2026-04-16 11:56:37"
7055,183,"2022-12-04 00:00:00",143.69,0.00,"2022-12-04 00:00:00","2026-04-16 11:56:37"
7056,223,"2024-07-08 00:00:00",252.63,0.00,"2024-07-08 00:00:00","2026-04-16 11:56:37"
7057,273,"2024-08-11 00:00:00",12.55,25.00,"2024-08-11 00:00:00","2026-04-16 11:56:37"
7058,81,"2020-02-15 00:00:00",70.41,5.00,"2020-02-15 00:00:00","2026-04-16 11:56:37"
7059,80,"2024-07-26 00:00:00",26.30,10.00,"2024-07-26 00:00:00","2026-04-16 11:56:37"
7060,271,"2022-04-20 00:00:00",190.86,0.00,"2022-04-20 00:00:00","2026-04-16 11:56:37"
7061,230,"2024-08-04 00:00:00",286.88,0.00,"2024-08-04 00:00:00","2026-04-16 11:56:37"
7062,244,"2024-09-29 00:00:00",77.12,0.00,"2024-09-29 00:00:00","2026-04-16 11:56:37"
7063,162,"2023-06-24 00:00:00",65.06,5.00,"2023-06-24 00:00:00","2026-04-16 11:56:37"
7064,81,"2024-05-25 00:00:00",228.98,0.00,"2024-05-25 00:00:00","2026-04-16 11:56:37"
7065,126,"2023-11-01 00:00:00",83.11,0.00,"2023-11-01 00:00:00","2026-04-16 11:56:37"
7066,175,"2023-06-26 00:00:00",1.78,25.00,"2023-06-26 00:00:00","2026-04-16 11:56:37"
7067,271,"2022-04-16 00:00:00",17.38,25.00,"2022-04-16 00:00:00","2026-04-16 11:56:37"
7068,169,"2024-06-03 00:00:00",83.28,0.00,"2024-06-03 00:00:00","2026-04-16 11:56:37"
7069,257,"2025-09-19 00:00:00",220.29,0.00,"2025-09-19 00:00:00","2026-04-16 11:56:37"
7070,83,"2024-08-21 00:00:00",82.83,0.00,"2024-08-21 00:00:00","2026-04-16 11:56:37"
7071,156,"2025-03-08 00:00:00",62.97,5.00,"2025-03-08 00:00:00","2026-04-16 11:56:37"
7072,18,"2022-11-15 00:00:00",174.09,0.00,"2022-11-15 00:00:00","2026-04-16 11:56:37"
7073,39,"2023-03-02 00:00:00",447.53,0.00,"2023-03-02 00:00:00","2026-04-16 11:56:37"
7074,193,"2024-08-17 00:00:00",113.48,0.00,"2024-08-17 00:00:00","2026-04-16 11:56:37"
7075,292,"2026-01-26 00:00:00",210.22,0.00,"2026-01-26 00:00:00","2026-04-16 11:56:37"
7076,128,"2023-10-03 00:00:00",104.88,0.00,"2023-10-03 00:00:00","2026-04-16 11:56:37"
7077,6,"2025-08-28 00:00:00",57.52,5.00,"2025-08-28 00:00:00","2026-04-16 11:56:37"
7078,118,"2023-08-24 00:00:00",239.16,0.00,"2023-08-24 00:00:00","2026-04-16 11:56:37"
7079,119,"2024-12-31 00:00:00",96.07,0.00,"2024-12-31 00:00:00","2026-04-16 11:56:37"
7080,268,"2024-06-20 00:00:00",114.06,0.00,"2024-06-20 00:00:00","2026-04-16 11:56:37"
7081,55,"2025-11-24 00:00:00",106.61,0.00,"2025-11-24 00:00:00","2026-04-16 11:56:37"
7082,296,"2026-01-28 00:00:00",121.98,0.00,"2026-01-28 00:00:00","2026-04-16 11:56:37"
7083,30,"2023-01-07 00:00:00",37.42,10.00,"2023-01-07 00:00:00","2026-04-16 11:56:37"
7084,185,"2024-10-01 00:00:00",103.77,0.00,"2024-10-01 00:00:00","2026-04-16 11:56:37"
7085,47,"2023-09-21 00:00:00",4.22,25.00,"2023-09-21 00:00:00","2026-04-16 11:56:37"
7086,283,"2020-09-20 00:00:00",105.07,0.00,"2020-09-20 00:00:00","2026-04-16 11:56:37"
7087,166,"2025-06-28 00:00:00",23.80,25.00,"2025-06-28 00:00:00","2026-04-16 11:56:37"
7088,90,"2025-11-25 00:00:00",256.69,0.00,"2025-11-25 00:00:00","2026-04-16 11:56:37"
7089,157,"2021-01-08 00:00:00",145.53,0.00,"2021-01-08 00:00:00","2026-04-16 11:56:37"
7090,56,"2023-07-15 00:00:00",157.51,0.00,"2023-07-15 00:00:00","2026-04-16 11:56:37"
7091,224,"2025-11-17 00:00:00",183.44,0.00,"2025-11-17 00:00:00","2026-04-16 11:56:37"
7092,247,"2025-04-17 00:00:00",108.85,0.00,"2025-04-17 00:00:00","2026-04-16 11:56:38"
7093,47,"2023-09-30 00:00:00",329.97,0.00,"2023-09-30 00:00:00","2026-04-16 11:56:38"
7094,92,"2025-09-10 00:00:00",114.75,0.00,"2025-09-10 00:00:00","2026-04-16 11:56:38"
7095,65,"2025-09-16 00:00:00",182.45,0.00,"2025-09-16 00:00:00","2026-04-16 11:56:38"
7096,202,"2026-01-28 00:00:00",215.46,0.00,"2026-01-28 00:00:00","2026-04-16 11:56:38"
7097,64,"2025-08-13 00:00:00",42.66,10.00,"2025-08-13 00:00:00","2026-04-16 11:56:38"
7098,232,"2025-10-14 00:00:00",141.45,0.00,"2025-10-14 00:00:00","2026-04-16 11:56:38"
7099,231,"2024-08-19 00:00:00",203.13,0.00,"2024-08-19 00:00:00","2026-04-16 11:56:38"
7100,123,"2023-11-17 00:00:00",169.27,0.00,"2023-11-17 00:00:00","2026-04-16 11:56:38"
7101,190,"2026-01-25 00:00:00",162.88,0.00,"2026-01-25 00:00:00","2026-04-16 11:56:38"
7102,16,"2026-04-15 00:00:00",230.67,0.00,"2026-04-15 00:00:00","2026-04-16 11:56:38"
7103,4,"2022-09-11 00:00:00",156.52,0.00,"2022-09-11 00:00:00","2026-04-16 11:56:38"
7104,139,"2026-02-14 00:00:00",140.90,0.00,"2026-02-14 00:00:00","2026-04-16 11:56:38"
7105,149,"2026-03-18 00:00:00",271.10,0.00,"2026-03-18 00:00:00","2026-04-16 11:56:38"
7106,50,"2024-05-10 00:00:00",21.14,25.00,"2024-05-10 00:00:00","2026-04-16 11:56:38"
7107,166,"2023-08-29 00:00:00",237.53,0.00,"2023-08-29 00:00:00","2026-04-16 11:56:38"
7108,256,"2025-10-06 00:00:00",216.47,0.00,"2025-10-06 00:00:00","2026-04-16 11:56:38"
7109,189,"2025-01-26 00:00:00",188.48,0.00,"2025-01-26 00:00:00","2026-04-16 11:56:38"
7110,256,"2024-12-02 00:00:00",177.89,0.00,"2024-12-02 00:00:00","2026-04-16 11:56:38"
7111,170,"2026-03-15 00:00:00",73.62,5.00,"2026-03-15 00:00:00","2026-04-16 11:56:38"
7112,278,"2025-12-24 00:00:00",85.02,0.00,"2025-12-24 00:00:00","2026-04-16 11:56:38"
7113,29,"2025-12-08 00:00:00",139.68,0.00,"2025-12-08 00:00:00","2026-04-16 11:56:38"
7114,222,"2024-02-25 00:00:00",227.13,0.00,"2024-02-25 00:00:00","2026-04-16 11:56:38"
7115,157,"2022-02-21 00:00:00",40.29,10.00,"2022-02-21 00:00:00","2026-04-16 11:56:38"
7116,164,"2024-11-06 00:00:00",120.92,0.00,"2024-11-06 00:00:00","2026-04-16 11:56:38"
7117,159,"2024-05-10 00:00:00",6.02,25.00,"2024-05-10 00:00:00","2026-04-16 11:56:38"
7118,211,"2024-09-09 00:00:00",109.26,0.00,"2024-09-09 00:00:00","2026-04-16 11:56:38"
7119,24,"2022-10-04 00:00:00",222.67,0.00,"2022-10-04 00:00:00","2026-04-16 11:56:38"
7120,38,"2024-10-14 00:00:00",10.12,25.00,"2024-10-14 00:00:00","2026-04-16 11:56:38"
7121,160,"2025-06-27 00:00:00",102.92,0.00,"2025-06-27 00:00:00","2026-04-16 11:56:38"
7122,179,"2024-04-14 00:00:00",41.85,10.00,"2024-04-14 00:00:00","2026-04-16 11:56:38"
7123,115,"2024-05-10 00:00:00",78.03,0.00,"2024-05-10 00:00:00","2026-04-16 11:56:38"
7124,189,"2025-03-23 00:00:00",51.96,5.00,"2025-03-23 00:00:00","2026-04-16 11:56:38"
7125,20,"2021-11-17 00:00:00",220.19,0.00,"2021-11-17 00:00:00","2026-04-16 11:56:38"
7126,209,"2026-01-19 00:00:00",244.34,0.00,"2026-01-19 00:00:00","2026-04-16 11:56:38"
7127,27,"2021-01-30 00:00:00",10.41,25.00,"2021-01-30 00:00:00","2026-04-16 11:56:38"
7128,281,"2025-08-30 00:00:00",123.97,0.00,"2025-08-30 00:00:00","2026-04-16 11:56:38"
7129,181,"2023-05-22 00:00:00",45.23,10.00,"2023-05-22 00:00:00","2026-04-16 11:56:38"
7130,61,"2025-11-04 00:00:00",112.24,0.00,"2025-11-04 00:00:00","2026-04-16 11:56:38"
7131,92,"2025-03-11 00:00:00",29.24,10.00,"2025-03-11 00:00:00","2026-04-16 11:56:38"
7132,35,"2025-12-05 00:00:00",25.65,10.00,"2025-12-05 00:00:00","2026-04-16 11:56:38"
7133,250,"2021-10-27 00:00:00",156.82,0.00,"2021-10-27 00:00:00","2026-04-16 11:56:38"
7134,125,"2022-01-10 00:00:00",8.11,25.00,"2022-01-10 00:00:00","2026-04-16 11:56:38"
7135,7,"2023-04-21 00:00:00",84.88,0.00,"2023-04-21 00:00:00","2026-04-16 11:56:38"
7136,93,"2024-02-08 00:00:00",44.41,10.00,"2024-02-08 00:00:00","2026-04-16 11:56:38"
7137,110,"2025-07-03 00:00:00",9.57,25.00,"2025-07-03 00:00:00","2026-04-16 11:56:38"
7138,5,"2025-08-05 00:00:00",134.11,0.00,"2025-08-05 00:00:00","2026-04-16 11:56:38"
7139,81,"2021-01-18 00:00:00",405.26,0.00,"2021-01-18 00:00:00","2026-04-16 11:56:38"
7140,83,"2024-08-15 00:00:00",63.13,5.00,"2024-08-15 00:00:00","2026-04-16 11:56:38"
7141,72,"2025-02-14 00:00:00",254.86,0.00,"2025-02-14 00:00:00","2026-04-16 11:56:38"
7142,224,"2026-01-04 00:00:00",66.82,5.00,"2026-01-04 00:00:00","2026-04-16 11:56:38"
7143,290,"2022-05-05 00:00:00",196.82,0.00,"2022-05-05 00:00:00","2026-04-16 11:56:38"
7144,271,"2022-05-29 00:00:00",66.75,5.00,"2022-05-29 00:00:00","2026-04-16 11:56:38"
7145,280,"2025-11-07 00:00:00",162.05,0.00,"2025-11-07 00:00:00","2026-04-16 11:56:38"
7146,165,"2024-11-21 00:00:00",21.20,25.00,"2024-11-21 00:00:00","2026-04-16 11:56:38"
7147,38,"2025-06-28 00:00:00",9.80,25.00,"2025-06-28 00:00:00","2026-04-16 11:56:38"
7148,231,"2024-01-09 00:00:00",182.01,0.00,"2024-01-09 00:00:00","2026-04-16 11:56:38"
7149,199,"2025-06-09 00:00:00",124.03,0.00,"2025-06-09 00:00:00","2026-04-16 11:56:38"
7150,35,"2024-04-10 00:00:00",62.87,5.00,"2024-04-10 00:00:00","2026-04-16 11:56:38"
7151,3,"2023-11-17 00:00:00",27.90,10.00,"2023-11-17 00:00:00","2026-04-16 11:56:38"
7152,55,"2022-06-15 00:00:00",244.79,0.00,"2022-06-15 00:00:00","2026-04-16 11:56:38"
7153,42,"2025-12-15 00:00:00",289.29,0.00,"2025-12-15 00:00:00","2026-04-16 11:56:38"
7154,300,"2024-04-27 00:00:00",28.95,10.00,"2024-04-27 00:00:00","2026-04-16 11:56:38"
7155,188,"2025-11-27 00:00:00",227.94,0.00,"2025-11-27 00:00:00","2026-04-16 11:56:38"
7156,239,"2024-05-17 00:00:00",150.93,0.00,"2024-05-17 00:00:00","2026-04-16 11:56:38"
7157,29,"2025-07-15 00:00:00",43.70,10.00,"2025-07-15 00:00:00","2026-04-16 11:56:38"
7158,47,"2023-09-21 00:00:00",195.10,0.00,"2023-09-21 00:00:00","2026-04-16 11:56:38"
7159,86,"2025-01-08 00:00:00",29.47,10.00,"2025-01-08 00:00:00","2026-04-16 11:56:38"
7160,34,"2025-03-07 00:00:00",38.20,10.00,"2025-03-07 00:00:00","2026-04-16 11:56:38"
7161,93,"2025-02-17 00:00:00",121.60,0.00,"2025-02-17 00:00:00","2026-04-16 11:56:38"
7162,268,"2025-04-06 00:00:00",115.81,0.00,"2025-04-06 00:00:00","2026-04-16 11:56:38"
7163,81,"2024-06-09 00:00:00",132.03,0.00,"2024-06-09 00:00:00","2026-04-16 11:56:38"
7164,208,"2022-12-12 00:00:00",372.64,0.00,"2022-12-12 00:00:00","2026-04-16 11:56:38"
7165,232,"2025-07-24 00:00:00",112.90,0.00,"2025-07-24 00:00:00","2026-04-16 11:56:38"
7166,133,"2023-12-03 00:00:00",172.77,0.00,"2023-12-03 00:00:00","2026-04-16 11:56:38"
7167,57,"2025-10-10 00:00:00",351.34,0.00,"2025-10-10 00:00:00","2026-04-16 11:56:38"
7168,177,"2024-10-10 00:00:00",120.55,0.00,"2024-10-10 00:00:00","2026-04-16 11:56:38"
7169,272,"2025-09-14 00:00:00",322.43,0.00,"2025-09-14 00:00:00","2026-04-16 11:56:38"
7170,295,"2025-12-21 00:00:00",228.55,0.00,"2025-12-21 00:00:00","2026-04-16 11:56:38"
7171,168,"2026-01-25 00:00:00",103.32,0.00,"2026-01-25 00:00:00","2026-04-16 11:56:38"
7172,211,"2024-09-24 00:00:00",265.17,0.00,"2024-09-24 00:00:00","2026-04-16 11:56:38"
7173,137,"2026-01-19 00:00:00",122.39,0.00,"2026-01-19 00:00:00","2026-04-16 11:56:38"
7174,267,"2024-01-14 00:00:00",14.88,25.00,"2024-01-14 00:00:00","2026-04-16 11:56:38"
7175,140,"2026-03-31 00:00:00",36.46,10.00,"2026-03-31 00:00:00","2026-04-16 11:56:38"
7176,171,"2023-05-19 00:00:00",312.65,0.00,"2023-05-19 00:00:00","2026-04-16 11:56:38"
7177,181,"2022-09-26 00:00:00",62.38,5.00,"2022-09-26 00:00:00","2026-04-16 11:56:38"
7178,54,"2024-11-15 00:00:00",152.98,0.00,"2024-11-15 00:00:00","2026-04-16 11:56:38"
7179,106,"2023-02-04 00:00:00",5.85,25.00,"2023-02-04 00:00:00","2026-04-16 11:56:38"
7180,52,"2025-11-16 00:00:00",301.45,0.00,"2025-11-16 00:00:00","2026-04-16 11:56:38"
7181,269,"2024-03-16 00:00:00",123.25,0.00,"2024-03-16 00:00:00","2026-04-16 11:56:38"
7182,214,"2025-11-23 00:00:00",121.12,0.00,"2025-11-23 00:00:00","2026-04-16 11:56:38"
7183,244,"2026-03-08 00:00:00",107.34,0.00,"2026-03-08 00:00:00","2026-04-16 11:56:38"
7184,273,"2025-03-27 00:00:00",374.97,0.00,"2025-03-27 00:00:00","2026-04-16 11:56:38"
7185,78,"2026-02-06 00:00:00",2.01,25.00,"2026-02-06 00:00:00","2026-04-16 11:56:38"
7186,252,"2025-08-29 00:00:00",202.73,0.00,"2025-08-29 00:00:00","2026-04-16 11:56:38"
7187,291,"2024-08-06 00:00:00",105.80,0.00,"2024-08-06 00:00:00","2026-04-16 11:56:38"
7188,163,"2026-02-28 00:00:00",93.38,0.00,"2026-02-28 00:00:00","2026-04-16 11:56:38"
7189,184,"2026-04-02 00:00:00",140.58,0.00,"2026-04-02 00:00:00","2026-04-16 11:56:38"
7190,46,"2026-03-04 00:00:00",110.66,0.00,"2026-03-04 00:00:00","2026-04-16 11:56:38"
7191,292,"2023-12-03 00:00:00",19.66,25.00,"2023-12-03 00:00:00","2026-04-16 11:56:38"
7192,178,"2024-11-02 00:00:00",76.46,0.00,"2024-11-02 00:00:00","2026-04-16 11:56:38"
7193,25,"2025-09-27 00:00:00",149.14,0.00,"2025-09-27 00:00:00","2026-04-16 11:56:38"
7194,142,"2024-02-20 00:00:00",60.87,5.00,"2024-02-20 00:00:00","2026-04-16 11:56:38"
7195,169,"2023-06-03 00:00:00",32.67,10.00,"2023-06-03 00:00:00","2026-04-16 11:56:38"
7196,177,"2025-09-20 00:00:00",63.47,5.00,"2025-09-20 00:00:00","2026-04-16 11:56:38"
7197,92,"2025-03-03 00:00:00",222.74,0.00,"2025-03-03 00:00:00","2026-04-16 11:56:38"
7198,144,"2020-07-04 00:00:00",108.61,0.00,"2020-07-04 00:00:00","2026-04-16 11:56:38"
7199,69,"2024-10-09 00:00:00",128.82,0.00,"2024-10-09 00:00:00","2026-04-16 11:56:38"
7200,296,"2025-08-18 00:00:00",167.37,0.00,"2025-08-18 00:00:00","2026-04-16 11:56:38"
7201,43,"2024-06-30 00:00:00",81.38,0.00,"2024-06-30 00:00:00","2026-04-16 11:56:38"
7202,199,"2025-04-06 00:00:00",283.60,0.00,"2025-04-06 00:00:00","2026-04-16 11:56:38"
7203,149,"2026-03-10 00:00:00",91.20,0.00,"2026-03-10 00:00:00","2026-04-16 11:56:38"
7204,239,"2023-08-23 00:00:00",5.54,25.00,"2023-08-23 00:00:00","2026-04-16 11:56:38"
7205,239,"2023-01-14 00:00:00",117.40,0.00,"2023-01-14 00:00:00","2026-04-16 11:56:38"
7206,34,"2026-01-21 00:00:00",173.87,0.00,"2026-01-21 00:00:00","2026-04-16 11:56:38"
7207,91,"2025-06-10 00:00:00",214.17,0.00,"2025-06-10 00:00:00","2026-04-16 11:56:38"
7208,162,"2023-06-13 00:00:00",71.28,5.00,"2023-06-13 00:00:00","2026-04-16 11:56:38"
7209,86,"2025-01-15 00:00:00",124.10,0.00,"2025-01-15 00:00:00","2026-04-16 11:56:38"
7210,267,"2025-05-08 00:00:00",161.55,0.00,"2025-05-08 00:00:00","2026-04-16 11:56:38"
7211,237,"2026-02-25 00:00:00",154.50,0.00,"2026-02-25 00:00:00","2026-04-16 11:56:38"
7212,148,"2025-11-04 00:00:00",31.94,10.00,"2025-11-04 00:00:00","2026-04-16 11:56:38"
7213,46,"2025-10-14 00:00:00",10.77,25.00,"2025-10-14 00:00:00","2026-04-16 11:56:38"
7214,287,"2021-03-06 00:00:00",311.47,0.00,"2021-03-06 00:00:00","2026-04-16 11:56:38"
7215,60,"2025-04-01 00:00:00",31.44,10.00,"2025-04-01 00:00:00","2026-04-16 11:56:38"
7216,188,"2025-12-20 00:00:00",185.38,0.00,"2025-12-20 00:00:00","2026-04-16 11:56:38"
7217,166,"2024-07-11 00:00:00",179.07,0.00,"2024-07-11 00:00:00","2026-04-16 11:56:38"
7218,130,"2025-02-15 00:00:00",309.39,0.00,"2025-02-15 00:00:00","2026-04-16 11:56:38"
7219,167,"2025-10-19 00:00:00",36.25,10.00,"2025-10-19 00:00:00","2026-04-16 11:56:38"
7220,151,"2023-08-31 00:00:00",16.84,25.00,"2023-08-31 00:00:00","2026-04-16 11:56:38"
7221,43,"2025-07-03 00:00:00",229.97,0.00,"2025-07-03 00:00:00","2026-04-16 11:56:38"
7222,13,"2023-03-29 00:00:00",15.44,25.00,"2023-03-29 00:00:00","2026-04-16 11:56:38"
7223,216,"2025-05-04 00:00:00",63.80,5.00,"2025-05-04 00:00:00","2026-04-16 11:56:38"
7224,247,"2024-08-13 00:00:00",39.61,10.00,"2024-08-13 00:00:00","2026-04-16 11:56:38"
7225,252,"2026-02-09 00:00:00",67.38,5.00,"2026-02-09 00:00:00","2026-04-16 11:56:38"
7226,15,"2022-01-25 00:00:00",253.01,0.00,"2022-01-25 00:00:00","2026-04-16 11:56:38"
7227,90,"2025-04-11 00:00:00",6.86,25.00,"2025-04-11 00:00:00","2026-04-16 11:56:38"
7228,141,"2024-09-30 00:00:00",107.57,0.00,"2024-09-30 00:00:00","2026-04-16 11:56:38"
7229,239,"2023-08-24 00:00:00",117.30,0.00,"2023-08-24 00:00:00","2026-04-16 11:56:38"
7230,180,"2024-12-20 00:00:00",162.02,0.00,"2024-12-20 00:00:00","2026-04-16 11:56:38"
7231,227,"2026-03-23 00:00:00",18.70,25.00,"2026-03-23 00:00:00","2026-04-16 11:56:38"
7232,4,"2025-07-18 00:00:00",26.06,10.00,"2025-07-18 00:00:00","2026-04-16 11:56:38"
7233,253,"2024-06-19 00:00:00",233.71,0.00,"2024-06-19 00:00:00","2026-04-16 11:56:38"
7234,297,"2025-09-24 00:00:00",267.57,0.00,"2025-09-24 00:00:00","2026-04-16 11:56:38"
7235,194,"2024-04-26 00:00:00",135.02,0.00,"2024-04-26 00:00:00","2026-04-16 11:56:38"
7236,225,"2026-03-31 00:00:00",38.25,10.00,"2026-03-31 00:00:00","2026-04-16 11:56:38"
7237,239,"2023-11-19 00:00:00",5.00,25.00,"2023-11-19 00:00:00","2026-04-16 11:56:38"
7238,258,"2025-12-02 00:00:00",228.76,0.00,"2025-12-02 00:00:00","2026-04-16 11:56:38"
7239,76,"2025-01-17 00:00:00",25.65,10.00,"2025-01-17 00:00:00","2026-04-16 11:56:38"
7240,37,"2023-01-14 00:00:00",73.84,5.00,"2023-01-14 00:00:00","2026-04-16 11:56:38"
7241,104,"2026-02-10 00:00:00",71.02,5.00,"2026-02-10 00:00:00","2026-04-16 11:56:38"
7242,15,"2025-10-24 00:00:00",218.91,0.00,"2025-10-24 00:00:00","2026-04-16 11:56:38"
7243,2,"2023-03-31 00:00:00",105.89,0.00,"2023-03-31 00:00:00","2026-04-16 11:56:38"
7244,219,"2022-12-26 00:00:00",94.15,0.00,"2022-12-26 00:00:00","2026-04-16 11:56:38"
7245,239,"2024-05-15 00:00:00",23.24,25.00,"2024-05-15 00:00:00","2026-04-16 11:56:38"
7246,273,"2024-09-09 00:00:00",83.83,0.00,"2024-09-09 00:00:00","2026-04-16 11:56:38"
7247,10,"2025-09-11 00:00:00",175.54,0.00,"2025-09-11 00:00:00","2026-04-16 11:56:38"
7248,237,"2026-03-27 00:00:00",269.83,0.00,"2026-03-27 00:00:00","2026-04-16 11:56:38"
7249,206,"2025-11-29 00:00:00",92.34,0.00,"2025-11-29 00:00:00","2026-04-16 11:56:38"
7250,201,"2025-11-16 00:00:00",83.71,0.00,"2025-11-16 00:00:00","2026-04-16 11:56:38"
7251,154,"2025-10-03 00:00:00",99.76,0.00,"2025-10-03 00:00:00","2026-04-16 11:56:38"
7252,147,"2023-02-13 00:00:00",22.92,25.00,"2023-02-13 00:00:00","2026-04-16 11:56:38"
7253,230,"2025-08-14 00:00:00",191.68,0.00,"2025-08-14 00:00:00","2026-04-16 11:56:38"
7254,160,"2024-11-20 00:00:00",162.60,0.00,"2024-11-20 00:00:00","2026-04-16 11:56:38"
7255,289,"2025-03-14 00:00:00",263.18,0.00,"2025-03-14 00:00:00","2026-04-16 11:56:38"
7256,45,"2023-10-26 00:00:00",57.44,5.00,"2023-10-26 00:00:00","2026-04-16 11:56:38"
7257,104,"2021-08-22 00:00:00",38.34,10.00,"2021-08-22 00:00:00","2026-04-16 11:56:38"
7258,235,"2025-09-05 00:00:00",19.51,25.00,"2025-09-05 00:00:00","2026-04-16 11:56:38"
7259,240,"2026-01-10 00:00:00",42.72,10.00,"2026-01-10 00:00:00","2026-04-16 11:56:38"
7260,293,"2023-07-22 00:00:00",83.06,0.00,"2023-07-22 00:00:00","2026-04-16 11:56:38"
7261,300,"2023-06-12 00:00:00",155.00,0.00,"2023-06-12 00:00:00","2026-04-16 11:56:38"
7262,39,"2022-09-14 00:00:00",35.39,10.00,"2022-09-14 00:00:00","2026-04-16 11:56:38"
7263,224,"2021-12-28 00:00:00",107.20,0.00,"2021-12-28 00:00:00","2026-04-16 11:56:38"
7264,287,"2022-08-28 00:00:00",48.26,10.00,"2022-08-28 00:00:00","2026-04-16 11:56:38"
7265,185,"2024-09-21 00:00:00",97.04,0.00,"2024-09-21 00:00:00","2026-04-16 11:56:38"
7266,26,"2024-12-13 00:00:00",190.00,0.00,"2024-12-13 00:00:00","2026-04-16 11:56:38"
7267,300,"2025-11-12 00:00:00",44.50,10.00,"2025-11-12 00:00:00","2026-04-16 11:56:38"
7268,19,"2025-06-19 00:00:00",54.17,5.00,"2025-06-19 00:00:00","2026-04-16 11:56:38"
7269,219,"2021-05-05 00:00:00",42.90,10.00,"2021-05-05 00:00:00","2026-04-16 11:56:38"
7270,187,"2022-09-18 00:00:00",58.66,5.00,"2022-09-18 00:00:00","2026-04-16 11:56:38"
7271,255,"2022-07-01 00:00:00",161.44,0.00,"2022-07-01 00:00:00","2026-04-16 11:56:38"
7272,292,"2023-06-02 00:00:00",62.47,5.00,"2023-06-02 00:00:00","2026-04-16 11:56:38"
7273,193,"2024-08-09 00:00:00",126.04,0.00,"2024-08-09 00:00:00","2026-04-16 11:56:38"
7274,240,"2025-07-10 00:00:00",7.23,25.00,"2025-07-10 00:00:00","2026-04-16 11:56:38"
7275,91,"2025-06-24 00:00:00",115.37,0.00,"2025-06-24 00:00:00","2026-04-16 11:56:38"
7276,10,"2025-06-29 00:00:00",133.95,0.00,"2025-06-29 00:00:00","2026-04-16 11:56:38"
7277,155,"2025-12-14 00:00:00",92.72,0.00,"2025-12-14 00:00:00","2026-04-16 11:56:38"
7278,8,"2026-01-10 00:00:00",181.94,0.00,"2026-01-10 00:00:00","2026-04-16 11:56:38"
7279,194,"2022-06-27 00:00:00",75.45,0.00,"2022-06-27 00:00:00","2026-04-16 11:56:38"
7280,258,"2025-09-14 00:00:00",132.41,0.00,"2025-09-14 00:00:00","2026-04-16 11:56:38"
7281,185,"2025-09-19 00:00:00",32.32,10.00,"2025-09-19 00:00:00","2026-04-16 11:56:38"
7282,186,"2026-03-16 00:00:00",203.54,0.00,"2026-03-16 00:00:00","2026-04-16 11:56:38"
7283,207,"2026-02-20 00:00:00",220.11,0.00,"2026-02-20 00:00:00","2026-04-16 11:56:38"
7284,12,"2022-11-29 00:00:00",28.23,10.00,"2022-11-29 00:00:00","2026-04-16 11:56:38"
7285,140,"2026-04-12 00:00:00",25.75,10.00,"2026-04-12 00:00:00","2026-04-16 11:56:38"
7286,153,"2021-10-20 00:00:00",167.11,0.00,"2021-10-20 00:00:00","2026-04-16 11:56:38"
7287,255,"2022-10-09 00:00:00",216.44,0.00,"2022-10-09 00:00:00","2026-04-16 11:56:38"
7288,94,"2024-12-27 00:00:00",251.54,0.00,"2024-12-27 00:00:00","2026-04-16 11:56:38"
7289,64,"2025-08-19 00:00:00",258.03,0.00,"2025-08-19 00:00:00","2026-04-16 11:56:38"
7290,123,"2023-11-16 00:00:00",115.70,0.00,"2023-11-16 00:00:00","2026-04-16 11:56:38"
7291,30,"2026-02-15 00:00:00",9.27,25.00,"2026-02-15 00:00:00","2026-04-16 11:56:38"
7292,275,"2023-02-26 00:00:00",25.14,10.00,"2023-02-26 00:00:00","2026-04-16 11:56:38"
7293,61,"2024-07-15 00:00:00",291.78,0.00,"2024-07-15 00:00:00","2026-04-16 11:56:38"
7294,44,"2026-03-18 00:00:00",266.15,0.00,"2026-03-18 00:00:00","2026-04-16 11:56:38"
7295,177,"2024-02-29 00:00:00",164.85,0.00,"2024-02-29 00:00:00","2026-04-16 11:56:38"
7296,12,"2025-04-06 00:00:00",194.75,0.00,"2025-04-06 00:00:00","2026-04-16 11:56:38"
7297,118,"2023-02-23 00:00:00",168.95,0.00,"2023-02-23 00:00:00","2026-04-16 11:56:38"
7298,192,"2023-01-11 00:00:00",218.25,0.00,"2023-01-11 00:00:00","2026-04-16 11:56:38"
7299,293,"2022-04-29 00:00:00",158.92,0.00,"2022-04-29 00:00:00","2026-04-16 11:56:38"
7300,225,"2026-04-12 00:00:00",97.33,0.00,"2026-04-12 00:00:00","2026-04-16 11:56:38"
7301,123,"2025-02-27 00:00:00",42.76,10.00,"2025-02-27 00:00:00","2026-04-16 11:56:38"
7302,44,"2026-03-19 00:00:00",122.09,0.00,"2026-03-19 00:00:00","2026-04-16 11:56:38"
7303,90,"2025-10-17 00:00:00",61.22,5.00,"2025-10-17 00:00:00","2026-04-16 11:56:38"
7304,300,"2023-11-21 00:00:00",104.30,0.00,"2023-11-21 00:00:00","2026-04-16 11:56:38"
7305,143,"2025-06-11 00:00:00",28.48,10.00,"2025-06-11 00:00:00","2026-04-16 11:56:38"
7306,221,"2026-01-28 00:00:00",69.48,5.00,"2026-01-28 00:00:00","2026-04-16 11:56:38"
7307,194,"2023-01-15 00:00:00",26.49,10.00,"2023-01-15 00:00:00","2026-04-16 11:56:38"
7308,8,"2026-01-28 00:00:00",147.90,0.00,"2026-01-28 00:00:00","2026-04-16 11:56:38"
7309,61,"2025-07-31 00:00:00",14.26,25.00,"2025-07-31 00:00:00","2026-04-16 11:56:38"
7310,208,"2024-04-24 00:00:00",143.23,0.00,"2024-04-24 00:00:00","2026-04-16 11:56:38"
7311,60,"2025-09-08 00:00:00",11.52,25.00,"2025-09-08 00:00:00","2026-04-16 11:56:38"
7312,152,"2026-01-17 00:00:00",129.17,0.00,"2026-01-17 00:00:00","2026-04-16 11:56:38"
7313,255,"2024-02-18 00:00:00",138.32,0.00,"2024-02-18 00:00:00","2026-04-16 11:56:38"
7314,154,"2024-06-15 00:00:00",134.54,0.00,"2024-06-15 00:00:00","2026-04-16 11:56:38"
7315,277,"2023-10-02 00:00:00",234.48,0.00,"2023-10-02 00:00:00","2026-04-16 11:56:38"
7316,196,"2026-01-14 00:00:00",50.20,5.00,"2026-01-14 00:00:00","2026-04-16 11:56:38"
7317,299,"2025-11-04 00:00:00",85.76,0.00,"2025-11-04 00:00:00","2026-04-16 11:56:38"
7318,31,"2023-04-10 00:00:00",37.36,10.00,"2023-04-10 00:00:00","2026-04-16 11:56:38"
7319,54,"2025-10-28 00:00:00",98.41,0.00,"2025-10-28 00:00:00","2026-04-16 11:56:38"
7320,254,"2025-09-12 00:00:00",91.48,0.00,"2025-09-12 00:00:00","2026-04-16 11:56:38"
7321,62,"2024-03-15 00:00:00",127.46,0.00,"2024-03-15 00:00:00","2026-04-16 11:56:38"
7322,287,"2022-10-05 00:00:00",88.33,0.00,"2022-10-05 00:00:00","2026-04-16 11:56:38"
7323,224,"2025-05-06 00:00:00",5.40,25.00,"2025-05-06 00:00:00","2026-04-16 11:56:38"
7324,204,"2024-12-17 00:00:00",276.26,0.00,"2024-12-17 00:00:00","2026-04-16 11:56:38"
7325,262,"2023-02-10 00:00:00",140.02,0.00,"2023-02-10 00:00:00","2026-04-16 11:56:38"
7326,245,"2025-08-18 00:00:00",1.67,25.00,"2025-08-18 00:00:00","2026-04-16 11:56:38"
7327,247,"2021-04-03 00:00:00",197.83,0.00,"2021-04-03 00:00:00","2026-04-16 11:56:38"
7328,263,"2020-03-27 00:00:00",185.45,0.00,"2020-03-27 00:00:00","2026-04-16 11:56:38"
7329,250,"2022-10-08 00:00:00",161.16,0.00,"2022-10-08 00:00:00","2026-04-16 11:56:38"
7330,282,"2022-05-07 00:00:00",161.16,0.00,"2022-05-07 00:00:00","2026-04-16 11:56:38"
7331,171,"2022-10-15 00:00:00",75.62,0.00,"2022-10-15 00:00:00","2026-04-16 11:56:38"
7332,6,"2026-01-01 00:00:00",145.32,0.00,"2026-01-01 00:00:00","2026-04-16 11:56:38"
7333,108,"2026-04-04 00:00:00",170.19,0.00,"2026-04-04 00:00:00","2026-04-16 11:56:38"
7334,148,"2024-02-26 00:00:00",49.21,10.00,"2024-02-26 00:00:00","2026-04-16 11:56:38"
7335,136,"2025-10-31 00:00:00",172.52,0.00,"2025-10-31 00:00:00","2026-04-16 11:56:38"
7336,293,"2024-02-19 00:00:00",240.54,0.00,"2024-02-19 00:00:00","2026-04-16 11:56:38"
7337,167,"2025-07-14 00:00:00",65.67,5.00,"2025-07-14 00:00:00","2026-04-16 11:56:38"
7338,34,"2025-08-17 00:00:00",62.64,5.00,"2025-08-17 00:00:00","2026-04-16 11:56:38"
7339,57,"2025-08-16 00:00:00",239.48,0.00,"2025-08-16 00:00:00","2026-04-16 11:56:38"
7340,48,"2025-04-21 00:00:00",229.65,0.00,"2025-04-21 00:00:00","2026-04-16 11:56:38"
7341,279,"2023-02-13 00:00:00",116.97,0.00,"2023-02-13 00:00:00","2026-04-16 11:56:38"
7342,168,"2024-02-21 00:00:00",57.57,5.00,"2024-02-21 00:00:00","2026-04-16 11:56:38"
7343,134,"2026-03-17 00:00:00",187.30,0.00,"2026-03-17 00:00:00","2026-04-16 11:56:38"
7344,293,"2023-06-26 00:00:00",87.90,0.00,"2023-06-26 00:00:00","2026-04-16 11:56:38"
7345,84,"2026-01-07 00:00:00",285.10,0.00,"2026-01-07 00:00:00","2026-04-16 11:56:38"
7346,119,"2024-09-24 00:00:00",173.85,0.00,"2024-09-24 00:00:00","2026-04-16 11:56:38"
7347,83,"2024-08-11 00:00:00",37.67,10.00,"2024-08-11 00:00:00","2026-04-16 11:56:38"
7348,118,"2023-02-19 00:00:00",102.08,0.00,"2023-02-19 00:00:00","2026-04-16 11:56:38"
7349,269,"2025-07-28 00:00:00",208.73,0.00,"2025-07-28 00:00:00","2026-04-16 11:56:38"
7350,233,"2025-03-03 00:00:00",282.38,0.00,"2025-03-03 00:00:00","2026-04-16 11:56:38"
7351,136,"2025-06-19 00:00:00",77.54,0.00,"2025-06-19 00:00:00","2026-04-16 11:56:38"
7352,282,"2025-04-16 00:00:00",162.51,0.00,"2025-04-16 00:00:00","2026-04-16 11:56:38"
7353,155,"2025-11-30 00:00:00",252.97,0.00,"2025-11-30 00:00:00","2026-04-16 11:56:38"
7354,15,"2025-08-15 00:00:00",65.95,5.00,"2025-08-15 00:00:00","2026-04-16 11:56:38"
7355,1,"2026-03-21 00:00:00",125.68,0.00,"2026-03-21 00:00:00","2026-04-16 11:56:38"
7356,31,"2023-01-17 00:00:00",308.63,0.00,"2023-01-17 00:00:00","2026-04-16 11:56:38"
7357,166,"2024-08-14 00:00:00",152.66,0.00,"2024-08-14 00:00:00","2026-04-16 11:56:38"
7358,62,"2024-10-25 00:00:00",247.42,0.00,"2024-10-25 00:00:00","2026-04-16 11:56:38"
7359,34,"2026-02-05 00:00:00",98.61,0.00,"2026-02-05 00:00:00","2026-04-16 11:56:38"
7360,168,"2025-01-12 00:00:00",209.51,0.00,"2025-01-12 00:00:00","2026-04-16 11:56:38"
7361,122,"2025-12-11 00:00:00",206.33,0.00,"2025-12-11 00:00:00","2026-04-16 11:56:38"
7362,155,"2025-05-22 00:00:00",81.22,0.00,"2025-05-22 00:00:00","2026-04-16 11:56:38"
7363,28,"2024-03-02 00:00:00",135.09,0.00,"2024-03-02 00:00:00","2026-04-16 11:56:38"
7364,267,"2023-06-06 00:00:00",170.52,0.00,"2023-06-06 00:00:00","2026-04-16 11:56:38"
7365,241,"2026-01-18 00:00:00",330.24,0.00,"2026-01-18 00:00:00","2026-04-16 11:56:38"
7366,76,"2025-07-14 00:00:00",109.54,0.00,"2025-07-14 00:00:00","2026-04-16 11:56:38"
7367,30,"2025-12-30 00:00:00",105.86,0.00,"2025-12-30 00:00:00","2026-04-16 11:56:38"
7368,123,"2024-07-22 00:00:00",10.75,25.00,"2024-07-22 00:00:00","2026-04-16 11:56:38"
7369,40,"2025-11-01 00:00:00",212.44,0.00,"2025-11-01 00:00:00","2026-04-16 11:56:38"
7370,131,"2025-01-18 00:00:00",76.19,0.00,"2025-01-18 00:00:00","2026-04-16 11:56:38"
7371,11,"2023-07-19 00:00:00",121.82,0.00,"2023-07-19 00:00:00","2026-04-16 11:56:38"
7372,76,"2025-12-21 00:00:00",70.50,5.00,"2025-12-21 00:00:00","2026-04-16 11:56:38"
7373,281,"2025-04-04 00:00:00",214.53,0.00,"2025-04-04 00:00:00","2026-04-16 11:56:38"
7374,237,"2026-04-08 00:00:00",207.02,0.00,"2026-04-08 00:00:00","2026-04-16 11:56:38"
7375,162,"2024-02-09 00:00:00",137.55,0.00,"2024-02-09 00:00:00","2026-04-16 11:56:38"
7376,278,"2026-02-05 00:00:00",32.63,10.00,"2026-02-05 00:00:00","2026-04-16 11:56:38"
7377,37,"2024-09-11 00:00:00",51.79,5.00,"2024-09-11 00:00:00","2026-04-16 11:56:38"
7378,68,"2026-04-12 00:00:00",180.58,0.00,"2026-04-12 00:00:00","2026-04-16 11:56:38"
7379,3,"2026-01-26 00:00:00",161.80,0.00,"2026-01-26 00:00:00","2026-04-16 11:56:38"
7380,159,"2023-09-30 00:00:00",168.62,0.00,"2023-09-30 00:00:00","2026-04-16 11:56:38"
7381,193,"2025-01-11 00:00:00",158.14,0.00,"2025-01-11 00:00:00","2026-04-16 11:56:38"
7382,26,"2023-06-04 00:00:00",190.64,0.00,"2023-06-04 00:00:00","2026-04-16 11:56:38"
7383,81,"2024-03-28 00:00:00",256.34,0.00,"2024-03-28 00:00:00","2026-04-16 11:56:38"
7384,169,"2025-09-04 00:00:00",36.74,10.00,"2025-09-04 00:00:00","2026-04-16 11:56:38"
7385,177,"2025-09-09 00:00:00",170.64,0.00,"2025-09-09 00:00:00","2026-04-16 11:56:38"
7386,161,"2025-05-27 00:00:00",161.05,0.00,"2025-05-27 00:00:00","2026-04-16 11:56:38"
7387,104,"2024-02-22 00:00:00",110.91,0.00,"2024-02-22 00:00:00","2026-04-16 11:56:38"
7388,221,"2024-12-11 00:00:00",163.52,0.00,"2024-12-11 00:00:00","2026-04-16 11:56:38"
7389,28,"2023-05-25 00:00:00",260.56,0.00,"2023-05-25 00:00:00","2026-04-16 11:56:38"
7390,295,"2025-11-15 00:00:00",6.72,25.00,"2025-11-15 00:00:00","2026-04-16 11:56:38"
7391,62,"2025-08-16 00:00:00",120.62,0.00,"2025-08-16 00:00:00","2026-04-16 11:56:38"
7392,258,"2025-12-28 00:00:00",92.76,0.00,"2025-12-28 00:00:00","2026-04-16 11:56:38"
7393,190,"2025-11-08 00:00:00",37.62,10.00,"2025-11-08 00:00:00","2026-04-16 11:56:38"
7394,251,"2026-03-23 00:00:00",289.68,0.00,"2026-03-23 00:00:00","2026-04-16 11:56:38"
7395,287,"2022-09-13 00:00:00",43.55,10.00,"2022-09-13 00:00:00","2026-04-16 11:56:38"
7396,274,"2022-07-02 00:00:00",100.85,0.00,"2022-07-02 00:00:00","2026-04-16 11:56:38"
7397,19,"2025-11-07 00:00:00",27.16,10.00,"2025-11-07 00:00:00","2026-04-16 11:56:38"
7398,133,"2025-12-22 00:00:00",29.50,10.00,"2025-12-22 00:00:00","2026-04-16 11:56:38"
7399,214,"2025-12-23 00:00:00",82.78,0.00,"2025-12-23 00:00:00","2026-04-16 11:56:38"
7400,261,"2024-05-12 00:00:00",181.14,0.00,"2024-05-12 00:00:00","2026-04-16 11:56:38"
7401,61,"2025-03-13 00:00:00",107.33,0.00,"2025-03-13 00:00:00","2026-04-16 11:56:38"
7402,46,"2026-03-10 00:00:00",138.50,0.00,"2026-03-10 00:00:00","2026-04-16 11:56:38"
7403,260,"2021-10-27 00:00:00",227.76,0.00,"2021-10-27 00:00:00","2026-04-16 11:56:38"
7404,44,"2026-03-31 00:00:00",13.25,25.00,"2026-03-31 00:00:00","2026-04-16 11:56:38"
7405,56,"2025-05-01 00:00:00",31.17,10.00,"2025-05-01 00:00:00","2026-04-16 11:56:38"
7406,280,"2025-04-13 00:00:00",121.47,0.00,"2025-04-13 00:00:00","2026-04-16 11:56:38"
7407,266,"2026-04-02 00:00:00",380.11,0.00,"2026-04-02 00:00:00","2026-04-16 11:56:38"
7408,195,"2025-01-19 00:00:00",33.62,10.00,"2025-01-19 00:00:00","2026-04-16 11:56:38"
7409,281,"2024-03-25 00:00:00",249.91,0.00,"2024-03-25 00:00:00","2026-04-16 11:56:38"
7410,148,"2022-08-30 00:00:00",46.81,10.00,"2022-08-30 00:00:00","2026-04-16 11:56:38"
7411,133,"2026-01-28 00:00:00",47.29,10.00,"2026-01-28 00:00:00","2026-04-16 11:56:38"
7412,214,"2022-01-23 00:00:00",82.12,0.00,"2022-01-23 00:00:00","2026-04-16 11:56:38"
7413,286,"2025-01-01 00:00:00",98.68,0.00,"2025-01-01 00:00:00","2026-04-16 11:56:38"
7414,289,"2024-09-17 00:00:00",258.21,0.00,"2024-09-17 00:00:00","2026-04-16 11:56:38"
7415,25,"2025-10-05 00:00:00",80.10,0.00,"2025-10-05 00:00:00","2026-04-16 11:56:38"
7416,253,"2024-11-29 00:00:00",134.44,0.00,"2024-11-29 00:00:00","2026-04-16 11:56:38"
7417,64,"2025-05-27 00:00:00",43.93,10.00,"2025-05-27 00:00:00","2026-04-16 11:56:38"
7418,272,"2024-06-19 00:00:00",201.27,0.00,"2024-06-19 00:00:00","2026-04-16 11:56:38"
7419,69,"2025-11-06 00:00:00",67.52,5.00,"2025-11-06 00:00:00","2026-04-16 11:56:38"
7420,233,"2025-05-30 00:00:00",70.72,5.00,"2025-05-30 00:00:00","2026-04-16 11:56:38"
7421,265,"2025-10-03 00:00:00",115.68,0.00,"2025-10-03 00:00:00","2026-04-16 11:56:38"
7422,82,"2025-02-13 00:00:00",126.73,0.00,"2025-02-13 00:00:00","2026-04-16 11:56:38"
7423,68,"2026-03-17 00:00:00",33.80,10.00,"2026-03-17 00:00:00","2026-04-16 11:56:38"
7424,291,"2026-01-07 00:00:00",188.25,0.00,"2026-01-07 00:00:00","2026-04-16 11:56:38"
7425,229,"2026-04-06 00:00:00",210.81,0.00,"2026-04-06 00:00:00","2026-04-16 11:56:38"
7426,17,"2024-11-06 00:00:00",72.61,5.00,"2024-11-06 00:00:00","2026-04-16 11:56:38"
7427,230,"2023-11-28 00:00:00",45.45,10.00,"2023-11-28 00:00:00","2026-04-16 11:56:38"
7428,56,"2023-03-28 00:00:00",131.54,0.00,"2023-03-28 00:00:00","2026-04-16 11:56:38"
7429,85,"2025-11-02 00:00:00",27.10,10.00,"2025-11-02 00:00:00","2026-04-16 11:56:38"
7430,171,"2023-04-13 00:00:00",131.08,0.00,"2023-04-13 00:00:00","2026-04-16 11:56:38"
7431,25,"2025-08-12 00:00:00",39.51,10.00,"2025-08-12 00:00:00","2026-04-16 11:56:38"
7432,59,"2025-09-13 00:00:00",48.52,10.00,"2025-09-13 00:00:00","2026-04-16 11:56:38"
7433,43,"2025-01-19 00:00:00",165.67,0.00,"2025-01-19 00:00:00","2026-04-16 11:56:38"
7434,83,"2025-11-08 00:00:00",36.65,10.00,"2025-11-08 00:00:00","2026-04-16 11:56:38"
7435,86,"2024-03-26 00:00:00",97.17,0.00,"2024-03-26 00:00:00","2026-04-16 11:56:38"
7436,13,"2025-06-09 00:00:00",90.91,0.00,"2025-06-09 00:00:00","2026-04-16 11:56:38"
7437,157,"2021-01-21 00:00:00",98.72,0.00,"2021-01-21 00:00:00","2026-04-16 11:56:38"
7438,153,"2021-10-19 00:00:00",160.40,0.00,"2021-10-19 00:00:00","2026-04-16 11:56:38"
7439,96,"2025-03-29 00:00:00",166.48,0.00,"2025-03-29 00:00:00","2026-04-16 11:56:38"
7440,157,"2021-06-14 00:00:00",67.73,5.00,"2021-06-14 00:00:00","2026-04-16 11:56:38"
7441,52,"2025-04-21 00:00:00",282.24,0.00,"2025-04-21 00:00:00","2026-04-16 11:56:38"
7442,207,"2026-03-14 00:00:00",84.11,0.00,"2026-03-14 00:00:00","2026-04-16 11:56:38"
7443,96,"2025-03-03 00:00:00",101.80,0.00,"2025-03-03 00:00:00","2026-04-16 11:56:38"
7444,69,"2024-03-28 00:00:00",8.24,25.00,"2024-03-28 00:00:00","2026-04-16 11:56:38"
7445,58,"2025-11-29 00:00:00",73.01,5.00,"2025-11-29 00:00:00","2026-04-16 11:56:38"
7446,119,"2026-03-05 00:00:00",4.21,25.00,"2026-03-05 00:00:00","2026-04-16 11:56:38"
7447,10,"2024-07-04 00:00:00",23.12,25.00,"2024-07-04 00:00:00","2026-04-16 11:56:38"
7448,67,"2024-10-16 00:00:00",69.58,5.00,"2024-10-16 00:00:00","2026-04-16 11:56:38"
7449,278,"2025-11-22 00:00:00",212.34,0.00,"2025-11-22 00:00:00","2026-04-16 11:56:38"
7450,246,"2022-09-19 00:00:00",12.84,25.00,"2022-09-19 00:00:00","2026-04-16 11:56:38"
7451,181,"2025-06-13 00:00:00",201.81,0.00,"2025-06-13 00:00:00","2026-04-16 11:56:38"
7452,222,"2023-08-18 00:00:00",104.21,0.00,"2023-08-18 00:00:00","2026-04-16 11:56:38"
7453,63,"2022-07-10 00:00:00",100.82,0.00,"2022-07-10 00:00:00","2026-04-16 11:56:38"
7454,92,"2025-12-24 00:00:00",110.23,0.00,"2025-12-24 00:00:00","2026-04-16 11:56:38"
7455,89,"2022-11-29 00:00:00",2.36,25.00,"2022-11-29 00:00:00","2026-04-16 11:56:38"
7456,14,"2022-10-31 00:00:00",65.69,5.00,"2022-10-31 00:00:00","2026-04-16 11:56:38"
7457,15,"2023-11-09 00:00:00",111.04,0.00,"2023-11-09 00:00:00","2026-04-16 11:56:38"
7458,296,"2024-06-25 00:00:00",28.80,10.00,"2024-06-25 00:00:00","2026-04-16 11:56:38"
7459,202,"2026-04-09 00:00:00",125.81,0.00,"2026-04-09 00:00:00","2026-04-16 11:56:38"
7460,267,"2025-03-30 00:00:00",171.55,0.00,"2025-03-30 00:00:00","2026-04-16 11:56:38"
7461,250,"2022-10-02 00:00:00",178.03,0.00,"2022-10-02 00:00:00","2026-04-16 11:56:38"
7462,250,"2022-01-21 00:00:00",411.12,0.00,"2022-01-21 00:00:00","2026-04-16 11:56:38"
7463,188,"2026-03-02 00:00:00",136.33,0.00,"2026-03-02 00:00:00","2026-04-16 11:56:38"
7464,289,"2025-08-07 00:00:00",98.56,0.00,"2025-08-07 00:00:00","2026-04-16 11:56:38"
7465,45,"2022-11-18 00:00:00",62.29,5.00,"2022-11-18 00:00:00","2026-04-16 11:56:38"
7466,230,"2023-02-21 00:00:00",182.62,0.00,"2023-02-21 00:00:00","2026-04-16 11:56:38"
7467,24,"2022-12-11 00:00:00",100.64,0.00,"2022-12-11 00:00:00","2026-04-16 11:56:38"
7468,42,"2024-07-07 00:00:00",27.88,10.00,"2024-07-07 00:00:00","2026-04-16 11:56:38"
7469,213,"2025-10-27 00:00:00",327.81,0.00,"2025-10-27 00:00:00","2026-04-16 11:56:38"
7470,186,"2026-04-09 00:00:00",15.74,25.00,"2026-04-09 00:00:00","2026-04-16 11:56:38"
7471,227,"2026-03-22 00:00:00",19.11,25.00,"2026-03-22 00:00:00","2026-04-16 11:56:38"
7472,34,"2026-01-06 00:00:00",71.21,5.00,"2026-01-06 00:00:00","2026-04-16 11:56:38"
7473,106,"2021-12-28 00:00:00",64.41,5.00,"2021-12-28 00:00:00","2026-04-16 11:56:38"
7474,233,"2025-05-21 00:00:00",123.91,0.00,"2025-05-21 00:00:00","2026-04-16 11:56:38"
7475,137,"2026-03-26 00:00:00",195.35,0.00,"2026-03-26 00:00:00","2026-04-16 11:56:38"
7476,149,"2026-02-20 00:00:00",149.75,0.00,"2026-02-20 00:00:00","2026-04-16 11:56:38"
7477,270,"2022-09-21 00:00:00",19.76,25.00,"2022-09-21 00:00:00","2026-04-16 11:56:38"
7478,261,"2024-05-19 00:00:00",174.59,0.00,"2024-05-19 00:00:00","2026-04-16 11:56:38"
7479,80,"2024-10-10 00:00:00",135.31,0.00,"2024-10-10 00:00:00","2026-04-16 11:56:38"
7480,38,"2025-11-07 00:00:00",195.87,0.00,"2025-11-07 00:00:00","2026-04-16 11:56:38"
7481,250,"2022-10-04 00:00:00",118.26,0.00,"2022-10-04 00:00:00","2026-04-16 11:56:38"
7482,107,"2026-03-27 00:00:00",149.45,0.00,"2026-03-27 00:00:00","2026-04-16 11:56:38"
7483,259,"2026-03-01 00:00:00",5.14,25.00,"2026-03-01 00:00:00","2026-04-16 11:56:38"
7484,83,"2026-01-04 00:00:00",51.38,5.00,"2026-01-04 00:00:00","2026-04-16 11:56:38"
7485,87,"2026-04-14 00:00:00",124.66,0.00,"2026-04-14 00:00:00","2026-04-16 11:56:38"
7486,6,"2025-02-25 00:00:00",131.51,0.00,"2025-02-25 00:00:00","2026-04-16 11:56:38"
7487,272,"2025-10-11 00:00:00",178.94,0.00,"2025-10-11 00:00:00","2026-04-16 11:56:38"
7488,241,"2025-09-09 00:00:00",95.68,0.00,"2025-09-09 00:00:00","2026-04-16 11:56:38"
7489,168,"2024-06-05 00:00:00",29.49,10.00,"2024-06-05 00:00:00","2026-04-16 11:56:38"
7490,197,"2024-10-13 00:00:00",63.52,5.00,"2024-10-13 00:00:00","2026-04-16 11:56:38"
7491,53,"2025-11-13 00:00:00",43.53,10.00,"2025-11-13 00:00:00","2026-04-16 11:56:38"
7492,99,"2026-01-30 00:00:00",293.28,0.00,"2026-01-30 00:00:00","2026-04-16 11:56:38"
7493,146,"2021-12-13 00:00:00",195.10,0.00,"2021-12-13 00:00:00","2026-04-16 11:56:38"
7494,249,"2025-03-05 00:00:00",166.51,0.00,"2025-03-05 00:00:00","2026-04-16 11:56:38"
7495,3,"2023-07-21 00:00:00",161.88,0.00,"2023-07-21 00:00:00","2026-04-16 11:56:38"
7496,80,"2025-05-04 00:00:00",430.32,0.00,"2025-05-04 00:00:00","2026-04-16 11:56:38"
7497,111,"2026-01-30 00:00:00",249.96,0.00,"2026-01-30 00:00:00","2026-04-16 11:56:38"
7498,202,"2024-04-21 00:00:00",137.37,0.00,"2024-04-21 00:00:00","2026-04-16 11:56:38"
7499,13,"2025-01-31 00:00:00",319.70,0.00,"2025-01-31 00:00:00","2026-04-16 11:56:38"
7500,249,"2025-03-09 00:00:00",106.10,0.00,"2025-03-09 00:00:00","2026-04-16 11:56:38"
7501,1,"2024-11-10 00:00:00",187.74,0.00,"2024-11-10 00:00:00","2026-04-16 11:56:38"
7502,258,"2025-12-16 00:00:00",278.29,0.00,"2025-12-16 00:00:00","2026-04-16 11:56:38"
7503,146,"2026-02-07 00:00:00",137.45,0.00,"2026-02-07 00:00:00","2026-04-16 11:56:38"
7504,139,"2022-12-13 00:00:00",312.79,0.00,"2022-12-13 00:00:00","2026-04-16 11:56:38"
7505,292,"2025-09-30 00:00:00",24.68,25.00,"2025-09-30 00:00:00","2026-04-16 11:56:38"
7506,40,"2026-02-28 00:00:00",330.26,0.00,"2026-02-28 00:00:00","2026-04-16 11:56:38"
7507,139,"2023-12-22 00:00:00",43.53,10.00,"2023-12-22 00:00:00","2026-04-16 11:56:38"
7508,245,"2025-09-04 00:00:00",120.34,0.00,"2025-09-04 00:00:00","2026-04-16 11:56:38"
7509,283,"2021-06-21 00:00:00",236.49,0.00,"2021-06-21 00:00:00","2026-04-16 11:56:38"
7510,209,"2025-07-01 00:00:00",111.42,0.00,"2025-07-01 00:00:00","2026-04-16 11:56:38"
7511,207,"2025-08-24 00:00:00",229.74,0.00,"2025-08-24 00:00:00","2026-04-16 11:56:38"
7512,250,"2022-11-18 00:00:00",368.41,0.00,"2022-11-18 00:00:00","2026-04-16 11:56:38"
7513,178,"2023-11-18 00:00:00",188.52,0.00,"2023-11-18 00:00:00","2026-04-16 11:56:38"
7514,233,"2025-07-05 00:00:00",140.78,0.00,"2025-07-05 00:00:00","2026-04-16 11:56:38"
7515,152,"2023-06-08 00:00:00",66.02,5.00,"2023-06-08 00:00:00","2026-04-16 11:56:38"
7516,255,"2021-08-15 00:00:00",250.92,0.00,"2021-08-15 00:00:00","2026-04-16 11:56:38"
7517,275,"2022-06-07 00:00:00",100.04,0.00,"2022-06-07 00:00:00","2026-04-16 11:56:38"
7518,42,"2026-04-14 00:00:00",93.30,0.00,"2026-04-14 00:00:00","2026-04-16 11:56:38"
7519,289,"2026-03-03 00:00:00",216.19,0.00,"2026-03-03 00:00:00","2026-04-16 11:56:38"
7520,24,"2022-10-25 00:00:00",136.19,0.00,"2022-10-25 00:00:00","2026-04-16 11:56:38"
7521,86,"2026-03-10 00:00:00",95.53,0.00,"2026-03-10 00:00:00","2026-04-16 11:56:38"
7522,205,"2024-01-21 00:00:00",231.33,0.00,"2024-01-21 00:00:00","2026-04-16 11:56:38"
7523,67,"2025-05-16 00:00:00",126.51,0.00,"2025-05-16 00:00:00","2026-04-16 11:56:38"
7524,249,"2025-05-05 00:00:00",103.28,0.00,"2025-05-05 00:00:00","2026-04-16 11:56:38"
7525,171,"2023-02-18 00:00:00",210.07,0.00,"2023-02-18 00:00:00","2026-04-16 11:56:38"
7526,166,"2021-12-18 00:00:00",143.55,0.00,"2021-12-18 00:00:00","2026-04-16 11:56:38"
7527,21,"2025-05-26 00:00:00",197.99,0.00,"2025-05-26 00:00:00","2026-04-16 11:56:38"
7528,2,"2023-09-03 00:00:00",234.40,0.00,"2023-09-03 00:00:00","2026-04-16 11:56:38"
7529,296,"2025-09-17 00:00:00",167.11,0.00,"2025-09-17 00:00:00","2026-04-16 11:56:38"
7530,29,"2024-07-05 00:00:00",19.64,25.00,"2024-07-05 00:00:00","2026-04-16 11:56:38"
7531,57,"2024-08-14 00:00:00",62.99,5.00,"2024-08-14 00:00:00","2026-04-16 11:56:38"
7532,228,"2025-10-16 00:00:00",30.30,10.00,"2025-10-16 00:00:00","2026-04-16 11:56:38"
7533,242,"2021-08-10 00:00:00",184.55,0.00,"2021-08-10 00:00:00","2026-04-16 11:56:38"
7534,128,"2023-07-26 00:00:00",305.75,0.00,"2023-07-26 00:00:00","2026-04-16 11:56:38"
7535,251,"2026-04-07 00:00:00",38.40,10.00,"2026-04-07 00:00:00","2026-04-16 11:56:38"
7536,41,"2026-02-03 00:00:00",160.60,0.00,"2026-02-03 00:00:00","2026-04-16 11:56:38"
7537,229,"2026-04-13 00:00:00",239.46,0.00,"2026-04-13 00:00:00","2026-04-16 11:56:38"
7538,104,"2025-11-24 00:00:00",72.56,5.00,"2025-11-24 00:00:00","2026-04-16 11:56:38"
7539,254,"2026-03-22 00:00:00",183.17,0.00,"2026-03-22 00:00:00","2026-04-16 11:56:38"
7540,265,"2025-04-17 00:00:00",416.52,0.00,"2025-04-17 00:00:00","2026-04-16 11:56:38"
7541,67,"2023-05-05 00:00:00",194.08,0.00,"2023-05-05 00:00:00","2026-04-16 11:56:38"
7542,290,"2022-01-23 00:00:00",18.99,25.00,"2022-01-23 00:00:00","2026-04-16 11:56:38"
7543,123,"2025-11-26 00:00:00",136.07,0.00,"2025-11-26 00:00:00","2026-04-16 11:56:38"
7544,20,"2021-05-15 00:00:00",9.00,25.00,"2021-05-15 00:00:00","2026-04-16 11:56:38"
7545,111,"2026-03-12 00:00:00",309.91,0.00,"2026-03-12 00:00:00","2026-04-16 11:56:38"
7546,265,"2025-06-06 00:00:00",47.63,10.00,"2025-06-06 00:00:00","2026-04-16 11:56:38"
7547,295,"2026-02-28 00:00:00",169.14,0.00,"2026-02-28 00:00:00","2026-04-16 11:56:38"
7548,93,"2024-11-30 00:00:00",273.61,0.00,"2024-11-30 00:00:00","2026-04-16 11:56:38"
7549,133,"2023-01-04 00:00:00",6.55,25.00,"2023-01-04 00:00:00","2026-04-16 11:56:38"
7550,2,"2025-08-09 00:00:00",232.37,0.00,"2025-08-09 00:00:00","2026-04-16 11:56:38"
7551,188,"2025-10-17 00:00:00",8.91,25.00,"2025-10-17 00:00:00","2026-04-16 11:56:38"
7552,43,"2022-06-05 00:00:00",55.02,5.00,"2022-06-05 00:00:00","2026-04-16 11:56:38"
7553,131,"2025-04-01 00:00:00",77.59,0.00,"2025-04-01 00:00:00","2026-04-16 11:56:38"
7554,53,"2026-02-08 00:00:00",152.31,0.00,"2026-02-08 00:00:00","2026-04-16 11:56:38"
7555,171,"2025-03-07 00:00:00",201.69,0.00,"2025-03-07 00:00:00","2026-04-16 11:56:38"
7556,158,"2023-10-06 00:00:00",86.00,0.00,"2023-10-06 00:00:00","2026-04-16 11:56:38"
7557,134,"2025-08-07 00:00:00",153.25,0.00,"2025-08-07 00:00:00","2026-04-16 11:56:38"
7558,151,"2023-12-08 00:00:00",79.46,0.00,"2023-12-08 00:00:00","2026-04-16 11:56:38"
7559,165,"2025-10-09 00:00:00",228.76,0.00,"2025-10-09 00:00:00","2026-04-16 11:56:38"
7560,210,"2024-05-30 00:00:00",43.92,10.00,"2024-05-30 00:00:00","2026-04-16 11:56:38"
7561,243,"2025-03-03 00:00:00",206.66,0.00,"2025-03-03 00:00:00","2026-04-16 11:56:38"
7562,222,"2022-07-14 00:00:00",90.94,0.00,"2022-07-14 00:00:00","2026-04-16 11:56:38"
7563,62,"2025-04-29 00:00:00",147.58,0.00,"2025-04-29 00:00:00","2026-04-16 11:56:38"
7564,154,"2025-03-18 00:00:00",178.96,0.00,"2025-03-18 00:00:00","2026-04-16 11:56:38"
7565,150,"2026-03-31 00:00:00",94.47,0.00,"2026-03-31 00:00:00","2026-04-16 11:56:38"
7566,16,"2026-04-15 00:00:00",107.14,0.00,"2026-04-15 00:00:00","2026-04-16 11:56:38"
7567,104,"2024-03-15 00:00:00",159.38,0.00,"2024-03-15 00:00:00","2026-04-16 11:56:38"
7568,230,"2024-06-22 00:00:00",94.21,0.00,"2024-06-22 00:00:00","2026-04-16 11:56:38"
7569,253,"2022-07-10 00:00:00",56.33,5.00,"2022-07-10 00:00:00","2026-04-16 11:56:38"
7570,110,"2026-03-19 00:00:00",34.06,10.00,"2026-03-19 00:00:00","2026-04-16 11:56:38"
7571,102,"2025-11-08 00:00:00",158.60,0.00,"2025-11-08 00:00:00","2026-04-16 11:56:38"
7572,118,"2021-09-05 00:00:00",40.35,10.00,"2021-09-05 00:00:00","2026-04-16 11:56:38"
7573,164,"2026-03-21 00:00:00",160.25,0.00,"2026-03-21 00:00:00","2026-04-16 11:56:38"
7574,43,"2024-05-29 00:00:00",15.12,25.00,"2024-05-29 00:00:00","2026-04-16 11:56:38"
7575,248,"2021-07-13 00:00:00",36.37,10.00,"2021-07-13 00:00:00","2026-04-16 11:56:38"
7576,205,"2023-12-29 00:00:00",246.44,0.00,"2023-12-29 00:00:00","2026-04-16 11:56:38"
7577,20,"2021-09-13 00:00:00",65.46,5.00,"2021-09-13 00:00:00","2026-04-16 11:56:38"
7578,16,"2026-04-08 00:00:00",233.44,0.00,"2026-04-08 00:00:00","2026-04-16 11:56:38"
7579,298,"2025-07-05 00:00:00",113.70,0.00,"2025-07-05 00:00:00","2026-04-16 11:56:38"
7580,197,"2025-10-30 00:00:00",96.76,0.00,"2025-10-30 00:00:00","2026-04-16 11:56:38"
7581,1,"2025-06-10 00:00:00",292.51,0.00,"2025-06-10 00:00:00","2026-04-16 11:56:38"
7582,98,"2020-11-04 00:00:00",225.44,0.00,"2020-11-04 00:00:00","2026-04-16 11:56:38"
7583,271,"2022-11-27 00:00:00",112.29,0.00,"2022-11-27 00:00:00","2026-04-16 11:56:38"
7584,225,"2026-03-24 00:00:00",81.83,0.00,"2026-03-24 00:00:00","2026-04-16 11:56:38"
7585,114,"2021-07-30 00:00:00",87.32,0.00,"2021-07-30 00:00:00","2026-04-16 11:56:38"
7586,144,"2020-05-31 00:00:00",209.51,0.00,"2020-05-31 00:00:00","2026-04-16 11:56:38"
7587,60,"2025-08-14 00:00:00",43.76,10.00,"2025-08-14 00:00:00","2026-04-16 11:56:38"
7588,190,"2025-10-23 00:00:00",99.90,0.00,"2025-10-23 00:00:00","2026-04-16 11:56:38"
7589,56,"2026-02-24 00:00:00",158.04,0.00,"2026-02-24 00:00:00","2026-04-16 11:56:38"
7590,77,"2024-11-05 00:00:00",158.91,0.00,"2024-11-05 00:00:00","2026-04-16 11:56:38"
7591,197,"2025-08-15 00:00:00",138.58,0.00,"2025-08-15 00:00:00","2026-04-16 11:56:38"
7592,32,"2023-10-31 00:00:00",49.95,10.00,"2023-10-31 00:00:00","2026-04-16 11:56:38"
7593,23,"2024-08-25 00:00:00",405.75,0.00,"2024-08-25 00:00:00","2026-04-16 11:56:38"
7594,158,"2024-05-01 00:00:00",317.68,0.00,"2024-05-01 00:00:00","2026-04-16 11:56:38"
7595,90,"2025-10-28 00:00:00",186.60,0.00,"2025-10-28 00:00:00","2026-04-16 11:56:38"
7596,79,"2025-11-12 00:00:00",28.48,10.00,"2025-11-12 00:00:00","2026-04-16 11:56:38"
7597,64,"2025-08-05 00:00:00",237.04,0.00,"2025-08-05 00:00:00","2026-04-16 11:56:38"
7598,158,"2024-11-11 00:00:00",146.04,0.00,"2024-11-11 00:00:00","2026-04-16 11:56:38"
7599,180,"2024-12-27 00:00:00",37.71,10.00,"2024-12-27 00:00:00","2026-04-16 11:56:38"
7600,211,"2024-11-01 00:00:00",134.06,0.00,"2024-11-01 00:00:00","2026-04-16 11:56:38"
7601,39,"2020-10-27 00:00:00",152.17,0.00,"2020-10-27 00:00:00","2026-04-16 11:56:38"
7602,9,"2024-01-17 00:00:00",193.27,0.00,"2024-01-17 00:00:00","2026-04-16 11:56:38"
7603,32,"2023-08-16 00:00:00",111.37,0.00,"2023-08-16 00:00:00","2026-04-16 11:56:38"
7604,231,"2020-11-23 00:00:00",275.07,0.00,"2020-11-23 00:00:00","2026-04-16 11:56:38"
7605,209,"2025-05-30 00:00:00",430.92,0.00,"2025-05-30 00:00:00","2026-04-16 11:56:38"
7606,167,"2023-12-27 00:00:00",53.28,5.00,"2023-12-27 00:00:00","2026-04-16 11:56:38"
7607,97,"2024-08-26 00:00:00",121.82,0.00,"2024-08-26 00:00:00","2026-04-16 11:56:38"
7608,107,"2026-02-16 00:00:00",90.96,0.00,"2026-02-16 00:00:00","2026-04-16 11:56:38"
7609,281,"2025-11-22 00:00:00",131.03,0.00,"2025-11-22 00:00:00","2026-04-16 11:56:38"
7610,146,"2025-11-08 00:00:00",119.92,0.00,"2025-11-08 00:00:00","2026-04-16 11:56:38"
7611,101,"2022-08-04 00:00:00",173.24,0.00,"2022-08-04 00:00:00","2026-04-16 11:56:38"
7612,87,"2026-04-11 00:00:00",49.88,10.00,"2026-04-11 00:00:00","2026-04-16 11:56:38"
7613,226,"2023-11-18 00:00:00",167.04,0.00,"2023-11-18 00:00:00","2026-04-16 11:56:38"
7614,262,"2024-07-03 00:00:00",91.06,0.00,"2024-07-03 00:00:00","2026-04-16 11:56:38"
7615,32,"2023-08-08 00:00:00",130.40,0.00,"2023-08-08 00:00:00","2026-04-16 11:56:38"
7616,45,"2023-06-21 00:00:00",92.54,0.00,"2023-06-21 00:00:00","2026-04-16 11:56:38"
7617,117,"2025-09-20 00:00:00",361.88,0.00,"2025-09-20 00:00:00","2026-04-16 11:56:38"
7618,6,"2024-05-27 00:00:00",98.67,0.00,"2024-05-27 00:00:00","2026-04-16 11:56:38"
7619,101,"2024-08-18 00:00:00",99.97,0.00,"2024-08-18 00:00:00","2026-04-16 11:56:38"
7620,165,"2026-04-06 00:00:00",25.04,10.00,"2026-04-06 00:00:00","2026-04-16 11:56:38"
7621,77,"2024-11-29 00:00:00",14.00,25.00,"2024-11-29 00:00:00","2026-04-16 11:56:38"
7622,234,"2025-03-23 00:00:00",217.65,0.00,"2025-03-23 00:00:00","2026-04-16 11:56:38"
7623,258,"2025-07-20 00:00:00",48.88,10.00,"2025-07-20 00:00:00","2026-04-16 11:56:38"
7624,97,"2025-11-11 00:00:00",312.11,0.00,"2025-11-11 00:00:00","2026-04-16 11:56:38"
7625,153,"2021-10-17 00:00:00",88.49,0.00,"2021-10-17 00:00:00","2026-04-16 11:56:38"
7626,66,"2023-06-16 00:00:00",303.08,0.00,"2023-06-16 00:00:00","2026-04-16 11:56:38"
7627,159,"2025-08-22 00:00:00",23.76,25.00,"2025-08-22 00:00:00","2026-04-16 11:56:38"
7628,105,"2022-12-11 00:00:00",41.40,10.00,"2022-12-11 00:00:00","2026-04-16 11:56:38"
7629,244,"2025-05-01 00:00:00",44.57,10.00,"2025-05-01 00:00:00","2026-04-16 11:56:38"
7630,291,"2024-12-05 00:00:00",109.01,0.00,"2024-12-05 00:00:00","2026-04-16 11:56:38"
7631,206,"2026-02-03 00:00:00",230.96,0.00,"2026-02-03 00:00:00","2026-04-16 11:56:38"
7632,273,"2022-11-10 00:00:00",125.24,0.00,"2022-11-10 00:00:00","2026-04-16 11:56:38"
7633,193,"2026-03-06 00:00:00",113.67,0.00,"2026-03-06 00:00:00","2026-04-16 11:56:38"
7634,170,"2022-12-20 00:00:00",177.87,0.00,"2022-12-20 00:00:00","2026-04-16 11:56:38"
7635,180,"2025-02-19 00:00:00",239.07,0.00,"2025-02-19 00:00:00","2026-04-16 11:56:38"
7636,25,"2024-12-16 00:00:00",42.45,10.00,"2024-12-16 00:00:00","2026-04-16 11:56:38"
7637,34,"2025-12-16 00:00:00",28.63,10.00,"2025-12-16 00:00:00","2026-04-16 11:56:38"
7638,238,"2023-10-22 00:00:00",79.61,0.00,"2023-10-22 00:00:00","2026-04-16 11:56:38"
7639,62,"2022-06-15 00:00:00",128.44,0.00,"2022-06-15 00:00:00","2026-04-16 11:56:38"
7640,116,"2025-10-18 00:00:00",331.29,0.00,"2025-10-18 00:00:00","2026-04-16 11:56:38"
7641,279,"2026-02-27 00:00:00",121.89,0.00,"2026-02-27 00:00:00","2026-04-16 11:56:38"
7642,268,"2024-11-23 00:00:00",144.35,0.00,"2024-11-23 00:00:00","2026-04-16 11:56:38"
7643,89,"2026-01-01 00:00:00",98.39,0.00,"2026-01-01 00:00:00","2026-04-16 11:56:38"
7644,28,"2023-05-20 00:00:00",177.70,0.00,"2023-05-20 00:00:00","2026-04-16 11:56:38"
7645,31,"2023-07-07 00:00:00",270.97,0.00,"2023-07-07 00:00:00","2026-04-16 11:56:38"
7646,289,"2025-01-07 00:00:00",82.16,0.00,"2025-01-07 00:00:00","2026-04-16 11:56:38"
7647,1,"2026-01-30 00:00:00",158.10,0.00,"2026-01-30 00:00:00","2026-04-16 11:56:38"
7648,76,"2025-03-02 00:00:00",169.35,0.00,"2025-03-02 00:00:00","2026-04-16 11:56:38"
7649,140,"2026-04-15 00:00:00",107.09,0.00,"2026-04-15 00:00:00","2026-04-16 11:56:38"
7650,27,"2026-03-08 00:00:00",82.62,0.00,"2026-03-08 00:00:00","2026-04-16 11:56:38"
7651,261,"2025-03-12 00:00:00",191.82,0.00,"2025-03-12 00:00:00","2026-04-16 11:56:38"
7652,291,"2024-11-17 00:00:00",70.41,5.00,"2024-11-17 00:00:00","2026-04-16 11:56:38"
7653,25,"2023-10-21 00:00:00",196.82,0.00,"2023-10-21 00:00:00","2026-04-16 11:56:38"
7654,253,"2023-10-22 00:00:00",24.28,25.00,"2023-10-22 00:00:00","2026-04-16 11:56:38"
7655,100,"2024-02-04 00:00:00",48.39,10.00,"2024-02-04 00:00:00","2026-04-16 11:56:38"
7656,183,"2020-12-07 00:00:00",6.79,25.00,"2020-12-07 00:00:00","2026-04-16 11:56:38"
7657,197,"2025-07-18 00:00:00",92.39,0.00,"2025-07-18 00:00:00","2026-04-16 11:56:38"
7658,97,"2024-07-02 00:00:00",25.30,10.00,"2024-07-02 00:00:00","2026-04-16 11:56:38"
7659,286,"2024-11-14 00:00:00",72.15,5.00,"2024-11-14 00:00:00","2026-04-16 11:56:38"
7660,224,"2021-12-02 00:00:00",105.80,0.00,"2021-12-02 00:00:00","2026-04-16 11:56:38"
7661,135,"2026-03-27 00:00:00",355.72,0.00,"2026-03-27 00:00:00","2026-04-16 11:56:38"
7662,151,"2023-11-20 00:00:00",290.75,0.00,"2023-11-20 00:00:00","2026-04-16 11:56:38"
7663,5,"2025-10-10 00:00:00",82.00,0.00,"2025-10-10 00:00:00","2026-04-16 11:56:38"
7664,73,"2020-07-18 00:00:00",45.72,10.00,"2020-07-18 00:00:00","2026-04-16 11:56:38"
7665,166,"2024-10-06 00:00:00",132.46,0.00,"2024-10-06 00:00:00","2026-04-16 11:56:38"
7666,129,"2025-01-20 00:00:00",71.36,5.00,"2025-01-20 00:00:00","2026-04-16 11:56:38"
7667,196,"2026-03-31 00:00:00",67.34,5.00,"2026-03-31 00:00:00","2026-04-16 11:56:38"
7668,254,"2026-03-19 00:00:00",85.61,0.00,"2026-03-19 00:00:00","2026-04-16 11:56:38"
7669,160,"2023-10-31 00:00:00",68.49,5.00,"2023-10-31 00:00:00","2026-04-16 11:56:38"
7670,278,"2026-03-20 00:00:00",200.99,0.00,"2026-03-20 00:00:00","2026-04-16 11:56:38"
7671,198,"2026-03-27 00:00:00",18.12,25.00,"2026-03-27 00:00:00","2026-04-16 11:56:38"
7672,91,"2024-04-02 00:00:00",249.69,0.00,"2024-04-02 00:00:00","2026-04-16 11:56:38"
7673,238,"2026-03-25 00:00:00",5.03,25.00,"2026-03-25 00:00:00","2026-04-16 11:56:38"
7674,190,"2025-05-28 00:00:00",92.44,0.00,"2025-05-28 00:00:00","2026-04-16 11:56:38"
7675,39,"2022-05-11 00:00:00",17.49,25.00,"2022-05-11 00:00:00","2026-04-16 11:56:38"
7676,243,"2025-07-11 00:00:00",161.78,0.00,"2025-07-11 00:00:00","2026-04-16 11:56:38"
7677,291,"2025-10-02 00:00:00",135.97,0.00,"2025-10-02 00:00:00","2026-04-16 11:56:38"
7678,54,"2024-08-01 00:00:00",124.09,0.00,"2024-08-01 00:00:00","2026-04-16 11:56:38"
7679,120,"2026-01-26 00:00:00",66.87,5.00,"2026-01-26 00:00:00","2026-04-16 11:56:38"
7680,258,"2025-12-28 00:00:00",60.32,5.00,"2025-12-28 00:00:00","2026-04-16 11:56:38"
7681,170,"2023-07-26 00:00:00",233.42,0.00,"2023-07-26 00:00:00","2026-04-16 11:56:38"
7682,244,"2025-10-14 00:00:00",39.34,10.00,"2025-10-14 00:00:00","2026-04-16 11:56:38"
7683,19,"2025-10-21 00:00:00",71.75,5.00,"2025-10-21 00:00:00","2026-04-16 11:56:38"
7684,102,"2025-11-26 00:00:00",82.45,0.00,"2025-11-26 00:00:00","2026-04-16 11:56:38"
7685,19,"2026-03-19 00:00:00",296.15,0.00,"2026-03-19 00:00:00","2026-04-16 11:56:38"
7686,76,"2024-10-07 00:00:00",12.50,25.00,"2024-10-07 00:00:00","2026-04-16 11:56:38"
7687,239,"2024-03-21 00:00:00",243.66,0.00,"2024-03-21 00:00:00","2026-04-16 11:56:38"
7688,193,"2025-07-28 00:00:00",172.26,0.00,"2025-07-28 00:00:00","2026-04-16 11:56:38"
7689,144,"2020-07-04 00:00:00",154.31,0.00,"2020-07-04 00:00:00","2026-04-16 11:56:38"
7690,196,"2026-02-18 00:00:00",65.23,5.00,"2026-02-18 00:00:00","2026-04-16 11:56:38"
7691,200,"2026-02-21 00:00:00",80.52,0.00,"2026-02-21 00:00:00","2026-04-16 11:56:38"
7692,221,"2025-09-12 00:00:00",74.31,5.00,"2025-09-12 00:00:00","2026-04-16 11:56:38"
7693,207,"2025-08-17 00:00:00",292.92,0.00,"2025-08-17 00:00:00","2026-04-16 11:56:38"
7694,25,"2025-01-07 00:00:00",41.92,10.00,"2025-01-07 00:00:00","2026-04-16 11:56:38"
7695,126,"2023-12-31 00:00:00",5.86,25.00,"2023-12-31 00:00:00","2026-04-16 11:56:38"
7696,3,"2024-12-16 00:00:00",137.60,0.00,"2024-12-16 00:00:00","2026-04-16 11:56:38"
7697,187,"2022-09-02 00:00:00",325.54,0.00,"2022-09-02 00:00:00","2026-04-16 11:56:38"
7698,85,"2026-04-08 00:00:00",320.50,0.00,"2026-04-08 00:00:00","2026-04-16 11:56:38"
7699,76,"2023-12-10 00:00:00",54.72,5.00,"2023-12-10 00:00:00","2026-04-16 11:56:38"
7700,51,"2026-03-05 00:00:00",132.07,0.00,"2026-03-05 00:00:00","2026-04-16 11:56:38"
7701,217,"2023-08-22 00:00:00",103.60,0.00,"2023-08-22 00:00:00","2026-04-16 11:56:38"
7702,198,"2024-12-22 00:00:00",15.24,25.00,"2024-12-22 00:00:00","2026-04-16 11:56:38"
7703,52,"2026-04-06 00:00:00",152.76,0.00,"2026-04-06 00:00:00","2026-04-16 11:56:38"
7704,18,"2025-03-08 00:00:00",132.16,0.00,"2025-03-08 00:00:00","2026-04-16 11:56:38"
7705,179,"2022-12-15 00:00:00",235.24,0.00,"2022-12-15 00:00:00","2026-04-16 11:56:38"
7706,79,"2025-03-21 00:00:00",159.05,0.00,"2025-03-21 00:00:00","2026-04-16 11:56:38"
7707,241,"2024-07-19 00:00:00",89.21,0.00,"2024-07-19 00:00:00","2026-04-16 11:56:38"
7708,76,"2025-02-19 00:00:00",149.15,0.00,"2025-02-19 00:00:00","2026-04-16 11:56:38"
7709,56,"2024-11-23 00:00:00",124.88,0.00,"2024-11-23 00:00:00","2026-04-16 11:56:38"
7710,112,"2024-10-07 00:00:00",85.05,0.00,"2024-10-07 00:00:00","2026-04-16 11:56:38"
7711,152,"2024-01-25 00:00:00",161.29,0.00,"2024-01-25 00:00:00","2026-04-16 11:56:38"
7712,28,"2023-04-28 00:00:00",74.26,5.00,"2023-04-28 00:00:00","2026-04-16 11:56:38"
7713,37,"2023-10-14 00:00:00",80.98,0.00,"2023-10-14 00:00:00","2026-04-16 11:56:38"
7714,142,"2025-12-21 00:00:00",123.80,0.00,"2025-12-21 00:00:00","2026-04-16 11:56:38"
7715,72,"2025-11-01 00:00:00",24.90,25.00,"2025-11-01 00:00:00","2026-04-16 11:56:38"
7716,138,"2021-06-13 00:00:00",82.80,0.00,"2021-06-13 00:00:00","2026-04-16 11:56:38"
7717,49,"2021-08-18 00:00:00",59.92,5.00,"2021-08-18 00:00:00","2026-04-16 11:56:38"
7718,239,"2024-03-22 00:00:00",225.86,0.00,"2024-03-22 00:00:00","2026-04-16 11:56:38"
7719,139,"2023-11-04 00:00:00",46.34,10.00,"2023-11-04 00:00:00","2026-04-16 11:56:38"
7720,257,"2025-12-02 00:00:00",18.31,25.00,"2025-12-02 00:00:00","2026-04-16 11:56:38"
7721,178,"2025-03-20 00:00:00",73.31,5.00,"2025-03-20 00:00:00","2026-04-16 11:56:38"
7722,203,"2024-06-14 00:00:00",257.10,0.00,"2024-06-14 00:00:00","2026-04-16 11:56:38"
7723,43,"2023-10-04 00:00:00",133.96,0.00,"2023-10-04 00:00:00","2026-04-16 11:56:38"
7724,171,"2025-08-20 00:00:00",177.05,0.00,"2025-08-20 00:00:00","2026-04-16 11:56:38"
7725,152,"2023-08-20 00:00:00",165.36,0.00,"2023-08-20 00:00:00","2026-04-16 11:56:38"
7726,249,"2024-08-26 00:00:00",148.66,0.00,"2024-08-26 00:00:00","2026-04-16 11:56:38"
7727,208,"2022-09-12 00:00:00",204.87,0.00,"2022-09-12 00:00:00","2026-04-16 11:56:38"
7728,9,"2025-04-13 00:00:00",49.14,10.00,"2025-04-13 00:00:00","2026-04-16 11:56:38"
7729,237,"2026-03-16 00:00:00",87.03,0.00,"2026-03-16 00:00:00","2026-04-16 11:56:38"
7730,127,"2026-02-19 00:00:00",201.96,0.00,"2026-02-19 00:00:00","2026-04-16 11:56:38"
7731,299,"2023-09-10 00:00:00",55.17,5.00,"2023-09-10 00:00:00","2026-04-16 11:56:38"
7732,138,"2021-08-09 00:00:00",161.62,0.00,"2021-08-09 00:00:00","2026-04-16 11:56:38"
7733,209,"2025-02-21 00:00:00",188.54,0.00,"2025-02-21 00:00:00","2026-04-16 11:56:38"
7734,264,"2024-05-10 00:00:00",228.55,0.00,"2024-05-10 00:00:00","2026-04-16 11:56:38"
7735,132,"2022-02-20 00:00:00",173.42,0.00,"2022-02-20 00:00:00","2026-04-16 11:56:38"
7736,159,"2025-04-27 00:00:00",144.14,0.00,"2025-04-27 00:00:00","2026-04-16 11:56:38"
7737,12,"2023-06-29 00:00:00",47.88,10.00,"2023-06-29 00:00:00","2026-04-16 11:56:38"
7738,124,"2025-10-16 00:00:00",31.59,10.00,"2025-10-16 00:00:00","2026-04-16 11:56:38"
7739,32,"2023-04-12 00:00:00",77.03,0.00,"2023-04-12 00:00:00","2026-04-16 11:56:38"
7740,78,"2025-11-30 00:00:00",319.05,0.00,"2025-11-30 00:00:00","2026-04-16 11:56:38"
7741,107,"2025-11-16 00:00:00",195.83,0.00,"2025-11-16 00:00:00","2026-04-16 11:56:38"
7742,242,"2022-03-25 00:00:00",115.03,0.00,"2022-03-25 00:00:00","2026-04-16 11:56:38"
7743,13,"2024-09-18 00:00:00",111.84,0.00,"2024-09-18 00:00:00","2026-04-16 11:56:38"
7744,275,"2020-12-26 00:00:00",87.32,0.00,"2020-12-26 00:00:00","2026-04-16 11:56:38"
7745,199,"2024-07-11 00:00:00",229.88,0.00,"2024-07-11 00:00:00","2026-04-16 11:56:38"
7746,43,"2020-09-03 00:00:00",115.99,0.00,"2020-09-03 00:00:00","2026-04-16 11:56:38"
7747,57,"2023-10-28 00:00:00",103.44,0.00,"2023-10-28 00:00:00","2026-04-16 11:56:38"
7748,204,"2025-12-26 00:00:00",165.91,0.00,"2025-12-26 00:00:00","2026-04-16 11:56:38"
7749,184,"2026-04-04 00:00:00",94.60,0.00,"2026-04-04 00:00:00","2026-04-16 11:56:38"
7750,214,"2024-07-02 00:00:00",24.26,25.00,"2024-07-02 00:00:00","2026-04-16 11:56:38"
7751,278,"2026-02-25 00:00:00",233.86,0.00,"2026-02-25 00:00:00","2026-04-16 11:56:38"
7752,134,"2021-01-29 00:00:00",205.70,0.00,"2021-01-29 00:00:00","2026-04-16 11:56:38"
7753,62,"2025-01-28 00:00:00",91.14,0.00,"2025-01-28 00:00:00","2026-04-16 11:56:38"
7754,135,"2026-02-24 00:00:00",110.30,0.00,"2026-02-24 00:00:00","2026-04-16 11:56:38"
7755,116,"2025-05-07 00:00:00",58.48,5.00,"2025-05-07 00:00:00","2026-04-16 11:56:38"
7756,104,"2025-02-19 00:00:00",185.52,0.00,"2025-02-19 00:00:00","2026-04-16 11:56:38"
7757,171,"2024-09-23 00:00:00",138.93,0.00,"2024-09-23 00:00:00","2026-04-16 11:56:38"
7758,41,"2026-02-03 00:00:00",93.22,0.00,"2026-02-03 00:00:00","2026-04-16 11:56:38"
7759,35,"2022-09-29 00:00:00",86.85,0.00,"2022-09-29 00:00:00","2026-04-16 11:56:38"
7760,294,"2024-09-22 00:00:00",275.22,0.00,"2024-09-22 00:00:00","2026-04-16 11:56:38"
7761,209,"2025-06-22 00:00:00",118.70,0.00,"2025-06-22 00:00:00","2026-04-16 11:56:38"
7762,88,"2025-11-02 00:00:00",71.80,5.00,"2025-11-02 00:00:00","2026-04-16 11:56:38"
7763,295,"2025-09-15 00:00:00",2.28,25.00,"2025-09-15 00:00:00","2026-04-16 11:56:38"
7764,59,"2023-06-25 00:00:00",17.82,25.00,"2023-06-25 00:00:00","2026-04-16 11:56:38"
7765,162,"2025-01-22 00:00:00",226.32,0.00,"2025-01-22 00:00:00","2026-04-16 11:56:38"
7766,136,"2026-04-15 00:00:00",31.36,10.00,"2026-04-15 00:00:00","2026-04-16 11:56:38"
7767,223,"2025-09-17 00:00:00",96.43,0.00,"2025-09-17 00:00:00","2026-04-16 11:56:38"
7768,48,"2025-04-17 00:00:00",27.36,10.00,"2025-04-17 00:00:00","2026-04-16 11:56:38"
7769,293,"2025-05-06 00:00:00",109.68,0.00,"2025-05-06 00:00:00","2026-04-16 11:56:38"
7770,39,"2022-05-22 00:00:00",8.60,25.00,"2022-05-22 00:00:00","2026-04-16 11:56:38"
7771,237,"2026-04-11 00:00:00",160.22,0.00,"2026-04-11 00:00:00","2026-04-16 11:56:38"
7772,34,"2025-08-20 00:00:00",34.08,10.00,"2025-08-20 00:00:00","2026-04-16 11:56:38"
7773,192,"2025-12-23 00:00:00",213.31,0.00,"2025-12-23 00:00:00","2026-04-16 11:56:38"
7774,122,"2025-12-29 00:00:00",22.35,25.00,"2025-12-29 00:00:00","2026-04-16 11:56:38"
7775,15,"2026-01-07 00:00:00",7.01,25.00,"2026-01-07 00:00:00","2026-04-16 11:56:38"
7776,225,"2026-03-16 00:00:00",52.68,5.00,"2026-03-16 00:00:00","2026-04-16 11:56:38"
7777,62,"2024-05-26 00:00:00",32.70,10.00,"2024-05-26 00:00:00","2026-04-16 11:56:38"
7778,31,"2021-04-18 00:00:00",65.52,5.00,"2021-04-18 00:00:00","2026-04-16 11:56:38"
7779,91,"2026-04-07 00:00:00",82.13,0.00,"2026-04-07 00:00:00","2026-04-16 11:56:38"
7780,150,"2026-01-09 00:00:00",169.13,0.00,"2026-01-09 00:00:00","2026-04-16 11:56:38"
7781,203,"2026-04-13 00:00:00",95.76,0.00,"2026-04-13 00:00:00","2026-04-16 11:56:38"
7782,2,"2026-03-28 00:00:00",23.61,25.00,"2026-03-28 00:00:00","2026-04-16 11:56:38"
7783,135,"2026-04-09 00:00:00",96.00,0.00,"2026-04-09 00:00:00","2026-04-16 11:56:38"
7784,154,"2025-11-05 00:00:00",2.65,25.00,"2025-11-05 00:00:00","2026-04-16 11:56:38"
7785,35,"2026-01-09 00:00:00",164.63,0.00,"2026-01-09 00:00:00","2026-04-16 11:56:38"
7786,84,"2025-09-06 00:00:00",35.42,10.00,"2025-09-06 00:00:00","2026-04-16 11:56:38"
7787,255,"2025-07-11 00:00:00",69.82,5.00,"2025-07-11 00:00:00","2026-04-16 11:56:38"
7788,197,"2024-09-30 00:00:00",183.25,0.00,"2024-09-30 00:00:00","2026-04-16 11:56:38"
7789,181,"2022-08-10 00:00:00",155.74,0.00,"2022-08-10 00:00:00","2026-04-16 11:56:38"
7790,284,"2025-03-01 00:00:00",49.26,10.00,"2025-03-01 00:00:00","2026-04-16 11:56:38"
7791,168,"2024-03-06 00:00:00",27.54,10.00,"2024-03-06 00:00:00","2026-04-16 11:56:38"
7792,8,"2026-03-17 00:00:00",111.95,0.00,"2026-03-17 00:00:00","2026-04-16 11:56:38"
7793,118,"2022-07-19 00:00:00",165.34,0.00,"2022-07-19 00:00:00","2026-04-16 11:56:38"
7794,207,"2025-03-28 00:00:00",137.13,0.00,"2025-03-28 00:00:00","2026-04-16 11:56:38"
7795,4,"2026-03-07 00:00:00",289.54,0.00,"2026-03-07 00:00:00","2026-04-16 11:56:38"
7796,79,"2025-10-15 00:00:00",29.97,10.00,"2025-10-15 00:00:00","2026-04-16 11:56:38"
7797,152,"2024-12-22 00:00:00",32.20,10.00,"2024-12-22 00:00:00","2026-04-16 11:56:38"
7798,101,"2025-03-01 00:00:00",243.77,0.00,"2025-03-01 00:00:00","2026-04-16 11:56:38"
7799,146,"2023-04-02 00:00:00",22.39,25.00,"2023-04-02 00:00:00","2026-04-16 11:56:38"
7800,201,"2025-12-11 00:00:00",45.56,10.00,"2025-12-11 00:00:00","2026-04-16 11:56:38"
7801,197,"2026-03-11 00:00:00",6.33,25.00,"2026-03-11 00:00:00","2026-04-16 11:56:38"
7802,222,"2025-12-16 00:00:00",456.70,0.00,"2025-12-16 00:00:00","2026-04-16 11:56:38"
7803,74,"2023-04-14 00:00:00",145.17,0.00,"2023-04-14 00:00:00","2026-04-16 11:56:38"
7804,250,"2022-10-23 00:00:00",69.27,5.00,"2022-10-23 00:00:00","2026-04-16 11:56:38"
7805,187,"2022-09-17 00:00:00",199.02,0.00,"2022-09-17 00:00:00","2026-04-16 11:56:38"
7806,40,"2025-07-25 00:00:00",144.98,0.00,"2025-07-25 00:00:00","2026-04-16 11:56:38"
7807,127,"2026-03-27 00:00:00",182.67,0.00,"2026-03-27 00:00:00","2026-04-16 11:56:38"
7808,246,"2023-03-25 00:00:00",160.01,0.00,"2023-03-25 00:00:00","2026-04-16 11:56:38"
7809,248,"2022-11-14 00:00:00",65.51,5.00,"2022-11-14 00:00:00","2026-04-16 11:56:38"
7810,54,"2025-03-13 00:00:00",8.82,25.00,"2025-03-13 00:00:00","2026-04-16 11:56:38"
7811,230,"2024-09-24 00:00:00",37.71,10.00,"2024-09-24 00:00:00","2026-04-16 11:56:38"
7812,145,"2024-10-28 00:00:00",207.91,0.00,"2024-10-28 00:00:00","2026-04-16 11:56:38"
7813,3,"2025-01-31 00:00:00",237.69,0.00,"2025-01-31 00:00:00","2026-04-16 11:56:38"
7814,39,"2023-06-16 00:00:00",289.41,0.00,"2023-06-16 00:00:00","2026-04-16 11:56:38"
7815,225,"2025-10-03 00:00:00",140.53,0.00,"2025-10-03 00:00:00","2026-04-16 11:56:38"
7816,286,"2024-08-21 00:00:00",178.45,0.00,"2024-08-21 00:00:00","2026-04-16 11:56:38"
7817,17,"2023-01-28 00:00:00",260.47,0.00,"2023-01-28 00:00:00","2026-04-16 11:56:38"
7818,276,"2026-03-24 00:00:00",135.03,0.00,"2026-03-24 00:00:00","2026-04-16 11:56:38"
7819,75,"2026-01-17 00:00:00",117.07,0.00,"2026-01-17 00:00:00","2026-04-16 11:56:38"
7820,95,"2024-06-24 00:00:00",199.09,0.00,"2024-06-24 00:00:00","2026-04-16 11:56:38"
7821,245,"2025-02-23 00:00:00",162.12,0.00,"2025-02-23 00:00:00","2026-04-16 11:56:38"
7822,278,"2025-11-01 00:00:00",270.84,0.00,"2025-11-01 00:00:00","2026-04-16 11:56:38"
7823,289,"2025-12-04 00:00:00",70.08,5.00,"2025-12-04 00:00:00","2026-04-16 11:56:38"
7824,255,"2022-07-31 00:00:00",29.55,10.00,"2022-07-31 00:00:00","2026-04-16 11:56:38"
7825,122,"2026-02-20 00:00:00",288.98,0.00,"2026-02-20 00:00:00","2026-04-16 11:56:38"
7826,160,"2024-08-01 00:00:00",168.84,0.00,"2024-08-01 00:00:00","2026-04-16 11:56:38"
7827,284,"2025-03-16 00:00:00",289.39,0.00,"2025-03-16 00:00:00","2026-04-16 11:56:38"
7828,158,"2025-02-15 00:00:00",270.90,0.00,"2025-02-15 00:00:00","2026-04-16 11:56:38"
7829,288,"2021-10-18 00:00:00",77.04,0.00,"2021-10-18 00:00:00","2026-04-16 11:56:38"
7830,80,"2025-02-04 00:00:00",263.24,0.00,"2025-02-04 00:00:00","2026-04-16 11:56:38"
7831,13,"2023-10-20 00:00:00",157.09,0.00,"2023-10-20 00:00:00","2026-04-16 11:56:38"
7832,98,"2020-11-25 00:00:00",336.73,0.00,"2020-11-25 00:00:00","2026-04-16 11:56:38"
7833,78,"2025-07-27 00:00:00",139.69,0.00,"2025-07-27 00:00:00","2026-04-16 11:56:38"
7834,205,"2024-02-12 00:00:00",170.51,0.00,"2024-02-12 00:00:00","2026-04-16 11:56:38"
7835,169,"2025-05-02 00:00:00",70.45,5.00,"2025-05-02 00:00:00","2026-04-16 11:56:38"
7836,70,"2026-02-03 00:00:00",120.81,0.00,"2026-02-03 00:00:00","2026-04-16 11:56:38"
7837,237,"2026-01-27 00:00:00",88.69,0.00,"2026-01-27 00:00:00","2026-04-16 11:56:38"
7838,243,"2026-04-04 00:00:00",153.94,0.00,"2026-04-04 00:00:00","2026-04-16 11:56:38"
7839,67,"2023-09-20 00:00:00",152.61,0.00,"2023-09-20 00:00:00","2026-04-16 11:56:38"
7840,242,"2022-10-30 00:00:00",96.94,0.00,"2022-10-30 00:00:00","2026-04-16 11:56:38"
7841,298,"2024-07-03 00:00:00",92.11,0.00,"2024-07-03 00:00:00","2026-04-16 11:56:38"
7842,91,"2025-03-26 00:00:00",71.93,5.00,"2025-03-26 00:00:00","2026-04-16 11:56:38"
7843,90,"2025-10-11 00:00:00",137.16,0.00,"2025-10-11 00:00:00","2026-04-16 11:56:38"
7844,54,"2026-01-12 00:00:00",68.16,5.00,"2026-01-12 00:00:00","2026-04-16 11:56:38"
7845,55,"2024-12-14 00:00:00",97.57,0.00,"2024-12-14 00:00:00","2026-04-16 11:56:38"
7846,3,"2025-03-24 00:00:00",257.83,0.00,"2025-03-24 00:00:00","2026-04-16 11:56:38"
7847,225,"2025-10-10 00:00:00",7.20,25.00,"2025-10-10 00:00:00","2026-04-16 11:56:38"
7848,151,"2023-11-06 00:00:00",66.82,5.00,"2023-11-06 00:00:00","2026-04-16 11:56:38"
7849,132,"2021-09-04 00:00:00",226.77,0.00,"2021-09-04 00:00:00","2026-04-16 11:56:38"
7850,230,"2025-12-01 00:00:00",184.93,0.00,"2025-12-01 00:00:00","2026-04-16 11:56:38"
7851,5,"2025-10-11 00:00:00",124.25,0.00,"2025-10-11 00:00:00","2026-04-16 11:56:38"
7852,273,"2020-06-16 00:00:00",127.65,0.00,"2020-06-16 00:00:00","2026-04-16 11:56:38"
7853,142,"2025-05-17 00:00:00",18.52,25.00,"2025-05-17 00:00:00","2026-04-16 11:56:38"
7854,116,"2025-05-06 00:00:00",145.39,0.00,"2025-05-06 00:00:00","2026-04-16 11:56:38"
7855,177,"2024-06-29 00:00:00",82.76,0.00,"2024-06-29 00:00:00","2026-04-16 11:56:38"
7856,269,"2025-08-01 00:00:00",26.66,10.00,"2025-08-01 00:00:00","2026-04-16 11:56:38"
7857,5,"2025-05-03 00:00:00",246.27,0.00,"2025-05-03 00:00:00","2026-04-16 11:56:38"
7858,139,"2023-11-22 00:00:00",124.68,0.00,"2023-11-22 00:00:00","2026-04-16 11:56:38"
7859,184,"2026-04-02 00:00:00",417.03,0.00,"2026-04-02 00:00:00","2026-04-16 11:56:38"
7860,123,"2026-02-14 00:00:00",57.55,5.00,"2026-02-14 00:00:00","2026-04-16 11:56:38"
7861,83,"2023-08-29 00:00:00",48.30,10.00,"2023-08-29 00:00:00","2026-04-16 11:56:38"
7862,256,"2025-09-06 00:00:00",80.63,0.00,"2025-09-06 00:00:00","2026-04-16 11:56:38"
7863,125,"2021-10-09 00:00:00",52.78,5.00,"2021-10-09 00:00:00","2026-04-16 11:56:38"
7864,35,"2022-02-28 00:00:00",145.37,0.00,"2022-02-28 00:00:00","2026-04-16 11:56:38"
7865,284,"2025-11-14 00:00:00",129.59,0.00,"2025-11-14 00:00:00","2026-04-16 11:56:38"
7866,67,"2020-01-30 00:00:00",196.34,0.00,"2020-01-30 00:00:00","2026-04-16 11:56:38"
7867,13,"2025-12-28 00:00:00",192.91,0.00,"2025-12-28 00:00:00","2026-04-16 11:56:38"
7868,194,"2024-04-22 00:00:00",213.97,0.00,"2024-04-22 00:00:00","2026-04-16 11:56:38"
7869,260,"2021-10-02 00:00:00",118.84,0.00,"2021-10-02 00:00:00","2026-04-16 11:56:38"
7870,141,"2026-01-18 00:00:00",51.93,5.00,"2026-01-18 00:00:00","2026-04-16 11:56:38"
7871,166,"2025-05-22 00:00:00",21.70,25.00,"2025-05-22 00:00:00","2026-04-16 11:56:38"
7872,96,"2025-03-09 00:00:00",219.34,0.00,"2025-03-09 00:00:00","2026-04-16 11:56:38"
7873,147,"2025-03-10 00:00:00",158.99,0.00,"2025-03-10 00:00:00","2026-04-16 11:56:38"
7874,254,"2021-06-18 00:00:00",303.06,0.00,"2021-06-18 00:00:00","2026-04-16 11:56:38"
7875,119,"2025-07-07 00:00:00",53.38,5.00,"2025-07-07 00:00:00","2026-04-16 11:56:38"
7876,272,"2024-09-25 00:00:00",164.66,0.00,"2024-09-25 00:00:00","2026-04-16 11:56:38"
7877,250,"2022-02-19 00:00:00",86.06,0.00,"2022-02-19 00:00:00","2026-04-16 11:56:38"
7878,235,"2024-04-14 00:00:00",119.76,0.00,"2024-04-14 00:00:00","2026-04-16 11:56:38"
7879,148,"2024-07-21 00:00:00",181.46,0.00,"2024-07-21 00:00:00","2026-04-16 11:56:38"
7880,9,"2025-10-30 00:00:00",86.98,0.00,"2025-10-30 00:00:00","2026-04-16 11:56:38"
7881,287,"2022-03-11 00:00:00",91.33,0.00,"2022-03-11 00:00:00","2026-04-16 11:56:38"
7882,102,"2026-03-13 00:00:00",195.30,0.00,"2026-03-13 00:00:00","2026-04-16 11:56:38"
7883,75,"2026-03-01 00:00:00",312.87,0.00,"2026-03-01 00:00:00","2026-04-16 11:56:38"
7884,215,"2024-01-08 00:00:00",238.19,0.00,"2024-01-08 00:00:00","2026-04-16 11:56:38"
7885,225,"2026-01-14 00:00:00",306.60,0.00,"2026-01-14 00:00:00","2026-04-16 11:56:38"
7886,131,"2024-10-24 00:00:00",71.39,5.00,"2024-10-24 00:00:00","2026-04-16 11:56:38"
7887,276,"2026-02-06 00:00:00",60.61,5.00,"2026-02-06 00:00:00","2026-04-16 11:56:38"
7888,203,"2026-02-28 00:00:00",133.57,0.00,"2026-02-28 00:00:00","2026-04-16 11:56:38"
7889,176,"2026-03-06 00:00:00",174.04,0.00,"2026-03-06 00:00:00","2026-04-16 11:56:38"
7890,97,"2025-12-16 00:00:00",54.68,5.00,"2025-12-16 00:00:00","2026-04-16 11:56:38"
7891,160,"2024-04-01 00:00:00",264.03,0.00,"2024-04-01 00:00:00","2026-04-16 11:56:38"
7892,221,"2025-06-12 00:00:00",290.84,0.00,"2025-06-12 00:00:00","2026-04-16 11:56:38"
7893,68,"2026-03-30 00:00:00",85.97,0.00,"2026-03-30 00:00:00","2026-04-16 11:56:38"
7894,82,"2024-09-01 00:00:00",329.68,0.00,"2024-09-01 00:00:00","2026-04-16 11:56:38"
7895,194,"2024-04-21 00:00:00",41.30,10.00,"2024-04-21 00:00:00","2026-04-16 11:56:38"
7896,188,"2026-01-11 00:00:00",141.82,0.00,"2026-01-11 00:00:00","2026-04-16 11:56:38"
7897,54,"2024-12-24 00:00:00",122.05,0.00,"2024-12-24 00:00:00","2026-04-16 11:56:38"
7898,243,"2025-08-23 00:00:00",28.41,10.00,"2025-08-23 00:00:00","2026-04-16 11:56:38"
7899,109,"2025-10-08 00:00:00",223.45,0.00,"2025-10-08 00:00:00","2026-04-16 11:56:38"
7900,273,"2020-12-12 00:00:00",136.94,0.00,"2020-12-12 00:00:00","2026-04-16 11:56:38"
7901,223,"2022-05-23 00:00:00",72.60,5.00,"2022-05-23 00:00:00","2026-04-16 11:56:38"
7902,254,"2025-04-08 00:00:00",254.74,0.00,"2025-04-08 00:00:00","2026-04-16 11:56:38"
7903,26,"2024-11-29 00:00:00",83.82,0.00,"2024-11-29 00:00:00","2026-04-16 11:56:38"
7904,8,"2026-04-09 00:00:00",247.95,0.00,"2026-04-09 00:00:00","2026-04-16 11:56:38"
7905,226,"2025-08-15 00:00:00",19.84,25.00,"2025-08-15 00:00:00","2026-04-16 11:56:38"
7906,31,"2023-05-29 00:00:00",11.13,25.00,"2023-05-29 00:00:00","2026-04-16 11:56:38"
7907,168,"2025-12-25 00:00:00",211.63,0.00,"2025-12-25 00:00:00","2026-04-16 11:56:38"
7908,127,"2026-04-10 00:00:00",31.85,10.00,"2026-04-10 00:00:00","2026-04-16 11:56:38"
7909,56,"2025-12-25 00:00:00",250.29,0.00,"2025-12-25 00:00:00","2026-04-16 11:56:38"
7910,90,"2025-05-09 00:00:00",12.20,25.00,"2025-05-09 00:00:00","2026-04-16 11:56:38"
7911,99,"2025-04-09 00:00:00",149.97,0.00,"2025-04-09 00:00:00","2026-04-16 11:56:38"
7912,83,"2025-01-05 00:00:00",149.14,0.00,"2025-01-05 00:00:00","2026-04-16 11:56:38"
7913,260,"2021-10-20 00:00:00",103.45,0.00,"2021-10-20 00:00:00","2026-04-16 11:56:38"
7914,273,"2026-03-24 00:00:00",74.28,5.00,"2026-03-24 00:00:00","2026-04-16 11:56:38"
7915,216,"2024-05-19 00:00:00",151.11,0.00,"2024-05-19 00:00:00","2026-04-16 11:56:38"
7916,40,"2025-07-09 00:00:00",17.90,25.00,"2025-07-09 00:00:00","2026-04-16 11:56:38"
7917,208,"2026-04-06 00:00:00",5.40,25.00,"2026-04-06 00:00:00","2026-04-16 11:56:38"
7918,216,"2025-10-17 00:00:00",110.40,0.00,"2025-10-17 00:00:00","2026-04-16 11:56:38"
7919,100,"2025-04-13 00:00:00",122.07,0.00,"2025-04-13 00:00:00","2026-04-16 11:56:38"
7920,212,"2023-03-19 00:00:00",111.03,0.00,"2023-03-19 00:00:00","2026-04-16 11:56:38"
7921,69,"2025-12-25 00:00:00",64.60,5.00,"2025-12-25 00:00:00","2026-04-16 11:56:38"
7922,268,"2024-01-19 00:00:00",93.71,0.00,"2024-01-19 00:00:00","2026-04-16 11:56:38"
7923,281,"2022-11-20 00:00:00",173.79,0.00,"2022-11-20 00:00:00","2026-04-16 11:56:38"
7924,275,"2022-01-28 00:00:00",169.30,0.00,"2022-01-28 00:00:00","2026-04-16 11:56:38"
7925,230,"2026-01-10 00:00:00",200.86,0.00,"2026-01-10 00:00:00","2026-04-16 11:56:38"
7926,98,"2026-03-07 00:00:00",85.80,0.00,"2026-03-07 00:00:00","2026-04-16 11:56:38"
7927,162,"2025-08-23 00:00:00",325.45,0.00,"2025-08-23 00:00:00","2026-04-16 11:56:38"
7928,213,"2025-12-10 00:00:00",153.35,0.00,"2025-12-10 00:00:00","2026-04-16 11:56:38"
7929,158,"2024-05-20 00:00:00",123.53,0.00,"2024-05-20 00:00:00","2026-04-16 11:56:38"
7930,128,"2023-01-30 00:00:00",63.07,5.00,"2023-01-30 00:00:00","2026-04-16 11:56:38"
7931,296,"2024-02-14 00:00:00",29.72,10.00,"2024-02-14 00:00:00","2026-04-16 11:56:38"
7932,22,"2023-10-06 00:00:00",68.68,5.00,"2023-10-06 00:00:00","2026-04-16 11:56:38"
7933,252,"2026-02-19 00:00:00",140.63,0.00,"2026-02-19 00:00:00","2026-04-16 11:56:38"
7934,70,"2025-04-01 00:00:00",181.71,0.00,"2025-04-01 00:00:00","2026-04-16 11:56:38"
7935,182,"2024-05-27 00:00:00",105.40,0.00,"2024-05-27 00:00:00","2026-04-16 11:56:38"
7936,29,"2025-08-04 00:00:00",76.35,0.00,"2025-08-04 00:00:00","2026-04-16 11:56:38"
7937,108,"2026-03-24 00:00:00",44.52,10.00,"2026-03-24 00:00:00","2026-04-16 11:56:38"
7938,257,"2026-01-29 00:00:00",217.00,0.00,"2026-01-29 00:00:00","2026-04-16 11:56:38"
7939,98,"2024-12-22 00:00:00",121.56,0.00,"2024-12-22 00:00:00","2026-04-16 11:56:38"
7940,140,"2026-04-09 00:00:00",110.61,0.00,"2026-04-09 00:00:00","2026-04-16 11:56:38"
7941,257,"2026-01-28 00:00:00",114.45,0.00,"2026-01-28 00:00:00","2026-04-16 11:56:38"
7942,179,"2023-12-14 00:00:00",63.38,5.00,"2023-12-14 00:00:00","2026-04-16 11:56:38"
7943,22,"2024-03-22 00:00:00",106.24,0.00,"2024-03-22 00:00:00","2026-04-16 11:56:38"
7944,78,"2025-12-16 00:00:00",69.05,5.00,"2025-12-16 00:00:00","2026-04-16 11:56:38"
7945,273,"2022-02-15 00:00:00",42.80,10.00,"2022-02-15 00:00:00","2026-04-16 11:56:38"
7946,137,"2026-04-14 00:00:00",190.96,0.00,"2026-04-14 00:00:00","2026-04-16 11:56:38"
7947,34,"2026-01-13 00:00:00",116.14,0.00,"2026-01-13 00:00:00","2026-04-16 11:56:38"
7948,240,"2026-04-13 00:00:00",347.12,0.00,"2026-04-13 00:00:00","2026-04-16 11:56:38"
7949,99,"2024-05-17 00:00:00",125.16,0.00,"2024-05-17 00:00:00","2026-04-16 11:56:38"
7950,274,"2022-02-03 00:00:00",16.53,25.00,"2022-02-03 00:00:00","2026-04-16 11:56:38"
7951,37,"2025-01-30 00:00:00",177.45,0.00,"2025-01-30 00:00:00","2026-04-16 11:56:38"
7952,248,"2024-01-28 00:00:00",270.35,0.00,"2024-01-28 00:00:00","2026-04-16 11:56:38"
7953,71,"2026-01-08 00:00:00",105.12,0.00,"2026-01-08 00:00:00","2026-04-16 11:56:38"
7954,49,"2024-01-24 00:00:00",120.04,0.00,"2024-01-24 00:00:00","2026-04-16 11:56:38"
7955,91,"2025-09-06 00:00:00",198.39,0.00,"2025-09-06 00:00:00","2026-04-16 11:56:38"
7956,138,"2021-10-15 00:00:00",131.43,0.00,"2021-10-15 00:00:00","2026-04-16 11:56:38"
7957,299,"2024-07-24 00:00:00",47.46,10.00,"2024-07-24 00:00:00","2026-04-16 11:56:38"
7958,299,"2026-02-27 00:00:00",18.07,25.00,"2026-02-27 00:00:00","2026-04-16 11:56:38"
7959,251,"2026-03-29 00:00:00",28.17,10.00,"2026-03-29 00:00:00","2026-04-16 11:56:38"
7960,76,"2025-10-07 00:00:00",120.07,0.00,"2025-10-07 00:00:00","2026-04-16 11:56:38"
7961,107,"2023-11-26 00:00:00",152.14,0.00,"2023-11-26 00:00:00","2026-04-16 11:56:38"
7962,48,"2025-07-26 00:00:00",34.69,10.00,"2025-07-26 00:00:00","2026-04-16 11:56:38"
7963,237,"2026-03-29 00:00:00",63.22,5.00,"2026-03-29 00:00:00","2026-04-16 11:56:38"
7964,164,"2025-09-23 00:00:00",161.47,0.00,"2025-09-23 00:00:00","2026-04-16 11:56:38"
7965,300,"2025-10-08 00:00:00",101.67,0.00,"2025-10-08 00:00:00","2026-04-16 11:56:38"
7966,241,"2024-08-26 00:00:00",195.24,0.00,"2024-08-26 00:00:00","2026-04-16 11:56:38"
7967,25,"2025-09-28 00:00:00",213.29,0.00,"2025-09-28 00:00:00","2026-04-16 11:56:38"
7968,182,"2025-09-14 00:00:00",105.72,0.00,"2025-09-14 00:00:00","2026-04-16 11:56:38"
7969,179,"2025-11-19 00:00:00",209.20,0.00,"2025-11-19 00:00:00","2026-04-16 11:56:38"
7970,141,"2026-02-22 00:00:00",135.75,0.00,"2026-02-22 00:00:00","2026-04-16 11:56:38"
7971,243,"2025-06-12 00:00:00",173.58,0.00,"2025-06-12 00:00:00","2026-04-16 11:56:38"
7972,248,"2026-02-03 00:00:00",18.88,25.00,"2026-02-03 00:00:00","2026-04-16 11:56:38"
7973,71,"2024-11-28 00:00:00",60.51,5.00,"2024-11-28 00:00:00","2026-04-16 11:56:38"
7974,165,"2025-03-15 00:00:00",163.73,0.00,"2025-03-15 00:00:00","2026-04-16 11:56:38"
7975,227,"2026-04-12 00:00:00",177.32,0.00,"2026-04-12 00:00:00","2026-04-16 11:56:38"
7976,114,"2024-02-27 00:00:00",55.74,5.00,"2024-02-27 00:00:00","2026-04-16 11:56:38"
7977,245,"2025-07-04 00:00:00",189.63,0.00,"2025-07-04 00:00:00","2026-04-16 11:56:38"
7978,293,"2021-02-15 00:00:00",74.93,5.00,"2021-02-15 00:00:00","2026-04-16 11:56:38"
7979,225,"2026-01-22 00:00:00",68.10,5.00,"2026-01-22 00:00:00","2026-04-16 11:56:38"
7980,231,"2024-08-25 00:00:00",234.37,0.00,"2024-08-25 00:00:00","2026-04-16 11:56:38"
7981,79,"2025-03-28 00:00:00",94.72,0.00,"2025-03-28 00:00:00","2026-04-16 11:56:38"
7982,177,"2025-03-17 00:00:00",71.95,5.00,"2025-03-17 00:00:00","2026-04-16 11:56:38"
7983,223,"2021-10-02 00:00:00",184.53,0.00,"2021-10-02 00:00:00","2026-04-16 11:56:38"
7984,27,"2022-12-21 00:00:00",75.20,0.00,"2022-12-21 00:00:00","2026-04-16 11:56:38"
7985,35,"2026-03-31 00:00:00",72.48,5.00,"2026-03-31 00:00:00","2026-04-16 11:56:38"
7986,19,"2026-04-13 00:00:00",73.41,5.00,"2026-04-13 00:00:00","2026-04-16 11:56:38"
7987,285,"2025-08-21 00:00:00",228.28,0.00,"2025-08-21 00:00:00","2026-04-16 11:56:38"
7988,219,"2021-08-25 00:00:00",187.08,0.00,"2021-08-25 00:00:00","2026-04-16 11:56:38"
7989,24,"2022-10-11 00:00:00",211.88,0.00,"2022-10-11 00:00:00","2026-04-16 11:56:38"
7990,35,"2022-02-06 00:00:00",138.50,0.00,"2022-02-06 00:00:00","2026-04-16 11:56:38"
7991,271,"2023-01-02 00:00:00",83.99,0.00,"2023-01-02 00:00:00","2026-04-16 11:56:38"
7992,32,"2023-05-19 00:00:00",185.09,0.00,"2023-05-19 00:00:00","2026-04-16 11:56:38"
7993,4,"2025-08-13 00:00:00",174.78,0.00,"2025-08-13 00:00:00","2026-04-16 11:56:38"
7994,130,"2025-07-12 00:00:00",82.80,0.00,"2025-07-12 00:00:00","2026-04-16 11:56:38"
7995,241,"2024-12-28 00:00:00",166.02,0.00,"2024-12-28 00:00:00","2026-04-16 11:56:39"
7996,237,"2026-03-06 00:00:00",165.57,0.00,"2026-03-06 00:00:00","2026-04-16 11:56:39"
7997,41,"2022-01-15 00:00:00",15.90,25.00,"2022-01-15 00:00:00","2026-04-16 11:56:39"
7998,150,"2026-01-08 00:00:00",405.02,0.00,"2026-01-08 00:00:00","2026-04-16 11:56:39"
7999,268,"2024-06-28 00:00:00",7.48,25.00,"2024-06-28 00:00:00","2026-04-16 11:56:39"
8000,267,"2024-03-26 00:00:00",202.52,0.00,"2024-03-26 00:00:00","2026-04-16 11:56:39"
8001,82,"2024-11-03 00:00:00",40.48,10.00,"2024-11-03 00:00:00","2026-04-16 11:56:39"
8002,30,"2023-03-10 00:00:00",290.13,0.00,"2023-03-10 00:00:00","2026-04-16 11:56:39"
8003,117,"2023-09-16 00:00:00",18.20,25.00,"2023-09-16 00:00:00","2026-04-16 11:56:39"
8004,118,"2022-02-14 00:00:00",177.17,0.00,"2022-02-14 00:00:00","2026-04-16 11:56:39"
8005,124,"2025-06-25 00:00:00",72.03,5.00,"2025-06-25 00:00:00","2026-04-16 11:56:39"
8006,176,"2024-09-11 00:00:00",39.63,10.00,"2024-09-11 00:00:00","2026-04-16 11:56:39"
8007,219,"2021-06-05 00:00:00",142.05,0.00,"2021-06-05 00:00:00","2026-04-16 11:56:39"
8008,202,"2026-02-05 00:00:00",61.67,5.00,"2026-02-05 00:00:00","2026-04-16 11:56:39"
8009,72,"2026-03-17 00:00:00",34.46,10.00,"2026-03-17 00:00:00","2026-04-16 11:56:39"
8010,177,"2025-09-03 00:00:00",133.58,0.00,"2025-09-03 00:00:00","2026-04-16 11:56:39"
8011,63,"2022-11-05 00:00:00",90.46,0.00,"2022-11-05 00:00:00","2026-04-16 11:56:39"
8012,32,"2024-08-14 00:00:00",38.57,10.00,"2024-08-14 00:00:00","2026-04-16 11:56:39"
8013,64,"2025-08-04 00:00:00",70.73,5.00,"2025-08-04 00:00:00","2026-04-16 11:56:39"
8014,72,"2025-06-03 00:00:00",103.24,0.00,"2025-06-03 00:00:00","2026-04-16 11:56:39"
8015,93,"2023-06-09 00:00:00",32.32,10.00,"2023-06-09 00:00:00","2026-04-16 11:56:39"
8016,291,"2025-06-26 00:00:00",264.31,0.00,"2025-06-26 00:00:00","2026-04-16 11:56:39"
8017,146,"2024-07-31 00:00:00",96.26,0.00,"2024-07-31 00:00:00","2026-04-16 11:56:39"
8018,246,"2023-12-29 00:00:00",145.09,0.00,"2023-12-29 00:00:00","2026-04-16 11:56:39"
8019,242,"2022-08-05 00:00:00",81.47,0.00,"2022-08-05 00:00:00","2026-04-16 11:56:39"
8020,109,"2024-11-19 00:00:00",123.85,0.00,"2024-11-19 00:00:00","2026-04-16 11:56:39"
8021,256,"2021-03-06 00:00:00",116.99,0.00,"2021-03-06 00:00:00","2026-04-16 11:56:39"
8022,42,"2024-07-10 00:00:00",121.66,0.00,"2024-07-10 00:00:00","2026-04-16 11:56:39"
8023,125,"2025-10-10 00:00:00",35.57,10.00,"2025-10-10 00:00:00","2026-04-16 11:56:39"
8024,136,"2025-08-02 00:00:00",121.67,0.00,"2025-08-02 00:00:00","2026-04-16 11:56:39"
8025,27,"2025-11-13 00:00:00",182.91,0.00,"2025-11-13 00:00:00","2026-04-16 11:56:39"
8026,90,"2025-11-06 00:00:00",275.12,0.00,"2025-11-06 00:00:00","2026-04-16 11:56:39"
8027,121,"2024-09-27 00:00:00",166.16,0.00,"2024-09-27 00:00:00","2026-04-16 11:56:39"
8028,88,"2025-11-18 00:00:00",76.61,0.00,"2025-11-18 00:00:00","2026-04-16 11:56:39"
8029,257,"2025-09-10 00:00:00",172.77,0.00,"2025-09-10 00:00:00","2026-04-16 11:56:39"
8030,82,"2026-02-28 00:00:00",171.92,0.00,"2026-02-28 00:00:00","2026-04-16 11:56:39"
8031,119,"2025-07-07 00:00:00",58.80,5.00,"2025-07-07 00:00:00","2026-04-16 11:56:39"
8032,198,"2026-04-15 00:00:00",207.41,0.00,"2026-04-15 00:00:00","2026-04-16 11:56:39"
8033,91,"2024-09-10 00:00:00",104.21,0.00,"2024-09-10 00:00:00","2026-04-16 11:56:39"
8034,90,"2025-08-13 00:00:00",267.99,0.00,"2025-08-13 00:00:00","2026-04-16 11:56:39"
8035,146,"2024-07-24 00:00:00",194.72,0.00,"2024-07-24 00:00:00","2026-04-16 11:56:39"
8036,146,"2021-02-09 00:00:00",109.04,0.00,"2021-02-09 00:00:00","2026-04-16 11:56:39"
8037,239,"2024-10-07 00:00:00",62.20,5.00,"2024-10-07 00:00:00","2026-04-16 11:56:39"
8038,192,"2023-04-17 00:00:00",225.64,0.00,"2023-04-17 00:00:00","2026-04-16 11:56:39"
8039,77,"2024-10-31 00:00:00",100.66,0.00,"2024-10-31 00:00:00","2026-04-16 11:56:39"
8040,130,"2025-07-22 00:00:00",145.02,0.00,"2025-07-22 00:00:00","2026-04-16 11:56:39"
8041,38,"2025-01-25 00:00:00",110.24,0.00,"2025-01-25 00:00:00","2026-04-16 11:56:39"
8042,86,"2025-08-18 00:00:00",116.74,0.00,"2025-08-18 00:00:00","2026-04-16 11:56:39"
8043,61,"2025-04-04 00:00:00",75.87,0.00,"2025-04-04 00:00:00","2026-04-16 11:56:39"
8044,10,"2025-11-17 00:00:00",204.61,0.00,"2025-11-17 00:00:00","2026-04-16 11:56:39"
8045,128,"2023-02-26 00:00:00",78.15,0.00,"2023-02-26 00:00:00","2026-04-16 11:56:39"
8046,254,"2020-02-01 00:00:00",103.48,0.00,"2020-02-01 00:00:00","2026-04-16 11:56:39"
8047,89,"2024-05-07 00:00:00",61.96,5.00,"2024-05-07 00:00:00","2026-04-16 11:56:39"
8048,178,"2024-01-06 00:00:00",171.86,0.00,"2024-01-06 00:00:00","2026-04-16 11:56:39"
8049,235,"2024-06-21 00:00:00",189.51,0.00,"2024-06-21 00:00:00","2026-04-16 11:56:39"
8050,16,"2026-04-11 00:00:00",14.81,25.00,"2026-04-11 00:00:00","2026-04-16 11:56:39"
8051,210,"2025-11-20 00:00:00",108.96,0.00,"2025-11-20 00:00:00","2026-04-16 11:56:39"
8052,227,"2026-03-16 00:00:00",130.89,0.00,"2026-03-16 00:00:00","2026-04-16 11:56:39"
8053,62,"2025-12-30 00:00:00",279.28,0.00,"2025-12-30 00:00:00","2026-04-16 11:56:39"
8054,73,"2025-10-24 00:00:00",126.23,0.00,"2025-10-24 00:00:00","2026-04-16 11:56:39"
8055,73,"2025-11-19 00:00:00",32.65,10.00,"2025-11-19 00:00:00","2026-04-16 11:56:39"
8056,239,"2023-05-08 00:00:00",160.39,0.00,"2023-05-08 00:00:00","2026-04-16 11:56:39"
8057,43,"2025-06-10 00:00:00",19.50,25.00,"2025-06-10 00:00:00","2026-04-16 11:56:39"
8058,2,"2022-10-27 00:00:00",60.82,5.00,"2022-10-27 00:00:00","2026-04-16 11:56:39"
8059,27,"2024-07-07 00:00:00",245.63,0.00,"2024-07-07 00:00:00","2026-04-16 11:56:39"
8060,265,"2025-08-27 00:00:00",91.60,0.00,"2025-08-27 00:00:00","2026-04-16 11:56:39"
8061,64,"2025-05-22 00:00:00",56.77,5.00,"2025-05-22 00:00:00","2026-04-16 11:56:39"
8062,189,"2025-12-03 00:00:00",89.97,0.00,"2025-12-03 00:00:00","2026-04-16 11:56:39"
8063,164,"2026-04-08 00:00:00",61.12,5.00,"2026-04-08 00:00:00","2026-04-16 11:56:39"
8064,104,"2023-04-15 00:00:00",8.22,25.00,"2023-04-15 00:00:00","2026-04-16 11:56:39"
8065,55,"2024-09-22 00:00:00",43.88,10.00,"2024-09-22 00:00:00","2026-04-16 11:56:39"
8066,125,"2024-12-30 00:00:00",96.30,0.00,"2024-12-30 00:00:00","2026-04-16 11:56:39"
8067,231,"2024-08-19 00:00:00",198.98,0.00,"2024-08-19 00:00:00","2026-04-16 11:56:39"
8068,122,"2025-09-22 00:00:00",141.26,0.00,"2025-09-22 00:00:00","2026-04-16 11:56:39"
8069,273,"2025-04-03 00:00:00",185.14,0.00,"2025-04-03 00:00:00","2026-04-16 11:56:39"
8070,299,"2025-09-16 00:00:00",212.85,0.00,"2025-09-16 00:00:00","2026-04-16 11:56:39"
8071,104,"2024-11-26 00:00:00",97.23,0.00,"2024-11-26 00:00:00","2026-04-16 11:56:39"
8072,168,"2026-02-22 00:00:00",190.72,0.00,"2026-02-22 00:00:00","2026-04-16 11:56:39"
8073,107,"2026-01-15 00:00:00",116.84,0.00,"2026-01-15 00:00:00","2026-04-16 11:56:39"
8074,79,"2024-07-02 00:00:00",168.25,0.00,"2024-07-02 00:00:00","2026-04-16 11:56:39"
8075,262,"2023-09-01 00:00:00",165.66,0.00,"2023-09-01 00:00:00","2026-04-16 11:56:39"
8076,194,"2022-07-21 00:00:00",204.39,0.00,"2022-07-21 00:00:00","2026-04-16 11:56:39"
8077,241,"2024-09-10 00:00:00",132.47,0.00,"2024-09-10 00:00:00","2026-04-16 11:56:39"
8078,153,"2021-10-18 00:00:00",6.16,25.00,"2021-10-18 00:00:00","2026-04-16 11:56:39"
8079,175,"2022-03-09 00:00:00",69.03,5.00,"2022-03-09 00:00:00","2026-04-16 11:56:39"
8080,126,"2023-12-15 00:00:00",90.74,0.00,"2023-12-15 00:00:00","2026-04-16 11:56:39"
8081,161,"2025-10-09 00:00:00",68.96,5.00,"2025-10-09 00:00:00","2026-04-16 11:56:39"
8082,208,"2022-08-02 00:00:00",3.26,25.00,"2022-08-02 00:00:00","2026-04-16 11:56:39"
8083,50,"2021-05-15 00:00:00",48.71,10.00,"2021-05-15 00:00:00","2026-04-16 11:56:39"
8084,160,"2024-06-03 00:00:00",269.33,0.00,"2024-06-03 00:00:00","2026-04-16 11:56:39"
8085,106,"2025-04-28 00:00:00",441.32,0.00,"2025-04-28 00:00:00","2026-04-16 11:56:39"
8086,142,"2024-04-07 00:00:00",106.47,0.00,"2024-04-07 00:00:00","2026-04-16 11:56:39"
8087,238,"2025-06-01 00:00:00",110.72,0.00,"2025-06-01 00:00:00","2026-04-16 11:56:39"
8088,118,"2021-07-14 00:00:00",173.17,0.00,"2021-07-14 00:00:00","2026-04-16 11:56:39"
8089,18,"2022-05-02 00:00:00",204.00,0.00,"2022-05-02 00:00:00","2026-04-16 11:56:39"
8090,142,"2025-05-31 00:00:00",17.10,25.00,"2025-05-31 00:00:00","2026-04-16 11:56:39"
8091,19,"2026-01-23 00:00:00",195.09,0.00,"2026-01-23 00:00:00","2026-04-16 11:56:39"
8092,94,"2025-02-15 00:00:00",264.32,0.00,"2025-02-15 00:00:00","2026-04-16 11:56:39"
8093,73,"2026-02-02 00:00:00",228.78,0.00,"2026-02-02 00:00:00","2026-04-16 11:56:39"
8094,20,"2021-10-01 00:00:00",48.25,10.00,"2021-10-01 00:00:00","2026-04-16 11:56:39"
8095,66,"2024-05-23 00:00:00",207.05,0.00,"2024-05-23 00:00:00","2026-04-16 11:56:39"
8096,184,"2026-03-31 00:00:00",229.91,0.00,"2026-03-31 00:00:00","2026-04-16 11:56:39"
8097,239,"2022-07-02 00:00:00",168.95,0.00,"2022-07-02 00:00:00","2026-04-16 11:56:39"
8098,126,"2021-05-10 00:00:00",20.87,25.00,"2021-05-10 00:00:00","2026-04-16 11:56:39"
8099,264,"2024-10-06 00:00:00",95.23,0.00,"2024-10-06 00:00:00","2026-04-16 11:56:39"
8100,68,"2025-12-10 00:00:00",12.06,25.00,"2025-12-10 00:00:00","2026-04-16 11:56:39"
8101,63,"2025-05-09 00:00:00",371.45,0.00,"2025-05-09 00:00:00","2026-04-16 11:56:39"
8102,116,"2026-03-01 00:00:00",67.20,5.00,"2026-03-01 00:00:00","2026-04-16 11:56:39"
8103,48,"2025-07-28 00:00:00",70.88,5.00,"2025-07-28 00:00:00","2026-04-16 11:56:39"
8104,172,"2025-08-18 00:00:00",10.34,25.00,"2025-08-18 00:00:00","2026-04-16 11:56:39"
8105,131,"2024-09-10 00:00:00",113.65,0.00,"2024-09-10 00:00:00","2026-04-16 11:56:39"
8106,144,"2020-06-15 00:00:00",201.93,0.00,"2020-06-15 00:00:00","2026-04-16 11:56:39"
8107,54,"2024-08-27 00:00:00",71.36,5.00,"2024-08-27 00:00:00","2026-04-16 11:56:39"
8108,285,"2026-02-22 00:00:00",112.12,0.00,"2026-02-22 00:00:00","2026-04-16 11:56:39"
8109,28,"2024-02-11 00:00:00",185.18,0.00,"2024-02-11 00:00:00","2026-04-16 11:56:39"
8110,86,"2025-08-14 00:00:00",8.03,25.00,"2025-08-14 00:00:00","2026-04-16 11:56:39"
8111,185,"2024-08-22 00:00:00",171.55,0.00,"2024-08-22 00:00:00","2026-04-16 11:56:39"
8112,18,"2025-12-01 00:00:00",172.32,0.00,"2025-12-01 00:00:00","2026-04-16 11:56:39"
8113,116,"2025-03-28 00:00:00",165.58,0.00,"2025-03-28 00:00:00","2026-04-16 11:56:39"
8114,94,"2025-02-06 00:00:00",81.24,0.00,"2025-02-06 00:00:00","2026-04-16 11:56:39"
8115,267,"2023-03-25 00:00:00",239.16,0.00,"2023-03-25 00:00:00","2026-04-16 11:56:39"
8116,65,"2025-09-29 00:00:00",168.60,0.00,"2025-09-29 00:00:00","2026-04-16 11:56:39"
8117,188,"2026-04-11 00:00:00",140.00,0.00,"2026-04-11 00:00:00","2026-04-16 11:56:39"
8118,34,"2025-08-31 00:00:00",127.91,0.00,"2025-08-31 00:00:00","2026-04-16 11:56:39"
8119,167,"2025-12-27 00:00:00",61.10,5.00,"2025-12-27 00:00:00","2026-04-16 11:56:39"
8120,210,"2025-12-25 00:00:00",22.95,25.00,"2025-12-25 00:00:00","2026-04-16 11:56:39"
8121,265,"2025-04-22 00:00:00",107.97,0.00,"2025-04-22 00:00:00","2026-04-16 11:56:39"
8122,61,"2024-07-29 00:00:00",5.74,25.00,"2024-07-29 00:00:00","2026-04-16 11:56:39"
8123,204,"2025-10-20 00:00:00",77.00,0.00,"2025-10-20 00:00:00","2026-04-16 11:56:39"
8124,225,"2026-02-17 00:00:00",409.89,0.00,"2026-02-17 00:00:00","2026-04-16 11:56:39"
8125,226,"2026-01-11 00:00:00",282.23,0.00,"2026-01-11 00:00:00","2026-04-16 11:56:39"
8126,245,"2025-07-16 00:00:00",109.69,0.00,"2025-07-16 00:00:00","2026-04-16 11:56:39"
8127,116,"2026-03-20 00:00:00",93.67,0.00,"2026-03-20 00:00:00","2026-04-16 11:56:39"
8128,88,"2025-07-11 00:00:00",224.71,0.00,"2025-07-11 00:00:00","2026-04-16 11:56:39"
8129,82,"2025-04-21 00:00:00",179.15,0.00,"2025-04-21 00:00:00","2026-04-16 11:56:39"
8130,299,"2025-09-24 00:00:00",135.75,0.00,"2025-09-24 00:00:00","2026-04-16 11:56:39"
8131,114,"2021-02-23 00:00:00",85.93,0.00,"2021-02-23 00:00:00","2026-04-16 11:56:39"
8132,40,"2025-11-25 00:00:00",385.30,0.00,"2025-11-25 00:00:00","2026-04-16 11:56:39"
8133,230,"2025-08-02 00:00:00",236.75,0.00,"2025-08-02 00:00:00","2026-04-16 11:56:39"
8134,200,"2025-11-13 00:00:00",156.69,0.00,"2025-11-13 00:00:00","2026-04-16 11:56:39"
8135,124,"2023-03-26 00:00:00",197.94,0.00,"2023-03-26 00:00:00","2026-04-16 11:56:39"
8136,14,"2023-09-28 00:00:00",18.42,25.00,"2023-09-28 00:00:00","2026-04-16 11:56:39"
8137,149,"2026-03-09 00:00:00",129.21,0.00,"2026-03-09 00:00:00","2026-04-16 11:56:39"
8138,209,"2023-11-19 00:00:00",217.16,0.00,"2023-11-19 00:00:00","2026-04-16 11:56:39"
8139,181,"2025-01-14 00:00:00",158.79,0.00,"2025-01-14 00:00:00","2026-04-16 11:56:39"
8140,69,"2025-12-05 00:00:00",3.59,25.00,"2025-12-05 00:00:00","2026-04-16 11:56:39"
8141,75,"2026-02-20 00:00:00",219.20,0.00,"2026-02-20 00:00:00","2026-04-16 11:56:39"
8142,52,"2026-03-30 00:00:00",146.05,0.00,"2026-03-30 00:00:00","2026-04-16 11:56:39"
8143,143,"2026-03-09 00:00:00",153.74,0.00,"2026-03-09 00:00:00","2026-04-16 11:56:39"
8144,89,"2025-05-24 00:00:00",285.24,0.00,"2025-05-24 00:00:00","2026-04-16 11:56:39"
8145,15,"2025-04-03 00:00:00",19.72,25.00,"2025-04-03 00:00:00","2026-04-16 11:56:39"
8146,60,"2025-08-23 00:00:00",277.40,0.00,"2025-08-23 00:00:00","2026-04-16 11:56:39"
8147,170,"2023-11-11 00:00:00",68.68,5.00,"2023-11-11 00:00:00","2026-04-16 11:56:39"
8148,11,"2024-06-15 00:00:00",60.44,5.00,"2024-06-15 00:00:00","2026-04-16 11:56:39"
8149,32,"2022-06-26 00:00:00",157.01,0.00,"2022-06-26 00:00:00","2026-04-16 11:56:39"
8150,91,"2025-02-06 00:00:00",91.53,0.00,"2025-02-06 00:00:00","2026-04-16 11:56:39"
8151,128,"2023-08-08 00:00:00",119.97,0.00,"2023-08-08 00:00:00","2026-04-16 11:56:39"
8152,68,"2026-03-17 00:00:00",114.35,0.00,"2026-03-17 00:00:00","2026-04-16 11:56:39"
8153,274,"2022-04-19 00:00:00",82.69,0.00,"2022-04-19 00:00:00","2026-04-16 11:56:39"
8154,224,"2021-04-26 00:00:00",206.33,0.00,"2021-04-26 00:00:00","2026-04-16 11:56:39"
8155,26,"2023-11-15 00:00:00",194.52,0.00,"2023-11-15 00:00:00","2026-04-16 11:56:39"
8156,286,"2025-08-15 00:00:00",278.14,0.00,"2025-08-15 00:00:00","2026-04-16 11:56:39"
8157,143,"2024-08-27 00:00:00",359.22,0.00,"2024-08-27 00:00:00","2026-04-16 11:56:39"
8158,214,"2024-10-16 00:00:00",178.57,0.00,"2024-10-16 00:00:00","2026-04-16 11:56:39"
8159,285,"2025-01-12 00:00:00",119.45,0.00,"2025-01-12 00:00:00","2026-04-16 11:56:39"
8160,105,"2023-02-21 00:00:00",194.84,0.00,"2023-02-21 00:00:00","2026-04-16 11:56:39"
8161,190,"2026-03-18 00:00:00",65.26,5.00,"2026-03-18 00:00:00","2026-04-16 11:56:39"
8162,225,"2026-03-09 00:00:00",111.55,0.00,"2026-03-09 00:00:00","2026-04-16 11:56:39"
8163,56,"2023-08-31 00:00:00",80.29,0.00,"2023-08-31 00:00:00","2026-04-16 11:56:39"
8164,145,"2025-05-14 00:00:00",108.50,0.00,"2025-05-14 00:00:00","2026-04-16 11:56:39"
8165,189,"2025-12-26 00:00:00",21.54,25.00,"2025-12-26 00:00:00","2026-04-16 11:56:39"
8166,207,"2026-01-28 00:00:00",168.44,0.00,"2026-01-28 00:00:00","2026-04-16 11:56:39"
8167,202,"2025-06-09 00:00:00",407.77,0.00,"2025-06-09 00:00:00","2026-04-16 11:56:39"
8168,204,"2026-01-24 00:00:00",154.53,0.00,"2026-01-24 00:00:00","2026-04-16 11:56:39"
8169,42,"2026-02-19 00:00:00",12.10,25.00,"2026-02-19 00:00:00","2026-04-16 11:56:39"
8170,170,"2025-04-13 00:00:00",228.88,0.00,"2025-04-13 00:00:00","2026-04-16 11:56:39"
8171,288,"2023-09-11 00:00:00",190.91,0.00,"2023-09-11 00:00:00","2026-04-16 11:56:39"
8172,213,"2024-04-05 00:00:00",120.08,0.00,"2024-04-05 00:00:00","2026-04-16 11:56:39"
8173,106,"2024-10-03 00:00:00",24.10,25.00,"2024-10-03 00:00:00","2026-04-16 11:56:39"
8174,219,"2022-08-14 00:00:00",155.75,0.00,"2022-08-14 00:00:00","2026-04-16 11:56:39"
8175,271,"2022-12-02 00:00:00",103.58,0.00,"2022-12-02 00:00:00","2026-04-16 11:56:39"
8176,137,"2026-01-14 00:00:00",267.67,0.00,"2026-01-14 00:00:00","2026-04-16 11:56:39"
8177,261,"2024-01-09 00:00:00",111.90,0.00,"2024-01-09 00:00:00","2026-04-16 11:56:39"
8178,108,"2026-03-22 00:00:00",35.61,10.00,"2026-03-22 00:00:00","2026-04-16 11:56:39"
8179,110,"2025-05-20 00:00:00",49.68,10.00,"2025-05-20 00:00:00","2026-04-16 11:56:39"
8180,46,"2026-04-12 00:00:00",92.53,0.00,"2026-04-12 00:00:00","2026-04-16 11:56:39"
8181,156,"2023-11-17 00:00:00",59.11,5.00,"2023-11-17 00:00:00","2026-04-16 11:56:39"
8182,252,"2025-01-19 00:00:00",178.68,0.00,"2025-01-19 00:00:00","2026-04-16 11:56:39"
8183,259,"2025-09-03 00:00:00",65.38,5.00,"2025-09-03 00:00:00","2026-04-16 11:56:39"
8184,224,"2023-10-12 00:00:00",67.69,5.00,"2023-10-12 00:00:00","2026-04-16 11:56:39"
8185,196,"2026-01-08 00:00:00",445.59,0.00,"2026-01-08 00:00:00","2026-04-16 11:56:39"
8186,13,"2025-02-07 00:00:00",115.24,0.00,"2025-02-07 00:00:00","2026-04-16 11:56:39"
8187,97,"2024-01-11 00:00:00",189.05,0.00,"2024-01-11 00:00:00","2026-04-16 11:56:39"
8188,140,"2026-04-12 00:00:00",5.43,25.00,"2026-04-12 00:00:00","2026-04-16 11:56:39"
8189,39,"2022-12-12 00:00:00",5.70,25.00,"2022-12-12 00:00:00","2026-04-16 11:56:39"
8190,277,"2024-12-31 00:00:00",251.23,0.00,"2024-12-31 00:00:00","2026-04-16 11:56:39"
8191,157,"2022-03-20 00:00:00",8.80,25.00,"2022-03-20 00:00:00","2026-04-16 11:56:39"
8192,220,"2025-11-24 00:00:00",75.22,0.00,"2025-11-24 00:00:00","2026-04-16 11:56:39"
8193,51,"2026-03-19 00:00:00",78.43,0.00,"2026-03-19 00:00:00","2026-04-16 11:56:39"
8194,65,"2025-09-17 00:00:00",150.12,0.00,"2025-09-17 00:00:00","2026-04-16 11:56:39"
8195,275,"2023-05-20 00:00:00",133.59,0.00,"2023-05-20 00:00:00","2026-04-16 11:56:39"
8196,145,"2024-10-12 00:00:00",59.40,5.00,"2024-10-12 00:00:00","2026-04-16 11:56:39"
8197,267,"2025-03-25 00:00:00",31.65,10.00,"2025-03-25 00:00:00","2026-04-16 11:56:39"
8198,194,"2025-07-05 00:00:00",116.83,0.00,"2025-07-05 00:00:00","2026-04-16 11:56:39"
8199,140,"2026-03-22 00:00:00",149.75,0.00,"2026-03-22 00:00:00","2026-04-16 11:56:39"
8200,136,"2025-07-09 00:00:00",5.18,25.00,"2025-07-09 00:00:00","2026-04-16 11:56:39"
8201,12,"2024-11-28 00:00:00",190.39,0.00,"2024-11-28 00:00:00","2026-04-16 11:56:39"
8202,65,"2025-09-16 00:00:00",306.95,0.00,"2025-09-16 00:00:00","2026-04-16 11:56:39"
8203,89,"2025-02-16 00:00:00",131.00,0.00,"2025-02-16 00:00:00","2026-04-16 11:56:39"
8204,210,"2025-06-18 00:00:00",87.93,0.00,"2025-06-18 00:00:00","2026-04-16 11:56:39"
8205,3,"2023-07-29 00:00:00",11.88,25.00,"2023-07-29 00:00:00","2026-04-16 11:56:39"
8206,112,"2022-07-05 00:00:00",296.92,0.00,"2022-07-05 00:00:00","2026-04-16 11:56:39"
8207,74,"2021-12-08 00:00:00",322.15,0.00,"2021-12-08 00:00:00","2026-04-16 11:56:39"
8208,189,"2025-06-27 00:00:00",220.16,0.00,"2025-06-27 00:00:00","2026-04-16 11:56:39"
8209,95,"2025-10-13 00:00:00",241.94,0.00,"2025-10-13 00:00:00","2026-04-16 11:56:39"
8210,233,"2025-06-11 00:00:00",96.82,0.00,"2025-06-11 00:00:00","2026-04-16 11:56:39"
8211,26,"2025-05-08 00:00:00",91.48,0.00,"2025-05-08 00:00:00","2026-04-16 11:56:39"
8212,260,"2021-09-28 00:00:00",57.61,5.00,"2021-09-28 00:00:00","2026-04-16 11:56:39"
8213,242,"2023-03-31 00:00:00",263.62,0.00,"2023-03-31 00:00:00","2026-04-16 11:56:39"
8214,11,"2024-06-11 00:00:00",108.42,0.00,"2024-06-11 00:00:00","2026-04-16 11:56:39"
8215,180,"2026-02-12 00:00:00",106.66,0.00,"2026-02-12 00:00:00","2026-04-16 11:56:39"
8216,29,"2025-06-29 00:00:00",334.19,0.00,"2025-06-29 00:00:00","2026-04-16 11:56:39"
8217,131,"2022-12-26 00:00:00",112.75,0.00,"2022-12-26 00:00:00","2026-04-16 11:56:39"
8218,119,"2025-07-08 00:00:00",124.87,0.00,"2025-07-08 00:00:00","2026-04-16 11:56:39"
8219,193,"2025-07-12 00:00:00",198.59,0.00,"2025-07-12 00:00:00","2026-04-16 11:56:39"
8220,22,"2024-01-13 00:00:00",243.30,0.00,"2024-01-13 00:00:00","2026-04-16 11:56:39"
8221,209,"2026-04-12 00:00:00",169.59,0.00,"2026-04-12 00:00:00","2026-04-16 11:56:39"
8222,281,"2025-09-16 00:00:00",93.23,0.00,"2025-09-16 00:00:00","2026-04-16 11:56:39"
8223,180,"2024-08-27 00:00:00",338.05,0.00,"2024-08-27 00:00:00","2026-04-16 11:56:39"
8224,257,"2026-01-30 00:00:00",199.32,0.00,"2026-01-30 00:00:00","2026-04-16 11:56:39"
8225,178,"2020-03-22 00:00:00",102.62,0.00,"2020-03-22 00:00:00","2026-04-16 11:56:39"
8226,292,"2024-06-12 00:00:00",11.77,25.00,"2024-06-12 00:00:00","2026-04-16 11:56:39"
8227,271,"2022-12-26 00:00:00",221.85,0.00,"2022-12-26 00:00:00","2026-04-16 11:56:39"
8228,8,"2026-02-20 00:00:00",190.46,0.00,"2026-02-20 00:00:00","2026-04-16 11:56:39"
8229,237,"2026-02-12 00:00:00",183.54,0.00,"2026-02-12 00:00:00","2026-04-16 11:56:39"
8230,56,"2024-06-18 00:00:00",29.65,10.00,"2024-06-18 00:00:00","2026-04-16 11:56:39"
8231,82,"2025-07-05 00:00:00",235.95,0.00,"2025-07-05 00:00:00","2026-04-16 11:56:39"
8232,148,"2023-11-05 00:00:00",189.71,0.00,"2023-11-05 00:00:00","2026-04-16 11:56:39"
8233,270,"2025-06-22 00:00:00",9.48,25.00,"2025-06-22 00:00:00","2026-04-16 11:56:39"
8234,38,"2024-09-21 00:00:00",38.41,10.00,"2024-09-21 00:00:00","2026-04-16 11:56:39"
8235,252,"2024-01-29 00:00:00",90.32,0.00,"2024-01-29 00:00:00","2026-04-16 11:56:39"
8236,76,"2022-12-26 00:00:00",86.64,0.00,"2022-12-26 00:00:00","2026-04-16 11:56:39"
8237,257,"2025-07-18 00:00:00",74.53,5.00,"2025-07-18 00:00:00","2026-04-16 11:56:39"
8238,33,"2026-04-15 00:00:00",221.82,0.00,"2026-04-15 00:00:00","2026-04-16 11:56:39"
8239,171,"2025-10-16 00:00:00",24.54,25.00,"2025-10-16 00:00:00","2026-04-16 11:56:39"
8240,189,"2025-11-08 00:00:00",80.65,0.00,"2025-11-08 00:00:00","2026-04-16 11:56:39"
8241,64,"2025-05-27 00:00:00",346.00,0.00,"2025-05-27 00:00:00","2026-04-16 11:56:39"
8242,181,"2025-12-29 00:00:00",157.11,0.00,"2025-12-29 00:00:00","2026-04-16 11:56:39"
8243,197,"2025-08-08 00:00:00",54.56,5.00,"2025-08-08 00:00:00","2026-04-16 11:56:39"
8244,29,"2025-04-29 00:00:00",95.74,0.00,"2025-04-29 00:00:00","2026-04-16 11:56:39"
8245,84,"2024-02-21 00:00:00",247.82,0.00,"2024-02-21 00:00:00","2026-04-16 11:56:39"
8246,198,"2025-11-24 00:00:00",155.84,0.00,"2025-11-24 00:00:00","2026-04-16 11:56:39"
8247,139,"2024-03-23 00:00:00",149.98,0.00,"2024-03-23 00:00:00","2026-04-16 11:56:39"
8248,73,"2022-04-17 00:00:00",102.09,0.00,"2022-04-17 00:00:00","2026-04-16 11:56:39"
8249,274,"2023-06-15 00:00:00",142.77,0.00,"2023-06-15 00:00:00","2026-04-16 11:56:39"
8250,95,"2025-09-29 00:00:00",247.06,0.00,"2025-09-29 00:00:00","2026-04-16 11:56:39"
8251,47,"2023-09-23 00:00:00",102.53,0.00,"2023-09-23 00:00:00","2026-04-16 11:56:39"
8252,273,"2026-01-15 00:00:00",289.69,0.00,"2026-01-15 00:00:00","2026-04-16 11:56:39"
8253,188,"2025-12-22 00:00:00",57.09,5.00,"2025-12-22 00:00:00","2026-04-16 11:56:39"
8254,148,"2023-07-10 00:00:00",94.65,0.00,"2023-07-10 00:00:00","2026-04-16 11:56:39"
8255,70,"2024-11-16 00:00:00",208.46,0.00,"2024-11-16 00:00:00","2026-04-16 11:56:39"
8256,195,"2026-01-02 00:00:00",26.38,10.00,"2026-01-02 00:00:00","2026-04-16 11:56:39"
8257,28,"2024-02-01 00:00:00",86.31,0.00,"2024-02-01 00:00:00","2026-04-16 11:56:39"
8258,275,"2022-02-15 00:00:00",167.82,0.00,"2022-02-15 00:00:00","2026-04-16 11:56:39"
8259,5,"2025-04-16 00:00:00",47.63,10.00,"2025-04-16 00:00:00","2026-04-16 11:56:39"
8260,238,"2025-01-16 00:00:00",163.42,0.00,"2025-01-16 00:00:00","2026-04-16 11:56:39"
8261,45,"2023-01-17 00:00:00",305.15,0.00,"2023-01-17 00:00:00","2026-04-16 11:56:39"
8262,21,"2025-06-03 00:00:00",14.12,25.00,"2025-06-03 00:00:00","2026-04-16 11:56:39"
8263,147,"2024-04-10 00:00:00",97.71,0.00,"2024-04-10 00:00:00","2026-04-16 11:56:39"
8264,257,"2025-09-01 00:00:00",5.35,25.00,"2025-09-01 00:00:00","2026-04-16 11:56:39"
8265,71,"2025-06-30 00:00:00",197.49,0.00,"2025-06-30 00:00:00","2026-04-16 11:56:39"
8266,102,"2024-03-05 00:00:00",199.27,0.00,"2024-03-05 00:00:00","2026-04-16 11:56:39"
8267,204,"2025-04-05 00:00:00",132.61,0.00,"2025-04-05 00:00:00","2026-04-16 11:56:39"
8268,170,"2025-09-28 00:00:00",61.88,5.00,"2025-09-28 00:00:00","2026-04-16 11:56:39"
8269,279,"2025-02-02 00:00:00",224.27,0.00,"2025-02-02 00:00:00","2026-04-16 11:56:39"
8270,95,"2024-07-02 00:00:00",104.00,0.00,"2024-07-02 00:00:00","2026-04-16 11:56:39"
8271,67,"2025-06-11 00:00:00",212.69,0.00,"2025-06-11 00:00:00","2026-04-16 11:56:39"
8272,49,"2023-10-20 00:00:00",102.54,0.00,"2023-10-20 00:00:00","2026-04-16 11:56:39"
8273,58,"2025-05-16 00:00:00",309.31,0.00,"2025-05-16 00:00:00","2026-04-16 11:56:39"
8274,226,"2022-10-20 00:00:00",96.44,0.00,"2022-10-20 00:00:00","2026-04-16 11:56:39"
8275,263,"2020-02-08 00:00:00",55.98,5.00,"2020-02-08 00:00:00","2026-04-16 11:56:39"
8276,25,"2025-03-16 00:00:00",91.92,0.00,"2025-03-16 00:00:00","2026-04-16 11:56:39"
8277,216,"2024-12-15 00:00:00",165.41,0.00,"2024-12-15 00:00:00","2026-04-16 11:56:39"
8278,289,"2026-01-18 00:00:00",229.44,0.00,"2026-01-18 00:00:00","2026-04-16 11:56:39"
8279,109,"2024-09-30 00:00:00",58.89,5.00,"2024-09-30 00:00:00","2026-04-16 11:56:39"
8280,254,"2020-12-22 00:00:00",214.96,0.00,"2020-12-22 00:00:00","2026-04-16 11:56:39"
8281,208,"2026-04-08 00:00:00",155.90,0.00,"2026-04-08 00:00:00","2026-04-16 11:56:39"
8282,30,"2023-09-28 00:00:00",152.89,0.00,"2023-09-28 00:00:00","2026-04-16 11:56:39"
8283,197,"2025-02-07 00:00:00",17.55,25.00,"2025-02-07 00:00:00","2026-04-16 11:56:39"
8284,48,"2026-01-21 00:00:00",75.27,0.00,"2026-01-21 00:00:00","2026-04-16 11:56:39"
8285,38,"2025-04-27 00:00:00",164.28,0.00,"2025-04-27 00:00:00","2026-04-16 11:56:39"
8286,249,"2025-04-19 00:00:00",118.68,0.00,"2025-04-19 00:00:00","2026-04-16 11:56:39"
8287,56,"2023-08-27 00:00:00",120.67,0.00,"2023-08-27 00:00:00","2026-04-16 11:56:39"
8288,206,"2025-02-19 00:00:00",123.48,0.00,"2025-02-19 00:00:00","2026-04-16 11:56:39"
8289,97,"2025-07-09 00:00:00",167.90,0.00,"2025-07-09 00:00:00","2026-04-16 11:56:39"
8290,133,"2025-03-16 00:00:00",20.88,25.00,"2025-03-16 00:00:00","2026-04-16 11:56:39"
8291,81,"2022-02-13 00:00:00",144.30,0.00,"2022-02-13 00:00:00","2026-04-16 11:56:39"
8292,211,"2025-02-05 00:00:00",105.20,0.00,"2025-02-05 00:00:00","2026-04-16 11:56:39"
8293,162,"2024-04-06 00:00:00",107.09,0.00,"2024-04-06 00:00:00","2026-04-16 11:56:39"
8294,250,"2021-08-10 00:00:00",218.62,0.00,"2021-08-10 00:00:00","2026-04-16 11:56:39"
8295,196,"2025-12-06 00:00:00",150.42,0.00,"2025-12-06 00:00:00","2026-04-16 11:56:39"
8296,34,"2026-02-04 00:00:00",172.41,0.00,"2026-02-04 00:00:00","2026-04-16 11:56:39"
8297,140,"2026-04-15 00:00:00",57.24,5.00,"2026-04-15 00:00:00","2026-04-16 11:56:39"
8298,25,"2025-09-14 00:00:00",166.12,0.00,"2025-09-14 00:00:00","2026-04-16 11:56:39"
8299,273,"2025-08-07 00:00:00",179.66,0.00,"2025-08-07 00:00:00","2026-04-16 11:56:39"
8300,225,"2025-12-16 00:00:00",73.20,5.00,"2025-12-16 00:00:00","2026-04-16 11:56:39"
8301,91,"2026-02-16 00:00:00",228.14,0.00,"2026-02-16 00:00:00","2026-04-16 11:56:39"
8302,260,"2021-09-11 00:00:00",85.92,0.00,"2021-09-11 00:00:00","2026-04-16 11:56:39"
8303,87,"2026-04-09 00:00:00",64.61,5.00,"2026-04-09 00:00:00","2026-04-16 11:56:39"
8304,207,"2025-06-06 00:00:00",332.26,0.00,"2025-06-06 00:00:00","2026-04-16 11:56:39"
8305,97,"2025-01-30 00:00:00",40.80,10.00,"2025-01-30 00:00:00","2026-04-16 11:56:39"
8306,43,"2022-08-28 00:00:00",230.97,0.00,"2022-08-28 00:00:00","2026-04-16 11:56:39"
8307,94,"2025-01-24 00:00:00",155.70,0.00,"2025-01-24 00:00:00","2026-04-16 11:56:39"
8308,61,"2024-09-20 00:00:00",103.61,0.00,"2024-09-20 00:00:00","2026-04-16 11:56:39"
8309,199,"2024-10-04 00:00:00",152.81,0.00,"2024-10-04 00:00:00","2026-04-16 11:56:39"
8310,6,"2024-02-17 00:00:00",103.88,0.00,"2024-02-17 00:00:00","2026-04-16 11:56:39"
8311,24,"2022-10-05 00:00:00",118.82,0.00,"2022-10-05 00:00:00","2026-04-16 11:56:39"
8312,292,"2025-11-16 00:00:00",214.20,0.00,"2025-11-16 00:00:00","2026-04-16 11:56:39"
8313,198,"2025-10-26 00:00:00",110.01,0.00,"2025-10-26 00:00:00","2026-04-16 11:56:39"
8314,178,"2022-11-03 00:00:00",6.72,25.00,"2022-11-03 00:00:00","2026-04-16 11:56:39"
8315,123,"2023-04-21 00:00:00",40.92,10.00,"2023-04-21 00:00:00","2026-04-16 11:56:39"
8316,13,"2024-01-06 00:00:00",119.62,0.00,"2024-01-06 00:00:00","2026-04-16 11:56:39"
8317,296,"2023-08-31 00:00:00",21.03,25.00,"2023-08-31 00:00:00","2026-04-16 11:56:39"
8318,112,"2024-07-16 00:00:00",188.56,0.00,"2024-07-16 00:00:00","2026-04-16 11:56:39"
8319,244,"2025-03-31 00:00:00",74.15,5.00,"2025-03-31 00:00:00","2026-04-16 11:56:39"
8320,90,"2025-08-17 00:00:00",158.73,0.00,"2025-08-17 00:00:00","2026-04-16 11:56:39"
8321,145,"2024-08-22 00:00:00",8.53,25.00,"2024-08-22 00:00:00","2026-04-16 11:56:39"
8322,300,"2024-05-28 00:00:00",279.54,0.00,"2024-05-28 00:00:00","2026-04-16 11:56:39"
8323,90,"2025-11-09 00:00:00",86.25,0.00,"2025-11-09 00:00:00","2026-04-16 11:56:39"
8324,86,"2025-12-15 00:00:00",45.42,10.00,"2025-12-15 00:00:00","2026-04-16 11:56:39"
8325,241,"2025-04-15 00:00:00",162.22,0.00,"2025-04-15 00:00:00","2026-04-16 11:56:39"
8326,202,"2026-04-02 00:00:00",127.71,0.00,"2026-04-02 00:00:00","2026-04-16 11:56:39"
8327,25,"2025-04-10 00:00:00",164.56,0.00,"2025-04-10 00:00:00","2026-04-16 11:56:39"
8328,260,"2021-09-15 00:00:00",153.90,0.00,"2021-09-15 00:00:00","2026-04-16 11:56:39"
8329,184,"2026-04-04 00:00:00",135.92,0.00,"2026-04-04 00:00:00","2026-04-16 11:56:39"
8330,14,"2023-10-21 00:00:00",105.54,0.00,"2023-10-21 00:00:00","2026-04-16 11:56:39"
8331,186,"2026-01-09 00:00:00",124.93,0.00,"2026-01-09 00:00:00","2026-04-16 11:56:39"
8332,247,"2025-09-02 00:00:00",79.26,0.00,"2025-09-02 00:00:00","2026-04-16 11:56:39"
8333,128,"2023-06-20 00:00:00",75.10,0.00,"2023-06-20 00:00:00","2026-04-16 11:56:39"
8334,244,"2024-05-06 00:00:00",11.43,25.00,"2024-05-06 00:00:00","2026-04-16 11:56:39"
8335,173,"2025-11-02 00:00:00",30.73,10.00,"2025-11-02 00:00:00","2026-04-16 11:56:39"
8336,157,"2021-04-20 00:00:00",289.50,0.00,"2021-04-20 00:00:00","2026-04-16 11:56:39"
8337,260,"2021-09-12 00:00:00",385.72,0.00,"2021-09-12 00:00:00","2026-04-16 11:56:39"
8338,195,"2024-04-15 00:00:00",174.30,0.00,"2024-04-15 00:00:00","2026-04-16 11:56:39"
8339,248,"2024-08-06 00:00:00",79.48,0.00,"2024-08-06 00:00:00","2026-04-16 11:56:39"
8340,167,"2024-09-28 00:00:00",208.57,0.00,"2024-09-28 00:00:00","2026-04-16 11:56:39"
8341,224,"2023-08-21 00:00:00",328.84,0.00,"2023-08-21 00:00:00","2026-04-16 11:56:39"
8342,72,"2025-11-14 00:00:00",195.88,0.00,"2025-11-14 00:00:00","2026-04-16 11:56:39"
8343,224,"2024-07-19 00:00:00",211.14,0.00,"2024-07-19 00:00:00","2026-04-16 11:56:39"
8344,46,"2025-12-27 00:00:00",148.19,0.00,"2025-12-27 00:00:00","2026-04-16 11:56:39"
8345,252,"2026-04-08 00:00:00",174.61,0.00,"2026-04-08 00:00:00","2026-04-16 11:56:39"
8346,136,"2026-01-12 00:00:00",134.63,0.00,"2026-01-12 00:00:00","2026-04-16 11:56:39"
8347,75,"2026-03-25 00:00:00",180.64,0.00,"2026-03-25 00:00:00","2026-04-16 11:56:39"
8348,240,"2024-04-09 00:00:00",259.59,0.00,"2024-04-09 00:00:00","2026-04-16 11:56:39"
8349,252,"2024-07-09 00:00:00",194.80,0.00,"2024-07-09 00:00:00","2026-04-16 11:56:39"
8350,40,"2026-02-06 00:00:00",6.33,25.00,"2026-02-06 00:00:00","2026-04-16 11:56:39"
8351,238,"2025-07-11 00:00:00",85.10,0.00,"2025-07-11 00:00:00","2026-04-16 11:56:39"
8352,72,"2025-05-14 00:00:00",82.05,0.00,"2025-05-14 00:00:00","2026-04-16 11:56:39"
8353,290,"2021-03-02 00:00:00",174.78,0.00,"2021-03-02 00:00:00","2026-04-16 11:56:39"
8354,100,"2026-01-21 00:00:00",71.05,5.00,"2026-01-21 00:00:00","2026-04-16 11:56:39"
8355,288,"2023-08-06 00:00:00",119.79,0.00,"2023-08-06 00:00:00","2026-04-16 11:56:39"
8356,40,"2026-02-15 00:00:00",77.01,0.00,"2026-02-15 00:00:00","2026-04-16 11:56:39"
8357,208,"2025-05-29 00:00:00",68.28,5.00,"2025-05-29 00:00:00","2026-04-16 11:56:39"
8358,271,"2021-10-18 00:00:00",114.13,0.00,"2021-10-18 00:00:00","2026-04-16 11:56:39"
8359,214,"2022-09-03 00:00:00",128.74,0.00,"2022-09-03 00:00:00","2026-04-16 11:56:39"
8360,251,"2026-04-07 00:00:00",60.74,5.00,"2026-04-07 00:00:00","2026-04-16 11:56:39"
8361,86,"2024-11-27 00:00:00",32.24,10.00,"2024-11-27 00:00:00","2026-04-16 11:56:39"
8362,160,"2024-10-07 00:00:00",206.85,0.00,"2024-10-07 00:00:00","2026-04-16 11:56:39"
8363,41,"2025-04-14 00:00:00",105.57,0.00,"2025-04-14 00:00:00","2026-04-16 11:56:39"
8364,152,"2024-01-24 00:00:00",348.85,0.00,"2024-01-24 00:00:00","2026-04-16 11:56:39"
8365,251,"2026-04-14 00:00:00",209.17,0.00,"2026-04-14 00:00:00","2026-04-16 11:56:39"
8366,41,"2024-11-08 00:00:00",9.19,25.00,"2024-11-08 00:00:00","2026-04-16 11:56:39"
8367,135,"2026-03-12 00:00:00",19.64,25.00,"2026-03-12 00:00:00","2026-04-16 11:56:39"
8368,272,"2024-11-18 00:00:00",9.96,25.00,"2024-11-18 00:00:00","2026-04-16 11:56:39"
8369,300,"2026-04-04 00:00:00",59.36,5.00,"2026-04-04 00:00:00","2026-04-16 11:56:39"
8370,169,"2025-05-03 00:00:00",49.94,10.00,"2025-05-03 00:00:00","2026-04-16 11:56:39"
8371,33,"2026-04-11 00:00:00",136.47,0.00,"2026-04-11 00:00:00","2026-04-16 11:56:39"
8372,210,"2026-03-30 00:00:00",135.37,0.00,"2026-03-30 00:00:00","2026-04-16 11:56:39"
8373,179,"2022-12-27 00:00:00",354.51,0.00,"2022-12-27 00:00:00","2026-04-16 11:56:39"
8374,132,"2021-03-02 00:00:00",310.09,0.00,"2021-03-02 00:00:00","2026-04-16 11:56:39"
8375,155,"2025-07-04 00:00:00",284.09,0.00,"2025-07-04 00:00:00","2026-04-16 11:56:39"
8376,1,"2023-04-18 00:00:00",63.24,5.00,"2023-04-18 00:00:00","2026-04-16 11:56:39"
8377,220,"2026-03-04 00:00:00",192.84,0.00,"2026-03-04 00:00:00","2026-04-16 11:56:39"
8378,223,"2025-10-09 00:00:00",179.91,0.00,"2025-10-09 00:00:00","2026-04-16 11:56:39"
8379,156,"2025-03-20 00:00:00",45.80,10.00,"2025-03-20 00:00:00","2026-04-16 11:56:39"
8380,163,"2026-02-08 00:00:00",82.15,0.00,"2026-02-08 00:00:00","2026-04-16 11:56:39"
8381,41,"2026-02-17 00:00:00",33.05,10.00,"2026-02-17 00:00:00","2026-04-16 11:56:39"
8382,131,"2024-04-01 00:00:00",321.83,0.00,"2024-04-01 00:00:00","2026-04-16 11:56:39"
8383,144,"2020-07-09 00:00:00",207.61,0.00,"2020-07-09 00:00:00","2026-04-16 11:56:39"
8384,159,"2024-12-31 00:00:00",35.78,10.00,"2024-12-31 00:00:00","2026-04-16 11:56:39"
8385,209,"2024-12-09 00:00:00",17.76,25.00,"2024-12-09 00:00:00","2026-04-16 11:56:39"
8386,148,"2026-03-06 00:00:00",16.93,25.00,"2026-03-06 00:00:00","2026-04-16 11:56:39"
8387,51,"2025-10-25 00:00:00",278.55,0.00,"2025-10-25 00:00:00","2026-04-16 11:56:39"
8388,300,"2025-06-20 00:00:00",148.98,0.00,"2025-06-20 00:00:00","2026-04-16 11:56:39"
8389,93,"2023-12-31 00:00:00",102.47,0.00,"2023-12-31 00:00:00","2026-04-16 11:56:39"
8390,233,"2025-02-05 00:00:00",34.68,10.00,"2025-02-05 00:00:00","2026-04-16 11:56:39"
8391,160,"2024-02-19 00:00:00",44.23,10.00,"2024-02-19 00:00:00","2026-04-16 11:56:39"
8392,200,"2025-09-13 00:00:00",91.01,0.00,"2025-09-13 00:00:00","2026-04-16 11:56:39"
8393,278,"2025-11-28 00:00:00",80.47,0.00,"2025-11-28 00:00:00","2026-04-16 11:56:39"
8394,264,"2024-04-28 00:00:00",81.99,0.00,"2024-04-28 00:00:00","2026-04-16 11:56:39"
8395,75,"2026-02-15 00:00:00",230.89,0.00,"2026-02-15 00:00:00","2026-04-16 11:56:39"
8396,165,"2026-02-09 00:00:00",152.66,0.00,"2026-02-09 00:00:00","2026-04-16 11:56:39"
8397,129,"2024-08-29 00:00:00",235.42,0.00,"2024-08-29 00:00:00","2026-04-16 11:56:39"
8398,58,"2025-11-06 00:00:00",144.46,0.00,"2025-11-06 00:00:00","2026-04-16 11:56:39"
8399,107,"2024-02-26 00:00:00",56.94,5.00,"2024-02-26 00:00:00","2026-04-16 11:56:39"
8400,216,"2024-10-21 00:00:00",174.88,0.00,"2024-10-21 00:00:00","2026-04-16 11:56:39"
8401,35,"2022-06-10 00:00:00",43.14,10.00,"2022-06-10 00:00:00","2026-04-16 11:56:39"
8402,123,"2026-04-12 00:00:00",258.36,0.00,"2026-04-12 00:00:00","2026-04-16 11:56:39"
8403,294,"2025-11-28 00:00:00",111.63,0.00,"2025-11-28 00:00:00","2026-04-16 11:56:39"
8404,285,"2025-10-02 00:00:00",125.96,0.00,"2025-10-02 00:00:00","2026-04-16 11:56:39"
8405,218,"2026-04-11 00:00:00",215.59,0.00,"2026-04-11 00:00:00","2026-04-16 11:56:39"
8406,271,"2022-06-09 00:00:00",305.03,0.00,"2022-06-09 00:00:00","2026-04-16 11:56:39"
8407,6,"2024-05-15 00:00:00",216.98,0.00,"2024-05-15 00:00:00","2026-04-16 11:56:39"
8408,146,"2024-12-04 00:00:00",85.05,0.00,"2024-12-04 00:00:00","2026-04-16 11:56:39"
8409,87,"2026-02-09 00:00:00",169.89,0.00,"2026-02-09 00:00:00","2026-04-16 11:56:39"
8410,180,"2025-11-09 00:00:00",91.07,0.00,"2025-11-09 00:00:00","2026-04-16 11:56:39"
8411,61,"2023-08-12 00:00:00",1.88,25.00,"2023-08-12 00:00:00","2026-04-16 11:56:39"
8412,191,"2026-02-09 00:00:00",59.99,5.00,"2026-02-09 00:00:00","2026-04-16 11:56:39"
8413,107,"2025-07-19 00:00:00",25.27,10.00,"2025-07-19 00:00:00","2026-04-16 11:56:39"
8414,174,"2024-07-30 00:00:00",39.41,10.00,"2024-07-30 00:00:00","2026-04-16 11:56:39"
8415,93,"2023-04-19 00:00:00",51.07,5.00,"2023-04-19 00:00:00","2026-04-16 11:56:39"
8416,15,"2024-04-05 00:00:00",134.25,0.00,"2024-04-05 00:00:00","2026-04-16 11:56:39"
8417,178,"2024-12-13 00:00:00",11.94,25.00,"2024-12-13 00:00:00","2026-04-16 11:56:39"
8418,235,"2026-04-11 00:00:00",99.32,0.00,"2026-04-11 00:00:00","2026-04-16 11:56:39"
8419,286,"2025-07-19 00:00:00",14.11,25.00,"2025-07-19 00:00:00","2026-04-16 11:56:39"
8420,295,"2025-11-15 00:00:00",178.10,0.00,"2025-11-15 00:00:00","2026-04-16 11:56:39"
8421,237,"2026-04-09 00:00:00",10.74,25.00,"2026-04-09 00:00:00","2026-04-16 11:56:39"
8422,189,"2026-04-05 00:00:00",139.68,0.00,"2026-04-05 00:00:00","2026-04-16 11:56:39"
8423,165,"2025-03-16 00:00:00",130.81,0.00,"2025-03-16 00:00:00","2026-04-16 11:56:39"
8424,180,"2025-04-21 00:00:00",205.76,0.00,"2025-04-21 00:00:00","2026-04-16 11:56:39"
8425,280,"2024-01-06 00:00:00",56.57,5.00,"2024-01-06 00:00:00","2026-04-16 11:56:39"
8426,11,"2024-09-16 00:00:00",47.57,10.00,"2024-09-16 00:00:00","2026-04-16 11:56:39"
8427,231,"2022-03-25 00:00:00",57.25,5.00,"2022-03-25 00:00:00","2026-04-16 11:56:39"
8428,69,"2025-06-11 00:00:00",199.22,0.00,"2025-06-11 00:00:00","2026-04-16 11:56:39"
8429,287,"2022-06-18 00:00:00",172.29,0.00,"2022-06-18 00:00:00","2026-04-16 11:56:39"
8430,292,"2026-03-01 00:00:00",155.43,0.00,"2026-03-01 00:00:00","2026-04-16 11:56:39"
8431,253,"2023-08-06 00:00:00",65.20,5.00,"2023-08-06 00:00:00","2026-04-16 11:56:39"
8432,28,"2023-12-08 00:00:00",140.83,0.00,"2023-12-08 00:00:00","2026-04-16 11:56:39"
8433,85,"2026-01-15 00:00:00",148.50,0.00,"2026-01-15 00:00:00","2026-04-16 11:56:39"
8434,78,"2025-09-24 00:00:00",92.55,0.00,"2025-09-24 00:00:00","2026-04-16 11:56:39"
8435,139,"2024-01-15 00:00:00",151.79,0.00,"2024-01-15 00:00:00","2026-04-16 11:56:39"
8436,210,"2025-10-05 00:00:00",245.24,0.00,"2025-10-05 00:00:00","2026-04-16 11:56:39"
8437,3,"2025-07-29 00:00:00",122.27,0.00,"2025-07-29 00:00:00","2026-04-16 11:56:39"
8438,63,"2025-01-11 00:00:00",173.95,0.00,"2025-01-11 00:00:00","2026-04-16 11:56:39"
8439,72,"2025-07-14 00:00:00",223.78,0.00,"2025-07-14 00:00:00","2026-04-16 11:56:39"
8440,201,"2026-03-14 00:00:00",4.90,25.00,"2026-03-14 00:00:00","2026-04-16 11:56:39"
8441,155,"2025-09-12 00:00:00",197.42,0.00,"2025-09-12 00:00:00","2026-04-16 11:56:39"
8442,273,"2024-08-19 00:00:00",213.13,0.00,"2024-08-19 00:00:00","2026-04-16 11:56:39"
8443,129,"2024-10-02 00:00:00",25.40,10.00,"2024-10-02 00:00:00","2026-04-16 11:56:39"
8444,94,"2024-10-12 00:00:00",165.65,0.00,"2024-10-12 00:00:00","2026-04-16 11:56:39"
8445,253,"2025-01-23 00:00:00",39.60,10.00,"2025-01-23 00:00:00","2026-04-16 11:56:39"
8446,24,"2022-09-30 00:00:00",99.61,0.00,"2022-09-30 00:00:00","2026-04-16 11:56:39"
8447,114,"2025-06-08 00:00:00",240.40,0.00,"2025-06-08 00:00:00","2026-04-16 11:56:39"
8448,214,"2025-03-17 00:00:00",252.51,0.00,"2025-03-17 00:00:00","2026-04-16 11:56:39"
8449,147,"2023-03-11 00:00:00",77.68,0.00,"2023-03-11 00:00:00","2026-04-16 11:56:39"
8450,205,"2023-01-02 00:00:00",66.00,5.00,"2023-01-02 00:00:00","2026-04-16 11:56:39"
8451,201,"2026-02-03 00:00:00",152.09,0.00,"2026-02-03 00:00:00","2026-04-16 11:56:39"
8452,12,"2021-07-31 00:00:00",94.98,0.00,"2021-07-31 00:00:00","2026-04-16 11:56:39"
8453,81,"2025-07-02 00:00:00",217.15,0.00,"2025-07-02 00:00:00","2026-04-16 11:56:39"
8454,242,"2022-11-10 00:00:00",61.85,5.00,"2022-11-10 00:00:00","2026-04-16 11:56:39"
8455,44,"2026-03-29 00:00:00",372.48,0.00,"2026-03-29 00:00:00","2026-04-16 11:56:39"
8456,167,"2023-08-27 00:00:00",167.27,0.00,"2023-08-27 00:00:00","2026-04-16 11:56:39"
8457,201,"2026-01-30 00:00:00",203.82,0.00,"2026-01-30 00:00:00","2026-04-16 11:56:39"
8458,294,"2026-01-28 00:00:00",66.21,5.00,"2026-01-28 00:00:00","2026-04-16 11:56:39"
8459,250,"2022-01-06 00:00:00",125.68,0.00,"2022-01-06 00:00:00","2026-04-16 11:56:39"
8460,67,"2023-07-12 00:00:00",42.30,10.00,"2023-07-12 00:00:00","2026-04-16 11:56:39"
8461,300,"2024-01-12 00:00:00",77.26,0.00,"2024-01-12 00:00:00","2026-04-16 11:56:39"
8462,289,"2024-10-07 00:00:00",179.36,0.00,"2024-10-07 00:00:00","2026-04-16 11:56:39"
8463,238,"2024-07-07 00:00:00",113.42,0.00,"2024-07-07 00:00:00","2026-04-16 11:56:39"
8464,249,"2024-06-16 00:00:00",142.19,0.00,"2024-06-16 00:00:00","2026-04-16 11:56:39"
8465,255,"2022-08-31 00:00:00",137.65,0.00,"2022-08-31 00:00:00","2026-04-16 11:56:39"
8466,74,"2022-10-14 00:00:00",52.80,5.00,"2022-10-14 00:00:00","2026-04-16 11:56:39"
8467,132,"2022-06-11 00:00:00",254.17,0.00,"2022-06-11 00:00:00","2026-04-16 11:56:39"
8468,271,"2022-05-20 00:00:00",227.67,0.00,"2022-05-20 00:00:00","2026-04-16 11:56:39"
8469,163,"2026-01-24 00:00:00",65.05,5.00,"2026-01-24 00:00:00","2026-04-16 11:56:39"
8470,222,"2025-09-09 00:00:00",225.27,0.00,"2025-09-09 00:00:00","2026-04-16 11:56:39"
8471,111,"2022-01-20 00:00:00",205.24,0.00,"2022-01-20 00:00:00","2026-04-16 11:56:39"
8472,90,"2025-11-14 00:00:00",193.85,0.00,"2025-11-14 00:00:00","2026-04-16 11:56:39"
8473,294,"2024-02-04 00:00:00",113.17,0.00,"2024-02-04 00:00:00","2026-04-16 11:56:39"
8474,3,"2025-09-03 00:00:00",155.32,0.00,"2025-09-03 00:00:00","2026-04-16 11:56:39"
8475,22,"2024-06-28 00:00:00",304.31,0.00,"2024-06-28 00:00:00","2026-04-16 11:56:39"
8476,219,"2022-06-02 00:00:00",61.10,5.00,"2022-06-02 00:00:00","2026-04-16 11:56:39"
8477,167,"2024-10-28 00:00:00",25.06,10.00,"2024-10-28 00:00:00","2026-04-16 11:56:39"
8478,161,"2024-10-31 00:00:00",147.98,0.00,"2024-10-31 00:00:00","2026-04-16 11:56:39"
8479,93,"2024-08-24 00:00:00",58.64,5.00,"2024-08-24 00:00:00","2026-04-16 11:56:39"
8480,122,"2025-11-11 00:00:00",195.67,0.00,"2025-11-11 00:00:00","2026-04-16 11:56:39"
8481,237,"2026-03-28 00:00:00",121.99,0.00,"2026-03-28 00:00:00","2026-04-16 11:56:39"
8482,84,"2026-02-06 00:00:00",179.32,0.00,"2026-02-06 00:00:00","2026-04-16 11:56:39"
8483,123,"2024-04-10 00:00:00",107.54,0.00,"2024-04-10 00:00:00","2026-04-16 11:56:39"
8484,187,"2022-10-12 00:00:00",41.36,10.00,"2022-10-12 00:00:00","2026-04-16 11:56:39"
8485,233,"2025-05-30 00:00:00",157.31,0.00,"2025-05-30 00:00:00","2026-04-16 11:56:39"
8486,82,"2026-03-22 00:00:00",194.44,0.00,"2026-03-22 00:00:00","2026-04-16 11:56:39"
8487,262,"2023-06-04 00:00:00",96.09,0.00,"2023-06-04 00:00:00","2026-04-16 11:56:39"
8488,199,"2024-07-02 00:00:00",113.36,0.00,"2024-07-02 00:00:00","2026-04-16 11:56:39"
8489,215,"2023-08-23 00:00:00",109.44,0.00,"2023-08-23 00:00:00","2026-04-16 11:56:39"
8490,23,"2024-09-29 00:00:00",82.52,0.00,"2024-09-29 00:00:00","2026-04-16 11:56:39"
8491,267,"2025-04-17 00:00:00",97.47,0.00,"2025-04-17 00:00:00","2026-04-16 11:56:39"
8492,262,"2024-02-22 00:00:00",139.61,0.00,"2024-02-22 00:00:00","2026-04-16 11:56:39"
8493,184,"2026-04-01 00:00:00",206.00,0.00,"2026-04-01 00:00:00","2026-04-16 11:56:39"
8494,268,"2024-01-30 00:00:00",173.01,0.00,"2024-01-30 00:00:00","2026-04-16 11:56:39"
8495,80,"2025-07-26 00:00:00",118.82,0.00,"2025-07-26 00:00:00","2026-04-16 11:56:39"
8496,222,"2022-10-16 00:00:00",156.81,0.00,"2022-10-16 00:00:00","2026-04-16 11:56:39"
8497,210,"2026-01-23 00:00:00",146.43,0.00,"2026-01-23 00:00:00","2026-04-16 11:56:39"
8498,280,"2023-07-12 00:00:00",72.59,5.00,"2023-07-12 00:00:00","2026-04-16 11:56:39"
8499,51,"2025-10-10 00:00:00",78.75,0.00,"2025-10-10 00:00:00","2026-04-16 11:56:39"
8500,168,"2024-08-10 00:00:00",107.18,0.00,"2024-08-10 00:00:00","2026-04-16 11:56:39"
8501,215,"2025-11-01 00:00:00",60.92,5.00,"2025-11-01 00:00:00","2026-04-16 11:56:39"
8502,194,"2022-05-01 00:00:00",104.17,0.00,"2022-05-01 00:00:00","2026-04-16 11:56:39"
8503,152,"2025-10-11 00:00:00",253.19,0.00,"2025-10-11 00:00:00","2026-04-16 11:56:39"
8504,141,"2024-08-22 00:00:00",59.35,5.00,"2024-08-22 00:00:00","2026-04-16 11:56:39"
8505,175,"2024-04-03 00:00:00",250.55,0.00,"2024-04-03 00:00:00","2026-04-16 11:56:39"
8506,202,"2025-05-08 00:00:00",14.78,25.00,"2025-05-08 00:00:00","2026-04-16 11:56:39"
8507,205,"2022-09-05 00:00:00",109.80,0.00,"2022-09-05 00:00:00","2026-04-16 11:56:39"
8508,260,"2021-11-15 00:00:00",176.65,0.00,"2021-11-15 00:00:00","2026-04-16 11:56:39"
8509,156,"2026-03-29 00:00:00",225.97,0.00,"2026-03-29 00:00:00","2026-04-16 11:56:39"
8510,12,"2026-04-08 00:00:00",222.52,0.00,"2026-04-08 00:00:00","2026-04-16 11:56:39"
8511,188,"2026-01-31 00:00:00",40.00,10.00,"2026-01-31 00:00:00","2026-04-16 11:56:39"
8512,66,"2024-05-11 00:00:00",23.78,25.00,"2024-05-11 00:00:00","2026-04-16 11:56:39"
8513,255,"2024-10-16 00:00:00",56.86,5.00,"2024-10-16 00:00:00","2026-04-16 11:56:39"
8514,87,"2026-03-18 00:00:00",123.07,0.00,"2026-03-18 00:00:00","2026-04-16 11:56:39"
8515,267,"2025-05-25 00:00:00",151.37,0.00,"2025-05-25 00:00:00","2026-04-16 11:56:39"
8516,259,"2026-04-14 00:00:00",95.58,0.00,"2026-04-14 00:00:00","2026-04-16 11:56:39"
8517,34,"2025-08-02 00:00:00",215.66,0.00,"2025-08-02 00:00:00","2026-04-16 11:56:39"
8518,66,"2024-02-19 00:00:00",146.60,0.00,"2024-02-19 00:00:00","2026-04-16 11:56:39"
8519,48,"2026-03-06 00:00:00",67.96,5.00,"2026-03-06 00:00:00","2026-04-16 11:56:39"
8520,160,"2025-07-26 00:00:00",26.07,10.00,"2025-07-26 00:00:00","2026-04-16 11:56:39"
8521,203,"2025-06-17 00:00:00",97.06,0.00,"2025-06-17 00:00:00","2026-04-16 11:56:39"
8522,118,"2023-05-04 00:00:00",39.23,10.00,"2023-05-04 00:00:00","2026-04-16 11:56:39"
8523,83,"2024-11-18 00:00:00",126.71,0.00,"2024-11-18 00:00:00","2026-04-16 11:56:39"
8524,275,"2022-08-03 00:00:00",86.60,0.00,"2022-08-03 00:00:00","2026-04-16 11:56:39"
8525,67,"2021-09-03 00:00:00",89.20,0.00,"2021-09-03 00:00:00","2026-04-16 11:56:39"
8526,3,"2024-08-20 00:00:00",229.55,0.00,"2024-08-20 00:00:00","2026-04-16 11:56:39"
8527,258,"2024-09-04 00:00:00",96.72,0.00,"2024-09-04 00:00:00","2026-04-16 11:56:39"
8528,55,"2026-04-03 00:00:00",143.08,0.00,"2026-04-03 00:00:00","2026-04-16 11:56:39"
8529,208,"2022-04-16 00:00:00",109.52,0.00,"2022-04-16 00:00:00","2026-04-16 11:56:39"
8530,281,"2025-02-05 00:00:00",298.68,0.00,"2025-02-05 00:00:00","2026-04-16 11:56:39"
8531,279,"2022-06-15 00:00:00",139.26,0.00,"2022-06-15 00:00:00","2026-04-16 11:56:39"
8532,174,"2025-11-06 00:00:00",98.16,0.00,"2025-11-06 00:00:00","2026-04-16 11:56:39"
8533,15,"2023-07-22 00:00:00",87.81,0.00,"2023-07-22 00:00:00","2026-04-16 11:56:39"
8534,214,"2025-03-04 00:00:00",82.02,0.00,"2025-03-04 00:00:00","2026-04-16 11:56:39"
8535,273,"2024-11-04 00:00:00",163.99,0.00,"2024-11-04 00:00:00","2026-04-16 11:56:39"
8536,118,"2023-01-11 00:00:00",136.69,0.00,"2023-01-11 00:00:00","2026-04-16 11:56:39"
8537,241,"2025-06-28 00:00:00",76.10,0.00,"2025-06-28 00:00:00","2026-04-16 11:56:39"
8538,80,"2024-08-31 00:00:00",218.02,0.00,"2024-08-31 00:00:00","2026-04-16 11:56:39"
8539,71,"2025-05-16 00:00:00",23.07,25.00,"2025-05-16 00:00:00","2026-04-16 11:56:39"
8540,278,"2026-02-09 00:00:00",67.55,5.00,"2026-02-09 00:00:00","2026-04-16 11:56:39"
8541,66,"2024-12-19 00:00:00",46.82,10.00,"2024-12-19 00:00:00","2026-04-16 11:56:39"
8542,71,"2025-01-09 00:00:00",92.78,0.00,"2025-01-09 00:00:00","2026-04-16 11:56:39"
8543,238,"2024-05-03 00:00:00",118.17,0.00,"2024-05-03 00:00:00","2026-04-16 11:56:39"
8544,33,"2026-03-27 00:00:00",43.06,10.00,"2026-03-27 00:00:00","2026-04-16 11:56:39"
8545,213,"2024-11-16 00:00:00",44.38,10.00,"2024-11-16 00:00:00","2026-04-16 11:56:39"
8546,171,"2022-11-08 00:00:00",178.09,0.00,"2022-11-08 00:00:00","2026-04-16 11:56:39"
8547,125,"2021-10-13 00:00:00",172.68,0.00,"2021-10-13 00:00:00","2026-04-16 11:56:39"
8548,33,"2026-04-12 00:00:00",43.65,10.00,"2026-04-12 00:00:00","2026-04-16 11:56:39"
8549,6,"2023-04-15 00:00:00",107.77,0.00,"2023-04-15 00:00:00","2026-04-16 11:56:39"
8550,44,"2026-04-02 00:00:00",248.94,0.00,"2026-04-02 00:00:00","2026-04-16 11:56:39"
8551,115,"2024-06-20 00:00:00",72.66,5.00,"2024-06-20 00:00:00","2026-04-16 11:56:39"
8552,46,"2026-03-31 00:00:00",229.70,0.00,"2026-03-31 00:00:00","2026-04-16 11:56:39"
8553,180,"2025-07-06 00:00:00",69.92,5.00,"2025-07-06 00:00:00","2026-04-16 11:56:39"
8554,184,"2026-04-03 00:00:00",98.79,0.00,"2026-04-03 00:00:00","2026-04-16 11:56:39"
8555,198,"2026-01-22 00:00:00",194.49,0.00,"2026-01-22 00:00:00","2026-04-16 11:56:39"
8556,79,"2024-10-05 00:00:00",114.88,0.00,"2024-10-05 00:00:00","2026-04-16 11:56:39"
8557,66,"2024-08-17 00:00:00",53.56,5.00,"2024-08-17 00:00:00","2026-04-16 11:56:39"
8558,41,"2021-12-16 00:00:00",208.73,0.00,"2021-12-16 00:00:00","2026-04-16 11:56:39"
8559,239,"2026-04-02 00:00:00",129.37,0.00,"2026-04-02 00:00:00","2026-04-16 11:56:39"
8560,55,"2021-12-26 00:00:00",174.56,0.00,"2021-12-26 00:00:00","2026-04-16 11:56:39"
8561,267,"2024-07-09 00:00:00",12.03,25.00,"2024-07-09 00:00:00","2026-04-16 11:56:39"
8562,293,"2023-03-21 00:00:00",19.62,25.00,"2023-03-21 00:00:00","2026-04-16 11:56:39"
8563,171,"2025-09-09 00:00:00",424.82,0.00,"2025-09-09 00:00:00","2026-04-16 11:56:39"
8564,269,"2025-12-10 00:00:00",57.89,5.00,"2025-12-10 00:00:00","2026-04-16 11:56:39"
8565,161,"2022-03-24 00:00:00",9.70,25.00,"2022-03-24 00:00:00","2026-04-16 11:56:39"
8566,19,"2025-12-28 00:00:00",70.53,5.00,"2025-12-28 00:00:00","2026-04-16 11:56:39"
8567,53,"2025-02-04 00:00:00",197.68,0.00,"2025-02-04 00:00:00","2026-04-16 11:56:39"
8568,36,"2025-09-11 00:00:00",78.68,0.00,"2025-09-11 00:00:00","2026-04-16 11:56:39"
8569,65,"2025-08-12 00:00:00",227.79,0.00,"2025-08-12 00:00:00","2026-04-16 11:56:39"
8570,150,"2026-03-24 00:00:00",106.37,0.00,"2026-03-24 00:00:00","2026-04-16 11:56:39"
8571,28,"2023-09-22 00:00:00",50.88,5.00,"2023-09-22 00:00:00","2026-04-16 11:56:39"
8572,53,"2025-01-21 00:00:00",76.50,0.00,"2025-01-21 00:00:00","2026-04-16 11:56:39"
8573,84,"2026-01-01 00:00:00",63.68,5.00,"2026-01-01 00:00:00","2026-04-16 11:56:39"
8574,260,"2021-09-04 00:00:00",100.55,0.00,"2021-09-04 00:00:00","2026-04-16 11:56:39"
8575,164,"2025-10-16 00:00:00",17.45,25.00,"2025-10-16 00:00:00","2026-04-16 11:56:39"
8576,68,"2026-02-18 00:00:00",88.97,0.00,"2026-02-18 00:00:00","2026-04-16 11:56:39"
8577,136,"2024-12-23 00:00:00",319.35,0.00,"2024-12-23 00:00:00","2026-04-16 11:56:39"
8578,52,"2025-05-09 00:00:00",86.06,0.00,"2025-05-09 00:00:00","2026-04-16 11:56:39"
8579,240,"2024-11-03 00:00:00",2.32,25.00,"2024-11-03 00:00:00","2026-04-16 11:56:39"
8580,275,"2023-02-05 00:00:00",143.69,0.00,"2023-02-05 00:00:00","2026-04-16 11:56:39"
8581,293,"2023-05-25 00:00:00",70.52,5.00,"2023-05-25 00:00:00","2026-04-16 11:56:39"
8582,210,"2026-03-10 00:00:00",78.35,0.00,"2026-03-10 00:00:00","2026-04-16 11:56:39"
8583,194,"2024-08-25 00:00:00",153.05,0.00,"2024-08-25 00:00:00","2026-04-16 11:56:39"
8584,287,"2021-02-08 00:00:00",55.55,5.00,"2021-02-08 00:00:00","2026-04-16 11:56:39"
8585,3,"2023-08-28 00:00:00",304.04,0.00,"2023-08-28 00:00:00","2026-04-16 11:56:39"
8586,76,"2025-07-14 00:00:00",126.63,0.00,"2025-07-14 00:00:00","2026-04-16 11:56:39"
8587,25,"2025-02-14 00:00:00",12.08,25.00,"2025-02-14 00:00:00","2026-04-16 11:56:39"
8588,233,"2025-03-15 00:00:00",2.00,25.00,"2025-03-15 00:00:00","2026-04-16 11:56:39"
8589,173,"2025-08-06 00:00:00",285.53,0.00,"2025-08-06 00:00:00","2026-04-16 11:56:39"
8590,20,"2022-03-24 00:00:00",170.83,0.00,"2022-03-24 00:00:00","2026-04-16 11:56:39"
8591,93,"2025-08-22 00:00:00",228.90,0.00,"2025-08-22 00:00:00","2026-04-16 11:56:39"
8592,135,"2026-03-22 00:00:00",267.25,0.00,"2026-03-22 00:00:00","2026-04-16 11:56:39"
8593,257,"2025-05-10 00:00:00",203.79,0.00,"2025-05-10 00:00:00","2026-04-16 11:56:39"
8594,278,"2026-01-07 00:00:00",74.95,5.00,"2026-01-07 00:00:00","2026-04-16 11:56:39"
8595,258,"2025-05-27 00:00:00",31.04,10.00,"2025-05-27 00:00:00","2026-04-16 11:56:39"
8596,180,"2024-09-05 00:00:00",109.71,0.00,"2024-09-05 00:00:00","2026-04-16 11:56:39"
8597,180,"2026-01-02 00:00:00",37.80,10.00,"2026-01-02 00:00:00","2026-04-16 11:56:39"
8598,150,"2026-02-05 00:00:00",265.62,0.00,"2026-02-05 00:00:00","2026-04-16 11:56:39"
8599,92,"2026-02-03 00:00:00",242.84,0.00,"2026-02-03 00:00:00","2026-04-16 11:56:39"
8600,207,"2025-08-13 00:00:00",239.51,0.00,"2025-08-13 00:00:00","2026-04-16 11:56:39"
8601,243,"2026-02-07 00:00:00",192.39,0.00,"2026-02-07 00:00:00","2026-04-16 11:56:39"
8602,2,"2025-11-09 00:00:00",129.15,0.00,"2025-11-09 00:00:00","2026-04-16 11:56:39"
8603,136,"2025-08-18 00:00:00",16.86,25.00,"2025-08-18 00:00:00","2026-04-16 11:56:39"
8604,109,"2024-03-24 00:00:00",205.93,0.00,"2024-03-24 00:00:00","2026-04-16 11:56:39"
8605,38,"2025-04-07 00:00:00",65.96,5.00,"2025-04-07 00:00:00","2026-04-16 11:56:39"
8606,296,"2026-03-27 00:00:00",29.08,10.00,"2026-03-27 00:00:00","2026-04-16 11:56:39"
8607,272,"2026-03-16 00:00:00",243.07,0.00,"2026-03-16 00:00:00","2026-04-16 11:56:39"
8608,221,"2025-03-06 00:00:00",227.50,0.00,"2025-03-06 00:00:00","2026-04-16 11:56:39"
8609,119,"2025-11-18 00:00:00",149.43,0.00,"2025-11-18 00:00:00","2026-04-16 11:56:39"
8610,254,"2025-09-06 00:00:00",239.48,0.00,"2025-09-06 00:00:00","2026-04-16 11:56:39"
8611,141,"2026-03-01 00:00:00",310.90,0.00,"2026-03-01 00:00:00","2026-04-16 11:56:39"
8612,274,"2023-07-20 00:00:00",95.40,0.00,"2023-07-20 00:00:00","2026-04-16 11:56:39"
8613,200,"2026-03-29 00:00:00",163.53,0.00,"2026-03-29 00:00:00","2026-04-16 11:56:39"
8614,83,"2024-03-09 00:00:00",160.12,0.00,"2024-03-09 00:00:00","2026-04-16 11:56:39"
8615,121,"2024-12-04 00:00:00",103.75,0.00,"2024-12-04 00:00:00","2026-04-16 11:56:39"
8616,284,"2026-04-15 00:00:00",42.24,10.00,"2026-04-15 00:00:00","2026-04-16 11:56:39"
8617,75,"2026-04-04 00:00:00",37.94,10.00,"2026-04-04 00:00:00","2026-04-16 11:56:39"
8618,281,"2026-02-08 00:00:00",54.40,5.00,"2026-02-08 00:00:00","2026-04-16 11:56:39"
8619,24,"2022-10-19 00:00:00",10.58,25.00,"2022-10-19 00:00:00","2026-04-16 11:56:39"
8620,18,"2024-12-11 00:00:00",16.66,25.00,"2024-12-11 00:00:00","2026-04-16 11:56:39"
8621,46,"2026-02-27 00:00:00",17.37,25.00,"2026-02-27 00:00:00","2026-04-16 11:56:39"
8622,250,"2021-12-07 00:00:00",158.17,0.00,"2021-12-07 00:00:00","2026-04-16 11:56:39"
8623,148,"2023-07-14 00:00:00",45.39,10.00,"2023-07-14 00:00:00","2026-04-16 11:56:39"
8624,278,"2026-02-21 00:00:00",285.17,0.00,"2026-02-21 00:00:00","2026-04-16 11:56:39"
8625,228,"2026-02-01 00:00:00",159.14,0.00,"2026-02-01 00:00:00","2026-04-16 11:56:39"
8626,299,"2022-12-17 00:00:00",184.50,0.00,"2022-12-17 00:00:00","2026-04-16 11:56:39"
8627,66,"2021-12-03 00:00:00",201.95,0.00,"2021-12-03 00:00:00","2026-04-16 11:56:39"
8628,72,"2024-11-24 00:00:00",215.58,0.00,"2024-11-24 00:00:00","2026-04-16 11:56:39"
8629,41,"2022-04-13 00:00:00",73.52,5.00,"2022-04-13 00:00:00","2026-04-16 11:56:39"
8630,129,"2022-10-17 00:00:00",76.81,0.00,"2022-10-17 00:00:00","2026-04-16 11:56:39"
8631,200,"2024-10-21 00:00:00",41.35,10.00,"2024-10-21 00:00:00","2026-04-16 11:56:39"
8632,112,"2025-12-11 00:00:00",184.47,0.00,"2025-12-11 00:00:00","2026-04-16 11:56:39"
8633,99,"2025-03-17 00:00:00",84.53,0.00,"2025-03-17 00:00:00","2026-04-16 11:56:39"
8634,200,"2025-09-26 00:00:00",220.49,0.00,"2025-09-26 00:00:00","2026-04-16 11:56:39"
8635,95,"2024-11-23 00:00:00",26.68,10.00,"2024-11-23 00:00:00","2026-04-16 11:56:39"
8636,155,"2025-03-26 00:00:00",288.55,0.00,"2025-03-26 00:00:00","2026-04-16 11:56:39"
8637,182,"2023-01-08 00:00:00",37.56,10.00,"2023-01-08 00:00:00","2026-04-16 11:56:39"
8638,185,"2023-08-26 00:00:00",19.56,25.00,"2023-08-26 00:00:00","2026-04-16 11:56:39"
8639,20,"2022-05-14 00:00:00",50.99,5.00,"2022-05-14 00:00:00","2026-04-16 11:56:39"
8640,162,"2023-03-21 00:00:00",222.07,0.00,"2023-03-21 00:00:00","2026-04-16 11:56:39"
8641,76,"2024-05-02 00:00:00",125.01,0.00,"2024-05-02 00:00:00","2026-04-16 11:56:39"
8642,28,"2024-01-11 00:00:00",34.46,10.00,"2024-01-11 00:00:00","2026-04-16 11:56:39"
8643,199,"2025-06-11 00:00:00",99.57,0.00,"2025-06-11 00:00:00","2026-04-16 11:56:39"
8644,2,"2022-12-03 00:00:00",144.46,0.00,"2022-12-03 00:00:00","2026-04-16 11:56:39"
8645,220,"2025-12-18 00:00:00",65.26,5.00,"2025-12-18 00:00:00","2026-04-16 11:56:39"
8646,183,"2023-08-11 00:00:00",20.55,25.00,"2023-08-11 00:00:00","2026-04-16 11:56:39"
8647,37,"2025-06-09 00:00:00",246.09,0.00,"2025-06-09 00:00:00","2026-04-16 11:56:39"
8648,290,"2021-04-03 00:00:00",87.30,0.00,"2021-04-03 00:00:00","2026-04-16 11:56:39"
8649,203,"2023-12-21 00:00:00",54.60,5.00,"2023-12-21 00:00:00","2026-04-16 11:56:39"
8650,50,"2022-07-25 00:00:00",78.14,0.00,"2022-07-25 00:00:00","2026-04-16 11:56:39"
8651,111,"2022-11-05 00:00:00",141.60,0.00,"2022-11-05 00:00:00","2026-04-16 11:56:39"
8652,31,"2022-01-24 00:00:00",27.29,10.00,"2022-01-24 00:00:00","2026-04-16 11:56:39"
8653,129,"2025-11-07 00:00:00",14.85,25.00,"2025-11-07 00:00:00","2026-04-16 11:56:39"
8654,262,"2023-04-19 00:00:00",128.80,0.00,"2023-04-19 00:00:00","2026-04-16 11:56:39"
8655,284,"2025-03-09 00:00:00",321.64,0.00,"2025-03-09 00:00:00","2026-04-16 11:56:39"
8656,167,"2026-02-22 00:00:00",137.34,0.00,"2026-02-22 00:00:00","2026-04-16 11:56:39"
8657,121,"2023-10-31 00:00:00",34.30,10.00,"2023-10-31 00:00:00","2026-04-16 11:56:39"
8658,69,"2023-12-01 00:00:00",80.40,0.00,"2023-12-01 00:00:00","2026-04-16 11:56:39"
8659,6,"2023-06-15 00:00:00",45.95,10.00,"2023-06-15 00:00:00","2026-04-16 11:56:39"
8660,15,"2024-07-11 00:00:00",152.31,0.00,"2024-07-11 00:00:00","2026-04-16 11:56:39"
8661,216,"2025-06-28 00:00:00",230.94,0.00,"2025-06-28 00:00:00","2026-04-16 11:56:39"
8662,286,"2024-09-30 00:00:00",84.82,0.00,"2024-09-30 00:00:00","2026-04-16 11:56:39"
8663,93,"2020-12-18 00:00:00",221.59,0.00,"2020-12-18 00:00:00","2026-04-16 11:56:39"
8664,106,"2024-07-02 00:00:00",276.77,0.00,"2024-07-02 00:00:00","2026-04-16 11:56:39"
8665,15,"2024-11-12 00:00:00",231.91,0.00,"2024-11-12 00:00:00","2026-04-16 11:56:39"
8666,199,"2025-04-27 00:00:00",23.66,25.00,"2025-04-27 00:00:00","2026-04-16 11:56:39"
8667,4,"2022-03-16 00:00:00",149.46,0.00,"2022-03-16 00:00:00","2026-04-16 11:56:39"
8668,267,"2026-04-12 00:00:00",161.26,0.00,"2026-04-12 00:00:00","2026-04-16 11:56:39"
8669,260,"2021-10-01 00:00:00",9.55,25.00,"2021-10-01 00:00:00","2026-04-16 11:56:39"
8670,115,"2024-04-17 00:00:00",186.30,0.00,"2024-04-17 00:00:00","2026-04-16 11:56:39"
8671,276,"2025-11-26 00:00:00",184.48,0.00,"2025-11-26 00:00:00","2026-04-16 11:56:39"
8672,227,"2026-03-27 00:00:00",228.99,0.00,"2026-03-27 00:00:00","2026-04-16 11:56:39"
8673,259,"2025-06-10 00:00:00",307.73,0.00,"2025-06-10 00:00:00","2026-04-16 11:56:39"
8674,109,"2024-11-17 00:00:00",35.04,10.00,"2024-11-17 00:00:00","2026-04-16 11:56:39"
8675,182,"2024-09-01 00:00:00",7.23,25.00,"2024-09-01 00:00:00","2026-04-16 11:56:39"
8676,144,"2020-07-06 00:00:00",28.29,10.00,"2020-07-06 00:00:00","2026-04-16 11:56:39"
8677,296,"2024-12-13 00:00:00",189.44,0.00,"2024-12-13 00:00:00","2026-04-16 11:56:39"
8678,206,"2024-08-11 00:00:00",173.48,0.00,"2024-08-11 00:00:00","2026-04-16 11:56:39"
8679,174,"2026-04-14 00:00:00",8.85,25.00,"2026-04-14 00:00:00","2026-04-16 11:56:39"
8680,248,"2026-02-14 00:00:00",183.95,0.00,"2026-02-14 00:00:00","2026-04-16 11:56:39"
8681,136,"2024-10-04 00:00:00",133.36,0.00,"2024-10-04 00:00:00","2026-04-16 11:56:39"
8682,27,"2023-03-04 00:00:00",6.00,25.00,"2023-03-04 00:00:00","2026-04-16 11:56:39"
8683,200,"2025-09-05 00:00:00",191.35,0.00,"2025-09-05 00:00:00","2026-04-16 11:56:39"
8684,57,"2025-09-11 00:00:00",124.49,0.00,"2025-09-11 00:00:00","2026-04-16 11:56:39"
8685,212,"2022-12-26 00:00:00",103.50,0.00,"2022-12-26 00:00:00","2026-04-16 11:56:39"
8686,282,"2026-04-04 00:00:00",145.71,0.00,"2026-04-04 00:00:00","2026-04-16 11:56:39"
8687,110,"2025-12-23 00:00:00",116.17,0.00,"2025-12-23 00:00:00","2026-04-16 11:56:39"
8688,221,"2026-01-20 00:00:00",131.48,0.00,"2026-01-20 00:00:00","2026-04-16 11:56:39"
8689,36,"2023-11-10 00:00:00",191.32,0.00,"2023-11-10 00:00:00","2026-04-16 11:56:39"
8690,55,"2021-10-28 00:00:00",14.60,25.00,"2021-10-28 00:00:00","2026-04-16 11:56:39"
8691,62,"2025-05-12 00:00:00",43.95,10.00,"2025-05-12 00:00:00","2026-04-16 11:56:39"
8692,50,"2023-01-17 00:00:00",121.82,0.00,"2023-01-17 00:00:00","2026-04-16 11:56:39"
8693,101,"2024-07-16 00:00:00",115.10,0.00,"2024-07-16 00:00:00","2026-04-16 11:56:39"
8694,273,"2023-03-09 00:00:00",25.93,10.00,"2023-03-09 00:00:00","2026-04-16 11:56:39"
8695,158,"2026-02-22 00:00:00",286.59,0.00,"2026-02-22 00:00:00","2026-04-16 11:56:39"
8696,140,"2026-03-21 00:00:00",14.84,25.00,"2026-03-21 00:00:00","2026-04-16 11:56:39"
8697,276,"2025-09-14 00:00:00",10.78,25.00,"2025-09-14 00:00:00","2026-04-16 11:56:39"
8698,188,"2026-03-12 00:00:00",43.15,10.00,"2026-03-12 00:00:00","2026-04-16 11:56:39"
8699,292,"2024-03-02 00:00:00",103.90,0.00,"2024-03-02 00:00:00","2026-04-16 11:56:39"
8700,131,"2024-07-26 00:00:00",112.74,0.00,"2024-07-26 00:00:00","2026-04-16 11:56:39"
8701,292,"2020-10-31 00:00:00",171.46,0.00,"2020-10-31 00:00:00","2026-04-16 11:56:39"
8702,113,"2026-02-23 00:00:00",124.83,0.00,"2026-02-23 00:00:00","2026-04-16 11:56:39"
8703,116,"2026-02-09 00:00:00",354.60,0.00,"2026-02-09 00:00:00","2026-04-16 11:56:39"
8704,192,"2023-08-26 00:00:00",143.79,0.00,"2023-08-26 00:00:00","2026-04-16 11:56:39"
8705,102,"2021-05-19 00:00:00",173.88,0.00,"2021-05-19 00:00:00","2026-04-16 11:56:39"
8706,283,"2021-04-20 00:00:00",350.88,0.00,"2021-04-20 00:00:00","2026-04-16 11:56:39"
8707,194,"2024-07-14 00:00:00",141.71,0.00,"2024-07-14 00:00:00","2026-04-16 11:56:39"
8708,185,"2024-11-10 00:00:00",3.28,25.00,"2024-11-10 00:00:00","2026-04-16 11:56:39"
8709,22,"2024-09-03 00:00:00",75.36,0.00,"2024-09-03 00:00:00","2026-04-16 11:56:39"
8710,153,"2021-10-17 00:00:00",243.14,0.00,"2021-10-17 00:00:00","2026-04-16 11:56:39"
8711,234,"2023-11-03 00:00:00",268.53,0.00,"2023-11-03 00:00:00","2026-04-16 11:56:39"
8712,222,"2026-01-16 00:00:00",158.98,0.00,"2026-01-16 00:00:00","2026-04-16 11:56:39"
8713,84,"2025-02-28 00:00:00",63.75,5.00,"2025-02-28 00:00:00","2026-04-16 11:56:39"
8714,93,"2025-04-19 00:00:00",49.66,10.00,"2025-04-19 00:00:00","2026-04-16 11:56:39"
8715,210,"2025-10-07 00:00:00",66.34,5.00,"2025-10-07 00:00:00","2026-04-16 11:56:39"
8716,5,"2026-04-05 00:00:00",99.44,0.00,"2026-04-05 00:00:00","2026-04-16 11:56:39"
8717,101,"2021-12-31 00:00:00",214.91,0.00,"2021-12-31 00:00:00","2026-04-16 11:56:39"
8718,186,"2026-01-15 00:00:00",218.87,0.00,"2026-01-15 00:00:00","2026-04-16 11:56:39"
8719,241,"2026-01-17 00:00:00",230.29,0.00,"2026-01-17 00:00:00","2026-04-16 11:56:39"
8720,42,"2025-08-09 00:00:00",140.71,0.00,"2025-08-09 00:00:00","2026-04-16 11:56:39"
8721,216,"2023-03-21 00:00:00",16.40,25.00,"2023-03-21 00:00:00","2026-04-16 11:56:39"
8722,179,"2024-04-20 00:00:00",164.36,0.00,"2024-04-20 00:00:00","2026-04-16 11:56:39"
8723,269,"2025-01-08 00:00:00",240.38,0.00,"2025-01-08 00:00:00","2026-04-16 11:56:39"
8724,296,"2026-02-23 00:00:00",231.11,0.00,"2026-02-23 00:00:00","2026-04-16 11:56:39"
8725,189,"2024-08-25 00:00:00",16.30,25.00,"2024-08-25 00:00:00","2026-04-16 11:56:39"
8726,170,"2023-03-02 00:00:00",299.05,0.00,"2023-03-02 00:00:00","2026-04-16 11:56:39"
8727,206,"2025-07-05 00:00:00",24.44,25.00,"2025-07-05 00:00:00","2026-04-16 11:56:39"
8728,236,"2025-08-14 00:00:00",79.19,0.00,"2025-08-14 00:00:00","2026-04-16 11:56:39"
8729,38,"2023-11-26 00:00:00",312.49,0.00,"2023-11-26 00:00:00","2026-04-16 11:56:39"
8730,24,"2022-09-06 00:00:00",272.02,0.00,"2022-09-06 00:00:00","2026-04-16 11:56:39"
8731,283,"2020-05-29 00:00:00",107.61,0.00,"2020-05-29 00:00:00","2026-04-16 11:56:39"
8732,231,"2020-11-26 00:00:00",104.70,0.00,"2020-11-26 00:00:00","2026-04-16 11:56:39"
8733,233,"2025-06-18 00:00:00",37.02,10.00,"2025-06-18 00:00:00","2026-04-16 11:56:39"
8734,256,"2025-09-28 00:00:00",93.31,0.00,"2025-09-28 00:00:00","2026-04-16 11:56:39"
8735,160,"2025-03-14 00:00:00",101.70,0.00,"2025-03-14 00:00:00","2026-04-16 11:56:39"
8736,239,"2024-02-16 00:00:00",235.84,0.00,"2024-02-16 00:00:00","2026-04-16 11:56:39"
8737,196,"2025-12-15 00:00:00",182.44,0.00,"2025-12-15 00:00:00","2026-04-16 11:56:39"
8738,119,"2026-01-25 00:00:00",87.14,0.00,"2026-01-25 00:00:00","2026-04-16 11:56:39"
8739,156,"2025-06-16 00:00:00",239.38,0.00,"2025-06-16 00:00:00","2026-04-16 11:56:39"
8740,74,"2022-12-06 00:00:00",275.73,0.00,"2022-12-06 00:00:00","2026-04-16 11:56:39"
8741,272,"2025-08-14 00:00:00",44.69,10.00,"2025-08-14 00:00:00","2026-04-16 11:56:39"
8742,94,"2024-10-13 00:00:00",206.54,0.00,"2024-10-13 00:00:00","2026-04-16 11:56:39"
8743,281,"2026-04-15 00:00:00",300.86,0.00,"2026-04-15 00:00:00","2026-04-16 11:56:39"
8744,126,"2023-07-30 00:00:00",124.84,0.00,"2023-07-30 00:00:00","2026-04-16 11:56:39"
8745,38,"2026-01-31 00:00:00",331.52,0.00,"2026-01-31 00:00:00","2026-04-16 11:56:39"
8746,163,"2026-01-21 00:00:00",161.24,0.00,"2026-01-21 00:00:00","2026-04-16 11:56:39"
8747,213,"2025-10-28 00:00:00",82.67,0.00,"2025-10-28 00:00:00","2026-04-16 11:56:39"
8748,154,"2023-06-16 00:00:00",64.72,5.00,"2023-06-16 00:00:00","2026-04-16 11:56:39"
8749,18,"2025-11-10 00:00:00",121.04,0.00,"2025-11-10 00:00:00","2026-04-16 11:56:39"
8750,122,"2025-11-30 00:00:00",302.65,0.00,"2025-11-30 00:00:00","2026-04-16 11:56:39"
8751,178,"2021-12-11 00:00:00",24.50,25.00,"2021-12-11 00:00:00","2026-04-16 11:56:39"
8752,148,"2022-10-17 00:00:00",144.87,0.00,"2022-10-17 00:00:00","2026-04-16 11:56:39"
8753,105,"2025-08-26 00:00:00",80.75,0.00,"2025-08-26 00:00:00","2026-04-16 11:56:39"
8754,195,"2025-11-07 00:00:00",29.10,10.00,"2025-11-07 00:00:00","2026-04-16 11:56:39"
8755,90,"2025-09-15 00:00:00",234.67,0.00,"2025-09-15 00:00:00","2026-04-16 11:56:39"
8756,21,"2025-10-25 00:00:00",175.55,0.00,"2025-10-25 00:00:00","2026-04-16 11:56:39"
8757,290,"2020-06-22 00:00:00",121.74,0.00,"2020-06-22 00:00:00","2026-04-16 11:56:39"
8758,164,"2025-10-12 00:00:00",204.17,0.00,"2025-10-12 00:00:00","2026-04-16 11:56:39"
8759,46,"2026-03-15 00:00:00",50.94,5.00,"2026-03-15 00:00:00","2026-04-16 11:56:39"
8760,145,"2024-10-03 00:00:00",191.49,0.00,"2024-10-03 00:00:00","2026-04-16 11:56:39"
8761,273,"2025-12-04 00:00:00",155.35,0.00,"2025-12-04 00:00:00","2026-04-16 11:56:39"
8762,299,"2025-10-30 00:00:00",6.86,25.00,"2025-10-30 00:00:00","2026-04-16 11:56:39"
8763,52,"2025-05-18 00:00:00",18.72,25.00,"2025-05-18 00:00:00","2026-04-16 11:56:39"
8764,127,"2026-03-30 00:00:00",131.81,0.00,"2026-03-30 00:00:00","2026-04-16 11:56:39"
8765,22,"2024-02-24 00:00:00",46.15,10.00,"2024-02-24 00:00:00","2026-04-16 11:56:39"
8766,63,"2025-12-17 00:00:00",47.35,10.00,"2025-12-17 00:00:00","2026-04-16 11:56:39"
8767,298,"2025-04-14 00:00:00",74.11,5.00,"2025-04-14 00:00:00","2026-04-16 11:56:39"
8768,9,"2022-06-25 00:00:00",218.65,0.00,"2022-06-25 00:00:00","2026-04-16 11:56:39"
8769,130,"2025-11-11 00:00:00",7.66,25.00,"2025-11-11 00:00:00","2026-04-16 11:56:39"
8770,101,"2025-12-27 00:00:00",19.60,25.00,"2025-12-27 00:00:00","2026-04-16 11:56:39"
8771,46,"2026-03-06 00:00:00",261.56,0.00,"2026-03-06 00:00:00","2026-04-16 11:56:39"
8772,42,"2026-03-11 00:00:00",88.88,0.00,"2026-03-11 00:00:00","2026-04-16 11:56:39"
8773,217,"2024-10-14 00:00:00",89.45,0.00,"2024-10-14 00:00:00","2026-04-16 11:56:39"
8774,61,"2026-03-21 00:00:00",98.23,0.00,"2026-03-21 00:00:00","2026-04-16 11:56:39"
8775,133,"2023-03-09 00:00:00",193.94,0.00,"2023-03-09 00:00:00","2026-04-16 11:56:39"
8776,211,"2025-03-20 00:00:00",59.91,5.00,"2025-03-20 00:00:00","2026-04-16 11:56:39"
8777,168,"2025-03-06 00:00:00",19.62,25.00,"2025-03-06 00:00:00","2026-04-16 11:56:39"
8778,190,"2026-01-06 00:00:00",55.56,5.00,"2026-01-06 00:00:00","2026-04-16 11:56:39"
8779,127,"2026-02-15 00:00:00",119.76,0.00,"2026-02-15 00:00:00","2026-04-16 11:56:39"
8780,135,"2026-04-10 00:00:00",212.89,0.00,"2026-04-10 00:00:00","2026-04-16 11:56:39"
8781,72,"2025-05-04 00:00:00",120.48,0.00,"2025-05-04 00:00:00","2026-04-16 11:56:39"
8782,286,"2024-10-20 00:00:00",200.29,0.00,"2024-10-20 00:00:00","2026-04-16 11:56:39"
8783,113,"2026-03-06 00:00:00",34.26,10.00,"2026-03-06 00:00:00","2026-04-16 11:56:39"
8784,180,"2025-08-16 00:00:00",88.00,0.00,"2025-08-16 00:00:00","2026-04-16 11:56:39"
8785,1,"2025-09-20 00:00:00",122.33,0.00,"2025-09-20 00:00:00","2026-04-16 11:56:39"
8786,133,"2024-07-20 00:00:00",369.46,0.00,"2024-07-20 00:00:00","2026-04-16 11:56:39"
8787,135,"2026-03-29 00:00:00",132.44,0.00,"2026-03-29 00:00:00","2026-04-16 11:56:39"
8788,201,"2026-02-23 00:00:00",65.97,5.00,"2026-02-23 00:00:00","2026-04-16 11:56:39"
8789,152,"2026-03-31 00:00:00",228.73,0.00,"2026-03-31 00:00:00","2026-04-16 11:56:39"
8790,96,"2023-04-24 00:00:00",77.72,0.00,"2023-04-24 00:00:00","2026-04-16 11:56:39"
8791,283,"2021-08-26 00:00:00",33.86,10.00,"2021-08-26 00:00:00","2026-04-16 11:56:39"
8792,277,"2025-01-26 00:00:00",200.05,0.00,"2025-01-26 00:00:00","2026-04-16 11:56:39"
8793,46,"2025-12-24 00:00:00",349.62,0.00,"2025-12-24 00:00:00","2026-04-16 11:56:39"
8794,214,"2025-10-08 00:00:00",135.88,0.00,"2025-10-08 00:00:00","2026-04-16 11:56:39"
8795,109,"2026-03-03 00:00:00",23.02,25.00,"2026-03-03 00:00:00","2026-04-16 11:56:39"
8796,105,"2026-03-14 00:00:00",32.80,10.00,"2026-03-14 00:00:00","2026-04-16 11:56:39"
8797,271,"2021-11-14 00:00:00",142.37,0.00,"2021-11-14 00:00:00","2026-04-16 11:56:39"
8798,155,"2025-01-15 00:00:00",217.80,0.00,"2025-01-15 00:00:00","2026-04-16 11:56:39"
8799,28,"2023-10-11 00:00:00",221.40,0.00,"2023-10-11 00:00:00","2026-04-16 11:56:39"
8800,52,"2025-08-04 00:00:00",14.10,25.00,"2025-08-04 00:00:00","2026-04-16 11:56:39"
8801,221,"2024-03-19 00:00:00",206.74,0.00,"2024-03-19 00:00:00","2026-04-16 11:56:39"
8802,163,"2025-10-17 00:00:00",256.69,0.00,"2025-10-17 00:00:00","2026-04-16 11:56:39"
8803,231,"2024-07-21 00:00:00",322.17,0.00,"2024-07-21 00:00:00","2026-04-16 11:56:39"
8804,34,"2025-08-17 00:00:00",32.33,10.00,"2025-08-17 00:00:00","2026-04-16 11:56:39"
8805,279,"2023-10-26 00:00:00",108.40,0.00,"2023-10-26 00:00:00","2026-04-16 11:56:39"
8806,9,"2025-06-13 00:00:00",54.38,5.00,"2025-06-13 00:00:00","2026-04-16 11:56:39"
8807,11,"2026-04-10 00:00:00",284.65,0.00,"2026-04-10 00:00:00","2026-04-16 11:56:39"
8808,17,"2025-06-06 00:00:00",63.83,5.00,"2025-06-06 00:00:00","2026-04-16 11:56:39"
8809,54,"2026-01-25 00:00:00",143.31,0.00,"2026-01-25 00:00:00","2026-04-16 11:56:39"
8810,122,"2026-01-02 00:00:00",105.89,0.00,"2026-01-02 00:00:00","2026-04-16 11:56:39"
8811,247,"2022-04-14 00:00:00",188.56,0.00,"2022-04-14 00:00:00","2026-04-16 11:56:39"
8812,187,"2022-10-14 00:00:00",29.73,10.00,"2022-10-14 00:00:00","2026-04-16 11:56:39"
8813,63,"2024-04-23 00:00:00",105.23,0.00,"2024-04-23 00:00:00","2026-04-16 11:56:39"
8814,45,"2022-12-16 00:00:00",308.25,0.00,"2022-12-16 00:00:00","2026-04-16 11:56:39"
8815,15,"2025-06-16 00:00:00",117.48,0.00,"2025-06-16 00:00:00","2026-04-16 11:56:39"
8816,220,"2026-03-25 00:00:00",162.01,0.00,"2026-03-25 00:00:00","2026-04-16 11:56:39"
8817,8,"2026-03-23 00:00:00",77.17,0.00,"2026-03-23 00:00:00","2026-04-16 11:56:39"
8818,300,"2026-01-03 00:00:00",49.92,10.00,"2026-01-03 00:00:00","2026-04-16 11:56:39"
8819,172,"2023-11-24 00:00:00",67.21,5.00,"2023-11-24 00:00:00","2026-04-16 11:56:39"
8820,269,"2025-06-27 00:00:00",156.12,0.00,"2025-06-27 00:00:00","2026-04-16 11:56:39"
8821,43,"2026-03-08 00:00:00",137.24,0.00,"2026-03-08 00:00:00","2026-04-16 11:56:39"
8822,235,"2025-08-27 00:00:00",88.87,0.00,"2025-08-27 00:00:00","2026-04-16 11:56:39"
8823,154,"2024-02-14 00:00:00",71.58,5.00,"2024-02-14 00:00:00","2026-04-16 11:56:39"
8824,144,"2020-05-23 00:00:00",45.40,10.00,"2020-05-23 00:00:00","2026-04-16 11:56:39"
8825,127,"2026-01-18 00:00:00",323.18,0.00,"2026-01-18 00:00:00","2026-04-16 11:56:39"
8826,71,"2025-08-28 00:00:00",47.00,10.00,"2025-08-28 00:00:00","2026-04-16 11:56:39"
8827,151,"2023-09-01 00:00:00",268.62,0.00,"2023-09-01 00:00:00","2026-04-16 11:56:39"
8828,100,"2024-02-16 00:00:00",108.09,0.00,"2024-02-16 00:00:00","2026-04-16 11:56:39"
8829,292,"2025-01-24 00:00:00",98.81,0.00,"2025-01-24 00:00:00","2026-04-16 11:56:39"
8830,141,"2026-04-11 00:00:00",93.65,0.00,"2026-04-11 00:00:00","2026-04-16 11:56:39"
8831,263,"2020-03-18 00:00:00",207.06,0.00,"2020-03-18 00:00:00","2026-04-16 11:56:39"
8832,147,"2025-02-19 00:00:00",81.99,0.00,"2025-02-19 00:00:00","2026-04-16 11:56:39"
8833,299,"2024-09-01 00:00:00",121.27,0.00,"2024-09-01 00:00:00","2026-04-16 11:56:39"
8834,236,"2024-01-25 00:00:00",114.56,0.00,"2024-01-25 00:00:00","2026-04-16 11:56:39"
8835,224,"2024-10-08 00:00:00",41.95,10.00,"2024-10-08 00:00:00","2026-04-16 11:56:39"
8836,201,"2025-11-01 00:00:00",151.05,0.00,"2025-11-01 00:00:00","2026-04-16 11:56:39"
8837,200,"2025-12-02 00:00:00",148.68,0.00,"2025-12-02 00:00:00","2026-04-16 11:56:39"
8838,269,"2025-07-20 00:00:00",14.15,25.00,"2025-07-20 00:00:00","2026-04-16 11:56:39"
8839,139,"2023-01-06 00:00:00",270.92,0.00,"2023-01-06 00:00:00","2026-04-16 11:56:39"
8840,187,"2022-09-11 00:00:00",90.84,0.00,"2022-09-11 00:00:00","2026-04-16 11:56:39"
8841,178,"2024-03-15 00:00:00",235.92,0.00,"2024-03-15 00:00:00","2026-04-16 11:56:39"
8842,73,"2023-11-30 00:00:00",137.13,0.00,"2023-11-30 00:00:00","2026-04-16 11:56:39"
8843,40,"2025-10-04 00:00:00",94.56,0.00,"2025-10-04 00:00:00","2026-04-16 11:56:39"
8844,269,"2025-01-11 00:00:00",161.25,0.00,"2025-01-11 00:00:00","2026-04-16 11:56:39"
8845,295,"2025-06-08 00:00:00",132.72,0.00,"2025-06-08 00:00:00","2026-04-16 11:56:39"
8846,48,"2025-10-12 00:00:00",222.97,0.00,"2025-10-12 00:00:00","2026-04-16 11:56:39"
8847,44,"2026-03-12 00:00:00",129.82,0.00,"2026-03-12 00:00:00","2026-04-16 11:56:39"
8848,205,"2024-04-02 00:00:00",62.98,5.00,"2024-04-02 00:00:00","2026-04-16 11:56:39"
8849,232,"2025-12-04 00:00:00",42.15,10.00,"2025-12-04 00:00:00","2026-04-16 11:56:39"
8850,133,"2025-10-10 00:00:00",146.95,0.00,"2025-10-10 00:00:00","2026-04-16 11:56:39"
8851,247,"2024-02-05 00:00:00",153.03,0.00,"2024-02-05 00:00:00","2026-04-16 11:56:39"
8852,50,"2024-04-02 00:00:00",122.39,0.00,"2024-04-02 00:00:00","2026-04-16 11:56:39"
8853,74,"2023-08-26 00:00:00",164.64,0.00,"2023-08-26 00:00:00","2026-04-16 11:56:39"
8854,126,"2023-06-24 00:00:00",108.78,0.00,"2023-06-24 00:00:00","2026-04-16 11:56:39"
8855,269,"2025-12-24 00:00:00",30.27,10.00,"2025-12-24 00:00:00","2026-04-16 11:56:39"
8856,232,"2025-07-27 00:00:00",75.56,0.00,"2025-07-27 00:00:00","2026-04-16 11:56:39"
8857,201,"2026-01-12 00:00:00",175.70,0.00,"2026-01-12 00:00:00","2026-04-16 11:56:39"
8858,61,"2025-04-30 00:00:00",236.36,0.00,"2025-04-30 00:00:00","2026-04-16 11:56:39"
8859,173,"2026-04-06 00:00:00",247.89,0.00,"2026-04-06 00:00:00","2026-04-16 11:56:39"
8860,76,"2025-09-05 00:00:00",68.92,5.00,"2025-09-05 00:00:00","2026-04-16 11:56:39"
8861,267,"2024-10-16 00:00:00",177.81,0.00,"2024-10-16 00:00:00","2026-04-16 11:56:39"
8862,262,"2024-04-24 00:00:00",107.40,0.00,"2024-04-24 00:00:00","2026-04-16 11:56:39"
8863,228,"2025-10-19 00:00:00",146.39,0.00,"2025-10-19 00:00:00","2026-04-16 11:56:39"
8864,229,"2026-04-13 00:00:00",133.97,0.00,"2026-04-13 00:00:00","2026-04-16 11:56:39"
8865,137,"2026-04-07 00:00:00",239.03,0.00,"2026-04-07 00:00:00","2026-04-16 11:56:39"
8866,96,"2022-05-30 00:00:00",43.80,10.00,"2022-05-30 00:00:00","2026-04-16 11:56:39"
8867,94,"2024-12-27 00:00:00",31.11,10.00,"2024-12-27 00:00:00","2026-04-16 11:56:39"
8868,56,"2026-02-08 00:00:00",80.46,0.00,"2026-02-08 00:00:00","2026-04-16 11:56:39"
8869,98,"2024-12-22 00:00:00",291.35,0.00,"2024-12-22 00:00:00","2026-04-16 11:56:39"
8870,252,"2024-08-19 00:00:00",213.24,0.00,"2024-08-19 00:00:00","2026-04-16 11:56:39"
8871,272,"2024-08-27 00:00:00",351.86,0.00,"2024-08-27 00:00:00","2026-04-16 11:56:39"
8872,70,"2026-01-15 00:00:00",56.04,5.00,"2026-01-15 00:00:00","2026-04-16 11:56:39"
8873,147,"2025-01-15 00:00:00",41.94,10.00,"2025-01-15 00:00:00","2026-04-16 11:56:39"
8874,111,"2025-10-07 00:00:00",32.60,10.00,"2025-10-07 00:00:00","2026-04-16 11:56:39"
8875,32,"2023-06-02 00:00:00",75.08,0.00,"2023-06-02 00:00:00","2026-04-16 11:56:39"
8876,213,"2025-11-25 00:00:00",121.06,0.00,"2025-11-25 00:00:00","2026-04-16 11:56:39"
8877,110,"2026-03-18 00:00:00",223.94,0.00,"2026-03-18 00:00:00","2026-04-16 11:56:39"
8878,59,"2025-09-03 00:00:00",435.58,0.00,"2025-09-03 00:00:00","2026-04-16 11:56:39"
8879,286,"2025-04-16 00:00:00",88.06,0.00,"2025-04-16 00:00:00","2026-04-16 11:56:39"
8880,181,"2024-05-09 00:00:00",23.66,25.00,"2024-05-09 00:00:00","2026-04-16 11:56:39"
8881,72,"2026-02-05 00:00:00",54.27,5.00,"2026-02-05 00:00:00","2026-04-16 11:56:39"
8882,240,"2026-04-10 00:00:00",54.32,5.00,"2026-04-10 00:00:00","2026-04-16 11:56:39"
8883,57,"2022-10-28 00:00:00",96.21,0.00,"2022-10-28 00:00:00","2026-04-16 11:56:39"
8884,59,"2025-05-27 00:00:00",197.80,0.00,"2025-05-27 00:00:00","2026-04-16 11:56:39"
8885,39,"2020-11-12 00:00:00",171.41,0.00,"2020-11-12 00:00:00","2026-04-16 11:56:39"
8886,280,"2024-10-31 00:00:00",90.24,0.00,"2024-10-31 00:00:00","2026-04-16 11:56:39"
8887,101,"2025-04-16 00:00:00",141.35,0.00,"2025-04-16 00:00:00","2026-04-16 11:56:39"
8888,182,"2023-05-20 00:00:00",37.41,10.00,"2023-05-20 00:00:00","2026-04-16 11:56:39"
8889,201,"2026-01-28 00:00:00",320.85,0.00,"2026-01-28 00:00:00","2026-04-16 11:56:39"
8890,274,"2022-05-15 00:00:00",191.21,0.00,"2022-05-15 00:00:00","2026-04-16 11:56:39"
8891,60,"2025-06-07 00:00:00",220.32,0.00,"2025-06-07 00:00:00","2026-04-16 11:56:39"
8892,92,"2025-04-28 00:00:00",64.22,5.00,"2025-04-28 00:00:00","2026-04-16 11:56:39"
8893,293,"2025-08-11 00:00:00",11.44,25.00,"2025-08-11 00:00:00","2026-04-16 11:56:39"
8894,139,"2026-03-06 00:00:00",109.99,0.00,"2026-03-06 00:00:00","2026-04-16 11:56:39"
8895,69,"2025-07-09 00:00:00",68.28,5.00,"2025-07-09 00:00:00","2026-04-16 11:56:39"
8896,108,"2026-04-10 00:00:00",58.27,5.00,"2026-04-10 00:00:00","2026-04-16 11:56:39"
8897,53,"2025-10-13 00:00:00",135.24,0.00,"2025-10-13 00:00:00","2026-04-16 11:56:39"
8898,269,"2025-09-07 00:00:00",81.28,0.00,"2025-09-07 00:00:00","2026-04-16 11:56:39"
8899,295,"2025-04-18 00:00:00",234.10,0.00,"2025-04-18 00:00:00","2026-04-16 11:56:39"
8900,162,"2024-03-13 00:00:00",94.99,0.00,"2024-03-13 00:00:00","2026-04-16 11:56:39"
8901,228,"2024-11-25 00:00:00",26.82,10.00,"2024-11-25 00:00:00","2026-04-16 11:56:39"
8902,9,"2025-12-07 00:00:00",27.54,10.00,"2025-12-07 00:00:00","2026-04-16 11:56:39"
8903,16,"2026-04-13 00:00:00",194.69,0.00,"2026-04-13 00:00:00","2026-04-16 11:56:39"
8904,122,"2026-04-14 00:00:00",113.28,0.00,"2026-04-14 00:00:00","2026-04-16 11:56:39"
8905,272,"2025-10-23 00:00:00",35.65,10.00,"2025-10-23 00:00:00","2026-04-16 11:56:39"
8906,270,"2024-02-06 00:00:00",14.27,25.00,"2024-02-06 00:00:00","2026-04-16 11:56:39"
8907,234,"2023-10-09 00:00:00",166.79,0.00,"2023-10-09 00:00:00","2026-04-16 11:56:39"
8908,271,"2022-11-09 00:00:00",274.22,0.00,"2022-11-09 00:00:00","2026-04-16 11:56:39"
8909,98,"2023-12-10 00:00:00",181.47,0.00,"2023-12-10 00:00:00","2026-04-16 11:56:39"
8910,88,"2025-09-26 00:00:00",144.69,0.00,"2025-09-26 00:00:00","2026-04-16 11:56:40"
8911,86,"2025-06-24 00:00:00",67.67,5.00,"2025-06-24 00:00:00","2026-04-16 11:56:40"
8912,205,"2022-10-29 00:00:00",47.47,10.00,"2022-10-29 00:00:00","2026-04-16 11:56:40"
8913,21,"2024-01-19 00:00:00",331.56,0.00,"2024-01-19 00:00:00","2026-04-16 11:56:40"
8914,288,"2023-12-20 00:00:00",157.14,0.00,"2023-12-20 00:00:00","2026-04-16 11:56:40"
8915,209,"2026-04-15 00:00:00",153.57,0.00,"2026-04-15 00:00:00","2026-04-16 11:56:40"
8916,1,"2025-10-11 00:00:00",212.60,0.00,"2025-10-11 00:00:00","2026-04-16 11:56:40"
8917,48,"2026-01-31 00:00:00",270.41,0.00,"2026-01-31 00:00:00","2026-04-16 11:56:40"
8918,171,"2026-04-11 00:00:00",89.40,0.00,"2026-04-11 00:00:00","2026-04-16 11:56:40"
8919,153,"2021-10-20 00:00:00",76.57,0.00,"2021-10-20 00:00:00","2026-04-16 11:56:40"
8920,64,"2025-08-25 00:00:00",61.16,5.00,"2025-08-25 00:00:00","2026-04-16 11:56:40"
8921,49,"2024-07-25 00:00:00",209.78,0.00,"2024-07-25 00:00:00","2026-04-16 11:56:40"
8922,196,"2026-02-27 00:00:00",303.12,0.00,"2026-02-27 00:00:00","2026-04-16 11:56:40"
8923,185,"2026-01-04 00:00:00",143.69,0.00,"2026-01-04 00:00:00","2026-04-16 11:56:40"
8924,43,"2022-02-06 00:00:00",112.39,0.00,"2022-02-06 00:00:00","2026-04-16 11:56:40"
8925,158,"2025-10-17 00:00:00",153.90,0.00,"2025-10-17 00:00:00","2026-04-16 11:56:40"
8926,241,"2025-09-27 00:00:00",208.45,0.00,"2025-09-27 00:00:00","2026-04-16 11:56:40"
8927,240,"2026-03-26 00:00:00",111.73,0.00,"2026-03-26 00:00:00","2026-04-16 11:56:40"
8928,54,"2025-09-13 00:00:00",153.10,0.00,"2025-09-13 00:00:00","2026-04-16 11:56:40"
8929,242,"2023-04-01 00:00:00",190.11,0.00,"2023-04-01 00:00:00","2026-04-16 11:56:40"
8930,238,"2024-02-20 00:00:00",195.46,0.00,"2024-02-20 00:00:00","2026-04-16 11:56:40"
8931,67,"2025-03-19 00:00:00",211.45,0.00,"2025-03-19 00:00:00","2026-04-16 11:56:40"
8932,109,"2024-12-31 00:00:00",157.03,0.00,"2024-12-31 00:00:00","2026-04-16 11:56:40"
8933,42,"2024-03-04 00:00:00",10.65,25.00,"2024-03-04 00:00:00","2026-04-16 11:56:40"
8934,82,"2023-10-10 00:00:00",180.42,0.00,"2023-10-10 00:00:00","2026-04-16 11:56:40"
8935,192,"2025-09-19 00:00:00",12.39,25.00,"2025-09-19 00:00:00","2026-04-16 11:56:40"
8936,289,"2024-01-26 00:00:00",11.20,25.00,"2024-01-26 00:00:00","2026-04-16 11:56:40"
8937,170,"2023-10-27 00:00:00",151.09,0.00,"2023-10-27 00:00:00","2026-04-16 11:56:40"
8938,237,"2026-04-11 00:00:00",55.34,5.00,"2026-04-11 00:00:00","2026-04-16 11:56:40"
8939,237,"2026-02-26 00:00:00",106.74,0.00,"2026-02-26 00:00:00","2026-04-16 11:56:40"
8940,7,"2025-02-22 00:00:00",347.71,0.00,"2025-02-22 00:00:00","2026-04-16 11:56:40"
8941,69,"2024-02-02 00:00:00",103.89,0.00,"2024-02-02 00:00:00","2026-04-16 11:56:40"
8942,96,"2024-11-02 00:00:00",151.79,0.00,"2024-11-02 00:00:00","2026-04-16 11:56:40"
8943,189,"2024-10-20 00:00:00",80.01,0.00,"2024-10-20 00:00:00","2026-04-16 11:56:40"
8944,199,"2025-06-27 00:00:00",30.38,10.00,"2025-06-27 00:00:00","2026-04-16 11:56:40"
8945,201,"2026-03-19 00:00:00",75.76,0.00,"2026-03-19 00:00:00","2026-04-16 11:56:40"
8946,265,"2026-04-04 00:00:00",162.47,0.00,"2026-04-04 00:00:00","2026-04-16 11:56:40"
8947,98,"2023-11-28 00:00:00",377.29,0.00,"2023-11-28 00:00:00","2026-04-16 11:56:40"
8948,251,"2026-03-19 00:00:00",148.35,0.00,"2026-03-19 00:00:00","2026-04-16 11:56:40"
8949,250,"2022-10-30 00:00:00",179.75,0.00,"2022-10-30 00:00:00","2026-04-16 11:56:40"
8950,276,"2024-09-29 00:00:00",90.36,0.00,"2024-09-29 00:00:00","2026-04-16 11:56:40"
8951,59,"2025-08-23 00:00:00",109.54,0.00,"2025-08-23 00:00:00","2026-04-16 11:56:40"
8952,44,"2026-04-04 00:00:00",222.32,0.00,"2026-04-04 00:00:00","2026-04-16 11:56:40"
8953,299,"2024-02-07 00:00:00",69.88,5.00,"2024-02-07 00:00:00","2026-04-16 11:56:40"
8954,36,"2025-01-02 00:00:00",357.94,0.00,"2025-01-02 00:00:00","2026-04-16 11:56:40"
8955,162,"2026-02-14 00:00:00",288.87,0.00,"2026-02-14 00:00:00","2026-04-16 11:56:40"
8956,270,"2023-12-14 00:00:00",202.36,0.00,"2023-12-14 00:00:00","2026-04-16 11:56:40"
8957,11,"2025-07-28 00:00:00",202.27,0.00,"2025-07-28 00:00:00","2026-04-16 11:56:40"
8958,140,"2026-04-09 00:00:00",38.97,10.00,"2026-04-09 00:00:00","2026-04-16 11:56:40"
8959,185,"2024-02-15 00:00:00",140.85,0.00,"2024-02-15 00:00:00","2026-04-16 11:56:40"
8960,183,"2024-05-08 00:00:00",75.29,0.00,"2024-05-08 00:00:00","2026-04-16 11:56:40"
8961,293,"2021-11-05 00:00:00",411.85,0.00,"2021-11-05 00:00:00","2026-04-16 11:56:40"
8962,129,"2024-08-11 00:00:00",303.11,0.00,"2024-08-11 00:00:00","2026-04-16 11:56:40"
8963,294,"2026-02-23 00:00:00",132.01,0.00,"2026-02-23 00:00:00","2026-04-16 11:56:40"
8964,116,"2025-06-09 00:00:00",305.46,0.00,"2025-06-09 00:00:00","2026-04-16 11:56:40"
8965,237,"2026-03-23 00:00:00",47.84,10.00,"2026-03-23 00:00:00","2026-04-16 11:56:40"
8966,170,"2026-01-06 00:00:00",80.93,0.00,"2026-01-06 00:00:00","2026-04-16 11:56:40"
8967,275,"2021-02-26 00:00:00",20.80,25.00,"2021-02-26 00:00:00","2026-04-16 11:56:40"
8968,103,"2023-03-30 00:00:00",13.78,25.00,"2023-03-30 00:00:00","2026-04-16 11:56:40"
8969,297,"2025-09-29 00:00:00",85.98,0.00,"2025-09-29 00:00:00","2026-04-16 11:56:40"
8970,250,"2022-07-18 00:00:00",40.75,10.00,"2022-07-18 00:00:00","2026-04-16 11:56:40"
8971,31,"2022-10-21 00:00:00",46.50,10.00,"2022-10-21 00:00:00","2026-04-16 11:56:40"
8972,250,"2021-08-06 00:00:00",13.53,25.00,"2021-08-06 00:00:00","2026-04-16 11:56:40"
8973,96,"2025-06-01 00:00:00",20.28,25.00,"2025-06-01 00:00:00","2026-04-16 11:56:40"
8974,65,"2025-09-04 00:00:00",140.40,0.00,"2025-09-04 00:00:00","2026-04-16 11:56:40"
8975,8,"2026-03-11 00:00:00",151.85,0.00,"2026-03-11 00:00:00","2026-04-16 11:56:40"
8976,116,"2025-04-05 00:00:00",15.28,25.00,"2025-04-05 00:00:00","2026-04-16 11:56:40"
8977,170,"2025-01-09 00:00:00",44.79,10.00,"2025-01-09 00:00:00","2026-04-16 11:56:40"
8978,213,"2025-09-15 00:00:00",198.03,0.00,"2025-09-15 00:00:00","2026-04-16 11:56:40"
8979,230,"2023-05-21 00:00:00",144.90,0.00,"2023-05-21 00:00:00","2026-04-16 11:56:40"
8980,3,"2025-10-24 00:00:00",60.45,5.00,"2025-10-24 00:00:00","2026-04-16 11:56:40"
8981,98,"2025-07-16 00:00:00",127.77,0.00,"2025-07-16 00:00:00","2026-04-16 11:56:40"
8982,131,"2025-02-20 00:00:00",235.03,0.00,"2025-02-20 00:00:00","2026-04-16 11:56:40"
8983,58,"2024-07-21 00:00:00",209.99,0.00,"2024-07-21 00:00:00","2026-04-16 11:56:40"
8984,139,"2023-02-18 00:00:00",46.41,10.00,"2023-02-18 00:00:00","2026-04-16 11:56:40"
8985,252,"2024-07-30 00:00:00",178.14,0.00,"2024-07-30 00:00:00","2026-04-16 11:56:40"
8986,244,"2026-01-05 00:00:00",49.87,10.00,"2026-01-05 00:00:00","2026-04-16 11:56:40"
8987,96,"2024-11-28 00:00:00",263.66,0.00,"2024-11-28 00:00:00","2026-04-16 11:56:40"
8988,233,"2025-02-14 00:00:00",32.18,10.00,"2025-02-14 00:00:00","2026-04-16 11:56:40"
8989,84,"2023-09-27 00:00:00",187.07,0.00,"2023-09-27 00:00:00","2026-04-16 11:56:40"
8990,195,"2026-01-23 00:00:00",13.75,25.00,"2026-01-23 00:00:00","2026-04-16 11:56:40"
8991,59,"2025-01-17 00:00:00",120.85,0.00,"2025-01-17 00:00:00","2026-04-16 11:56:40"
8992,106,"2022-11-29 00:00:00",216.25,0.00,"2022-11-29 00:00:00","2026-04-16 11:56:40"
8993,150,"2026-03-31 00:00:00",99.71,0.00,"2026-03-31 00:00:00","2026-04-16 11:56:40"
8994,99,"2024-08-18 00:00:00",71.14,5.00,"2024-08-18 00:00:00","2026-04-16 11:56:40"
8995,19,"2025-10-20 00:00:00",7.14,25.00,"2025-10-20 00:00:00","2026-04-16 11:56:40"
8996,8,"2026-02-18 00:00:00",51.40,5.00,"2026-02-18 00:00:00","2026-04-16 11:56:40"
8997,121,"2026-03-09 00:00:00",107.40,0.00,"2026-03-09 00:00:00","2026-04-16 11:56:40"
8998,188,"2025-11-15 00:00:00",191.86,0.00,"2025-11-15 00:00:00","2026-04-16 11:56:40"
8999,64,"2025-07-24 00:00:00",193.25,0.00,"2025-07-24 00:00:00","2026-04-16 11:56:40"
9000,263,"2020-03-27 00:00:00",33.68,10.00,"2020-03-27 00:00:00","2026-04-16 11:56:40"
9001,60,"2025-09-08 00:00:00",131.99,0.00,"2025-09-08 00:00:00","2026-04-16 11:56:40"
9002,123,"2024-10-22 00:00:00",222.74,0.00,"2024-10-22 00:00:00","2026-04-16 11:56:40"
9003,70,"2025-05-25 00:00:00",220.26,0.00,"2025-05-25 00:00:00","2026-04-16 11:56:40"
9004,122,"2025-10-27 00:00:00",76.87,0.00,"2025-10-27 00:00:00","2026-04-16 11:56:40"
9005,133,"2025-12-17 00:00:00",276.26,0.00,"2025-12-17 00:00:00","2026-04-16 11:56:40"
9006,105,"2025-11-19 00:00:00",257.81,0.00,"2025-11-19 00:00:00","2026-04-16 11:56:40"
9007,177,"2025-10-12 00:00:00",120.39,0.00,"2025-10-12 00:00:00","2026-04-16 11:56:40"
9008,248,"2025-06-18 00:00:00",211.79,0.00,"2025-06-18 00:00:00","2026-04-16 11:56:40"
9009,226,"2025-01-21 00:00:00",39.06,10.00,"2025-01-21 00:00:00","2026-04-16 11:56:40"
9010,286,"2024-04-25 00:00:00",38.45,10.00,"2024-04-25 00:00:00","2026-04-16 11:56:40"
9011,210,"2025-05-27 00:00:00",99.17,0.00,"2025-05-27 00:00:00","2026-04-16 11:56:40"
9012,61,"2026-01-20 00:00:00",130.89,0.00,"2026-01-20 00:00:00","2026-04-16 11:56:40"
9013,212,"2022-07-30 00:00:00",337.02,0.00,"2022-07-30 00:00:00","2026-04-16 11:56:40"
9014,46,"2026-03-08 00:00:00",162.91,0.00,"2026-03-08 00:00:00","2026-04-16 11:56:40"
9015,31,"2022-09-29 00:00:00",15.76,25.00,"2022-09-29 00:00:00","2026-04-16 11:56:40"
9016,196,"2026-02-15 00:00:00",220.30,0.00,"2026-02-15 00:00:00","2026-04-16 11:56:40"
9017,61,"2026-01-18 00:00:00",65.34,5.00,"2026-01-18 00:00:00","2026-04-16 11:56:40"
9018,52,"2025-11-13 00:00:00",37.76,10.00,"2025-11-13 00:00:00","2026-04-16 11:56:40"
9019,193,"2026-03-18 00:00:00",153.08,0.00,"2026-03-18 00:00:00","2026-04-16 11:56:40"
9020,152,"2024-03-13 00:00:00",30.10,10.00,"2024-03-13 00:00:00","2026-04-16 11:56:40"
9021,35,"2024-05-15 00:00:00",141.91,0.00,"2024-05-15 00:00:00","2026-04-16 11:56:40"
9022,220,"2025-07-27 00:00:00",122.48,0.00,"2025-07-27 00:00:00","2026-04-16 11:56:40"
9023,235,"2023-09-18 00:00:00",175.64,0.00,"2023-09-18 00:00:00","2026-04-16 11:56:40"
9024,69,"2025-11-19 00:00:00",294.40,0.00,"2025-11-19 00:00:00","2026-04-16 11:56:40"
9025,141,"2026-01-24 00:00:00",129.02,0.00,"2026-01-24 00:00:00","2026-04-16 11:56:40"
9026,78,"2025-10-21 00:00:00",189.65,0.00,"2025-10-21 00:00:00","2026-04-16 11:56:40"
9027,177,"2025-11-20 00:00:00",23.91,25.00,"2025-11-20 00:00:00","2026-04-16 11:56:40"
9028,75,"2025-12-31 00:00:00",273.81,0.00,"2025-12-31 00:00:00","2026-04-16 11:56:40"
9029,31,"2023-05-29 00:00:00",18.60,25.00,"2023-05-29 00:00:00","2026-04-16 11:56:40"
9030,235,"2024-12-23 00:00:00",123.49,0.00,"2024-12-23 00:00:00","2026-04-16 11:56:40"
9031,86,"2025-06-13 00:00:00",257.34,0.00,"2025-06-13 00:00:00","2026-04-16 11:56:40"
9032,151,"2023-10-27 00:00:00",70.56,5.00,"2023-10-27 00:00:00","2026-04-16 11:56:40"
9033,140,"2026-04-12 00:00:00",125.27,0.00,"2026-04-12 00:00:00","2026-04-16 11:56:40"
9034,152,"2024-10-01 00:00:00",217.37,0.00,"2024-10-01 00:00:00","2026-04-16 11:56:40"
9035,51,"2026-04-04 00:00:00",69.42,5.00,"2026-04-04 00:00:00","2026-04-16 11:56:40"
9036,181,"2026-02-06 00:00:00",191.46,0.00,"2026-02-06 00:00:00","2026-04-16 11:56:40"
9037,44,"2026-03-24 00:00:00",87.42,0.00,"2026-03-24 00:00:00","2026-04-16 11:56:40"
9038,186,"2026-01-29 00:00:00",53.61,5.00,"2026-01-29 00:00:00","2026-04-16 11:56:40"
9039,77,"2024-10-26 00:00:00",20.10,25.00,"2024-10-26 00:00:00","2026-04-16 11:56:40"
9040,164,"2025-03-12 00:00:00",189.22,0.00,"2025-03-12 00:00:00","2026-04-16 11:56:40"
9041,5,"2025-12-31 00:00:00",95.22,0.00,"2025-12-31 00:00:00","2026-04-16 11:56:40"
9042,215,"2023-06-07 00:00:00",160.72,0.00,"2023-06-07 00:00:00","2026-04-16 11:56:40"
9043,50,"2022-05-19 00:00:00",7.74,25.00,"2022-05-19 00:00:00","2026-04-16 11:56:40"
9044,196,"2026-03-10 00:00:00",91.52,0.00,"2026-03-10 00:00:00","2026-04-16 11:56:40"
9045,3,"2024-01-29 00:00:00",69.00,5.00,"2024-01-29 00:00:00","2026-04-16 11:56:40"
9046,15,"2024-12-19 00:00:00",53.15,5.00,"2024-12-19 00:00:00","2026-04-16 11:56:40"
9047,291,"2025-07-27 00:00:00",174.11,0.00,"2025-07-27 00:00:00","2026-04-16 11:56:40"
9048,57,"2025-04-08 00:00:00",244.42,0.00,"2025-04-08 00:00:00","2026-04-16 11:56:40"
9049,218,"2020-11-30 00:00:00",206.81,0.00,"2020-11-30 00:00:00","2026-04-16 11:56:40"
9050,88,"2026-02-26 00:00:00",16.01,25.00,"2026-02-26 00:00:00","2026-04-16 11:56:40"
9051,298,"2025-04-30 00:00:00",60.76,5.00,"2025-04-30 00:00:00","2026-04-16 11:56:40"
9052,160,"2024-02-17 00:00:00",50.07,5.00,"2024-02-17 00:00:00","2026-04-16 11:56:40"
9053,188,"2026-01-01 00:00:00",232.78,0.00,"2026-01-01 00:00:00","2026-04-16 11:56:40"
9054,166,"2023-07-03 00:00:00",121.20,0.00,"2023-07-03 00:00:00","2026-04-16 11:56:40"
9055,181,"2023-10-29 00:00:00",188.56,0.00,"2023-10-29 00:00:00","2026-04-16 11:56:40"
9056,239,"2025-08-06 00:00:00",189.40,0.00,"2025-08-06 00:00:00","2026-04-16 11:56:40"
9057,155,"2025-08-11 00:00:00",26.17,10.00,"2025-08-11 00:00:00","2026-04-16 11:56:40"
9058,4,"2024-10-03 00:00:00",155.57,0.00,"2024-10-03 00:00:00","2026-04-16 11:56:40"
9059,198,"2026-02-14 00:00:00",40.12,10.00,"2026-02-14 00:00:00","2026-04-16 11:56:40"
9060,112,"2025-07-20 00:00:00",170.62,0.00,"2025-07-20 00:00:00","2026-04-16 11:56:40"
9061,46,"2026-02-02 00:00:00",122.61,0.00,"2026-02-02 00:00:00","2026-04-16 11:56:40"
9062,18,"2024-07-20 00:00:00",80.87,0.00,"2024-07-20 00:00:00","2026-04-16 11:56:40"
9063,3,"2024-07-13 00:00:00",77.85,0.00,"2024-07-13 00:00:00","2026-04-16 11:56:40"
9064,143,"2026-02-23 00:00:00",168.78,0.00,"2026-02-23 00:00:00","2026-04-16 11:56:40"
9065,181,"2024-08-31 00:00:00",171.63,0.00,"2024-08-31 00:00:00","2026-04-16 11:56:40"
9066,225,"2025-06-11 00:00:00",287.77,0.00,"2025-06-11 00:00:00","2026-04-16 11:56:40"
9067,37,"2024-11-26 00:00:00",16.26,25.00,"2024-11-26 00:00:00","2026-04-16 11:56:40"
9068,71,"2024-11-07 00:00:00",32.14,10.00,"2024-11-07 00:00:00","2026-04-16 11:56:40"
9069,149,"2026-04-02 00:00:00",29.45,10.00,"2026-04-02 00:00:00","2026-04-16 11:56:40"
9070,161,"2024-10-20 00:00:00",160.61,0.00,"2024-10-20 00:00:00","2026-04-16 11:56:40"
9071,277,"2025-05-01 00:00:00",73.78,5.00,"2025-05-01 00:00:00","2026-04-16 11:56:40"
9072,14,"2024-12-29 00:00:00",317.92,0.00,"2024-12-29 00:00:00","2026-04-16 11:56:40"
9073,173,"2026-01-01 00:00:00",13.34,25.00,"2026-01-01 00:00:00","2026-04-16 11:56:40"
9074,106,"2023-08-13 00:00:00",237.87,0.00,"2023-08-13 00:00:00","2026-04-16 11:56:40"
9075,201,"2026-02-11 00:00:00",147.97,0.00,"2026-02-11 00:00:00","2026-04-16 11:56:40"
9076,251,"2026-04-05 00:00:00",168.65,0.00,"2026-04-05 00:00:00","2026-04-16 11:56:40"
9077,255,"2024-08-02 00:00:00",129.70,0.00,"2024-08-02 00:00:00","2026-04-16 11:56:40"
9078,276,"2026-03-13 00:00:00",132.13,0.00,"2026-03-13 00:00:00","2026-04-16 11:56:40"
9079,235,"2025-02-01 00:00:00",207.48,0.00,"2025-02-01 00:00:00","2026-04-16 11:56:40"
9080,180,"2025-04-03 00:00:00",190.05,0.00,"2025-04-03 00:00:00","2026-04-16 11:56:40"
9081,23,"2025-02-05 00:00:00",253.02,0.00,"2025-02-05 00:00:00","2026-04-16 11:56:40"
9082,57,"2025-05-18 00:00:00",160.70,0.00,"2025-05-18 00:00:00","2026-04-16 11:56:40"
9083,294,"2024-02-11 00:00:00",52.85,5.00,"2024-02-11 00:00:00","2026-04-16 11:56:40"
9084,79,"2025-02-12 00:00:00",192.09,0.00,"2025-02-12 00:00:00","2026-04-16 11:56:40"
9085,185,"2026-01-25 00:00:00",150.30,0.00,"2026-01-25 00:00:00","2026-04-16 11:56:40"
9086,294,"2024-02-24 00:00:00",76.04,0.00,"2024-02-24 00:00:00","2026-04-16 11:56:40"
9087,221,"2025-12-21 00:00:00",41.39,10.00,"2025-12-21 00:00:00","2026-04-16 11:56:40"
9088,158,"2024-01-01 00:00:00",39.50,10.00,"2024-01-01 00:00:00","2026-04-16 11:56:40"
9089,31,"2022-02-02 00:00:00",211.45,0.00,"2022-02-02 00:00:00","2026-04-16 11:56:40"
9090,91,"2024-12-14 00:00:00",210.47,0.00,"2024-12-14 00:00:00","2026-04-16 11:56:40"
9091,145,"2025-07-03 00:00:00",99.67,0.00,"2025-07-03 00:00:00","2026-04-16 11:56:40"
9092,95,"2024-07-19 00:00:00",187.91,0.00,"2024-07-19 00:00:00","2026-04-16 11:56:40"
9093,93,"2026-01-22 00:00:00",185.69,0.00,"2026-01-22 00:00:00","2026-04-16 11:56:40"
9094,277,"2025-07-14 00:00:00",193.21,0.00,"2025-07-14 00:00:00","2026-04-16 11:56:40"
9095,24,"2022-11-02 00:00:00",190.45,0.00,"2022-11-02 00:00:00","2026-04-16 11:56:40"
9096,205,"2020-04-21 00:00:00",71.27,5.00,"2020-04-21 00:00:00","2026-04-16 11:56:40"
9097,178,"2019-12-15 00:00:00",36.55,10.00,"2019-12-15 00:00:00","2026-04-16 11:56:40"
9098,223,"2021-03-28 00:00:00",153.03,0.00,"2021-03-28 00:00:00","2026-04-16 11:56:40"
9099,83,"2025-07-12 00:00:00",188.13,0.00,"2025-07-12 00:00:00","2026-04-16 11:56:40"
9100,135,"2026-03-31 00:00:00",158.15,0.00,"2026-03-31 00:00:00","2026-04-16 11:56:40"
9101,246,"2024-08-25 00:00:00",34.43,10.00,"2024-08-25 00:00:00","2026-04-16 11:56:40"
9102,12,"2024-07-26 00:00:00",99.60,0.00,"2024-07-26 00:00:00","2026-04-16 11:56:40"
9103,14,"2024-03-20 00:00:00",4.54,25.00,"2024-03-20 00:00:00","2026-04-16 11:56:40"
9104,70,"2026-02-02 00:00:00",346.09,0.00,"2026-02-02 00:00:00","2026-04-16 11:56:40"
9105,174,"2026-03-31 00:00:00",84.73,0.00,"2026-03-31 00:00:00","2026-04-16 11:56:40"
9106,97,"2026-01-14 00:00:00",118.79,0.00,"2026-01-14 00:00:00","2026-04-16 11:56:40"
9107,296,"2022-10-17 00:00:00",77.80,0.00,"2022-10-17 00:00:00","2026-04-16 11:56:40"
9108,243,"2025-12-06 00:00:00",211.24,0.00,"2025-12-06 00:00:00","2026-04-16 11:56:40"
9109,179,"2022-11-05 00:00:00",118.88,0.00,"2022-11-05 00:00:00","2026-04-16 11:56:40"
9110,8,"2026-01-05 00:00:00",305.03,0.00,"2026-01-05 00:00:00","2026-04-16 11:56:40"
9111,237,"2026-03-19 00:00:00",21.31,25.00,"2026-03-19 00:00:00","2026-04-16 11:56:40"
9112,279,"2023-12-11 00:00:00",103.13,0.00,"2023-12-11 00:00:00","2026-04-16 11:56:40"
9113,11,"2024-11-19 00:00:00",122.02,0.00,"2024-11-19 00:00:00","2026-04-16 11:56:40"
9114,230,"2024-07-19 00:00:00",53.76,5.00,"2024-07-19 00:00:00","2026-04-16 11:56:40"
9115,186,"2026-04-10 00:00:00",271.52,0.00,"2026-04-10 00:00:00","2026-04-16 11:56:40"
9116,222,"2023-09-06 00:00:00",157.60,0.00,"2023-09-06 00:00:00","2026-04-16 11:56:40"
9117,141,"2024-09-05 00:00:00",238.66,0.00,"2024-09-05 00:00:00","2026-04-16 11:56:40"
9118,32,"2024-02-15 00:00:00",5.75,25.00,"2024-02-15 00:00:00","2026-04-16 11:56:40"
9119,282,"2025-07-04 00:00:00",39.56,10.00,"2025-07-04 00:00:00","2026-04-16 11:56:40"
9120,149,"2026-02-09 00:00:00",134.58,0.00,"2026-02-09 00:00:00","2026-04-16 11:56:40"
9121,76,"2023-02-09 00:00:00",123.67,0.00,"2023-02-09 00:00:00","2026-04-16 11:56:40"
9122,148,"2024-01-04 00:00:00",139.43,0.00,"2024-01-04 00:00:00","2026-04-16 11:56:40"
9123,271,"2022-08-01 00:00:00",21.77,25.00,"2022-08-01 00:00:00","2026-04-16 11:56:40"
9124,127,"2026-01-29 00:00:00",186.54,0.00,"2026-01-29 00:00:00","2026-04-16 11:56:40"
9125,257,"2026-03-12 00:00:00",119.14,0.00,"2026-03-12 00:00:00","2026-04-16 11:56:40"
9126,160,"2024-04-03 00:00:00",268.11,0.00,"2024-04-03 00:00:00","2026-04-16 11:56:40"
9127,264,"2025-09-08 00:00:00",285.05,0.00,"2025-09-08 00:00:00","2026-04-16 11:56:40"
9128,219,"2022-12-18 00:00:00",95.16,0.00,"2022-12-18 00:00:00","2026-04-16 11:56:40"
9129,292,"2023-06-24 00:00:00",40.00,10.00,"2023-06-24 00:00:00","2026-04-16 11:56:40"
9130,107,"2024-06-05 00:00:00",59.90,5.00,"2024-06-05 00:00:00","2026-04-16 11:56:40"
9131,130,"2025-11-21 00:00:00",70.04,5.00,"2025-11-21 00:00:00","2026-04-16 11:56:40"
9132,71,"2025-11-03 00:00:00",228.22,0.00,"2025-11-03 00:00:00","2026-04-16 11:56:40"
9133,13,"2024-07-23 00:00:00",88.85,0.00,"2024-07-23 00:00:00","2026-04-16 11:56:40"
9134,281,"2024-09-13 00:00:00",83.90,0.00,"2024-09-13 00:00:00","2026-04-16 11:56:40"
9135,78,"2026-02-09 00:00:00",312.39,0.00,"2026-02-09 00:00:00","2026-04-16 11:56:40"
9136,101,"2025-10-30 00:00:00",382.55,0.00,"2025-10-30 00:00:00","2026-04-16 11:56:40"
9137,234,"2025-01-15 00:00:00",18.28,25.00,"2025-01-15 00:00:00","2026-04-16 11:56:40"
9138,154,"2025-06-12 00:00:00",373.78,0.00,"2025-06-12 00:00:00","2026-04-16 11:56:40"
9139,255,"2024-11-06 00:00:00",123.72,0.00,"2024-11-06 00:00:00","2026-04-16 11:56:40"
9140,138,"2021-08-15 00:00:00",226.44,0.00,"2021-08-15 00:00:00","2026-04-16 11:56:40"
9141,40,"2025-07-24 00:00:00",182.38,0.00,"2025-07-24 00:00:00","2026-04-16 11:56:40"
9142,240,"2025-07-12 00:00:00",135.97,0.00,"2025-07-12 00:00:00","2026-04-16 11:56:40"
9143,181,"2025-10-23 00:00:00",125.14,0.00,"2025-10-23 00:00:00","2026-04-16 11:56:40"
9144,67,"2025-02-12 00:00:00",44.01,10.00,"2025-02-12 00:00:00","2026-04-16 11:56:40"
9145,63,"2023-04-28 00:00:00",143.32,0.00,"2023-04-28 00:00:00","2026-04-16 11:56:40"
9146,215,"2023-04-05 00:00:00",165.68,0.00,"2023-04-05 00:00:00","2026-04-16 11:56:40"
9147,74,"2024-02-07 00:00:00",99.56,0.00,"2024-02-07 00:00:00","2026-04-16 11:56:40"
9148,7,"2023-11-16 00:00:00",103.76,0.00,"2023-11-16 00:00:00","2026-04-16 11:56:40"
9149,94,"2024-12-25 00:00:00",139.33,0.00,"2024-12-25 00:00:00","2026-04-16 11:56:40"
9150,276,"2025-02-20 00:00:00",41.34,10.00,"2025-02-20 00:00:00","2026-04-16 11:56:40"
9151,179,"2024-10-26 00:00:00",198.55,0.00,"2024-10-26 00:00:00","2026-04-16 11:56:40"
9152,33,"2026-03-19 00:00:00",83.85,0.00,"2026-03-19 00:00:00","2026-04-16 11:56:40"
9153,236,"2025-06-09 00:00:00",346.39,0.00,"2025-06-09 00:00:00","2026-04-16 11:56:40"
9154,185,"2025-09-04 00:00:00",234.36,0.00,"2025-09-04 00:00:00","2026-04-16 11:56:40"
9155,274,"2023-03-30 00:00:00",61.47,5.00,"2023-03-30 00:00:00","2026-04-16 11:56:40"
9156,236,"2021-11-24 00:00:00",233.09,0.00,"2021-11-24 00:00:00","2026-04-16 11:56:40"
9157,146,"2025-07-08 00:00:00",167.90,0.00,"2025-07-08 00:00:00","2026-04-16 11:56:40"
9158,136,"2026-02-20 00:00:00",123.47,0.00,"2026-02-20 00:00:00","2026-04-16 11:56:40"
9159,214,"2025-01-24 00:00:00",155.35,0.00,"2025-01-24 00:00:00","2026-04-16 11:56:40"
9160,246,"2024-06-26 00:00:00",8.04,25.00,"2024-06-26 00:00:00","2026-04-16 11:56:40"
9161,193,"2024-09-23 00:00:00",84.90,0.00,"2024-09-23 00:00:00","2026-04-16 11:56:40"
9162,191,"2025-12-30 00:00:00",219.21,0.00,"2025-12-30 00:00:00","2026-04-16 11:56:40"
9163,100,"2024-04-21 00:00:00",27.55,10.00,"2024-04-21 00:00:00","2026-04-16 11:56:40"
9164,299,"2025-04-02 00:00:00",54.63,5.00,"2025-04-02 00:00:00","2026-04-16 11:56:40"
9165,13,"2024-05-28 00:00:00",40.55,10.00,"2024-05-28 00:00:00","2026-04-16 11:56:40"
9166,105,"2025-09-05 00:00:00",28.04,10.00,"2025-09-05 00:00:00","2026-04-16 11:56:40"
9167,142,"2025-04-05 00:00:00",200.55,0.00,"2025-04-05 00:00:00","2026-04-16 11:56:40"
9168,119,"2026-02-26 00:00:00",268.83,0.00,"2026-02-26 00:00:00","2026-04-16 11:56:40"
9169,295,"2026-03-22 00:00:00",103.87,0.00,"2026-03-22 00:00:00","2026-04-16 11:56:40"
9170,137,"2026-03-14 00:00:00",414.78,0.00,"2026-03-14 00:00:00","2026-04-16 11:56:40"
9171,267,"2024-02-15 00:00:00",75.14,0.00,"2024-02-15 00:00:00","2026-04-16 11:56:40"
9172,198,"2025-09-23 00:00:00",36.75,10.00,"2025-09-23 00:00:00","2026-04-16 11:56:40"
9173,262,"2022-11-15 00:00:00",246.20,0.00,"2022-11-15 00:00:00","2026-04-16 11:56:40"
9174,101,"2022-11-30 00:00:00",174.96,0.00,"2022-11-30 00:00:00","2026-04-16 11:56:40"
9175,92,"2025-06-07 00:00:00",122.06,0.00,"2025-06-07 00:00:00","2026-04-16 11:56:40"
9176,164,"2025-07-18 00:00:00",83.08,0.00,"2025-07-18 00:00:00","2026-04-16 11:56:40"
9177,96,"2023-03-01 00:00:00",21.56,25.00,"2023-03-01 00:00:00","2026-04-16 11:56:40"
9178,136,"2025-09-05 00:00:00",77.21,0.00,"2025-09-05 00:00:00","2026-04-16 11:56:40"
9179,99,"2026-02-07 00:00:00",86.65,0.00,"2026-02-07 00:00:00","2026-04-16 11:56:40"
9180,170,"2025-10-15 00:00:00",177.57,0.00,"2025-10-15 00:00:00","2026-04-16 11:56:40"
9181,260,"2021-10-08 00:00:00",31.73,10.00,"2021-10-08 00:00:00","2026-04-16 11:56:40"
9182,49,"2024-08-26 00:00:00",6.89,25.00,"2024-08-26 00:00:00","2026-04-16 11:56:40"
9183,253,"2024-12-19 00:00:00",347.63,0.00,"2024-12-19 00:00:00","2026-04-16 11:56:40"
9184,216,"2025-01-07 00:00:00",35.10,10.00,"2025-01-07 00:00:00","2026-04-16 11:56:40"
9185,46,"2026-04-04 00:00:00",319.25,0.00,"2026-04-04 00:00:00","2026-04-16 11:56:40"
9186,289,"2023-07-24 00:00:00",196.69,0.00,"2023-07-24 00:00:00","2026-04-16 11:56:40"
9187,249,"2024-11-11 00:00:00",309.58,0.00,"2024-11-11 00:00:00","2026-04-16 11:56:40"
9188,4,"2024-08-03 00:00:00",266.80,0.00,"2024-08-03 00:00:00","2026-04-16 11:56:40"
9189,253,"2024-07-26 00:00:00",167.45,0.00,"2024-07-26 00:00:00","2026-04-16 11:56:40"
9190,76,"2024-11-04 00:00:00",53.55,5.00,"2024-11-04 00:00:00","2026-04-16 11:56:40"
9191,64,"2025-07-25 00:00:00",71.05,5.00,"2025-07-25 00:00:00","2026-04-16 11:56:40"
9192,198,"2025-08-15 00:00:00",65.37,5.00,"2025-08-15 00:00:00","2026-04-16 11:56:40"
9193,31,"2023-03-22 00:00:00",47.37,10.00,"2023-03-22 00:00:00","2026-04-16 11:56:40"
9194,109,"2022-05-26 00:00:00",15.74,25.00,"2022-05-26 00:00:00","2026-04-16 11:56:40"
9195,14,"2024-10-02 00:00:00",378.63,0.00,"2024-10-02 00:00:00","2026-04-16 11:56:40"
9196,262,"2024-04-14 00:00:00",146.51,0.00,"2024-04-14 00:00:00","2026-04-16 11:56:40"
9197,29,"2026-04-12 00:00:00",242.85,0.00,"2026-04-12 00:00:00","2026-04-16 11:56:40"
9198,53,"2024-12-06 00:00:00",9.16,25.00,"2024-12-06 00:00:00","2026-04-16 11:56:40"
9199,205,"2022-04-08 00:00:00",236.41,0.00,"2022-04-08 00:00:00","2026-04-16 11:56:40"
9200,193,"2026-02-27 00:00:00",328.31,0.00,"2026-02-27 00:00:00","2026-04-16 11:56:40"
9201,182,"2023-10-28 00:00:00",8.56,25.00,"2023-10-28 00:00:00","2026-04-16 11:56:40"
9202,153,"2021-10-20 00:00:00",135.40,0.00,"2021-10-20 00:00:00","2026-04-16 11:56:40"
9203,173,"2026-01-16 00:00:00",16.08,25.00,"2026-01-16 00:00:00","2026-04-16 11:56:40"
9204,220,"2025-04-11 00:00:00",273.61,0.00,"2025-04-11 00:00:00","2026-04-16 11:56:40"
9205,296,"2025-12-28 00:00:00",326.67,0.00,"2025-12-28 00:00:00","2026-04-16 11:56:40"
9206,169,"2024-06-17 00:00:00",119.89,0.00,"2024-06-17 00:00:00","2026-04-16 11:56:40"
9207,158,"2026-03-18 00:00:00",11.16,25.00,"2026-03-18 00:00:00","2026-04-16 11:56:40"
9208,188,"2026-01-19 00:00:00",65.88,5.00,"2026-01-19 00:00:00","2026-04-16 11:56:40"
9209,244,"2025-08-29 00:00:00",76.01,0.00,"2025-08-29 00:00:00","2026-04-16 11:56:40"
9210,266,"2026-03-20 00:00:00",84.56,0.00,"2026-03-20 00:00:00","2026-04-16 11:56:40"
9211,274,"2023-01-06 00:00:00",183.83,0.00,"2023-01-06 00:00:00","2026-04-16 11:56:40"
9212,244,"2026-02-12 00:00:00",244.14,0.00,"2026-02-12 00:00:00","2026-04-16 11:56:40"
9213,203,"2025-12-14 00:00:00",97.72,0.00,"2025-12-14 00:00:00","2026-04-16 11:56:40"
9214,171,"2026-02-28 00:00:00",40.72,10.00,"2026-02-28 00:00:00","2026-04-16 11:56:40"
9215,293,"2025-01-10 00:00:00",179.24,0.00,"2025-01-10 00:00:00","2026-04-16 11:56:40"
9216,275,"2021-09-29 00:00:00",102.17,0.00,"2021-09-29 00:00:00","2026-04-16 11:56:40"
9217,115,"2024-06-17 00:00:00",221.96,0.00,"2024-06-17 00:00:00","2026-04-16 11:56:40"
9218,69,"2026-04-01 00:00:00",177.13,0.00,"2026-04-01 00:00:00","2026-04-16 11:56:40"
9219,29,"2025-06-28 00:00:00",60.12,5.00,"2025-06-28 00:00:00","2026-04-16 11:56:40"
9220,234,"2023-11-21 00:00:00",161.16,0.00,"2023-11-21 00:00:00","2026-04-16 11:56:40"
9221,148,"2025-07-29 00:00:00",159.43,0.00,"2025-07-29 00:00:00","2026-04-16 11:56:40"
9222,112,"2023-09-06 00:00:00",134.40,0.00,"2023-09-06 00:00:00","2026-04-16 11:56:40"
9223,150,"2025-12-19 00:00:00",116.60,0.00,"2025-12-19 00:00:00","2026-04-16 11:56:40"
9224,280,"2025-04-09 00:00:00",257.17,0.00,"2025-04-09 00:00:00","2026-04-16 11:56:40"
9225,179,"2023-11-06 00:00:00",249.93,0.00,"2023-11-06 00:00:00","2026-04-16 11:56:40"
9226,175,"2024-04-15 00:00:00",5.99,25.00,"2024-04-15 00:00:00","2026-04-16 11:56:40"
9227,202,"2025-10-19 00:00:00",203.40,0.00,"2025-10-19 00:00:00","2026-04-16 11:56:40"
9228,22,"2024-09-05 00:00:00",117.96,0.00,"2024-09-05 00:00:00","2026-04-16 11:56:40"
9229,199,"2023-10-25 00:00:00",226.13,0.00,"2023-10-25 00:00:00","2026-04-16 11:56:40"
9230,89,"2025-06-02 00:00:00",120.89,0.00,"2025-06-02 00:00:00","2026-04-16 11:56:40"
9231,27,"2025-02-05 00:00:00",123.07,0.00,"2025-02-05 00:00:00","2026-04-16 11:56:40"
9232,235,"2024-10-06 00:00:00",125.04,0.00,"2024-10-06 00:00:00","2026-04-16 11:56:40"
9233,84,"2023-12-06 00:00:00",90.16,0.00,"2023-12-06 00:00:00","2026-04-16 11:56:40"
9234,36,"2024-11-14 00:00:00",136.59,0.00,"2024-11-14 00:00:00","2026-04-16 11:56:40"
9235,277,"2026-01-23 00:00:00",53.92,5.00,"2026-01-23 00:00:00","2026-04-16 11:56:40"
9236,170,"2025-08-16 00:00:00",180.49,0.00,"2025-08-16 00:00:00","2026-04-16 11:56:40"
9237,34,"2025-12-21 00:00:00",124.29,0.00,"2025-12-21 00:00:00","2026-04-16 11:56:40"
9238,155,"2025-05-26 00:00:00",55.95,5.00,"2025-05-26 00:00:00","2026-04-16 11:56:40"
9239,272,"2024-08-29 00:00:00",23.97,25.00,"2024-08-29 00:00:00","2026-04-16 11:56:40"
9240,234,"2025-02-07 00:00:00",22.31,25.00,"2025-02-07 00:00:00","2026-04-16 11:56:40"
9241,92,"2026-03-29 00:00:00",113.74,0.00,"2026-03-29 00:00:00","2026-04-16 11:56:40"
9242,264,"2026-01-16 00:00:00",133.84,0.00,"2026-01-16 00:00:00","2026-04-16 11:56:40"
9243,299,"2024-10-27 00:00:00",147.68,0.00,"2024-10-27 00:00:00","2026-04-16 11:56:40"
9244,132,"2021-05-04 00:00:00",32.26,10.00,"2021-05-04 00:00:00","2026-04-16 11:56:40"
9245,168,"2026-01-26 00:00:00",43.03,10.00,"2026-01-26 00:00:00","2026-04-16 11:56:40"
9246,214,"2026-02-03 00:00:00",199.26,0.00,"2026-02-03 00:00:00","2026-04-16 11:56:40"
9247,211,"2025-04-12 00:00:00",167.87,0.00,"2025-04-12 00:00:00","2026-04-16 11:56:40"
9248,98,"2021-04-24 00:00:00",123.07,0.00,"2021-04-24 00:00:00","2026-04-16 11:56:40"
9249,221,"2025-09-05 00:00:00",222.08,0.00,"2025-09-05 00:00:00","2026-04-16 11:56:40"
9250,244,"2026-03-06 00:00:00",138.11,0.00,"2026-03-06 00:00:00","2026-04-16 11:56:40"
9251,215,"2023-07-04 00:00:00",66.47,5.00,"2023-07-04 00:00:00","2026-04-16 11:56:40"
9252,167,"2025-09-20 00:00:00",153.20,0.00,"2025-09-20 00:00:00","2026-04-16 11:56:40"
9253,104,"2024-04-28 00:00:00",185.61,0.00,"2024-04-28 00:00:00","2026-04-16 11:56:40"
9254,253,"2024-12-30 00:00:00",119.79,0.00,"2024-12-30 00:00:00","2026-04-16 11:56:40"
9255,10,"2024-03-11 00:00:00",74.06,5.00,"2024-03-11 00:00:00","2026-04-16 11:56:40"
9256,275,"2023-01-25 00:00:00",118.44,0.00,"2023-01-25 00:00:00","2026-04-16 11:56:40"
9257,242,"2023-02-18 00:00:00",33.65,10.00,"2023-02-18 00:00:00","2026-04-16 11:56:40"
9258,99,"2024-09-21 00:00:00",127.72,0.00,"2024-09-21 00:00:00","2026-04-16 11:56:40"
9259,134,"2024-10-31 00:00:00",204.32,0.00,"2024-10-31 00:00:00","2026-04-16 11:56:40"
9260,72,"2025-01-12 00:00:00",267.21,0.00,"2025-01-12 00:00:00","2026-04-16 11:56:40"
9261,121,"2022-09-07 00:00:00",66.61,5.00,"2022-09-07 00:00:00","2026-04-16 11:56:40"
9262,132,"2022-06-04 00:00:00",22.64,25.00,"2022-06-04 00:00:00","2026-04-16 11:56:40"
9263,139,"2025-02-19 00:00:00",68.18,5.00,"2025-02-19 00:00:00","2026-04-16 11:56:40"
9264,240,"2026-02-01 00:00:00",137.36,0.00,"2026-02-01 00:00:00","2026-04-16 11:56:40"
9265,209,"2024-01-30 00:00:00",121.09,0.00,"2024-01-30 00:00:00","2026-04-16 11:56:40"
9266,142,"2025-11-14 00:00:00",151.00,0.00,"2025-11-14 00:00:00","2026-04-16 11:56:40"
9267,246,"2024-02-13 00:00:00",85.60,0.00,"2024-02-13 00:00:00","2026-04-16 11:56:40"
9268,274,"2022-03-04 00:00:00",101.12,0.00,"2022-03-04 00:00:00","2026-04-16 11:56:40"
9269,279,"2024-02-16 00:00:00",182.37,0.00,"2024-02-16 00:00:00","2026-04-16 11:56:40"
9270,156,"2025-08-10 00:00:00",213.33,0.00,"2025-08-10 00:00:00","2026-04-16 11:56:40"
9271,248,"2026-01-04 00:00:00",203.93,0.00,"2026-01-04 00:00:00","2026-04-16 11:56:40"
9272,284,"2026-02-27 00:00:00",8.87,25.00,"2026-02-27 00:00:00","2026-04-16 11:56:40"
9273,48,"2026-01-11 00:00:00",68.36,5.00,"2026-01-11 00:00:00","2026-04-16 11:56:40"
9274,113,"2025-11-20 00:00:00",249.92,0.00,"2025-11-20 00:00:00","2026-04-16 11:56:40"
9275,202,"2025-03-05 00:00:00",162.06,0.00,"2025-03-05 00:00:00","2026-04-16 11:56:40"
9276,86,"2026-04-11 00:00:00",149.86,0.00,"2026-04-11 00:00:00","2026-04-16 11:56:40"
9277,29,"2025-05-03 00:00:00",64.06,5.00,"2025-05-03 00:00:00","2026-04-16 11:56:40"
9278,222,"2023-07-09 00:00:00",65.22,5.00,"2023-07-09 00:00:00","2026-04-16 11:56:40"
9279,237,"2026-03-14 00:00:00",134.45,0.00,"2026-03-14 00:00:00","2026-04-16 11:56:40"
9280,159,"2023-12-04 00:00:00",204.29,0.00,"2023-12-04 00:00:00","2026-04-16 11:56:40"
9281,239,"2022-04-04 00:00:00",20.12,25.00,"2022-04-04 00:00:00","2026-04-16 11:56:40"
9282,273,"2021-05-28 00:00:00",95.45,0.00,"2021-05-28 00:00:00","2026-04-16 11:56:40"
9283,246,"2022-03-24 00:00:00",75.26,0.00,"2022-03-24 00:00:00","2026-04-16 11:56:40"
9284,181,"2023-01-09 00:00:00",75.55,0.00,"2023-01-09 00:00:00","2026-04-16 11:56:40"
9285,36,"2023-07-21 00:00:00",130.31,0.00,"2023-07-21 00:00:00","2026-04-16 11:56:40"
9286,176,"2025-09-14 00:00:00",77.69,0.00,"2025-09-14 00:00:00","2026-04-16 11:56:40"
9287,42,"2025-07-15 00:00:00",66.96,5.00,"2025-07-15 00:00:00","2026-04-16 11:56:40"
9288,233,"2025-03-24 00:00:00",126.86,0.00,"2025-03-24 00:00:00","2026-04-16 11:56:40"
9289,294,"2023-12-11 00:00:00",126.56,0.00,"2023-12-11 00:00:00","2026-04-16 11:56:40"
9290,215,"2022-09-04 00:00:00",89.34,0.00,"2022-09-04 00:00:00","2026-04-16 11:56:40"
9291,167,"2024-04-21 00:00:00",188.69,0.00,"2024-04-21 00:00:00","2026-04-16 11:56:40"
9292,18,"2023-10-09 00:00:00",239.79,0.00,"2023-10-09 00:00:00","2026-04-16 11:56:40"
9293,93,"2023-12-09 00:00:00",185.35,0.00,"2023-12-09 00:00:00","2026-04-16 11:56:40"
9294,240,"2024-11-03 00:00:00",187.40,0.00,"2024-11-03 00:00:00","2026-04-16 11:56:40"
9295,187,"2022-09-02 00:00:00",32.38,10.00,"2022-09-02 00:00:00","2026-04-16 11:56:40"
9296,56,"2024-03-11 00:00:00",317.64,0.00,"2024-03-11 00:00:00","2026-04-16 11:56:40"
9297,61,"2023-02-28 00:00:00",73.17,5.00,"2023-02-28 00:00:00","2026-04-16 11:56:40"
9298,2,"2024-08-31 00:00:00",128.98,0.00,"2024-08-31 00:00:00","2026-04-16 11:56:40"
9299,284,"2022-10-11 00:00:00",70.30,5.00,"2022-10-11 00:00:00","2026-04-16 11:56:40"
9300,182,"2024-07-22 00:00:00",110.44,0.00,"2024-07-22 00:00:00","2026-04-16 11:56:40"
9301,93,"2025-07-24 00:00:00",139.65,0.00,"2025-07-24 00:00:00","2026-04-16 11:56:40"
9302,72,"2025-06-04 00:00:00",82.18,0.00,"2025-06-04 00:00:00","2026-04-16 11:56:40"
9303,81,"2024-01-20 00:00:00",36.74,10.00,"2024-01-20 00:00:00","2026-04-16 11:56:40"
9304,204,"2025-10-27 00:00:00",55.28,5.00,"2025-10-27 00:00:00","2026-04-16 11:56:40"
9305,157,"2022-01-23 00:00:00",36.18,10.00,"2022-01-23 00:00:00","2026-04-16 11:56:40"
9306,27,"2024-06-05 00:00:00",201.68,0.00,"2024-06-05 00:00:00","2026-04-16 11:56:40"
9307,234,"2026-03-29 00:00:00",54.36,5.00,"2026-03-29 00:00:00","2026-04-16 11:56:40"
9308,230,"2022-06-25 00:00:00",131.29,0.00,"2022-06-25 00:00:00","2026-04-16 11:56:40"
9309,283,"2021-09-25 00:00:00",89.46,0.00,"2021-09-25 00:00:00","2026-04-16 11:56:40"
9310,118,"2023-04-23 00:00:00",266.70,0.00,"2023-04-23 00:00:00","2026-04-16 11:56:40"
9311,31,"2023-09-08 00:00:00",34.98,10.00,"2023-09-08 00:00:00","2026-04-16 11:56:40"
9312,54,"2025-10-01 00:00:00",169.35,0.00,"2025-10-01 00:00:00","2026-04-16 11:56:40"
9313,104,"2023-05-04 00:00:00",50.51,5.00,"2023-05-04 00:00:00","2026-04-16 11:56:40"
9314,243,"2025-06-30 00:00:00",32.68,10.00,"2025-06-30 00:00:00","2026-04-16 11:56:40"
9315,35,"2025-11-29 00:00:00",389.08,0.00,"2025-11-29 00:00:00","2026-04-16 11:56:40"
9316,249,"2025-05-13 00:00:00",37.42,10.00,"2025-05-13 00:00:00","2026-04-16 11:56:40"
9317,192,"2023-01-08 00:00:00",131.85,0.00,"2023-01-08 00:00:00","2026-04-16 11:56:40"
9318,197,"2025-11-14 00:00:00",192.51,0.00,"2025-11-14 00:00:00","2026-04-16 11:56:40"
9319,176,"2026-03-30 00:00:00",187.51,0.00,"2026-03-30 00:00:00","2026-04-16 11:56:40"
9320,112,"2023-12-09 00:00:00",239.68,0.00,"2023-12-09 00:00:00","2026-04-16 11:56:40"
9321,296,"2025-09-09 00:00:00",131.66,0.00,"2025-09-09 00:00:00","2026-04-16 11:56:40"
9322,6,"2022-05-01 00:00:00",59.65,5.00,"2022-05-01 00:00:00","2026-04-16 11:56:40"
9323,247,"2022-12-18 00:00:00",123.41,0.00,"2022-12-18 00:00:00","2026-04-16 11:56:40"
9324,157,"2021-11-21 00:00:00",404.48,0.00,"2021-11-21 00:00:00","2026-04-16 11:56:40"
9325,210,"2024-09-18 00:00:00",146.28,0.00,"2024-09-18 00:00:00","2026-04-16 11:56:40"
9326,113,"2025-09-18 00:00:00",246.97,0.00,"2025-09-18 00:00:00","2026-04-16 11:56:40"
9327,98,"2021-09-24 00:00:00",74.53,5.00,"2021-09-24 00:00:00","2026-04-16 11:56:40"
9328,156,"2025-09-24 00:00:00",313.26,0.00,"2025-09-24 00:00:00","2026-04-16 11:56:40"
9329,43,"2020-01-21 00:00:00",47.99,10.00,"2020-01-21 00:00:00","2026-04-16 11:56:40"
9330,188,"2026-02-14 00:00:00",70.96,5.00,"2026-02-14 00:00:00","2026-04-16 11:56:40"
9331,99,"2024-11-29 00:00:00",183.26,0.00,"2024-11-29 00:00:00","2026-04-16 11:56:40"
9332,173,"2025-10-14 00:00:00",115.83,0.00,"2025-10-14 00:00:00","2026-04-16 11:56:40"
9333,54,"2025-07-10 00:00:00",169.09,0.00,"2025-07-10 00:00:00","2026-04-16 11:56:40"
9334,177,"2024-04-15 00:00:00",313.24,0.00,"2024-04-15 00:00:00","2026-04-16 11:56:40"
9335,252,"2025-11-30 00:00:00",230.40,0.00,"2025-11-30 00:00:00","2026-04-16 11:56:40"
9336,151,"2023-12-04 00:00:00",250.07,0.00,"2023-12-04 00:00:00","2026-04-16 11:56:40"
9337,176,"2025-05-24 00:00:00",195.30,0.00,"2025-05-24 00:00:00","2026-04-16 11:56:40"
9338,248,"2021-11-01 00:00:00",9.12,25.00,"2021-11-01 00:00:00","2026-04-16 11:56:40"
9339,4,"2025-08-05 00:00:00",176.51,0.00,"2025-08-05 00:00:00","2026-04-16 11:56:40"
9340,279,"2026-01-15 00:00:00",137.18,0.00,"2026-01-15 00:00:00","2026-04-16 11:56:40"
9341,283,"2021-02-17 00:00:00",157.64,0.00,"2021-02-17 00:00:00","2026-04-16 11:56:40"
9342,104,"2026-02-14 00:00:00",35.66,10.00,"2026-02-14 00:00:00","2026-04-16 11:56:40"
9343,275,"2023-03-31 00:00:00",31.42,10.00,"2023-03-31 00:00:00","2026-04-16 11:56:40"
9344,177,"2025-10-17 00:00:00",130.75,0.00,"2025-10-17 00:00:00","2026-04-16 11:56:40"
9345,56,"2026-04-04 00:00:00",93.48,0.00,"2026-04-04 00:00:00","2026-04-16 11:56:40"
9346,175,"2023-06-08 00:00:00",36.30,10.00,"2023-06-08 00:00:00","2026-04-16 11:56:40"
9347,187,"2022-10-16 00:00:00",37.92,10.00,"2022-10-16 00:00:00","2026-04-16 11:56:40"
9348,292,"2026-02-25 00:00:00",169.46,0.00,"2026-02-25 00:00:00","2026-04-16 11:56:40"
9349,215,"2024-01-18 00:00:00",441.25,0.00,"2024-01-18 00:00:00","2026-04-16 11:56:40"
9350,182,"2021-08-09 00:00:00",207.20,0.00,"2021-08-09 00:00:00","2026-04-16 11:56:40"
9351,81,"2021-10-21 00:00:00",207.91,0.00,"2021-10-21 00:00:00","2026-04-16 11:56:40"
9352,203,"2025-03-15 00:00:00",125.65,0.00,"2025-03-15 00:00:00","2026-04-16 11:56:40"
9353,22,"2024-05-21 00:00:00",222.44,0.00,"2024-05-21 00:00:00","2026-04-16 11:56:40"
9354,213,"2024-06-13 00:00:00",167.08,0.00,"2024-06-13 00:00:00","2026-04-16 11:56:40"
9355,25,"2024-10-03 00:00:00",72.82,5.00,"2024-10-03 00:00:00","2026-04-16 11:56:40"
9356,300,"2025-09-01 00:00:00",94.42,0.00,"2025-09-01 00:00:00","2026-04-16 11:56:40"
9357,75,"2026-01-05 00:00:00",291.89,0.00,"2026-01-05 00:00:00","2026-04-16 11:56:40"
9358,119,"2026-01-28 00:00:00",101.93,0.00,"2026-01-28 00:00:00","2026-04-16 11:56:40"
9359,265,"2025-10-28 00:00:00",277.56,0.00,"2025-10-28 00:00:00","2026-04-16 11:56:40"
9360,245,"2025-10-08 00:00:00",128.75,0.00,"2025-10-08 00:00:00","2026-04-16 11:56:40"
9361,118,"2023-01-29 00:00:00",267.83,0.00,"2023-01-29 00:00:00","2026-04-16 11:56:40"
9362,14,"2024-04-05 00:00:00",32.25,10.00,"2024-04-05 00:00:00","2026-04-16 11:56:40"
9363,247,"2025-07-12 00:00:00",8.77,25.00,"2025-07-12 00:00:00","2026-04-16 11:56:40"
9364,238,"2020-07-18 00:00:00",75.84,0.00,"2020-07-18 00:00:00","2026-04-16 11:56:40"
9365,31,"2022-05-17 00:00:00",28.80,10.00,"2022-05-17 00:00:00","2026-04-16 11:56:40"
9366,83,"2026-02-15 00:00:00",181.34,0.00,"2026-02-15 00:00:00","2026-04-16 11:56:40"
9367,187,"2022-09-15 00:00:00",126.34,0.00,"2022-09-15 00:00:00","2026-04-16 11:56:40"
9368,156,"2023-12-22 00:00:00",96.51,0.00,"2023-12-22 00:00:00","2026-04-16 11:56:40"
9369,228,"2025-03-01 00:00:00",14.61,25.00,"2025-03-01 00:00:00","2026-04-16 11:56:40"
9370,223,"2025-04-20 00:00:00",257.05,0.00,"2025-04-20 00:00:00","2026-04-16 11:56:40"
9371,66,"2024-04-17 00:00:00",21.81,25.00,"2024-04-17 00:00:00","2026-04-16 11:56:40"
9372,215,"2025-06-28 00:00:00",21.16,25.00,"2025-06-28 00:00:00","2026-04-16 11:56:40"
9373,132,"2021-11-01 00:00:00",110.78,0.00,"2021-11-01 00:00:00","2026-04-16 11:56:40"
9374,274,"2022-05-30 00:00:00",38.07,10.00,"2022-05-30 00:00:00","2026-04-16 11:56:40"
9375,39,"2021-05-10 00:00:00",31.50,10.00,"2021-05-10 00:00:00","2026-04-16 11:56:40"
9376,232,"2025-10-05 00:00:00",212.98,0.00,"2025-10-05 00:00:00","2026-04-16 11:56:40"
9377,294,"2024-07-21 00:00:00",117.35,0.00,"2024-07-21 00:00:00","2026-04-16 11:56:40"
9378,171,"2023-01-23 00:00:00",89.75,0.00,"2023-01-23 00:00:00","2026-04-16 11:56:40"
9379,120,"2025-10-09 00:00:00",279.17,0.00,"2025-10-09 00:00:00","2026-04-16 11:56:40"
9380,74,"2024-02-28 00:00:00",18.16,25.00,"2024-02-28 00:00:00","2026-04-16 11:56:40"
9381,118,"2021-09-08 00:00:00",110.97,0.00,"2021-09-08 00:00:00","2026-04-16 11:56:40"
9382,166,"2024-06-28 00:00:00",281.95,0.00,"2024-06-28 00:00:00","2026-04-16 11:56:40"
9383,52,"2025-12-26 00:00:00",269.00,0.00,"2025-12-26 00:00:00","2026-04-16 11:56:40"
9384,192,"2024-03-09 00:00:00",217.41,0.00,"2024-03-09 00:00:00","2026-04-16 11:56:40"
9385,73,"2020-11-26 00:00:00",168.93,0.00,"2020-11-26 00:00:00","2026-04-16 11:56:40"
9386,70,"2025-10-16 00:00:00",188.20,0.00,"2025-10-16 00:00:00","2026-04-16 11:56:40"
9387,158,"2025-07-10 00:00:00",214.53,0.00,"2025-07-10 00:00:00","2026-04-16 11:56:40"
9388,249,"2025-03-30 00:00:00",348.83,0.00,"2025-03-30 00:00:00","2026-04-16 11:56:40"
9389,99,"2025-10-06 00:00:00",153.78,0.00,"2025-10-06 00:00:00","2026-04-16 11:56:40"
9390,74,"2022-06-19 00:00:00",263.14,0.00,"2022-06-19 00:00:00","2026-04-16 11:56:40"
9391,92,"2024-12-25 00:00:00",411.59,0.00,"2024-12-25 00:00:00","2026-04-16 11:56:40"
9392,55,"2023-05-07 00:00:00",45.20,10.00,"2023-05-07 00:00:00","2026-04-16 11:56:40"
9393,146,"2026-01-26 00:00:00",167.98,0.00,"2026-01-26 00:00:00","2026-04-16 11:56:40"
9394,164,"2024-09-27 00:00:00",147.91,0.00,"2024-09-27 00:00:00","2026-04-16 11:56:40"
9395,209,"2026-02-01 00:00:00",125.39,0.00,"2026-02-01 00:00:00","2026-04-16 11:56:40"
9396,56,"2023-01-01 00:00:00",5.66,25.00,"2023-01-01 00:00:00","2026-04-16 11:56:40"
9397,178,"2024-06-10 00:00:00",261.78,0.00,"2024-06-10 00:00:00","2026-04-16 11:56:40"
9398,34,"2026-03-30 00:00:00",175.06,0.00,"2026-03-30 00:00:00","2026-04-16 11:56:40"
9399,101,"2023-07-23 00:00:00",193.51,0.00,"2023-07-23 00:00:00","2026-04-16 11:56:40"
9400,152,"2025-01-26 00:00:00",53.98,5.00,"2025-01-26 00:00:00","2026-04-16 11:56:40"
9401,256,"2021-10-03 00:00:00",138.89,0.00,"2021-10-03 00:00:00","2026-04-16 11:56:40"
9402,158,"2024-12-27 00:00:00",130.44,0.00,"2024-12-27 00:00:00","2026-04-16 11:56:40"
9403,82,"2024-11-10 00:00:00",18.75,25.00,"2024-11-10 00:00:00","2026-04-16 11:56:40"
9404,163,"2025-09-14 00:00:00",50.44,5.00,"2025-09-14 00:00:00","2026-04-16 11:56:40"
9405,296,"2024-09-10 00:00:00",93.14,0.00,"2024-09-10 00:00:00","2026-04-16 11:56:40"
9406,163,"2026-04-08 00:00:00",179.96,0.00,"2026-04-08 00:00:00","2026-04-16 11:56:40"
9407,43,"2019-06-26 00:00:00",150.77,0.00,"2019-06-26 00:00:00","2026-04-16 11:56:40"
9408,63,"2025-01-02 00:00:00",51.43,5.00,"2025-01-02 00:00:00","2026-04-16 11:56:40"
9409,171,"2026-03-08 00:00:00",28.12,10.00,"2026-03-08 00:00:00","2026-04-16 11:56:40"
9410,282,"2025-06-24 00:00:00",16.17,25.00,"2025-06-24 00:00:00","2026-04-16 11:56:40"
9411,21,"2023-12-13 00:00:00",18.21,25.00,"2023-12-13 00:00:00","2026-04-16 11:56:40"
9412,228,"2025-01-22 00:00:00",124.57,0.00,"2025-01-22 00:00:00","2026-04-16 11:56:40"
9413,258,"2024-02-14 00:00:00",36.48,10.00,"2024-02-14 00:00:00","2026-04-16 11:56:40"
9414,157,"2021-04-08 00:00:00",61.98,5.00,"2021-04-08 00:00:00","2026-04-16 11:56:40"
9415,125,"2024-06-16 00:00:00",51.20,5.00,"2024-06-16 00:00:00","2026-04-16 11:56:40"
9416,287,"2022-10-01 00:00:00",74.72,5.00,"2022-10-01 00:00:00","2026-04-16 11:56:40"
9417,192,"2024-08-06 00:00:00",139.78,0.00,"2024-08-06 00:00:00","2026-04-16 11:56:40"
9418,257,"2026-03-03 00:00:00",181.39,0.00,"2026-03-03 00:00:00","2026-04-16 11:56:40"
9419,66,"2025-06-21 00:00:00",195.98,0.00,"2025-06-21 00:00:00","2026-04-16 11:56:40"
9420,87,"2026-02-14 00:00:00",84.27,0.00,"2026-02-14 00:00:00","2026-04-16 11:56:40"
9421,290,"2020-11-30 00:00:00",212.65,0.00,"2020-11-30 00:00:00","2026-04-16 11:56:40"
9422,242,"2023-04-13 00:00:00",15.09,25.00,"2023-04-13 00:00:00","2026-04-16 11:56:40"
9423,199,"2023-07-18 00:00:00",207.50,0.00,"2023-07-18 00:00:00","2026-04-16 11:56:40"
9424,234,"2023-09-22 00:00:00",195.29,0.00,"2023-09-22 00:00:00","2026-04-16 11:56:40"
9425,191,"2026-03-04 00:00:00",80.75,0.00,"2026-03-04 00:00:00","2026-04-16 11:56:40"
9426,133,"2023-08-08 00:00:00",75.33,0.00,"2023-08-08 00:00:00","2026-04-16 11:56:40"
9427,93,"2025-08-01 00:00:00",90.64,0.00,"2025-08-01 00:00:00","2026-04-16 11:56:40"
9428,275,"2023-05-01 00:00:00",265.51,0.00,"2023-05-01 00:00:00","2026-04-16 11:56:40"
9429,80,"2024-06-27 00:00:00",87.14,0.00,"2024-06-27 00:00:00","2026-04-16 11:56:40"
9430,241,"2025-04-25 00:00:00",9.36,25.00,"2025-04-25 00:00:00","2026-04-16 11:56:40"
9431,149,"2026-02-15 00:00:00",183.78,0.00,"2026-02-15 00:00:00","2026-04-16 11:56:40"
9432,200,"2026-02-09 00:00:00",65.49,5.00,"2026-02-09 00:00:00","2026-04-16 11:56:40"
9433,15,"2022-06-16 00:00:00",141.23,0.00,"2022-06-16 00:00:00","2026-04-16 11:56:40"
9434,217,"2023-06-08 00:00:00",268.45,0.00,"2023-06-08 00:00:00","2026-04-16 11:56:40"
9435,219,"2021-06-29 00:00:00",141.72,0.00,"2021-06-29 00:00:00","2026-04-16 11:56:40"
9436,17,"2024-04-30 00:00:00",90.57,0.00,"2024-04-30 00:00:00","2026-04-16 11:56:40"
9437,18,"2023-02-07 00:00:00",197.11,0.00,"2023-02-07 00:00:00","2026-04-16 11:56:40"
9438,220,"2024-03-24 00:00:00",144.34,0.00,"2024-03-24 00:00:00","2026-04-16 11:56:40"
9439,124,"2025-10-22 00:00:00",89.85,0.00,"2025-10-22 00:00:00","2026-04-16 11:56:40"
9440,148,"2024-05-07 00:00:00",274.68,0.00,"2024-05-07 00:00:00","2026-04-16 11:56:40"
9441,299,"2025-02-24 00:00:00",272.95,0.00,"2025-02-24 00:00:00","2026-04-16 11:56:40"
9442,25,"2024-02-10 00:00:00",60.14,5.00,"2024-02-10 00:00:00","2026-04-16 11:56:40"
9443,231,"2025-11-08 00:00:00",181.98,0.00,"2025-11-08 00:00:00","2026-04-16 11:56:40"
9444,214,"2025-11-22 00:00:00",28.41,10.00,"2025-11-22 00:00:00","2026-04-16 11:56:40"
9445,160,"2024-04-11 00:00:00",86.45,0.00,"2024-04-11 00:00:00","2026-04-16 11:56:40"
9446,240,"2026-03-10 00:00:00",180.89,0.00,"2026-03-10 00:00:00","2026-04-16 11:56:40"
9447,46,"2025-12-19 00:00:00",129.47,0.00,"2025-12-19 00:00:00","2026-04-16 11:56:40"
9448,138,"2021-05-17 00:00:00",34.40,10.00,"2021-05-17 00:00:00","2026-04-16 11:56:40"
9449,231,"2024-11-25 00:00:00",136.29,0.00,"2024-11-25 00:00:00","2026-04-16 11:56:40"
9450,251,"2026-03-14 00:00:00",119.08,0.00,"2026-03-14 00:00:00","2026-04-16 11:56:40"
9451,99,"2025-09-14 00:00:00",150.96,0.00,"2025-09-14 00:00:00","2026-04-16 11:56:40"
9452,160,"2024-04-16 00:00:00",38.89,10.00,"2024-04-16 00:00:00","2026-04-16 11:56:40"
9453,20,"2020-12-26 00:00:00",212.33,0.00,"2020-12-26 00:00:00","2026-04-16 11:56:40"
9454,130,"2025-02-24 00:00:00",99.94,0.00,"2025-02-24 00:00:00","2026-04-16 11:56:40"
9455,122,"2026-02-10 00:00:00",19.80,25.00,"2026-02-10 00:00:00","2026-04-16 11:56:40"
9456,5,"2025-03-12 00:00:00",17.52,25.00,"2025-03-12 00:00:00","2026-04-16 11:56:40"
9457,168,"2025-02-02 00:00:00",71.62,5.00,"2025-02-02 00:00:00","2026-04-16 11:56:40"
9458,11,"2025-06-10 00:00:00",33.00,10.00,"2025-06-10 00:00:00","2026-04-16 11:56:40"
9459,66,"2025-04-05 00:00:00",272.88,0.00,"2025-04-05 00:00:00","2026-04-16 11:56:40"
9460,5,"2025-11-09 00:00:00",190.83,0.00,"2025-11-09 00:00:00","2026-04-16 11:56:40"
9461,85,"2026-01-31 00:00:00",186.57,0.00,"2026-01-31 00:00:00","2026-04-16 11:56:40"
9462,21,"2025-09-26 00:00:00",72.64,5.00,"2025-09-26 00:00:00","2026-04-16 11:56:40"
9463,295,"2025-11-24 00:00:00",82.60,0.00,"2025-11-24 00:00:00","2026-04-16 11:56:40"
9464,210,"2026-04-01 00:00:00",82.61,0.00,"2026-04-01 00:00:00","2026-04-16 11:56:40"
9465,133,"2026-01-15 00:00:00",191.83,0.00,"2026-01-15 00:00:00","2026-04-16 11:56:40"
9466,288,"2024-01-16 00:00:00",398.02,0.00,"2024-01-16 00:00:00","2026-04-16 11:56:40"
9467,286,"2022-11-04 00:00:00",59.78,5.00,"2022-11-04 00:00:00","2026-04-16 11:56:40"
9468,119,"2026-02-03 00:00:00",71.89,5.00,"2026-02-03 00:00:00","2026-04-16 11:56:40"
9469,174,"2025-10-07 00:00:00",62.05,5.00,"2025-10-07 00:00:00","2026-04-16 11:56:40"
9470,250,"2022-11-15 00:00:00",25.74,10.00,"2022-11-15 00:00:00","2026-04-16 11:56:40"
9471,221,"2025-01-04 00:00:00",117.92,0.00,"2025-01-04 00:00:00","2026-04-16 11:56:40"
9472,288,"2025-11-10 00:00:00",297.82,0.00,"2025-11-10 00:00:00","2026-04-16 11:56:40"
9473,213,"2025-09-17 00:00:00",91.69,0.00,"2025-09-17 00:00:00","2026-04-16 11:56:40"
9474,173,"2025-11-13 00:00:00",90.35,0.00,"2025-11-13 00:00:00","2026-04-16 11:56:40"
9475,37,"2024-09-02 00:00:00",136.46,0.00,"2024-09-02 00:00:00","2026-04-16 11:56:40"
9476,251,"2026-04-06 00:00:00",96.21,0.00,"2026-04-06 00:00:00","2026-04-16 11:56:40"
9477,15,"2025-02-15 00:00:00",72.59,5.00,"2025-02-15 00:00:00","2026-04-16 11:56:40"
9478,228,"2025-11-20 00:00:00",64.72,5.00,"2025-11-20 00:00:00","2026-04-16 11:56:40"
9479,219,"2022-09-27 00:00:00",123.07,0.00,"2022-09-27 00:00:00","2026-04-16 11:56:40"
9480,185,"2025-04-02 00:00:00",219.83,0.00,"2025-04-02 00:00:00","2026-04-16 11:56:40"
9481,299,"2025-08-19 00:00:00",209.02,0.00,"2025-08-19 00:00:00","2026-04-16 11:56:40"
9482,198,"2026-04-06 00:00:00",110.56,0.00,"2026-04-06 00:00:00","2026-04-16 11:56:40"
9483,260,"2021-10-15 00:00:00",107.53,0.00,"2021-10-15 00:00:00","2026-04-16 11:56:40"
9484,175,"2022-05-22 00:00:00",201.26,0.00,"2022-05-22 00:00:00","2026-04-16 11:56:40"
9485,232,"2026-02-27 00:00:00",85.88,0.00,"2026-02-27 00:00:00","2026-04-16 11:56:40"
9486,85,"2025-09-16 00:00:00",106.73,0.00,"2025-09-16 00:00:00","2026-04-16 11:56:40"
9487,49,"2021-11-01 00:00:00",230.58,0.00,"2021-11-01 00:00:00","2026-04-16 11:56:40"
9488,58,"2023-04-15 00:00:00",107.30,0.00,"2023-04-15 00:00:00","2026-04-16 11:56:40"
9489,74,"2023-11-17 00:00:00",93.09,0.00,"2023-11-17 00:00:00","2026-04-16 11:56:40"
9490,254,"2025-12-01 00:00:00",137.45,0.00,"2025-12-01 00:00:00","2026-04-16 11:56:40"
9491,116,"2026-03-20 00:00:00",232.52,0.00,"2026-03-20 00:00:00","2026-04-16 11:56:40"
9492,4,"2024-08-31 00:00:00",121.77,0.00,"2024-08-31 00:00:00","2026-04-16 11:56:40"
9493,101,"2022-09-24 00:00:00",26.80,10.00,"2022-09-24 00:00:00","2026-04-16 11:56:40"
9494,176,"2026-02-06 00:00:00",334.86,0.00,"2026-02-06 00:00:00","2026-04-16 11:56:40"
9495,111,"2023-02-14 00:00:00",39.80,10.00,"2023-02-14 00:00:00","2026-04-16 11:56:40"
9496,142,"2025-03-30 00:00:00",94.85,0.00,"2025-03-30 00:00:00","2026-04-16 11:56:40"
9497,113,"2026-02-22 00:00:00",115.32,0.00,"2026-02-22 00:00:00","2026-04-16 11:56:40"
9498,241,"2024-09-09 00:00:00",86.36,0.00,"2024-09-09 00:00:00","2026-04-16 11:56:40"
9499,281,"2026-03-07 00:00:00",191.59,0.00,"2026-03-07 00:00:00","2026-04-16 11:56:40"
9500,104,"2022-06-15 00:00:00",103.61,0.00,"2022-06-15 00:00:00","2026-04-16 11:56:40"
9501,51,"2025-08-13 00:00:00",117.32,0.00,"2025-08-13 00:00:00","2026-04-16 11:56:40"
9502,264,"2024-04-25 00:00:00",160.92,0.00,"2024-04-25 00:00:00","2026-04-16 11:56:40"
9503,16,"2026-04-11 00:00:00",235.76,0.00,"2026-04-11 00:00:00","2026-04-16 11:56:40"
9504,298,"2025-12-29 00:00:00",85.62,0.00,"2025-12-29 00:00:00","2026-04-16 11:56:40"
9505,153,"2021-10-20 00:00:00",140.58,0.00,"2021-10-20 00:00:00","2026-04-16 11:56:40"
9506,272,"2024-04-29 00:00:00",166.13,0.00,"2024-04-29 00:00:00","2026-04-16 11:56:40"
9507,70,"2025-11-01 00:00:00",179.14,0.00,"2025-11-01 00:00:00","2026-04-16 11:56:40"
9508,192,"2023-03-31 00:00:00",123.23,0.00,"2023-03-31 00:00:00","2026-04-16 11:56:40"
9509,122,"2026-02-07 00:00:00",6.72,25.00,"2026-02-07 00:00:00","2026-04-16 11:56:40"
9510,96,"2024-12-17 00:00:00",173.79,0.00,"2024-12-17 00:00:00","2026-04-16 11:56:40"
9511,109,"2024-03-03 00:00:00",117.46,0.00,"2024-03-03 00:00:00","2026-04-16 11:56:40"
9512,88,"2026-04-14 00:00:00",63.96,5.00,"2026-04-14 00:00:00","2026-04-16 11:56:40"
9513,170,"2025-10-19 00:00:00",150.36,0.00,"2025-10-19 00:00:00","2026-04-16 11:56:40"
9514,125,"2025-12-04 00:00:00",106.81,0.00,"2025-12-04 00:00:00","2026-04-16 11:56:40"
9515,189,"2025-05-26 00:00:00",393.40,0.00,"2025-05-26 00:00:00","2026-04-16 11:56:40"
9516,203,"2023-10-06 00:00:00",3.11,25.00,"2023-10-06 00:00:00","2026-04-16 11:56:40"
9517,107,"2024-10-05 00:00:00",147.97,0.00,"2024-10-05 00:00:00","2026-04-16 11:56:40"
9518,43,"2024-12-10 00:00:00",125.39,0.00,"2024-12-10 00:00:00","2026-04-16 11:56:40"
9519,222,"2022-07-06 00:00:00",173.93,0.00,"2022-07-06 00:00:00","2026-04-16 11:56:40"
9520,196,"2025-12-07 00:00:00",124.38,0.00,"2025-12-07 00:00:00","2026-04-16 11:56:40"
9521,233,"2025-06-21 00:00:00",188.51,0.00,"2025-06-21 00:00:00","2026-04-16 11:56:40"
9522,99,"2026-02-20 00:00:00",54.73,5.00,"2026-02-20 00:00:00","2026-04-16 11:56:40"
9523,260,"2021-11-09 00:00:00",103.50,0.00,"2021-11-09 00:00:00","2026-04-16 11:56:40"
9524,275,"2022-06-17 00:00:00",78.66,0.00,"2022-06-17 00:00:00","2026-04-16 11:56:40"
9525,279,"2025-10-19 00:00:00",259.05,0.00,"2025-10-19 00:00:00","2026-04-16 11:56:40"
9526,266,"2026-02-24 00:00:00",186.93,0.00,"2026-02-24 00:00:00","2026-04-16 11:56:40"
9527,225,"2025-12-30 00:00:00",153.38,0.00,"2025-12-30 00:00:00","2026-04-16 11:56:40"
9528,12,"2022-08-28 00:00:00",33.11,10.00,"2022-08-28 00:00:00","2026-04-16 11:56:40"
9529,67,"2023-03-23 00:00:00",127.90,0.00,"2023-03-23 00:00:00","2026-04-16 11:56:40"
9530,54,"2025-12-25 00:00:00",400.67,0.00,"2025-12-25 00:00:00","2026-04-16 11:56:40"
9531,289,"2023-09-09 00:00:00",109.00,0.00,"2023-09-09 00:00:00","2026-04-16 11:56:40"
9532,218,"2022-06-24 00:00:00",44.76,10.00,"2022-06-24 00:00:00","2026-04-16 11:56:40"
9533,231,"2024-10-27 00:00:00",19.05,25.00,"2024-10-27 00:00:00","2026-04-16 11:56:40"
9534,192,"2023-01-09 00:00:00",179.10,0.00,"2023-01-09 00:00:00","2026-04-16 11:56:40"
9535,180,"2024-12-04 00:00:00",326.17,0.00,"2024-12-04 00:00:00","2026-04-16 11:56:40"
9536,91,"2026-01-17 00:00:00",44.75,10.00,"2026-01-17 00:00:00","2026-04-16 11:56:40"
9537,176,"2025-08-18 00:00:00",22.90,25.00,"2025-08-18 00:00:00","2026-04-16 11:56:40"
9538,39,"2022-01-28 00:00:00",229.61,0.00,"2022-01-28 00:00:00","2026-04-16 11:56:40"
9539,279,"2023-04-13 00:00:00",78.88,0.00,"2023-04-13 00:00:00","2026-04-16 11:56:40"
9540,154,"2026-02-11 00:00:00",126.24,0.00,"2026-02-11 00:00:00","2026-04-16 11:56:40"
9541,191,"2026-03-02 00:00:00",183.52,0.00,"2026-03-02 00:00:00","2026-04-16 11:56:40"
9542,171,"2024-08-13 00:00:00",27.41,10.00,"2024-08-13 00:00:00","2026-04-16 11:56:40"
9543,127,"2026-01-25 00:00:00",202.36,0.00,"2026-01-25 00:00:00","2026-04-16 11:56:40"
9544,3,"2024-04-08 00:00:00",33.50,10.00,"2024-04-08 00:00:00","2026-04-16 11:56:40"
9545,151,"2023-11-16 00:00:00",27.40,10.00,"2023-11-16 00:00:00","2026-04-16 11:56:40"
9546,132,"2021-05-06 00:00:00",86.65,0.00,"2021-05-06 00:00:00","2026-04-16 11:56:40"
9547,208,"2025-08-02 00:00:00",163.46,0.00,"2025-08-02 00:00:00","2026-04-16 11:56:40"
9548,226,"2025-07-23 00:00:00",93.01,0.00,"2025-07-23 00:00:00","2026-04-16 11:56:40"
9549,25,"2025-02-03 00:00:00",210.15,0.00,"2025-02-03 00:00:00","2026-04-16 11:56:40"
9550,288,"2023-03-31 00:00:00",285.62,0.00,"2023-03-31 00:00:00","2026-04-16 11:56:40"
9551,200,"2025-06-21 00:00:00",198.43,0.00,"2025-06-21 00:00:00","2026-04-16 11:56:40"
9552,115,"2024-09-24 00:00:00",114.78,0.00,"2024-09-24 00:00:00","2026-04-16 11:56:40"
9553,65,"2025-10-03 00:00:00",86.87,0.00,"2025-10-03 00:00:00","2026-04-16 11:56:40"
9554,46,"2026-01-19 00:00:00",201.78,0.00,"2026-01-19 00:00:00","2026-04-16 11:56:40"
9555,85,"2025-10-27 00:00:00",321.46,0.00,"2025-10-27 00:00:00","2026-04-16 11:56:40"
9556,159,"2025-11-05 00:00:00",182.71,0.00,"2025-11-05 00:00:00","2026-04-16 11:56:40"
9557,173,"2026-01-05 00:00:00",30.78,10.00,"2026-01-05 00:00:00","2026-04-16 11:56:40"
9558,221,"2024-05-15 00:00:00",165.56,0.00,"2024-05-15 00:00:00","2026-04-16 11:56:40"
9559,257,"2026-03-16 00:00:00",142.25,0.00,"2026-03-16 00:00:00","2026-04-16 11:56:40"
9560,162,"2023-07-17 00:00:00",202.47,0.00,"2023-07-17 00:00:00","2026-04-16 11:56:40"
9561,168,"2025-01-25 00:00:00",13.86,25.00,"2025-01-25 00:00:00","2026-04-16 11:56:40"
9562,162,"2023-06-02 00:00:00",12.12,25.00,"2023-06-02 00:00:00","2026-04-16 11:56:40"
9563,21,"2024-12-30 00:00:00",92.40,0.00,"2024-12-30 00:00:00","2026-04-16 11:56:40"
9564,137,"2026-04-13 00:00:00",53.16,5.00,"2026-04-13 00:00:00","2026-04-16 11:56:40"
9565,133,"2025-08-10 00:00:00",167.88,0.00,"2025-08-10 00:00:00","2026-04-16 11:56:40"
9566,139,"2023-10-01 00:00:00",286.26,0.00,"2023-10-01 00:00:00","2026-04-16 11:56:40"
9567,218,"2024-05-16 00:00:00",115.34,0.00,"2024-05-16 00:00:00","2026-04-16 11:56:40"
9568,177,"2024-01-01 00:00:00",125.22,0.00,"2024-01-01 00:00:00","2026-04-16 11:56:40"
9569,115,"2024-09-24 00:00:00",194.69,0.00,"2024-09-24 00:00:00","2026-04-16 11:56:40"
9570,147,"2023-02-19 00:00:00",143.19,0.00,"2023-02-19 00:00:00","2026-04-16 11:56:40"
9571,252,"2025-03-31 00:00:00",36.88,10.00,"2025-03-31 00:00:00","2026-04-16 11:56:40"
9572,164,"2025-05-27 00:00:00",77.58,0.00,"2025-05-27 00:00:00","2026-04-16 11:56:40"
9573,92,"2025-09-29 00:00:00",174.46,0.00,"2025-09-29 00:00:00","2026-04-16 11:56:40"
9574,197,"2024-12-10 00:00:00",340.68,0.00,"2024-12-10 00:00:00","2026-04-16 11:56:40"
9575,253,"2024-10-28 00:00:00",213.93,0.00,"2024-10-28 00:00:00","2026-04-16 11:56:40"
9576,165,"2025-01-08 00:00:00",288.06,0.00,"2025-01-08 00:00:00","2026-04-16 11:56:40"
9577,250,"2022-12-23 00:00:00",40.59,10.00,"2022-12-23 00:00:00","2026-04-16 11:56:40"
9578,4,"2024-10-03 00:00:00",147.69,0.00,"2024-10-03 00:00:00","2026-04-16 11:56:40"
9579,274,"2021-11-04 00:00:00",32.16,10.00,"2021-11-04 00:00:00","2026-04-16 11:56:40"
9580,115,"2024-07-25 00:00:00",66.10,5.00,"2024-07-25 00:00:00","2026-04-16 11:56:40"
9581,104,"2024-10-27 00:00:00",127.77,0.00,"2024-10-27 00:00:00","2026-04-16 11:56:40"
9582,215,"2023-06-12 00:00:00",77.92,0.00,"2023-06-12 00:00:00","2026-04-16 11:56:40"
9583,300,"2025-09-15 00:00:00",205.94,0.00,"2025-09-15 00:00:00","2026-04-16 11:56:40"
9584,81,"2023-02-14 00:00:00",105.64,0.00,"2023-02-14 00:00:00","2026-04-16 11:56:40"
9585,24,"2022-08-31 00:00:00",317.69,0.00,"2022-08-31 00:00:00","2026-04-16 11:56:40"
9586,213,"2026-03-10 00:00:00",78.25,0.00,"2026-03-10 00:00:00","2026-04-16 11:56:40"
9587,167,"2025-03-15 00:00:00",111.25,0.00,"2025-03-15 00:00:00","2026-04-16 11:56:40"
9588,56,"2023-05-08 00:00:00",60.75,5.00,"2023-05-08 00:00:00","2026-04-16 11:56:40"
9589,90,"2025-08-01 00:00:00",378.34,0.00,"2025-08-01 00:00:00","2026-04-16 11:56:40"
9590,139,"2026-03-04 00:00:00",35.39,10.00,"2026-03-04 00:00:00","2026-04-16 11:56:40"
9591,109,"2025-02-22 00:00:00",217.41,0.00,"2025-02-22 00:00:00","2026-04-16 11:56:40"
9592,185,"2022-10-15 00:00:00",97.06,0.00,"2022-10-15 00:00:00","2026-04-16 11:56:40"
9593,51,"2025-12-23 00:00:00",28.44,10.00,"2025-12-23 00:00:00","2026-04-16 11:56:40"
9594,209,"2025-11-18 00:00:00",95.60,0.00,"2025-11-18 00:00:00","2026-04-16 11:56:40"
9595,173,"2025-09-17 00:00:00",180.27,0.00,"2025-09-17 00:00:00","2026-04-16 11:56:40"
9596,105,"2024-04-13 00:00:00",192.46,0.00,"2024-04-13 00:00:00","2026-04-16 11:56:40"
9597,283,"2022-03-05 00:00:00",238.98,0.00,"2022-03-05 00:00:00","2026-04-16 11:56:40"
9598,265,"2025-08-19 00:00:00",160.57,0.00,"2025-08-19 00:00:00","2026-04-16 11:56:40"
9599,224,"2025-09-01 00:00:00",140.48,0.00,"2025-09-01 00:00:00","2026-04-16 11:56:40"
9600,239,"2026-03-15 00:00:00",200.11,0.00,"2026-03-15 00:00:00","2026-04-16 11:56:40"
9601,237,"2026-03-10 00:00:00",66.85,5.00,"2026-03-10 00:00:00","2026-04-16 11:56:40"
9602,156,"2025-03-06 00:00:00",63.60,5.00,"2025-03-06 00:00:00","2026-04-16 11:56:40"
9603,102,"2025-12-12 00:00:00",227.06,0.00,"2025-12-12 00:00:00","2026-04-16 11:56:40"
9604,258,"2025-07-12 00:00:00",151.10,0.00,"2025-07-12 00:00:00","2026-04-16 11:56:40"
9605,216,"2026-03-18 00:00:00",90.42,0.00,"2026-03-18 00:00:00","2026-04-16 11:56:40"
9606,213,"2025-12-12 00:00:00",149.33,0.00,"2025-12-12 00:00:00","2026-04-16 11:56:40"
9607,167,"2026-02-24 00:00:00",88.49,0.00,"2026-02-24 00:00:00","2026-04-16 11:56:40"
9608,251,"2026-03-10 00:00:00",79.16,0.00,"2026-03-10 00:00:00","2026-04-16 11:56:40"
9609,179,"2023-12-24 00:00:00",151.03,0.00,"2023-12-24 00:00:00","2026-04-16 11:56:40"
9610,114,"2021-04-09 00:00:00",59.30,5.00,"2021-04-09 00:00:00","2026-04-16 11:56:40"
9611,59,"2025-01-28 00:00:00",292.11,0.00,"2025-01-28 00:00:00","2026-04-16 11:56:40"
9612,235,"2025-07-23 00:00:00",76.19,0.00,"2025-07-23 00:00:00","2026-04-16 11:56:40"
9613,41,"2024-03-17 00:00:00",28.15,10.00,"2024-03-17 00:00:00","2026-04-16 11:56:40"
9614,253,"2023-10-17 00:00:00",87.10,0.00,"2023-10-17 00:00:00","2026-04-16 11:56:40"
9615,145,"2025-05-16 00:00:00",77.86,0.00,"2025-05-16 00:00:00","2026-04-16 11:56:40"
9616,210,"2025-10-19 00:00:00",200.31,0.00,"2025-10-19 00:00:00","2026-04-16 11:56:40"
9617,126,"2024-01-27 00:00:00",274.80,0.00,"2024-01-27 00:00:00","2026-04-16 11:56:40"
9618,197,"2025-12-25 00:00:00",96.82,0.00,"2025-12-25 00:00:00","2026-04-16 11:56:40"
9619,87,"2026-04-15 00:00:00",77.05,0.00,"2026-04-15 00:00:00","2026-04-16 11:56:40"
9620,109,"2022-04-06 00:00:00",315.69,0.00,"2022-04-06 00:00:00","2026-04-16 11:56:40"
9621,107,"2025-06-17 00:00:00",141.19,0.00,"2025-06-17 00:00:00","2026-04-16 11:56:40"
9622,294,"2023-05-02 00:00:00",107.45,0.00,"2023-05-02 00:00:00","2026-04-16 11:56:40"
9623,162,"2026-04-09 00:00:00",303.97,0.00,"2026-04-09 00:00:00","2026-04-16 11:56:40"
9624,210,"2025-05-08 00:00:00",134.22,0.00,"2025-05-08 00:00:00","2026-04-16 11:56:40"
9625,166,"2025-12-23 00:00:00",36.15,10.00,"2025-12-23 00:00:00","2026-04-16 11:56:40"
9626,48,"2025-03-11 00:00:00",135.37,0.00,"2025-03-11 00:00:00","2026-04-16 11:56:40"
9627,228,"2025-07-01 00:00:00",49.91,10.00,"2025-07-01 00:00:00","2026-04-16 11:56:40"
9628,52,"2025-08-04 00:00:00",81.84,0.00,"2025-08-04 00:00:00","2026-04-16 11:56:40"
9629,261,"2025-05-13 00:00:00",226.33,0.00,"2025-05-13 00:00:00","2026-04-16 11:56:40"
9630,165,"2025-08-24 00:00:00",63.46,5.00,"2025-08-24 00:00:00","2026-04-16 11:56:40"
9631,229,"2026-04-13 00:00:00",183.48,0.00,"2026-04-13 00:00:00","2026-04-16 11:56:40"
9632,71,"2025-03-18 00:00:00",180.47,0.00,"2025-03-18 00:00:00","2026-04-16 11:56:40"
9633,259,"2026-03-08 00:00:00",125.81,0.00,"2026-03-08 00:00:00","2026-04-16 11:56:40"
9634,102,"2022-02-16 00:00:00",14.50,25.00,"2022-02-16 00:00:00","2026-04-16 11:56:40"
9635,218,"2026-03-28 00:00:00",161.77,0.00,"2026-03-28 00:00:00","2026-04-16 11:56:40"
9636,89,"2025-09-29 00:00:00",171.43,0.00,"2025-09-29 00:00:00","2026-04-16 11:56:40"
9637,237,"2026-02-21 00:00:00",79.09,0.00,"2026-02-21 00:00:00","2026-04-16 11:56:40"
9638,254,"2024-03-24 00:00:00",249.50,0.00,"2024-03-24 00:00:00","2026-04-16 11:56:40"
9639,259,"2025-10-27 00:00:00",92.25,0.00,"2025-10-27 00:00:00","2026-04-16 11:56:40"
9640,162,"2024-03-30 00:00:00",11.37,25.00,"2024-03-30 00:00:00","2026-04-16 11:56:40"
9641,39,"2021-06-01 00:00:00",152.83,0.00,"2021-06-01 00:00:00","2026-04-16 11:56:40"
9642,131,"2024-02-08 00:00:00",103.34,0.00,"2024-02-08 00:00:00","2026-04-16 11:56:40"
9643,151,"2023-10-23 00:00:00",127.02,0.00,"2023-10-23 00:00:00","2026-04-16 11:56:40"
9644,31,"2023-04-11 00:00:00",146.84,0.00,"2023-04-11 00:00:00","2026-04-16 11:56:40"
9645,191,"2025-12-20 00:00:00",73.27,5.00,"2025-12-20 00:00:00","2026-04-16 11:56:40"
9646,222,"2024-04-15 00:00:00",122.19,0.00,"2024-04-15 00:00:00","2026-04-16 11:56:40"
9647,86,"2024-11-26 00:00:00",345.69,0.00,"2024-11-26 00:00:00","2026-04-16 11:56:40"
9648,88,"2025-04-21 00:00:00",8.59,25.00,"2025-04-21 00:00:00","2026-04-16 11:56:40"
9649,292,"2024-04-21 00:00:00",127.99,0.00,"2024-04-21 00:00:00","2026-04-16 11:56:40"
9650,214,"2026-01-16 00:00:00",328.27,0.00,"2026-01-16 00:00:00","2026-04-16 11:56:40"
9651,208,"2025-03-16 00:00:00",34.98,10.00,"2025-03-16 00:00:00","2026-04-16 11:56:40"
9652,299,"2024-05-31 00:00:00",121.13,0.00,"2024-05-31 00:00:00","2026-04-16 11:56:40"
9653,154,"2025-05-27 00:00:00",72.35,5.00,"2025-05-27 00:00:00","2026-04-16 11:56:40"
9654,282,"2022-05-09 00:00:00",163.08,0.00,"2022-05-09 00:00:00","2026-04-16 11:56:40"
9655,98,"2024-07-19 00:00:00",197.52,0.00,"2024-07-19 00:00:00","2026-04-16 11:56:40"
9656,271,"2021-09-15 00:00:00",55.27,5.00,"2021-09-15 00:00:00","2026-04-16 11:56:40"
9657,225,"2025-07-10 00:00:00",86.15,0.00,"2025-07-10 00:00:00","2026-04-16 11:56:40"
9658,251,"2026-04-12 00:00:00",198.57,0.00,"2026-04-12 00:00:00","2026-04-16 11:56:40"
9659,177,"2025-07-07 00:00:00",183.47,0.00,"2025-07-07 00:00:00","2026-04-16 11:56:40"
9660,22,"2024-03-16 00:00:00",123.18,0.00,"2024-03-16 00:00:00","2026-04-16 11:56:40"
9661,231,"2024-06-28 00:00:00",8.52,25.00,"2024-06-28 00:00:00","2026-04-16 11:56:40"
9662,173,"2025-11-03 00:00:00",23.65,25.00,"2025-11-03 00:00:00","2026-04-16 11:56:40"
9663,2,"2023-06-18 00:00:00",155.67,0.00,"2023-06-18 00:00:00","2026-04-16 11:56:40"
9664,202,"2025-08-17 00:00:00",21.92,25.00,"2025-08-17 00:00:00","2026-04-16 11:56:40"
9665,157,"2021-07-12 00:00:00",83.54,0.00,"2021-07-12 00:00:00","2026-04-16 11:56:40"
9666,213,"2024-06-16 00:00:00",163.17,0.00,"2024-06-16 00:00:00","2026-04-16 11:56:40"
9667,40,"2025-10-21 00:00:00",48.05,10.00,"2025-10-21 00:00:00","2026-04-16 11:56:40"
9668,124,"2025-01-26 00:00:00",170.53,0.00,"2025-01-26 00:00:00","2026-04-16 11:56:40"
9669,11,"2024-05-16 00:00:00",40.35,10.00,"2024-05-16 00:00:00","2026-04-16 11:56:40"
9670,38,"2024-12-27 00:00:00",124.76,0.00,"2024-12-27 00:00:00","2026-04-16 11:56:40"
9671,195,"2025-10-27 00:00:00",100.02,0.00,"2025-10-27 00:00:00","2026-04-16 11:56:40"
9672,147,"2025-08-27 00:00:00",72.92,5.00,"2025-08-27 00:00:00","2026-04-16 11:56:40"
9673,203,"2025-05-21 00:00:00",122.56,0.00,"2025-05-21 00:00:00","2026-04-16 11:56:40"
9674,49,"2022-05-19 00:00:00",125.37,0.00,"2022-05-19 00:00:00","2026-04-16 11:56:40"
9675,29,"2025-10-07 00:00:00",204.24,0.00,"2025-10-07 00:00:00","2026-04-16 11:56:40"
9676,108,"2026-03-31 00:00:00",148.77,0.00,"2026-03-31 00:00:00","2026-04-16 11:56:40"
9677,246,"2023-11-07 00:00:00",60.00,5.00,"2023-11-07 00:00:00","2026-04-16 11:56:40"
9678,292,"2025-01-04 00:00:00",64.35,5.00,"2025-01-04 00:00:00","2026-04-16 11:56:40"
9679,237,"2026-04-02 00:00:00",231.05,0.00,"2026-04-02 00:00:00","2026-04-16 11:56:40"
9680,254,"2025-08-15 00:00:00",137.06,0.00,"2025-08-15 00:00:00","2026-04-16 11:56:40"
9681,260,"2021-10-23 00:00:00",177.95,0.00,"2021-10-23 00:00:00","2026-04-16 11:56:40"
9682,41,"2023-08-18 00:00:00",150.86,0.00,"2023-08-18 00:00:00","2026-04-16 11:56:40"
9683,254,"2024-06-02 00:00:00",242.79,0.00,"2024-06-02 00:00:00","2026-04-16 11:56:40"
9684,63,"2024-02-15 00:00:00",126.76,0.00,"2024-02-15 00:00:00","2026-04-16 11:56:40"
9685,26,"2024-04-21 00:00:00",222.17,0.00,"2024-04-21 00:00:00","2026-04-16 11:56:40"
9686,299,"2025-02-12 00:00:00",61.11,5.00,"2025-02-12 00:00:00","2026-04-16 11:56:40"
9687,261,"2026-03-15 00:00:00",149.98,0.00,"2026-03-15 00:00:00","2026-04-16 11:56:40"
9688,19,"2026-03-24 00:00:00",113.37,0.00,"2026-03-24 00:00:00","2026-04-16 11:56:40"
9689,218,"2025-01-14 00:00:00",45.92,10.00,"2025-01-14 00:00:00","2026-04-16 11:56:40"
9690,234,"2023-03-31 00:00:00",27.79,10.00,"2023-03-31 00:00:00","2026-04-16 11:56:40"
9691,273,"2024-03-22 00:00:00",76.08,0.00,"2024-03-22 00:00:00","2026-04-16 11:56:40"
9692,83,"2026-03-03 00:00:00",122.65,0.00,"2026-03-03 00:00:00","2026-04-16 11:56:40"
9693,50,"2022-07-03 00:00:00",150.17,0.00,"2022-07-03 00:00:00","2026-04-16 11:56:40"
9694,115,"2024-01-19 00:00:00",215.36,0.00,"2024-01-19 00:00:00","2026-04-16 11:56:40"
9695,174,"2025-01-17 00:00:00",196.78,0.00,"2025-01-17 00:00:00","2026-04-16 11:56:40"
9696,277,"2026-04-04 00:00:00",121.92,0.00,"2026-04-04 00:00:00","2026-04-16 11:56:40"
9697,61,"2026-02-23 00:00:00",68.70,5.00,"2026-02-23 00:00:00","2026-04-16 11:56:40"
9698,242,"2022-10-07 00:00:00",18.42,25.00,"2022-10-07 00:00:00","2026-04-16 11:56:40"
9699,31,"2020-12-02 00:00:00",246.26,0.00,"2020-12-02 00:00:00","2026-04-16 11:56:40"
9700,238,"2024-08-07 00:00:00",92.62,0.00,"2024-08-07 00:00:00","2026-04-16 11:56:40"
9701,26,"2023-07-17 00:00:00",218.17,0.00,"2023-07-17 00:00:00","2026-04-16 11:56:40"
9702,164,"2023-06-11 00:00:00",48.01,10.00,"2023-06-11 00:00:00","2026-04-16 11:56:40"
9703,135,"2026-03-25 00:00:00",198.94,0.00,"2026-03-25 00:00:00","2026-04-16 11:56:40"
9704,213,"2026-03-07 00:00:00",110.30,0.00,"2026-03-07 00:00:00","2026-04-16 11:56:40"
9705,57,"2024-09-26 00:00:00",131.40,0.00,"2024-09-26 00:00:00","2026-04-16 11:56:41"
9706,281,"2025-10-04 00:00:00",119.67,0.00,"2025-10-04 00:00:00","2026-04-16 11:56:41"
9707,282,"2023-03-10 00:00:00",134.79,0.00,"2023-03-10 00:00:00","2026-04-16 11:56:41"
9708,257,"2026-02-27 00:00:00",170.69,0.00,"2026-02-27 00:00:00","2026-04-16 11:56:41"
9709,269,"2025-12-03 00:00:00",60.65,5.00,"2025-12-03 00:00:00","2026-04-16 11:56:41"
9710,198,"2025-07-24 00:00:00",89.48,0.00,"2025-07-24 00:00:00","2026-04-16 11:56:41"
9711,117,"2023-04-21 00:00:00",200.93,0.00,"2023-04-21 00:00:00","2026-04-16 11:56:41"
9712,165,"2025-09-06 00:00:00",41.41,10.00,"2025-09-06 00:00:00","2026-04-16 11:56:41"
9713,91,"2024-08-14 00:00:00",108.54,0.00,"2024-08-14 00:00:00","2026-04-16 11:56:41"
9714,92,"2025-02-05 00:00:00",468.94,0.00,"2025-02-05 00:00:00","2026-04-16 11:56:41"
9715,27,"2025-09-11 00:00:00",167.86,0.00,"2025-09-11 00:00:00","2026-04-16 11:56:41"
9716,106,"2023-09-24 00:00:00",23.37,25.00,"2023-09-24 00:00:00","2026-04-16 11:56:41"
9717,243,"2025-12-23 00:00:00",183.58,0.00,"2025-12-23 00:00:00","2026-04-16 11:56:41"
9718,28,"2024-01-14 00:00:00",177.60,0.00,"2024-01-14 00:00:00","2026-04-16 11:56:41"
9719,96,"2023-12-03 00:00:00",185.94,0.00,"2023-12-03 00:00:00","2026-04-16 11:56:41"
9720,84,"2026-01-19 00:00:00",40.38,10.00,"2026-01-19 00:00:00","2026-04-16 11:56:41"
9721,194,"2024-08-29 00:00:00",132.65,0.00,"2024-08-29 00:00:00","2026-04-16 11:56:41"
9722,135,"2026-04-06 00:00:00",171.57,0.00,"2026-04-06 00:00:00","2026-04-16 11:56:41"
9723,300,"2023-07-31 00:00:00",77.86,0.00,"2023-07-31 00:00:00","2026-04-16 11:56:41"
9724,264,"2026-03-07 00:00:00",161.06,0.00,"2026-03-07 00:00:00","2026-04-16 11:56:41"
9725,60,"2025-08-14 00:00:00",74.84,5.00,"2025-08-14 00:00:00","2026-04-16 11:56:41"
9726,92,"2025-06-20 00:00:00",93.93,0.00,"2025-06-20 00:00:00","2026-04-16 11:56:41"
9727,298,"2026-01-08 00:00:00",102.85,0.00,"2026-01-08 00:00:00","2026-04-16 11:56:41"
9728,167,"2025-01-08 00:00:00",44.20,10.00,"2025-01-08 00:00:00","2026-04-16 11:56:41"
9729,175,"2026-03-10 00:00:00",192.07,0.00,"2026-03-10 00:00:00","2026-04-16 11:56:41"
9730,236,"2025-05-23 00:00:00",20.10,25.00,"2025-05-23 00:00:00","2026-04-16 11:56:41"
9731,18,"2024-12-19 00:00:00",309.64,0.00,"2024-12-19 00:00:00","2026-04-16 11:56:41"
9732,86,"2025-03-25 00:00:00",224.26,0.00,"2025-03-25 00:00:00","2026-04-16 11:56:41"
9733,38,"2025-04-03 00:00:00",212.69,0.00,"2025-04-03 00:00:00","2026-04-16 11:56:41"
9734,30,"2025-12-04 00:00:00",49.78,10.00,"2025-12-04 00:00:00","2026-04-16 11:56:41"
9735,290,"2022-04-13 00:00:00",46.28,10.00,"2022-04-13 00:00:00","2026-04-16 11:56:41"
9736,61,"2023-10-29 00:00:00",87.16,0.00,"2023-10-29 00:00:00","2026-04-16 11:56:41"
9737,7,"2023-08-27 00:00:00",275.42,0.00,"2023-08-27 00:00:00","2026-04-16 11:56:41"
9738,291,"2024-12-28 00:00:00",218.96,0.00,"2024-12-28 00:00:00","2026-04-16 11:56:41"
9739,43,"2020-10-07 00:00:00",85.81,0.00,"2020-10-07 00:00:00","2026-04-16 11:56:41"
9740,26,"2023-08-23 00:00:00",247.45,0.00,"2023-08-23 00:00:00","2026-04-16 11:56:41"
9741,201,"2026-02-23 00:00:00",129.53,0.00,"2026-02-23 00:00:00","2026-04-16 11:56:41"
9742,84,"2026-04-01 00:00:00",78.36,0.00,"2026-04-01 00:00:00","2026-04-16 11:56:41"
9743,273,"2024-09-08 00:00:00",272.24,0.00,"2024-09-08 00:00:00","2026-04-16 11:56:41"
9744,221,"2026-02-24 00:00:00",148.31,0.00,"2026-02-24 00:00:00","2026-04-16 11:56:41"
9745,245,"2025-11-30 00:00:00",93.45,0.00,"2025-11-30 00:00:00","2026-04-16 11:56:41"
9746,131,"2025-03-08 00:00:00",152.64,0.00,"2025-03-08 00:00:00","2026-04-16 11:56:41"
9747,288,"2023-04-20 00:00:00",67.46,5.00,"2023-04-20 00:00:00","2026-04-16 11:56:41"
9748,103,"2023-09-28 00:00:00",429.47,0.00,"2023-09-28 00:00:00","2026-04-16 11:56:41"
9749,68,"2026-02-12 00:00:00",257.47,0.00,"2026-02-12 00:00:00","2026-04-16 11:56:41"
9750,230,"2021-07-03 00:00:00",37.00,10.00,"2021-07-03 00:00:00","2026-04-16 11:56:41"
9751,149,"2026-04-09 00:00:00",215.28,0.00,"2026-04-09 00:00:00","2026-04-16 11:56:41"
9752,139,"2026-01-14 00:00:00",60.02,5.00,"2026-01-14 00:00:00","2026-04-16 11:56:41"
9753,217,"2022-10-28 00:00:00",71.50,5.00,"2022-10-28 00:00:00","2026-04-16 11:56:41"
9754,230,"2023-05-01 00:00:00",168.66,0.00,"2023-05-01 00:00:00","2026-04-16 11:56:41"
9755,252,"2025-06-22 00:00:00",113.41,0.00,"2025-06-22 00:00:00","2026-04-16 11:56:41"
9756,216,"2025-12-02 00:00:00",132.71,0.00,"2025-12-02 00:00:00","2026-04-16 11:56:41"
9757,207,"2025-06-13 00:00:00",24.22,25.00,"2025-06-13 00:00:00","2026-04-16 11:56:41"
9758,59,"2024-05-14 00:00:00",73.65,5.00,"2024-05-14 00:00:00","2026-04-16 11:56:41"
9759,71,"2025-11-09 00:00:00",231.26,0.00,"2025-11-09 00:00:00","2026-04-16 11:56:41"
9760,160,"2023-10-09 00:00:00",125.83,0.00,"2023-10-09 00:00:00","2026-04-16 11:56:41"
9761,163,"2025-09-14 00:00:00",117.77,0.00,"2025-09-14 00:00:00","2026-04-16 11:56:41"
9762,127,"2026-02-19 00:00:00",36.36,10.00,"2026-02-19 00:00:00","2026-04-16 11:56:41"
9763,287,"2022-08-28 00:00:00",94.72,0.00,"2022-08-28 00:00:00","2026-04-16 11:56:41"
9764,139,"2025-04-25 00:00:00",97.80,0.00,"2025-04-25 00:00:00","2026-04-16 11:56:41"
9765,239,"2026-03-15 00:00:00",147.80,0.00,"2026-03-15 00:00:00","2026-04-16 11:56:41"
9766,43,"2023-02-07 00:00:00",23.10,25.00,"2023-02-07 00:00:00","2026-04-16 11:56:41"
9767,13,"2023-09-27 00:00:00",127.53,0.00,"2023-09-27 00:00:00","2026-04-16 11:56:41"
9768,14,"2021-01-14 00:00:00",219.23,0.00,"2021-01-14 00:00:00","2026-04-16 11:56:41"
9769,162,"2023-08-22 00:00:00",52.43,5.00,"2023-08-22 00:00:00","2026-04-16 11:56:41"
9770,35,"2023-11-07 00:00:00",121.99,0.00,"2023-11-07 00:00:00","2026-04-16 11:56:41"
9771,109,"2025-05-28 00:00:00",139.74,0.00,"2025-05-28 00:00:00","2026-04-16 11:56:41"
9772,131,"2023-12-15 00:00:00",265.94,0.00,"2023-12-15 00:00:00","2026-04-16 11:56:41"
9773,178,"2025-10-29 00:00:00",84.88,0.00,"2025-10-29 00:00:00","2026-04-16 11:56:41"
9774,90,"2025-02-22 00:00:00",96.18,0.00,"2025-02-22 00:00:00","2026-04-16 11:56:41"
9775,106,"2024-07-30 00:00:00",96.25,0.00,"2024-07-30 00:00:00","2026-04-16 11:56:41"
9776,68,"2026-03-23 00:00:00",158.86,0.00,"2026-03-23 00:00:00","2026-04-16 11:56:41"
9777,129,"2024-02-19 00:00:00",175.75,0.00,"2024-02-19 00:00:00","2026-04-16 11:56:41"
9778,208,"2021-05-20 00:00:00",198.72,0.00,"2021-05-20 00:00:00","2026-04-16 11:56:41"
9779,15,"2026-01-29 00:00:00",117.15,0.00,"2026-01-29 00:00:00","2026-04-16 11:56:41"
9780,55,"2025-11-07 00:00:00",34.77,10.00,"2025-11-07 00:00:00","2026-04-16 11:56:41"
9781,252,"2025-09-12 00:00:00",239.83,0.00,"2025-09-12 00:00:00","2026-04-16 11:56:41"
9782,215,"2023-10-29 00:00:00",71.85,5.00,"2023-10-29 00:00:00","2026-04-16 11:56:41"
9783,78,"2025-07-08 00:00:00",22.86,25.00,"2025-07-08 00:00:00","2026-04-16 11:56:41"
9784,189,"2025-07-26 00:00:00",471.20,0.00,"2025-07-26 00:00:00","2026-04-16 11:56:41"
9785,75,"2025-11-26 00:00:00",145.91,0.00,"2025-11-26 00:00:00","2026-04-16 11:56:41"
9786,17,"2025-03-18 00:00:00",37.25,10.00,"2025-03-18 00:00:00","2026-04-16 11:56:41"
9787,228,"2026-02-06 00:00:00",105.54,0.00,"2026-02-06 00:00:00","2026-04-16 11:56:41"
9788,4,"2025-03-10 00:00:00",22.53,25.00,"2025-03-10 00:00:00","2026-04-16 11:56:41"
9789,266,"2026-01-12 00:00:00",76.86,0.00,"2026-01-12 00:00:00","2026-04-16 11:56:41"
9790,53,"2025-07-24 00:00:00",78.72,0.00,"2025-07-24 00:00:00","2026-04-16 11:56:41"
9791,213,"2023-11-13 00:00:00",140.01,0.00,"2023-11-13 00:00:00","2026-04-16 11:56:41"
9792,228,"2025-12-20 00:00:00",34.79,10.00,"2025-12-20 00:00:00","2026-04-16 11:56:41"
9793,139,"2024-06-12 00:00:00",227.05,0.00,"2024-06-12 00:00:00","2026-04-16 11:56:41"
9794,199,"2025-05-02 00:00:00",170.47,0.00,"2025-05-02 00:00:00","2026-04-16 11:56:41"
9795,142,"2025-04-26 00:00:00",71.27,5.00,"2025-04-26 00:00:00","2026-04-16 11:56:41"
9796,126,"2022-08-27 00:00:00",25.37,10.00,"2022-08-27 00:00:00","2026-04-16 11:56:41"
9797,167,"2024-05-15 00:00:00",106.19,0.00,"2024-05-15 00:00:00","2026-04-16 11:56:41"
9798,269,"2026-01-10 00:00:00",139.35,0.00,"2026-01-10 00:00:00","2026-04-16 11:56:41"
9799,34,"2025-09-10 00:00:00",208.87,0.00,"2025-09-10 00:00:00","2026-04-16 11:56:41"
9800,74,"2024-02-04 00:00:00",136.19,0.00,"2024-02-04 00:00:00","2026-04-16 11:56:41"
9801,120,"2023-02-14 00:00:00",35.52,10.00,"2023-02-14 00:00:00","2026-04-16 11:56:41"
9802,270,"2026-03-20 00:00:00",153.58,0.00,"2026-03-20 00:00:00","2026-04-16 11:56:41"
9803,134,"2026-03-21 00:00:00",235.01,0.00,"2026-03-21 00:00:00","2026-04-16 11:56:41"
9804,29,"2026-01-12 00:00:00",112.34,0.00,"2026-01-12 00:00:00","2026-04-16 11:56:41"
9805,3,"2025-05-08 00:00:00",186.29,0.00,"2025-05-08 00:00:00","2026-04-16 11:56:41"
9806,170,"2025-05-30 00:00:00",140.59,0.00,"2025-05-30 00:00:00","2026-04-16 11:56:41"
9807,242,"2022-06-29 00:00:00",76.83,0.00,"2022-06-29 00:00:00","2026-04-16 11:56:41"
9808,194,"2023-05-06 00:00:00",15.55,25.00,"2023-05-06 00:00:00","2026-04-16 11:56:41"
9809,35,"2023-06-26 00:00:00",96.08,0.00,"2023-06-26 00:00:00","2026-04-16 11:56:41"
9810,199,"2024-11-08 00:00:00",58.57,5.00,"2024-11-08 00:00:00","2026-04-16 11:56:41"
9811,180,"2025-12-24 00:00:00",207.94,0.00,"2025-12-24 00:00:00","2026-04-16 11:56:41"
9812,122,"2026-04-10 00:00:00",14.68,25.00,"2026-04-10 00:00:00","2026-04-16 11:56:41"
9813,104,"2021-01-23 00:00:00",127.12,0.00,"2021-01-23 00:00:00","2026-04-16 11:56:41"
9814,209,"2026-02-18 00:00:00",51.35,5.00,"2026-02-18 00:00:00","2026-04-16 11:56:41"
9815,82,"2025-08-20 00:00:00",196.51,0.00,"2025-08-20 00:00:00","2026-04-16 11:56:41"
9816,280,"2025-05-12 00:00:00",35.55,10.00,"2025-05-12 00:00:00","2026-04-16 11:56:41"
9817,2,"2024-06-22 00:00:00",195.85,0.00,"2024-06-22 00:00:00","2026-04-16 11:56:41"
9818,209,"2026-01-24 00:00:00",83.83,0.00,"2026-01-24 00:00:00","2026-04-16 11:56:41"
9819,250,"2022-03-21 00:00:00",224.18,0.00,"2022-03-21 00:00:00","2026-04-16 11:56:41"
9820,272,"2024-03-28 00:00:00",149.88,0.00,"2024-03-28 00:00:00","2026-04-16 11:56:41"
9821,169,"2024-12-03 00:00:00",88.09,0.00,"2024-12-03 00:00:00","2026-04-16 11:56:41"
9822,232,"2026-03-01 00:00:00",238.79,0.00,"2026-03-01 00:00:00","2026-04-16 11:56:41"
9823,204,"2024-10-30 00:00:00",185.61,0.00,"2024-10-30 00:00:00","2026-04-16 11:56:41"
9824,169,"2026-03-23 00:00:00",160.36,0.00,"2026-03-23 00:00:00","2026-04-16 11:56:41"
9825,202,"2025-04-21 00:00:00",147.52,0.00,"2025-04-21 00:00:00","2026-04-16 11:56:41"
9826,280,"2025-11-12 00:00:00",178.58,0.00,"2025-11-12 00:00:00","2026-04-16 11:56:41"
9827,132,"2022-05-09 00:00:00",211.83,0.00,"2022-05-09 00:00:00","2026-04-16 11:56:41"
9828,152,"2021-11-15 00:00:00",132.28,0.00,"2021-11-15 00:00:00","2026-04-16 11:56:41"
9829,108,"2026-03-20 00:00:00",236.70,0.00,"2026-03-20 00:00:00","2026-04-16 11:56:41"
9830,80,"2025-12-09 00:00:00",88.46,0.00,"2025-12-09 00:00:00","2026-04-16 11:56:41"
9831,11,"2026-03-06 00:00:00",209.57,0.00,"2026-03-06 00:00:00","2026-04-16 11:56:41"
9832,244,"2025-09-16 00:00:00",176.28,0.00,"2025-09-16 00:00:00","2026-04-16 11:56:41"
9833,275,"2021-04-20 00:00:00",27.17,10.00,"2021-04-20 00:00:00","2026-04-16 11:56:41"
9834,212,"2022-11-25 00:00:00",120.71,0.00,"2022-11-25 00:00:00","2026-04-16 11:56:41"
9835,85,"2026-03-05 00:00:00",42.40,10.00,"2026-03-05 00:00:00","2026-04-16 11:56:41"
9836,212,"2022-08-10 00:00:00",13.93,25.00,"2022-08-10 00:00:00","2026-04-16 11:56:41"
9837,13,"2025-09-28 00:00:00",96.26,0.00,"2025-09-28 00:00:00","2026-04-16 11:56:41"
9838,210,"2026-02-03 00:00:00",43.42,10.00,"2026-02-03 00:00:00","2026-04-16 11:56:41"
9839,224,"2023-12-10 00:00:00",93.24,0.00,"2023-12-10 00:00:00","2026-04-16 11:56:41"
9840,236,"2026-01-12 00:00:00",82.05,0.00,"2026-01-12 00:00:00","2026-04-16 11:56:41"
9841,39,"2022-11-11 00:00:00",172.67,0.00,"2022-11-11 00:00:00","2026-04-16 11:56:41"
9842,284,"2025-05-06 00:00:00",123.05,0.00,"2025-05-06 00:00:00","2026-04-16 11:56:41"
9843,125,"2024-09-13 00:00:00",105.86,0.00,"2024-09-13 00:00:00","2026-04-16 11:56:41"
9844,12,"2025-11-03 00:00:00",205.04,0.00,"2025-11-03 00:00:00","2026-04-16 11:56:41"
9845,72,"2025-08-07 00:00:00",129.31,0.00,"2025-08-07 00:00:00","2026-04-16 11:56:41"
9846,286,"2024-11-22 00:00:00",142.92,0.00,"2024-11-22 00:00:00","2026-04-16 11:56:41"
9847,276,"2026-03-08 00:00:00",84.88,0.00,"2026-03-08 00:00:00","2026-04-16 11:56:41"
9848,90,"2025-07-25 00:00:00",17.18,25.00,"2025-07-25 00:00:00","2026-04-16 11:56:41"
9849,129,"2025-09-28 00:00:00",19.38,25.00,"2025-09-28 00:00:00","2026-04-16 11:56:41"
9850,37,"2022-07-29 00:00:00",179.71,0.00,"2022-07-29 00:00:00","2026-04-16 11:56:41"
9851,126,"2023-08-15 00:00:00",36.80,10.00,"2023-08-15 00:00:00","2026-04-16 11:56:41"
9852,8,"2025-10-18 00:00:00",144.32,0.00,"2025-10-18 00:00:00","2026-04-16 11:56:41"
9853,226,"2024-07-01 00:00:00",158.23,0.00,"2024-07-01 00:00:00","2026-04-16 11:56:41"
9854,230,"2021-06-04 00:00:00",51.03,5.00,"2021-06-04 00:00:00","2026-04-16 11:56:41"
9855,280,"2025-09-18 00:00:00",154.68,0.00,"2025-09-18 00:00:00","2026-04-16 11:56:41"
9856,17,"2025-10-10 00:00:00",72.29,5.00,"2025-10-10 00:00:00","2026-04-16 11:56:41"
9857,13,"2023-12-03 00:00:00",31.45,10.00,"2023-12-03 00:00:00","2026-04-16 11:56:41"
9858,33,"2026-03-26 00:00:00",29.35,10.00,"2026-03-26 00:00:00","2026-04-16 11:56:41"
9859,1,"2024-01-17 00:00:00",16.02,25.00,"2024-01-17 00:00:00","2026-04-16 11:56:41"
9860,91,"2024-01-11 00:00:00",79.35,0.00,"2024-01-11 00:00:00","2026-04-16 11:56:41"
9861,206,"2026-01-09 00:00:00",157.88,0.00,"2026-01-09 00:00:00","2026-04-16 11:56:41"
9862,200,"2025-05-23 00:00:00",150.67,0.00,"2025-05-23 00:00:00","2026-04-16 11:56:41"
9863,251,"2026-04-12 00:00:00",253.02,0.00,"2026-04-12 00:00:00","2026-04-16 11:56:41"
9864,165,"2026-02-18 00:00:00",114.12,0.00,"2026-02-18 00:00:00","2026-04-16 11:56:41"
9865,183,"2021-03-31 00:00:00",171.01,0.00,"2021-03-31 00:00:00","2026-04-16 11:56:41"
9866,259,"2025-08-23 00:00:00",223.99,0.00,"2025-08-23 00:00:00","2026-04-16 11:56:41"
9867,139,"2023-08-20 00:00:00",123.22,0.00,"2023-08-20 00:00:00","2026-04-16 11:56:41"
9868,116,"2026-02-07 00:00:00",25.59,10.00,"2026-02-07 00:00:00","2026-04-16 11:56:41"
9869,98,"2024-07-05 00:00:00",158.76,0.00,"2024-07-05 00:00:00","2026-04-16 11:56:41"
9870,184,"2026-04-01 00:00:00",24.20,25.00,"2026-04-01 00:00:00","2026-04-16 11:56:41"
9871,138,"2021-05-25 00:00:00",198.05,0.00,"2021-05-25 00:00:00","2026-04-16 11:56:41"
9872,54,"2025-12-25 00:00:00",68.49,5.00,"2025-12-25 00:00:00","2026-04-16 11:56:41"
9873,191,"2026-03-09 00:00:00",303.08,0.00,"2026-03-09 00:00:00","2026-04-16 11:56:41"
9874,30,"2024-10-10 00:00:00",227.68,0.00,"2024-10-10 00:00:00","2026-04-16 11:56:41"
9875,178,"2022-08-13 00:00:00",51.42,5.00,"2022-08-13 00:00:00","2026-04-16 11:56:41"
9876,56,"2025-04-05 00:00:00",187.43,0.00,"2025-04-05 00:00:00","2026-04-16 11:56:41"
9877,215,"2023-05-05 00:00:00",80.16,0.00,"2023-05-05 00:00:00","2026-04-16 11:56:41"
9878,119,"2026-02-15 00:00:00",4.19,25.00,"2026-02-15 00:00:00","2026-04-16 11:56:41"
9879,22,"2024-07-21 00:00:00",11.32,25.00,"2024-07-21 00:00:00","2026-04-16 11:56:41"
9880,7,"2022-06-06 00:00:00",48.36,10.00,"2022-06-06 00:00:00","2026-04-16 11:56:41"
9881,274,"2023-01-03 00:00:00",55.44,5.00,"2023-01-03 00:00:00","2026-04-16 11:56:41"
9882,154,"2025-08-09 00:00:00",73.02,5.00,"2025-08-09 00:00:00","2026-04-16 11:56:41"
9883,116,"2026-04-10 00:00:00",106.08,0.00,"2026-04-10 00:00:00","2026-04-16 11:56:41"
9884,179,"2023-06-17 00:00:00",91.71,0.00,"2023-06-17 00:00:00","2026-04-16 11:56:41"
9885,109,"2025-07-31 00:00:00",155.20,0.00,"2025-07-31 00:00:00","2026-04-16 11:56:41"
9886,210,"2026-02-28 00:00:00",264.46,0.00,"2026-02-28 00:00:00","2026-04-16 11:56:41"
9887,57,"2026-01-17 00:00:00",96.57,0.00,"2026-01-17 00:00:00","2026-04-16 11:56:41"
9888,140,"2026-04-14 00:00:00",203.31,0.00,"2026-04-14 00:00:00","2026-04-16 11:56:41"
9889,210,"2025-01-10 00:00:00",218.14,0.00,"2025-01-10 00:00:00","2026-04-16 11:56:41"
9890,198,"2025-11-17 00:00:00",112.19,0.00,"2025-11-17 00:00:00","2026-04-16 11:56:41"
9891,33,"2026-03-31 00:00:00",191.81,0.00,"2026-03-31 00:00:00","2026-04-16 11:56:41"
9892,206,"2025-08-21 00:00:00",182.32,0.00,"2025-08-21 00:00:00","2026-04-16 11:56:41"
9893,129,"2023-06-16 00:00:00",275.97,0.00,"2023-06-16 00:00:00","2026-04-16 11:56:41"
9894,120,"2025-12-09 00:00:00",66.13,5.00,"2025-12-09 00:00:00","2026-04-16 11:56:41"
9895,296,"2022-12-13 00:00:00",41.43,10.00,"2022-12-13 00:00:00","2026-04-16 11:56:41"
9896,244,"2025-11-23 00:00:00",107.90,0.00,"2025-11-23 00:00:00","2026-04-16 11:56:41"
9897,235,"2026-03-28 00:00:00",279.93,0.00,"2026-03-28 00:00:00","2026-04-16 11:56:41"
9898,28,"2023-11-24 00:00:00",53.16,5.00,"2023-11-24 00:00:00","2026-04-16 11:56:41"
9899,219,"2022-07-04 00:00:00",50.47,5.00,"2022-07-04 00:00:00","2026-04-16 11:56:41"
9900,292,"2024-06-15 00:00:00",281.43,0.00,"2024-06-15 00:00:00","2026-04-16 11:56:41"
9901,138,"2021-09-11 00:00:00",93.96,0.00,"2021-09-11 00:00:00","2026-04-16 11:56:41"
9902,127,"2026-01-03 00:00:00",9.44,25.00,"2026-01-03 00:00:00","2026-04-16 11:56:41"
9903,149,"2026-04-13 00:00:00",120.18,0.00,"2026-04-13 00:00:00","2026-04-16 11:56:41"
9904,197,"2025-02-08 00:00:00",299.37,0.00,"2025-02-08 00:00:00","2026-04-16 11:56:41"
9905,174,"2024-02-09 00:00:00",132.84,0.00,"2024-02-09 00:00:00","2026-04-16 11:56:41"
9906,231,"2024-07-16 00:00:00",182.46,0.00,"2024-07-16 00:00:00","2026-04-16 11:56:41"
9907,76,"2025-11-15 00:00:00",133.64,0.00,"2025-11-15 00:00:00","2026-04-16 11:56:41"
9908,285,"2023-08-27 00:00:00",108.40,0.00,"2023-08-27 00:00:00","2026-04-16 11:56:41"
9909,198,"2026-03-15 00:00:00",190.18,0.00,"2026-03-15 00:00:00","2026-04-16 11:56:41"
9910,170,"2026-03-04 00:00:00",269.97,0.00,"2026-03-04 00:00:00","2026-04-16 11:56:41"
9911,203,"2026-01-21 00:00:00",69.50,5.00,"2026-01-21 00:00:00","2026-04-16 11:56:41"
9912,140,"2026-04-15 00:00:00",194.21,0.00,"2026-04-15 00:00:00","2026-04-16 11:56:41"
9913,133,"2025-07-05 00:00:00",274.19,0.00,"2025-07-05 00:00:00","2026-04-16 11:56:41"
9914,207,"2025-12-19 00:00:00",198.50,0.00,"2025-12-19 00:00:00","2026-04-16 11:56:41"
9915,231,"2026-01-13 00:00:00",122.85,0.00,"2026-01-13 00:00:00","2026-04-16 11:56:41"
9916,106,"2025-03-24 00:00:00",29.17,10.00,"2025-03-24 00:00:00","2026-04-16 11:56:41"
9917,237,"2026-02-17 00:00:00",176.99,0.00,"2026-02-17 00:00:00","2026-04-16 11:56:41"
9918,76,"2024-09-24 00:00:00",62.53,5.00,"2024-09-24 00:00:00","2026-04-16 11:56:41"
9919,182,"2025-09-27 00:00:00",16.28,25.00,"2025-09-27 00:00:00","2026-04-16 11:56:41"
9920,148,"2025-03-22 00:00:00",65.57,5.00,"2025-03-22 00:00:00","2026-04-16 11:56:41"
9921,171,"2021-12-24 00:00:00",134.22,0.00,"2021-12-24 00:00:00","2026-04-16 11:56:41"
9922,128,"2022-12-01 00:00:00",182.58,0.00,"2022-12-01 00:00:00","2026-04-16 11:56:41"
9923,267,"2022-08-15 00:00:00",8.92,25.00,"2022-08-15 00:00:00","2026-04-16 11:56:41"
9924,199,"2025-05-01 00:00:00",234.25,0.00,"2025-05-01 00:00:00","2026-04-16 11:56:41"
9925,94,"2024-10-28 00:00:00",128.10,0.00,"2024-10-28 00:00:00","2026-04-16 11:56:41"
9926,212,"2022-12-25 00:00:00",44.68,10.00,"2022-12-25 00:00:00","2026-04-16 11:56:41"
9927,138,"2021-10-04 00:00:00",250.23,0.00,"2021-10-04 00:00:00","2026-04-16 11:56:41"
9928,15,"2022-09-22 00:00:00",5.55,25.00,"2022-09-22 00:00:00","2026-04-16 11:56:41"
9929,178,"2024-11-30 00:00:00",3.54,25.00,"2024-11-30 00:00:00","2026-04-16 11:56:41"
9930,244,"2026-02-14 00:00:00",52.47,5.00,"2026-02-14 00:00:00","2026-04-16 11:56:41"
9931,162,"2023-04-23 00:00:00",58.92,5.00,"2023-04-23 00:00:00","2026-04-16 11:56:41"
9932,274,"2021-01-12 00:00:00",49.58,10.00,"2021-01-12 00:00:00","2026-04-16 11:56:41"
9933,190,"2025-11-25 00:00:00",187.14,0.00,"2025-11-25 00:00:00","2026-04-16 11:56:41"
9934,9,"2025-12-10 00:00:00",169.78,0.00,"2025-12-10 00:00:00","2026-04-16 11:56:41"
9935,104,"2021-05-30 00:00:00",51.25,5.00,"2021-05-30 00:00:00","2026-04-16 11:56:41"
9936,117,"2024-07-07 00:00:00",37.80,10.00,"2024-07-07 00:00:00","2026-04-16 11:56:41"
9937,149,"2026-04-02 00:00:00",171.99,0.00,"2026-04-02 00:00:00","2026-04-16 11:56:41"
9938,133,"2026-01-22 00:00:00",72.25,5.00,"2026-01-22 00:00:00","2026-04-16 11:56:41"
9939,286,"2024-08-16 00:00:00",87.71,0.00,"2024-08-16 00:00:00","2026-04-16 11:56:41"
9940,260,"2021-11-07 00:00:00",172.76,0.00,"2021-11-07 00:00:00","2026-04-16 11:56:41"
9941,225,"2026-01-20 00:00:00",53.61,5.00,"2026-01-20 00:00:00","2026-04-16 11:56:41"
9942,247,"2020-09-21 00:00:00",151.63,0.00,"2020-09-21 00:00:00","2026-04-16 11:56:41"
9943,38,"2025-02-25 00:00:00",9.04,25.00,"2025-02-25 00:00:00","2026-04-16 11:56:41"
9944,73,"2025-05-24 00:00:00",119.10,0.00,"2025-05-24 00:00:00","2026-04-16 11:56:41"
9945,299,"2025-04-16 00:00:00",247.59,0.00,"2025-04-16 00:00:00","2026-04-16 11:56:41"
9946,101,"2024-10-01 00:00:00",40.59,10.00,"2024-10-01 00:00:00","2026-04-16 11:56:41"
9947,85,"2025-10-09 00:00:00",172.72,0.00,"2025-10-09 00:00:00","2026-04-16 11:56:41"
9948,300,"2023-09-09 00:00:00",244.87,0.00,"2023-09-09 00:00:00","2026-04-16 11:56:41"
9949,55,"2026-01-09 00:00:00",205.80,0.00,"2026-01-09 00:00:00","2026-04-16 11:56:41"
9950,63,"2025-03-11 00:00:00",114.54,0.00,"2025-03-11 00:00:00","2026-04-16 11:56:41"
9951,228,"2025-12-16 00:00:00",203.88,0.00,"2025-12-16 00:00:00","2026-04-16 11:56:41"
9952,26,"2023-12-08 00:00:00",132.13,0.00,"2023-12-08 00:00:00","2026-04-16 11:56:41"
9953,37,"2024-02-10 00:00:00",90.04,0.00,"2024-02-10 00:00:00","2026-04-16 11:56:41"
9954,14,"2024-12-03 00:00:00",1.71,25.00,"2024-12-03 00:00:00","2026-04-16 11:56:41"
9955,262,"2022-06-15 00:00:00",269.67,0.00,"2022-06-15 00:00:00","2026-04-16 11:56:41"
9956,227,"2026-02-03 00:00:00",176.81,0.00,"2026-02-03 00:00:00","2026-04-16 11:56:41"
9957,158,"2026-01-08 00:00:00",173.02,0.00,"2026-01-08 00:00:00","2026-04-16 11:56:41"
9958,98,"2023-10-07 00:00:00",51.71,5.00,"2023-10-07 00:00:00","2026-04-16 11:56:41"
9959,49,"2024-06-09 00:00:00",80.43,0.00,"2024-06-09 00:00:00","2026-04-16 11:56:41"
9960,231,"2025-09-20 00:00:00",93.40,0.00,"2025-09-20 00:00:00","2026-04-16 11:56:41"
9961,157,"2021-10-06 00:00:00",182.41,0.00,"2021-10-06 00:00:00","2026-04-16 11:56:41"
9962,51,"2026-04-11 00:00:00",153.36,0.00,"2026-04-11 00:00:00","2026-04-16 11:56:41"
9963,144,"2020-05-20 00:00:00",32.22,10.00,"2020-05-20 00:00:00","2026-04-16 11:56:41"
9964,230,"2022-04-23 00:00:00",202.24,0.00,"2022-04-23 00:00:00","2026-04-16 11:56:41"
9965,123,"2025-08-06 00:00:00",219.54,0.00,"2025-08-06 00:00:00","2026-04-16 11:56:41"
9966,106,"2023-11-15 00:00:00",24.39,25.00,"2023-11-15 00:00:00","2026-04-16 11:56:41"
9967,71,"2025-06-15 00:00:00",239.16,0.00,"2025-06-15 00:00:00","2026-04-16 11:56:41"
9968,133,"2023-09-13 00:00:00",173.34,0.00,"2023-09-13 00:00:00","2026-04-16 11:56:41"
9969,71,"2025-12-26 00:00:00",193.88,0.00,"2025-12-26 00:00:00","2026-04-16 11:56:41"
9970,165,"2025-12-16 00:00:00",33.83,10.00,"2025-12-16 00:00:00","2026-04-16 11:56:41"
9971,139,"2025-01-22 00:00:00",149.37,0.00,"2025-01-22 00:00:00","2026-04-16 11:56:41"
9972,8,"2025-12-28 00:00:00",141.37,0.00,"2025-12-28 00:00:00","2026-04-16 11:56:41"
9973,258,"2025-12-23 00:00:00",47.33,10.00,"2025-12-23 00:00:00","2026-04-16 11:56:41"
9974,13,"2025-06-08 00:00:00",205.02,0.00,"2025-06-08 00:00:00","2026-04-16 11:56:41"
9975,150,"2026-03-26 00:00:00",22.11,25.00,"2026-03-26 00:00:00","2026-04-16 11:56:41"
9976,89,"2025-11-14 00:00:00",14.96,25.00,"2025-11-14 00:00:00","2026-04-16 11:56:41"
9977,51,"2025-11-15 00:00:00",43.66,10.00,"2025-11-15 00:00:00","2026-04-16 11:56:41"
9978,247,"2025-11-09 00:00:00",306.07,0.00,"2025-11-09 00:00:00","2026-04-16 11:56:41"
9979,256,"2023-08-27 00:00:00",73.30,5.00,"2023-08-27 00:00:00","2026-04-16 11:56:41"
9980,156,"2025-04-11 00:00:00",102.07,0.00,"2025-04-11 00:00:00","2026-04-16 11:56:41"
9981,291,"2025-09-10 00:00:00",124.01,0.00,"2025-09-10 00:00:00","2026-04-16 11:56:41"
9982,153,"2021-10-18 00:00:00",25.65,10.00,"2021-10-18 00:00:00","2026-04-16 11:56:41"
9983,58,"2025-03-08 00:00:00",416.52,0.00,"2025-03-08 00:00:00","2026-04-16 11:56:41"
9984,214,"2023-03-05 00:00:00",199.04,0.00,"2023-03-05 00:00:00","2026-04-16 11:56:41"
9985,277,"2024-12-06 00:00:00",192.49,0.00,"2024-12-06 00:00:00","2026-04-16 11:56:41"
9986,118,"2023-01-18 00:00:00",128.79,0.00,"2023-01-18 00:00:00","2026-04-16 11:56:41"
9987,84,"2025-04-14 00:00:00",37.29,10.00,"2025-04-14 00:00:00","2026-04-16 11:56:41"
9988,204,"2023-11-29 00:00:00",160.88,0.00,"2023-11-29 00:00:00","2026-04-16 11:56:41"
9989,60,"2025-05-10 00:00:00",151.79,0.00,"2025-05-10 00:00:00","2026-04-16 11:56:41"
9990,169,"2024-12-21 00:00:00",230.48,0.00,"2024-12-21 00:00:00","2026-04-16 11:56:41"
9991,159,"2026-03-26 00:00:00",11.70,25.00,"2026-03-26 00:00:00","2026-04-16 11:56:41"
9992,286,"2022-05-04 00:00:00",211.87,0.00,"2022-05-04 00:00:00","2026-04-16 11:56:41"
9993,219,"2022-07-17 00:00:00",150.60,0.00,"2022-07-17 00:00:00","2026-04-16 11:56:41"
9994,153,"2021-10-19 00:00:00",188.47,0.00,"2021-10-19 00:00:00","2026-04-16 11:56:41"
9995,257,"2026-02-19 00:00:00",292.87,0.00,"2026-02-19 00:00:00","2026-04-16 11:56:41"
9996,176,"2026-04-14 00:00:00",150.30,0.00,"2026-04-14 00:00:00","2026-04-16 11:56:41"
9997,239,"2025-08-13 00:00:00",39.55,10.00,"2025-08-13 00:00:00","2026-04-16 11:56:41"
9998,134,"2023-12-03 00:00:00",112.30,0.00,"2023-12-03 00:00:00","2026-04-16 11:56:41"
9999,218,"2025-02-23 00:00:00",225.68,0.00,"2025-02-23 00:00:00","2026-04-16 11:56:41"
10000,79,"2025-09-17 00:00:00",266.00,0.00,"2025-09-17 00:00:00","2026-04-16 11:56:41"
